drug,closest_distance,avg_distance,direct_targets,degree,has_direct,priority_score,rank
ASPIRIN,1,2.111111111111111,8,141,True,"(0, 1, 2.111111111111111)",1
ACETAMINOPHEN,1,2.4444444444444446,5,52,True,"(0, 1, 2.4444444444444446)",2
AJMALICINE,1,2.5555555555555554,4,13,True,"(0, 1, 2.5555555555555554)",3
ALPROSTADIL,1,2.5555555555555554,4,23,True,"(0, 1, 2.5555555555555554)",4
AMIODARONE HYDROCHLORIDE,1,2.5555555555555554,4,26,True,"(0, 1, 2.5555555555555554)",5
ATORVASTATIN CALCIUM TRIHYDRATE,1,2.5555555555555554,4,55,True,"(0, 1, 2.5555555555555554)",6
(R)-PINOCEMBRIN,1,2.6666666666666665,3,4,True,"(0, 1, 2.6666666666666665)",7
4-CHLOROMERCURIBENZOIC ACID,1,2.6666666666666665,3,28,True,"(0, 1, 2.6666666666666665)",8
5-METHOXYPSORALEN,1,2.6666666666666665,3,6,True,"(0, 1, 2.6666666666666665)",9
ALLOPURINOL,1,2.6666666666666665,3,30,True,"(0, 1, 2.6666666666666665)",10
AMITRIPTYLINE HYDROCHLORIDE,1,2.6666666666666665,3,45,True,"(0, 1, 2.6666666666666665)",11
AMOXICILLIN ANHYDROUS,1,2.6666666666666665,3,19,True,"(0, 1, 2.6666666666666665)",12
AMPHOTERICIN B LIPOSOMAL,1,2.6666666666666665,3,13,True,"(0, 1, 2.6666666666666665)",13
AMSACRINE,1,2.6666666666666665,3,15,True,"(0, 1, 2.6666666666666665)",14
ANTIDEPRESSANT AGENT,1,2.6666666666666665,3,52,True,"(0, 1, 2.6666666666666665)",15
ARASERTACONAZOLE,1,2.6666666666666665,3,5,True,"(0, 1, 2.6666666666666665)",16
(-)-U-50488,1,2.7777777777777777,2,5,True,"(0, 1, 2.7777777777777777)",17
(R)-FELODIPINE,1,2.7777777777777777,2,3,True,"(0, 1, 2.7777777777777777)",18
(R)-FLECAINIDE,1,2.7777777777777777,2,4,True,"(0, 1, 2.7777777777777777)",19
(R)-NITRENDIPINE,1,2.7777777777777777,2,4,True,"(0, 1, 2.7777777777777777)",20
"(R,S)-INDATRALINE",1,2.7777777777777777,2,11,True,"(0, 1, 2.7777777777777777)",21
(S)-ALAPROCLATE,1,2.7777777777777777,2,4,True,"(0, 1, 2.7777777777777777)",22
(S)-AMPA,1,2.7777777777777777,2,3,True,"(0, 1, 2.7777777777777777)",23
(S)-FELODIPINE,1,2.7777777777777777,2,4,True,"(0, 1, 2.7777777777777777)",24
(S)-FLUOXETINE,1,2.7777777777777777,2,9,True,"(0, 1, 2.7777777777777777)",25
(S)-NIMODIPINE,1,2.7777777777777777,2,4,True,"(0, 1, 2.7777777777777777)",26
(S)-NITRENDIPINE,1,2.7777777777777777,2,3,True,"(0, 1, 2.7777777777777777)",27
(S)-ROSCOVITINE,1,2.7777777777777777,2,5,True,"(0, 1, 2.7777777777777777)",28
"1R,9S-HYDRASTINE",1,2.7777777777777777,2,4,True,"(0, 1, 2.7777777777777777)",29
"3,6-DIMETHOXYFLAVONE",1,2.7777777777777777,2,4,True,"(0, 1, 2.7777777777777777)",30
6-CL-MLT,1,2.7777777777777777,2,7,True,"(0, 1, 2.7777777777777777)",31
ACACETIN,1,2.7777777777777777,2,15,True,"(0, 1, 2.7777777777777777)",32
AM251,1,2.7777777777777777,2,8,True,"(0, 1, 2.7777777777777777)",33
AM404,1,2.7777777777777777,2,7,True,"(0, 1, 2.7777777777777777)",34
AMINOPURVALANOL A,1,2.7777777777777777,2,6,True,"(0, 1, 2.7777777777777777)",35
AMLODIPINE BESYLATE,1,2.7777777777777777,2,15,True,"(0, 1, 2.7777777777777777)",36
ANTICONVULSANT AGENT,1,2.7777777777777777,2,15,True,"(0, 1, 2.7777777777777777)",37
ARCTIGENIN,1,2.7777777777777777,2,2,True,"(0, 1, 2.7777777777777777)",38
ARFORMOTEROL,1,2.7777777777777777,2,3,True,"(0, 1, 2.7777777777777777)",39
ARGIPRESSIN,1,2.7777777777777777,2,26,True,"(0, 1, 2.7777777777777777)",40
ASARININ,1,2.7777777777777777,2,3,True,"(0, 1, 2.7777777777777777)",41
ASTEMIZOLE,1,2.7777777777777777,2,16,True,"(0, 1, 2.7777777777777777)",42
&ALPHA;-ERGOCRYPTINE,1,2.888888888888889,1,10,True,"(0, 1, 2.888888888888889)",43
(+)-EPITAXIFOLIN,1,2.888888888888889,1,4,True,"(0, 1, 2.888888888888889)",44
(+/-)-ERIODICTYOL,1,2.888888888888889,1,12,True,"(0, 1, 2.888888888888889)",45
(+/-)-PENTAACETYLCATECHIN,1,2.888888888888889,1,1,True,"(0, 1, 2.888888888888889)",46
(-)-ROLIPRAM,1,2.888888888888889,1,3,True,"(0, 1, 2.888888888888889)",47
"(3Z)-N,N-DIMETHYL-2-OXO-3-(4,5,6,7-TETRAHYDRO-1H-INDOL-2-YLMETHYLIDENE)-2,3-DIHYDRO-1H-INDOLE-5-SULFONAMIDE",1,2.888888888888889,1,24,True,"(0, 1, 2.888888888888889)",48
(R)-MELPHALAN,1,2.888888888888889,1,2,True,"(0, 1, 2.888888888888889)",49
(R)-PROCYCLIDINE,1,2.888888888888889,1,1,True,"(0, 1, 2.888888888888889)",50
"(R,S)-IFENPRODIL",1,2.888888888888889,1,2,True,"(0, 1, 2.888888888888889)",51
(S)-PINACIDIL,1,2.888888888888889,1,2,True,"(0, 1, 2.888888888888889)",52
(S)-PROMETHAZINE,1,2.888888888888889,1,3,True,"(0, 1, 2.888888888888889)",53
(S)-UH 301,1,2.888888888888889,1,3,True,"(0, 1, 2.888888888888889)",54
(S)-VERAPAMIL,1,2.888888888888889,1,3,True,"(0, 1, 2.888888888888889)",55
"12-HYDROXY-4,4-BISNOR-4,8,11,13-PODOCARPATETRAEN-3-ONE",1,2.888888888888889,1,1,True,"(0, 1, 2.888888888888889)",56
12A-HYDROXY-5-DEOXYDEHYDROMUNDUSERONE,1,2.888888888888889,1,3,True,"(0, 1, 2.888888888888889)",57
17-OCTADECYNOIC ACID,1,2.888888888888889,1,5,True,"(0, 1, 2.888888888888889)",58
"2,4,6-TRIBROMOPHENOL",1,2.888888888888889,1,3,True,"(0, 1, 2.888888888888889)",59
"2,4,6-TRIHYDROXYACETOPHENONE",1,2.888888888888889,1,1,True,"(0, 1, 2.888888888888889)",60
"2- (2,6-DIMETHOXYPHENOXYETHYL)AMINOMETHYL-1,4-BENZODIOXANE HYDROCHLORIDE (WB 4101)",1,2.888888888888889,1,1,True,"(0, 1, 2.888888888888889)",61
2-APB,1,2.888888888888889,1,16,True,"(0, 1, 2.888888888888889)",62
2-CHLORO-5-NITRO-N-PHENYLBENZAMIDE,1,2.888888888888889,1,8,True,"(0, 1, 2.888888888888889)",63
2-IODOACETAMIDE,1,2.888888888888889,1,14,True,"(0, 1, 2.888888888888889)",64
2-MERCAPTOBENZIMIDAZOLE,1,2.888888888888889,1,3,True,"(0, 1, 2.888888888888889)",65
2-METHOXY-5 (6)EPOXY-TETRAHYDROCARYOPHYLLENE,1,2.888888888888889,1,1,True,"(0, 1, 2.888888888888889)",66
2-METHYL GRAMINE,1,2.888888888888889,1,1,True,"(0, 1, 2.888888888888889)",67
"3',4'-DIMETHOXYFLAVONE",1,2.888888888888889,1,3,True,"(0, 1, 2.888888888888889)",68
"3,4-DICHLOROBENZAMIL",1,2.888888888888889,1,4,True,"(0, 1, 2.888888888888889)",69
"3,4-DICHLOROISOCOUMARIN",1,2.888888888888889,1,15,True,"(0, 1, 2.888888888888889)",70
"3,4-METHYLENEDIOXYMETHAMPHETAMINE",1,2.888888888888889,1,11,True,"(0, 1, 2.888888888888889)",71
"3,7-DIMETHOXYFLAVONE",1,2.888888888888889,1,2,True,"(0, 1, 2.888888888888889)",72
"3-HYDROXY-3',4'-DIMETHOXYFLAVONE",1,2.888888888888889,1,3,True,"(0, 1, 2.888888888888889)",73
3-HYDROXYBENZYLHYDRAZINE,1,2.888888888888889,1,5,True,"(0, 1, 2.888888888888889)",74
3-ISOBUTYL-1-METHYL-7H-XANTHINE,1,2.888888888888889,1,3,True,"(0, 1, 2.888888888888889)",75
"4',7-DIMETHOXY-5-HYDROXYGENISTEIN",1,2.888888888888889,1,9,True,"(0, 1, 2.888888888888889)",76
4'-HYDROXY-FLAVANONE,1,2.888888888888889,1,1,True,"(0, 1, 2.888888888888889)",77
4'-METHOXYFLAVONE,1,2.888888888888889,1,8,True,"(0, 1, 2.888888888888889)",78
"4,2',4',6'-TETRAHYDROXYCHALCONE",1,2.888888888888889,1,1,True,"(0, 1, 2.888888888888889)",79
"4,4'-DIMETHOXYDALBERGIONE",1,2.888888888888889,1,4,True,"(0, 1, 2.888888888888889)",80
"4,4'-METHYLENEDIANILINE",1,2.888888888888889,1,1,True,"(0, 1, 2.888888888888889)",81
"4,4'-THIODIANILINE",1,2.888888888888889,1,2,True,"(0, 1, 2.888888888888889)",82
4-(2-AMINOETHYL)BENZENESULFONYL FLUORIDE,1,2.888888888888889,1,1,True,"(0, 1, 2.888888888888889)",83
4-METHOXYDALBERGIONE,1,2.888888888888889,1,9,True,"(0, 1, 2.888888888888889)",84
"4-{2-[(7-AMINO-2-FURAN-2-YL[1,2,4]TRIAZOLO[1,5-A][1,3,5]TRIAZIN-5-YL)AMINO]ETHYL}PHENOL",1,2.888888888888889,1,5,True,"(0, 1, 2.888888888888889)",85
"5,7-DIHYDROXY-4-METHYLCOUMARIN",1,2.888888888888889,1,4,True,"(0, 1, 2.888888888888889)",86
"5,7-DIHYDROXYISOFLAVONE",1,2.888888888888889,1,11,True,"(0, 1, 2.888888888888889)",87
"5,7-DIMETHOXYISOFLAVONE",1,2.888888888888889,1,4,True,"(0, 1, 2.888888888888889)",88
5-(N-METHYL-N-ISOBUTYL)AMILORIDE,1,2.888888888888889,1,4,True,"(0, 1, 2.888888888888889)",89
5-AMINOISOQUINOLINE,1,2.888888888888889,1,2,True,"(0, 1, 2.888888888888889)",90
6-METHYLFLAVONE,1,2.888888888888889,1,2,True,"(0, 1, 2.888888888888889)",91
6-O-BENZYLGUANINE,1,2.888888888888889,1,4,True,"(0, 1, 2.888888888888889)",92
"7,3'-DIMETHOXYFLAVONE",1,2.888888888888889,1,4,True,"(0, 1, 2.888888888888889)",93
7-HYDROXYCHLORPROMAZINE,1,2.888888888888889,1,2,True,"(0, 1, 2.888888888888889)",94
"7-OXOCALLITRISIC ACID, METHYL ESTER",1,2.888888888888889,1,1,True,"(0, 1, 2.888888888888889)",95
"8,2'-DIMETHOXYFLAVONE",1,2.888888888888889,1,2,True,"(0, 1, 2.888888888888889)",96
8-CYCLOPENTYLTHEOPHYLLINE,1,2.888888888888889,1,4,True,"(0, 1, 2.888888888888889)",97
ACACETIN DIACETATE,1,2.888888888888889,1,2,True,"(0, 1, 2.888888888888889)",98
ACALABRUTINIB,1,2.888888888888889,1,17,True,"(0, 1, 2.888888888888889)",99
ACECLOFENAC,1,2.888888888888889,2,3,True,"(0, 1, 2.888888888888889)",100
ACEPROMAZINE,1,2.888888888888889,1,2,True,"(0, 1, 2.888888888888889)",101
ACETAMINOPHEN / CAFFEINE / DIHYDROCODEINE,1,2.888888888888889,1,1,True,"(0, 1, 2.888888888888889)",102
ACETAMINOPHEN / CODEINE,1,2.888888888888889,1,2,True,"(0, 1, 2.888888888888889)",103
ACETOCHLOR,1,2.888888888888889,1,5,True,"(0, 1, 2.888888888888889)",104
ACRISORCIN,1,2.888888888888889,1,3,True,"(0, 1, 2.888888888888889)",105
ACTH,1,2.888888888888889,1,6,True,"(0, 1, 2.888888888888889)",106
ADIPHENINE,1,2.888888888888889,1,2,True,"(0, 1, 2.888888888888889)",107
AG 490,1,2.888888888888889,1,16,True,"(0, 1, 2.888888888888889)",108
AG 9,1,2.888888888888889,1,7,True,"(0, 1, 2.888888888888889)",109
AGROCLAVINE,1,2.888888888888889,1,5,True,"(0, 1, 2.888888888888889)",110
AHPN,1,2.888888888888889,1,7,True,"(0, 1, 2.888888888888889)",111
ALAPROCLATE,1,2.888888888888889,1,1,True,"(0, 1, 2.888888888888889)",112
ALCLOFENAC,1,2.888888888888889,1,2,True,"(0, 1, 2.888888888888889)",113
ALDRIN,1,2.888888888888889,1,4,True,"(0, 1, 2.888888888888889)",114
ALECTINIB,1,2.888888888888889,1,10,True,"(0, 1, 2.888888888888889)",115
ALLANTODAPSONE,1,2.888888888888889,1,1,True,"(0, 1, 2.888888888888889)",116
ALPHA-NAPHTHOFLAVONE,1,2.888888888888889,1,7,True,"(0, 1, 2.888888888888889)",117
ALPRAZOLAM,1,2.888888888888889,1,34,True,"(0, 1, 2.888888888888889)",118
ALTANSERIN,1,2.888888888888889,1,2,True,"(0, 1, 2.888888888888889)",119
ALTHIAZIDE,1,2.888888888888889,1,1,True,"(0, 1, 2.888888888888889)",120
ALVERINE CITRATE,1,2.888888888888889,1,5,True,"(0, 1, 2.888888888888889)",121
AM-630,1,2.888888888888889,1,5,True,"(0, 1, 2.888888888888889)",122
AMIDATE,1,2.888888888888889,1,2,True,"(0, 1, 2.888888888888889)",123
AMITRIPTYLINOXIDE,1,2.888888888888889,1,2,True,"(0, 1, 2.888888888888889)",124
AMODIAQUINE DIHYDROCHLORIDE,1,2.888888888888889,1,1,True,"(0, 1, 2.888888888888889)",125
AMOXAPINE,1,2.888888888888889,1,15,True,"(0, 1, 2.888888888888889)",126
AMPEROZIDE,1,2.888888888888889,1,2,True,"(0, 1, 2.888888888888889)",127
ANESTHETIC AGENT,1,2.888888888888889,1,10,True,"(0, 1, 2.888888888888889)",128
ANHYDROUS TACROLIMUS,1,2.888888888888889,1,28,True,"(0, 1, 2.888888888888889)",129
ANIRACETAM,1,2.888888888888889,1,9,True,"(0, 1, 2.888888888888889)",130
ANTAZOLINE,1,2.888888888888889,1,2,True,"(0, 1, 2.888888888888889)",131
ANTIPSYCHOTIC AGENT,1,2.888888888888889,1,3,True,"(0, 1, 2.888888888888889)",132
APIGENIN,1,2.888888888888889,1,27,True,"(0, 1, 2.888888888888889)",133
APIOL,1,2.888888888888889,1,2,True,"(0, 1, 2.888888888888889)",134
APOMORPHINE,1,2.888888888888889,1,27,True,"(0, 1, 2.888888888888889)",135
APTIGANEL,1,2.888888888888889,1,2,True,"(0, 1, 2.888888888888889)",136
ARBACLOFEN,1,2.888888888888889,1,4,True,"(0, 1, 2.888888888888889)",137
ARIPIPRAZOLE LAUROXIL,1,2.888888888888889,1,19,True,"(0, 1, 2.888888888888889)",138
AROTINOID ACID,1,2.888888888888889,1,17,True,"(0, 1, 2.888888888888889)",139
ARTEMETHER,1,2.888888888888889,1,5,True,"(0, 1, 2.888888888888889)",140
ARTEMISININ,1,2.888888888888889,1,9,True,"(0, 1, 2.888888888888889)",141
ARTEMOTIL,1,2.888888888888889,1,4,True,"(0, 1, 2.888888888888889)",142
ARTHONIOIC ACID,1,2.888888888888889,1,1,True,"(0, 1, 2.888888888888889)",143
ASCORBIC ACID,1,2.888888888888889,1,26,True,"(0, 1, 2.888888888888889)",144
ATAZANAVIR,1,2.888888888888889,1,9,True,"(0, 1, 2.888888888888889)",145
ATENOLOL,1,2.888888888888889,2,36,True,"(0, 1, 2.888888888888889)",146
ATHRAQUINONES A,1,2.888888888888889,1,10,True,"(0, 1, 2.888888888888889)",147
ATOMOXETINE HYDROCHLORIDE,1,2.888888888888889,1,8,True,"(0, 1, 2.888888888888889)",148
ATRANORIN,1,2.888888888888889,1,1,True,"(0, 1, 2.888888888888889)",149
AURIN,1,2.888888888888889,1,11,True,"(0, 1, 2.888888888888889)",150
AURINTRICARBOXYLIC ACID,1,2.888888888888889,1,31,True,"(0, 1, 2.888888888888889)",151
AVI-4557,1,2.888888888888889,1,1,True,"(0, 1, 2.888888888888889)",152
(-)-USNIC ACID,1,3.0,1,1,True,"(0, 1, 3.0)",153
(R)-NFPS,1,3.0,1,4,True,"(0, 1, 3.0)",154
"3,5-DINITROCATECHOL (OR-486)",1,3.0,1,5,True,"(0, 1, 3.0)",155
3-AMINOBENZAMIDE,1,3.0,1,2,True,"(0, 1, 3.0)",156
4-HYDROXYCYCLOPHOSPHAMIDE,1,3.0,1,2,True,"(0, 1, 3.0)",157
A68930,1,3.0,1,6,True,"(0, 1, 3.0)",158
ABROCITINIB,1,3.0,1,6,True,"(0, 1, 3.0)",159
ADRIAMYCIN,1,3.0,1,19,True,"(0, 1, 3.0)",160
AM281,1,3.0,1,3,True,"(0, 1, 3.0)",161
ANTIVIRAL AGENT,1,3.0,1,9,True,"(0, 1, 3.0)",162
AVATROMBOPAG,1,3.0,1,7,True,"(0, 1, 3.0)",163
ADENOVIRUS VECTOR,1,3.111111111111111,1,14,True,"(0, 1, 3.111111111111111)",164
APAZONE,1,3.111111111111111,2,3,True,"(0, 1, 3.111111111111111)",165
ANTISENSE OLIGONUCLEOTIDES,1,3.1666666666666665,1,33,True,"(0, 1, 3.1666666666666665)",166
3-O-METHYLQUERCETIN,1,3.2222222222222223,1,15,True,"(0, 1, 3.2222222222222223)",167
ACETYLCHOLINE,1,3.2222222222222223,1,6,True,"(0, 1, 3.2222222222222223)",168
ALACEPRIL,1,3.2222222222222223,1,1,True,"(0, 1, 3.2222222222222223)",169
ALBUTEROL SULFATE,1,3.2222222222222223,1,13,True,"(0, 1, 3.2222222222222223)",170
ACEMETACIN,1,3.3333333333333335,2,2,True,"(0, 1, 3.3333333333333335)",171
ALOXIPRIN,1,3.3333333333333335,2,2,True,"(0, 1, 3.3333333333333335)",172
ANGIOGENESIS INHIBITOR,1,3.3333333333333335,1,12,True,"(0, 1, 3.3333333333333335)",173
ANGIOTENSIN II,1,3.3333333333333335,1,4,True,"(0, 1, 3.3333333333333335)",174
ANGIOTENSIN II ACETATE,1,3.3333333333333335,1,1,True,"(0, 1, 3.3333333333333335)",175
ANTIHYPERTENSIVE AGENT,1,3.3333333333333335,1,8,True,"(0, 1, 3.3333333333333335)",176
ARGININE,1,3.4444444444444446,1,2,True,"(0, 1, 3.4444444444444446)",177
ANTIPYRINE,1,3.5555555555555554,1,1,True,"(0, 1, 3.5555555555555554)",178
(R)-IBUPROPHEN,1,3.6666666666666665,1,1,True,"(0, 1, 3.6666666666666665)",179
ACEBUTOLOL,1,3.6666666666666665,1,3,True,"(0, 1, 3.6666666666666665)",180
ALPRENOLOL,1,3.6666666666666665,2,3,True,"(0, 1, 3.6666666666666665)",181
AMINOSALICYLIC ACID,1,3.6666666666666665,1,2,True,"(0, 1, 3.6666666666666665)",182
APRICOXIB,1,3.6666666666666665,1,1,True,"(0, 1, 3.6666666666666665)",183
ABEDITEROL,1,3.888888888888889,1,4,True,"(0, 1, 3.888888888888889)",184
ANTIPLATELET AGENT,1,3.888888888888889,1,1,True,"(0, 1, 3.888888888888889)",185
ACEBUTOLOL HYDROCHLORIDE,1,4.0,1,1,True,"(0, 1, 4.0)",186
ANISODAMINE,1,4.0,1,1,True,"(0, 1, 4.0)",187
ARBUTAMINE,1,4.0,1,1,True,"(0, 1, 4.0)",188
ACETOHEXAMIDE,1,4.222222222222222,1,3,True,"(0, 1, 4.222222222222222)",189
(S)-MEXILETINE,3,3.0,0,2,False,"(1, 3, 3.0)",190
(S)-MIDODRINE,3,3.0,0,1,False,"(1, 3, 3.0)",191
(S)-ONDANSETRON,3,3.0,0,2,False,"(1, 3, 3.0)",192
(Z)-PIPLARTINE,3,3.0,0,2,False,"(1, 3, 3.0)",193
"1,10-PHENANTHROLINE",3,3.0,0,21,False,"(1, 3, 3.0)",194
"1,4-BENZOQUINONE",3,3.0,0,3,False,"(1, 3, 3.0)",195
1-NAPHTHYLISOTHIOCYANATE,3,3.0,0,4,False,"(1, 3, 3.0)",196
1-PHENYLBIGUANIDE,3,3.0,0,2,False,"(1, 3, 3.0)",197
2'-HYDROXYCHALCONE,3,3.0,0,6,False,"(1, 3, 3.0)",198
"2,3-DIHYDROXY-6,7-DICHLOROQUINOXALINE",3,3.0,0,5,False,"(1, 3, 3.0)",199
"2,4-DINITROPHENOL",3,3.0,0,4,False,"(1, 3, 3.0)",200
2-ACETYLAMINOFLUORENE,3,3.0,0,2,False,"(1, 3, 3.0)",201
2-MERCAPTOBENZOTHIAZOLE,3,3.0,0,8,False,"(1, 3, 3.0)",202
2-METHOXYESTRADIOL,3,3.0,0,11,False,"(1, 3, 3.0)",203
2-PHENYLPHENOL,3,3.0,0,5,False,"(1, 3, 3.0)",204
3-ACETYLCOUMARIN,3,3.0,0,1,False,"(1, 3, 3.0)",205
4-AMINOPHENOL,3,3.0,0,8,False,"(1, 3, 3.0)",206
"5-(N,N-HEXAMETHYLENE)-AMILORIDE",3,3.0,0,7,False,"(1, 3, 3.0)",207
5-CT,3,3.0,0,13,False,"(1, 3, 3.0)",208
5-MEO-DMT,3,3.0,0,5,False,"(1, 3, 3.0)",209
5-METHOXYTRYPTAMINE,3,3.0,0,2,False,"(1, 3, 3.0)",210
6-BENZYLAMINOPURINE,3,3.0,0,1,False,"(1, 3, 3.0)",211
6-NITROQUIPAZINE,3,3.0,0,1,False,"(1, 3, 3.0)",212
7-NITROINDAZOLE,3,3.0,0,7,False,"(1, 3, 3.0)",213
8-PHENYL THEOPHYLLINE,3,3.0,0,1,False,"(1, 3, 3.0)",214
"9,10-PHENANTHRENEQUINONE",3,3.0,0,26,False,"(1, 3, 3.0)",215
9-ANTHROIC ACID,3,3.0,0,5,False,"(1, 3, 3.0)",216
ADEFOVIR DIPIVOXIL,3,3.0,0,9,False,"(1, 3, 3.0)",217
AG 112,3,3.0,0,4,False,"(1, 3, 3.0)",218
AG1478,3,3.0,0,7,False,"(1, 3, 3.0)",219
ALACHLOR,3,3.0,0,3,False,"(1, 3, 3.0)",220
ALBENDAZOLE,3,3.0,0,6,False,"(1, 3, 3.0)",221
ALDICARB,3,3.0,0,3,False,"(1, 3, 3.0)",222
ALDOSTERONE,3,3.0,0,6,False,"(1, 3, 3.0)",223
ALL-TRANS-RETINAL,3,3.0,0,7,False,"(1, 3, 3.0)",224
ALLOXAZINE,3,3.0,0,2,False,"(1, 3, 3.0)",225
ALPHA-TERTHIENYL,3,3.0,0,4,False,"(1, 3, 3.0)",226
ALTRETAMINE,3,3.0,0,1,False,"(1, 3, 3.0)",227
AMLEXANOX,3,3.0,0,13,False,"(1, 3, 3.0)",228
AMSACRINE HYDROCHLORIDE,3,3.0,0,10,False,"(1, 3, 3.0)",229
ANDROSTENEDIONE,3,3.0,0,10,False,"(1, 3, 3.0)",230
ANETHOLE TRITHIONE,3,3.0,0,4,False,"(1, 3, 3.0)",231
(2S)-1-(1H-INDOL-3-YL)-3-{[5-(3-METHYL-1H-INDAZOL-5-YL)PYRIDIN-3-YL]OXY}PROPAN-2-AMINE,3,3.111111111111111,0,13,False,"(1, 3, 3.111111111111111)",232
"1,2-NAPHTHOQUINONE",3,3.111111111111111,0,9,False,"(1, 3, 3.111111111111111)",233
13-CIS-RETINAL,3,3.111111111111111,0,4,False,"(1, 3, 3.111111111111111)",234
"2,4-DIHYDROXYBENZOPHENONE",3,3.111111111111111,0,6,False,"(1, 3, 3.111111111111111)",235
2-CHLOROADENOSINE,3,3.111111111111111,0,11,False,"(1, 3, 3.111111111111111)",236
"2-METHOXY-1,4-NAPHTHOQUINONE",3,3.111111111111111,0,8,False,"(1, 3, 3.111111111111111)",237
2-[(FORMYL-HYDROXY-AMINO)-METHYL]-HEPTANOIC ACID [1-(2-HYDROXYMETHYL-PYRROLIDINE-1-CARBONYL)-2-METHYL-PROPYL]-AMIDE,3,3.111111111111111,0,2,False,"(1, 3, 3.111111111111111)",238
3-METHOXYCATECHOL,3,3.111111111111111,0,10,False,"(1, 3, 3.111111111111111)",239
3-METHYLCHOLANTHRENE,3,3.111111111111111,0,4,False,"(1, 3, 3.111111111111111)",240
4-METHYLDAPHNETIN,3,3.111111111111111,0,5,False,"(1, 3, 3.111111111111111)",241
4-NONYLPHENOL,3,3.111111111111111,0,5,False,"(1, 3, 3.111111111111111)",242
4-PHENYLENEDIAMINE,3,3.111111111111111,0,7,False,"(1, 3, 3.111111111111111)",243
6BETA-HYDROXYTESTOSTERONE,3,3.111111111111111,0,1,False,"(1, 3, 3.111111111111111)",244
"7,8-DIHYDROXYFLAVONE",3,3.111111111111111,0,8,False,"(1, 3, 3.111111111111111)",245
ABEMACICLIB,3,3.111111111111111,0,19,False,"(1, 3, 3.111111111111111)",246
ABIRATERONE ACETATE,3,3.111111111111111,0,12,False,"(1, 3, 3.111111111111111)",247
ACETOPHENAZINE,3,3.111111111111111,0,3,False,"(1, 3, 3.111111111111111)",248
ACID BLUE 129,3,3.111111111111111,0,19,False,"(1, 3, 3.111111111111111)",249
ADALIMUMAB-ADBM,3,3.111111111111111,0,33,False,"(1, 3, 3.111111111111111)",250
ALEXIDINE DIHYDROCHLORIDE,3,3.111111111111111,0,4,False,"(1, 3, 3.111111111111111)",251
ALISKIREN,3,3.111111111111111,0,3,False,"(1, 3, 3.111111111111111)",252
ALITRETINOIN,3,3.111111111111111,0,21,False,"(1, 3, 3.111111111111111)",253
ALOE-EMODIN,3,3.111111111111111,0,4,False,"(1, 3, 3.111111111111111)",254
ALSTERPAULLONE,3,3.111111111111111,0,52,False,"(1, 3, 3.111111111111111)",255
AMBAZONE,3,3.111111111111111,0,3,False,"(1, 3, 3.111111111111111)",256
AMBRISENTAN,3,3.111111111111111,0,5,False,"(1, 3, 3.111111111111111)",257
AMCINONIDE,3,3.111111111111111,0,7,False,"(1, 3, 3.111111111111111)",258
AMILORIDE,3,3.111111111111111,0,17,False,"(1, 3, 3.111111111111111)",259
AMISULPRIDE,3,3.111111111111111,0,26,False,"(1, 3, 3.111111111111111)",260
AMPRENAVIR,3,3.111111111111111,0,5,False,"(1, 3, 3.111111111111111)",261
ANABASINE,3,3.111111111111111,0,1,False,"(1, 3, 3.111111111111111)",262
ANASTROZOLE,3,3.111111111111111,0,13,False,"(1, 3, 3.111111111111111)",263
ARACHIDONIC ACID,3,3.111111111111111,0,23,False,"(1, 3, 3.111111111111111)",264
ARSENIC TRIOXIDE,3,3.111111111111111,0,26,False,"(1, 3, 3.111111111111111)",265
ATROPINE,3,3.111111111111111,0,17,False,"(1, 3, 3.111111111111111)",266
ANTI-ANDROGEN,3,3.1666666666666665,0,4,False,"(1, 3, 3.1666666666666665)",267
&ALPHA;&BETA;-MEATP,3,3.2222222222222223,0,4,False,"(1, 3, 3.2222222222222223)",268
(+)-TAXIFOLIN,3,3.2222222222222223,0,4,False,"(1, 3, 3.2222222222222223)",269
(-)-N-PORPHYNORAPOMORPHINE,3,3.2222222222222223,0,8,False,"(1, 3, 3.2222222222222223)",270
(1R)-TRANS-TETRAMETHRIN,3,3.2222222222222223,0,1,False,"(1, 3, 3.2222222222222223)",271
(2-NITROVINYL)BENZENE,3,3.2222222222222223,0,1,False,"(1, 3, 3.2222222222222223)",272
(4-CHLOROPHENYL)(MORPHOLINO)METHANETHIONE,3,3.2222222222222223,0,4,False,"(1, 3, 3.2222222222222223)",273
(R)-BICALUTAMIDE,3,3.2222222222222223,0,1,False,"(1, 3, 3.2222222222222223)",274
"0-HEXYL-1,3-DIAMINE-PLATINUM 2,2-DICHLORIDE",3,3.2222222222222223,0,3,False,"(1, 3, 3.2222222222222223)",275
1-HYDROXY-4-ETHOXYBENZENE,3,3.2222222222222223,0,1,False,"(1, 3, 3.2222222222222223)",276
1-NAPHTHOL,3,3.2222222222222223,0,1,False,"(1, 3, 3.2222222222222223)",277
1-NITROPYRENE,3,3.2222222222222223,0,1,False,"(1, 3, 3.2222222222222223)",278
"2,4-HEXADIENAL",3,3.2222222222222223,0,3,False,"(1, 3, 3.2222222222222223)",279
2-AMINOANTHRACENE,3,3.2222222222222223,0,4,False,"(1, 3, 3.2222222222222223)",280
2-BENZOYL-5-METHOXYBENZOQUINONE,3,3.2222222222222223,0,5,False,"(1, 3, 3.2222222222222223)",281
2-BROMOETHANOL,3,3.2222222222222223,0,1,False,"(1, 3, 3.2222222222222223)",282
2-MERCAPTONICOTINIC ACID,3,3.2222222222222223,0,4,False,"(1, 3, 3.2222222222222223)",283
2-NITROFLUORENE,3,3.2222222222222223,0,1,False,"(1, 3, 3.2222222222222223)",284
"3,3',4',5-TETRACHLOROSALICYLANILIDE",3,3.2222222222222223,0,1,False,"(1, 3, 3.2222222222222223)",285
"3,4-DIHYDROXYPHENYLACETIC ACID",3,3.2222222222222223,0,5,False,"(1, 3, 3.2222222222222223)",286
4'-DEMETHYLEPIPODOPHYLLOTOXIN,3,3.2222222222222223,0,1,False,"(1, 3, 3.2222222222222223)",287
4-NITROANILINE,3,3.2222222222222223,0,1,False,"(1, 3, 3.2222222222222223)",288
5'-GUANIDINONALTRINDOLE,3,3.2222222222222223,0,10,False,"(1, 3, 3.2222222222222223)",289
5-FLUOROURIDINE,3,3.2222222222222223,0,5,False,"(1, 3, 3.2222222222222223)",290
5-HYDROXYINDOLEACETIC ACID,3,3.2222222222222223,0,4,False,"(1, 3, 3.2222222222222223)",291
"6,4'-DIMETHOXYFLAVONE",3,3.2222222222222223,0,9,False,"(1, 3, 3.2222222222222223)",292
6-CHLOROFLAVONE,3,3.2222222222222223,0,1,False,"(1, 3, 3.2222222222222223)",293
7-BENZYLOXYCOUMARIN,3,3.2222222222222223,0,1,False,"(1, 3, 3.2222222222222223)",294
9-AMINOCAMPTOTHECIN,3,3.2222222222222223,0,11,False,"(1, 3, 3.2222222222222223)",295
A77636,3,3.2222222222222223,0,6,False,"(1, 3, 3.2222222222222223)",296
ABAMECTIN,3,3.2222222222222223,0,3,False,"(1, 3, 3.2222222222222223)",297
ABBV-257,3,3.2222222222222223,0,2,False,"(1, 3, 3.2222222222222223)",298
ABSCISIC ACID,3,3.2222222222222223,0,3,False,"(1, 3, 3.2222222222222223)",299
ACAMPROSATE CALCIUM,3,3.2222222222222223,0,25,False,"(1, 3, 3.2222222222222223)",300
ACETALDEHYDE,3,3.2222222222222223,0,7,False,"(1, 3, 3.2222222222222223)",301
ACETAZOLAMIDE,3,3.2222222222222223,0,14,False,"(1, 3, 3.2222222222222223)",302
ACETYLCYSTEINE,3,3.2222222222222223,0,15,False,"(1, 3, 3.2222222222222223)",303
ACIVICIN,3,3.2222222222222223,0,4,False,"(1, 3, 3.2222222222222223)",304
ACLARUBICIN HYDROCHLORIDE,3,3.2222222222222223,0,1,False,"(1, 3, 3.2222222222222223)",305
ACROLEIN,3,3.2222222222222223,0,3,False,"(1, 3, 3.2222222222222223)",306
AFIMOXIFENE,3,3.2222222222222223,0,18,False,"(1, 3, 3.2222222222222223)",307
AFLOQUALONE,3,3.2222222222222223,0,1,False,"(1, 3, 3.2222222222222223)",308
AKT INHIBITOR IV,3,3.2222222222222223,0,11,False,"(1, 3, 3.2222222222222223)",309
ALCLOMETASONE,3,3.2222222222222223,0,4,False,"(1, 3, 3.2222222222222223)",310
ALEXIDINE HYDROCHLORIDE,3,3.2222222222222223,0,17,False,"(1, 3, 3.2222222222222223)",311
ALFATRADIOL,3,3.2222222222222223,0,2,False,"(1, 3, 3.2222222222222223)",312
ALFAXALONE,3,3.2222222222222223,0,1,False,"(1, 3, 3.2222222222222223)",313
ALFUZOSIN,3,3.2222222222222223,0,9,False,"(1, 3, 3.2222222222222223)",314
ALFUZOSIN HYDROCHLORIDE,3,3.2222222222222223,0,4,False,"(1, 3, 3.2222222222222223)",315
ALLANTOIN,3,3.2222222222222223,0,1,False,"(1, 3, 3.2222222222222223)",316
ALLETHRIN,3,3.2222222222222223,0,1,False,"(1, 3, 3.2222222222222223)",317
ALLISAN,3,3.2222222222222223,0,1,False,"(1, 3, 3.2222222222222223)",318
ALLO-OCIMENE,3,3.2222222222222223,0,1,False,"(1, 3, 3.2222222222222223)",319
ALPHA-ENDOSULFAN,3,3.2222222222222223,0,1,False,"(1, 3, 3.2222222222222223)",320
ALPHA-PHELLANDRENE,3,3.2222222222222223,0,1,False,"(1, 3, 3.2222222222222223)",321
ALPHA-TOCOPHEROL ACETATE,3,3.2222222222222223,0,2,False,"(1, 3, 3.2222222222222223)",322
ALTENUSIN,3,3.2222222222222223,0,10,False,"(1, 3, 3.2222222222222223)",323
ALTEPLASE,3,3.2222222222222223,0,20,False,"(1, 3, 3.2222222222222223)",324
ALTRENOGEST,3,3.2222222222222223,0,1,False,"(1, 3, 3.2222222222222223)",325
ALVOCIDIB HYDROCHLORIDE,3,3.2222222222222223,0,1,False,"(1, 3, 3.2222222222222223)",326
AMARANTH,3,3.2222222222222223,0,6,False,"(1, 3, 3.2222222222222223)",327
AMCINAFIDE,3,3.2222222222222223,0,3,False,"(1, 3, 3.2222222222222223)",328
AMDINOCILLIN,3,3.2222222222222223,0,1,False,"(1, 3, 3.2222222222222223)",329
AMI-1,3,3.2222222222222223,0,3,False,"(1, 3, 3.2222222222222223)",330
AMILORIDE HYDROCHLORIDE,3,3.2222222222222223,0,4,False,"(1, 3, 3.2222222222222223)",331
AMINACRINE HYDROCHLORIDE,3,3.2222222222222223,0,7,False,"(1, 3, 3.2222222222222223)",332
AMINOCARB,3,3.2222222222222223,0,1,False,"(1, 3, 3.2222222222222223)",333
AMITRAZ,3,3.2222222222222223,0,1,False,"(1, 3, 3.2222222222222223)",334
AMORFRUTIN A,3,3.2222222222222223,0,4,False,"(1, 3, 3.2222222222222223)",335
AMOROLFINE,3,3.2222222222222223,0,1,False,"(1, 3, 3.2222222222222223)",336
AMPEROZIDE HYDROCHLORIDE,3,3.2222222222222223,0,3,False,"(1, 3, 3.2222222222222223)",337
AMPICILLIN (ANHYDROUS),3,3.2222222222222223,0,11,False,"(1, 3, 3.2222222222222223)",338
AMPIROXICAM,3,3.2222222222222223,0,2,False,"(1, 3, 3.2222222222222223)",339
ANCITABINE,3,3.2222222222222223,0,1,False,"(1, 3, 3.2222222222222223)",340
ANCITABINE HYDROCHLORIDE,3,3.2222222222222223,0,1,False,"(1, 3, 3.2222222222222223)",341
ANDALUSOL,3,3.2222222222222223,0,1,False,"(1, 3, 3.2222222222222223)",342
ANDROGEN RECEPTOR ANTAGONIST ONC1-0013B,3,3.2222222222222223,0,1,False,"(1, 3, 3.2222222222222223)",343
ANDROGEN RECEPTOR ANTAGONIST TAS3681,3,3.2222222222222223,0,1,False,"(1, 3, 3.2222222222222223)",344
ANDROGEN RECEPTOR ANTISENSE OLIGONUCLEOTIDE AZD5312,3,3.2222222222222223,0,1,False,"(1, 3, 3.2222222222222223)",345
ANDROGEN RECEPTOR ANTISENSE OLIGONUCLEOTIDE EZN-4176,3,3.2222222222222223,0,1,False,"(1, 3, 3.2222222222222223)",346
ANDROSTENEDIOL,3,3.2222222222222223,0,1,False,"(1, 3, 3.2222222222222223)",347
ANECORTAVE ACETATE,3,3.2222222222222223,0,1,False,"(1, 3, 3.2222222222222223)",348
ANGUIDIN,3,3.2222222222222223,0,4,False,"(1, 3, 3.2222222222222223)",349
ANGUSTIBALIN,3,3.2222222222222223,0,11,False,"(1, 3, 3.2222222222222223)",350
ANHYDROUS DEXTROSE,3,3.2222222222222223,0,3,False,"(1, 3, 3.2222222222222223)",351
ANISOCOUMARIN H,3,3.2222222222222223,0,2,False,"(1, 3, 3.2222222222222223)",352
ANISOMYCIN,3,3.2222222222222223,0,5,False,"(1, 3, 3.2222222222222223)",353
ANTHRACYCLINE ANTINEOPLASTIC ANTIBIOTIC,3,3.2222222222222223,0,12,False,"(1, 3, 3.2222222222222223)",354
ANTIMYCIN A,3,3.2222222222222223,0,3,False,"(1, 3, 3.2222222222222223)",355
APALUTAMIDE,3,3.2222222222222223,0,2,False,"(1, 3, 3.2222222222222223)",356
APC-100,3,3.2222222222222223,0,1,False,"(1, 3, 3.2222222222222223)",357
APLAVIROC HYDROCHLORIDE,3,3.2222222222222223,0,2,False,"(1, 3, 3.2222222222222223)",358
APOMORPHINE HYDROCHLORIDE HEMIHYDRATE,3,3.2222222222222223,0,18,False,"(1, 3, 3.2222222222222223)",359
APRINDINE HYDROCHLORIDE,3,3.2222222222222223,0,1,False,"(1, 3, 3.2222222222222223)",360
ARANIDIPINE,3,3.2222222222222223,0,1,False,"(1, 3, 3.2222222222222223)",361
ARGIPRESTOCIN,3,3.2222222222222223,0,4,False,"(1, 3, 3.2222222222222223)",362
ARISTOLOCHIC ACID,3,3.2222222222222223,0,5,False,"(1, 3, 3.2222222222222223)",363
AROMATICIN,3,3.2222222222222223,0,4,False,"(1, 3, 3.2222222222222223)",364
ARSANILIC ACID,3,3.2222222222222223,0,2,False,"(1, 3, 3.2222222222222223)",365
ARTEANNUIN B,3,3.2222222222222223,0,2,False,"(1, 3, 3.2222222222222223)",366
ARUNDINE,3,3.2222222222222223,0,3,False,"(1, 3, 3.2222222222222223)",367
ASTERRIC ACID,3,3.2222222222222223,0,18,False,"(1, 3, 3.2222222222222223)",368
ATALUREN,3,3.2222222222222223,0,82,False,"(1, 3, 3.2222222222222223)",369
ATOSIBAN,3,3.2222222222222223,0,8,False,"(1, 3, 3.2222222222222223)",370
ATOVAQUONE,3,3.2222222222222223,0,2,False,"(1, 3, 3.2222222222222223)",371
ATRACURIUM BESYLATE,3,3.2222222222222223,0,6,False,"(1, 3, 3.2222222222222223)",372
ATROPINE METHYLBROMIDE,3,3.2222222222222223,0,1,False,"(1, 3, 3.2222222222222223)",373
AVE0847,3,3.2222222222222223,0,2,False,"(1, 3, 3.2222222222222223)",374
(+)-NORFENFLURAMINE,3,3.3333333333333335,0,2,False,"(1, 3, 3.3333333333333335)",375
(S)-WILLARDIINE,3,3.3333333333333335,0,1,False,"(1, 3, 3.3333333333333335)",376
1-AMINOCYCLOPROPANE CARBOXYLIC ACID,3,3.3333333333333335,0,1,False,"(1, 3, 3.3333333333333335)",377
1.ALPHA.-HYDROXYVITAMIN D5,3,3.3333333333333335,0,2,False,"(1, 3, 3.3333333333333335)",378
"2',4'-DIHYDROXYCHALCONE",3,3.3333333333333335,0,4,False,"(1, 3, 3.3333333333333335)",379
"2,6-DIMETHOXYQUINONE",3,3.3333333333333335,0,7,False,"(1, 3, 3.3333333333333335)",380
2-CHLOROADENOSINE-5-TRIPHOSPHATE,3,3.3333333333333335,0,7,False,"(1, 3, 3.3333333333333335)",381
2-HYDROXYESTRADIOL,3,3.3333333333333335,0,6,False,"(1, 3, 3.3333333333333335)",382
2-PICOLINIC ACID,3,3.3333333333333335,0,4,False,"(1, 3, 3.3333333333333335)",383
"3,4-DIDESMETHYL-5-DESHYDROXY-3'-ETHOXYSCLEROIN",3,3.3333333333333335,0,7,False,"(1, 3, 3.3333333333333335)",384
"3,4-DIHYDROXYXANTHONE",3,3.3333333333333335,0,1,False,"(1, 3, 3.3333333333333335)",385
"3,5-DIIODO-L-TYROSINE",3,3.3333333333333335,0,8,False,"(1, 3, 3.3333333333333335)",386
4-BENZYLOXYANILINE,3,3.3333333333333335,0,3,False,"(1, 3, 3.3333333333333335)",387
4-DAMP,3,3.3333333333333335,0,6,False,"(1, 3, 3.3333333333333335)",388
5-BENZYLOXYTRYPTAMINE,3,3.3333333333333335,0,3,False,"(1, 3, 3.3333333333333335)",389
5-HYDROXYTRYPTOPHAN,3,3.3333333333333335,0,6,False,"(1, 3, 3.3333333333333335)",390
6-HYDROXYMELATONIN,3,3.3333333333333335,0,6,False,"(1, 3, 3.3333333333333335)",391
ABBV-3373,3,3.3333333333333335,0,3,False,"(1, 3, 3.3333333333333335)",392
ABIETIC ACID,3,3.3333333333333335,0,3,False,"(1, 3, 3.3333333333333335)",393
ACARBOSE,3,3.3333333333333335,0,6,False,"(1, 3, 3.3333333333333335)",394
ACE INHIBITOR,3,3.3333333333333335,0,7,False,"(1, 3, 3.3333333333333335)",395
ACETAMIDE,3,3.3333333333333335,0,1,False,"(1, 3, 3.3333333333333335)",396
ACITRETIN,3,3.3333333333333335,0,16,False,"(1, 3, 3.3333333333333335)",397
ADJUVANT,3,3.3333333333333335,0,15,False,"(1, 3, 3.3333333333333335)",398
AFELIMOMAB,3,3.3333333333333335,0,1,False,"(1, 3, 3.3333333333333335)",399
AIDA,3,3.3333333333333335,0,2,False,"(1, 3, 3.3333333333333335)",400
ALEGLITAZAR,3,3.3333333333333335,0,2,False,"(1, 3, 3.3333333333333335)",401
ALPELISIB,3,3.3333333333333335,0,35,False,"(1, 3, 3.3333333333333335)",402
ALPHA-TOCOPHEROL,3,3.3333333333333335,0,11,False,"(1, 3, 3.3333333333333335)",403
AMANTADINE HYDROCHLORIDE,3,3.3333333333333335,0,10,False,"(1, 3, 3.3333333333333335)",404
AME-527,3,3.3333333333333335,0,1,False,"(1, 3, 3.3333333333333335)",405
AMIFAMPRIDINE,3,3.3333333333333335,0,42,False,"(1, 3, 3.3333333333333335)",406
AMIFAMPRIDINE PHOSPHATE,3,3.3333333333333335,0,41,False,"(1, 3, 3.3333333333333335)",407
AMINACRINE,3,3.3333333333333335,0,2,False,"(1, 3, 3.3333333333333335)",408
AMINOGLYCOSIDE ANTIBIOTIC,3,3.3333333333333335,0,9,False,"(1, 3, 3.3333333333333335)",409
AMINOOXYACETIC ACID,3,3.3333333333333335,0,3,False,"(1, 3, 3.3333333333333335)",410
AMODIAQUINE,3,3.3333333333333335,0,4,False,"(1, 3, 3.3333333333333335)",411
AN0128,3,3.3333333333333335,0,1,False,"(1, 3, 3.3333333333333335)",412
ANAZOLENE,3,3.3333333333333335,0,5,False,"(1, 3, 3.3333333333333335)",413
ANTHRALIN,3,3.3333333333333335,0,3,False,"(1, 3, 3.3333333333333335)",414
ANTIESTROGEN,3,3.3333333333333335,0,15,False,"(1, 3, 3.3333333333333335)",415
ANTIFUNGAL AGENT,3,3.3333333333333335,0,2,False,"(1, 3, 3.3333333333333335)",416
ANTIPARASITIC AGENT,3,3.3333333333333335,0,2,False,"(1, 3, 3.3333333333333335)",417
AP-7,3,3.3333333333333335,0,1,False,"(1, 3, 3.3333333333333335)",418
APOCIDEINE,3,3.3333333333333335,0,2,False,"(1, 3, 3.3333333333333335)",419
ARHALOFENATE,3,3.3333333333333335,0,2,False,"(1, 3, 3.3333333333333335)",420
ASPARAGINASE,3,3.3333333333333335,0,18,False,"(1, 3, 3.3333333333333335)",421
ATRASENTAN,3,3.3333333333333335,0,4,False,"(1, 3, 3.3333333333333335)",422
AUSTOCYSTIN D,3,3.3333333333333335,0,1,False,"(1, 3, 3.3333333333333335)",423
ALDESLEUKIN,3,3.388888888888889,0,30,False,"(1, 3, 3.388888888888889)",424
(R)-INDOPROFEN,3,3.4444444444444446,0,1,False,"(1, 3, 3.4444444444444446)",425
"1,4-DIMETHOXYANTHRAQUINONE",3,3.4444444444444446,0,10,False,"(1, 3, 3.4444444444444446)",426
2'-METHOXYFORMONETIN,3,3.4444444444444446,0,1,False,"(1, 3, 3.4444444444444446)",427
"2,3,4'-TRIHYDROXY-4-METHOXYBENZOPHENONE",3,3.4444444444444446,0,3,False,"(1, 3, 3.4444444444444446)",428
"2,3,4-TRIHYDROXY-4'-ETHOXYBENZOPHENONE",3,3.4444444444444446,0,4,False,"(1, 3, 3.4444444444444446)",429
"2,3-DIHYDROXY-4-METHOXY-4'-ETHOXYBENZOPHENONE",3,3.4444444444444446,0,3,False,"(1, 3, 3.4444444444444446)",430
2-METHYLAMINOBENZOIC ACID METHYL ESTER,3,3.4444444444444446,0,1,False,"(1, 3, 3.4444444444444446)",431
"4-AMINO-[1,2]NAPHTHOQUINONE",3,3.4444444444444446,0,3,False,"(1, 3, 3.4444444444444446)",432
4-METHYLESCULETIN,3,3.4444444444444446,0,1,False,"(1, 3, 3.4444444444444446)",433
5-FLUOROINDOLE-2-CARBOXYLIC ACID,3,3.4444444444444446,0,2,False,"(1, 3, 3.4444444444444446)",434
AC55649,3,3.4444444444444446,0,5,False,"(1, 3, 3.4444444444444446)",435
ACEQUINOCYL,3,3.4444444444444446,0,1,False,"(1, 3, 3.4444444444444446)",436
ACETAMINOPHEN/TRAMADOL,3,3.4444444444444446,0,4,False,"(1, 3, 3.4444444444444446)",437
ACETANILIDE,3,3.4444444444444446,0,1,False,"(1, 3, 3.4444444444444446)",438
ACRIDINE,3,3.4444444444444446,0,1,False,"(1, 3, 3.4444444444444446)",439
ADAPALENE,3,3.4444444444444446,0,12,False,"(1, 3, 3.4444444444444446)",440
ADAVOSERTIB,3,3.4444444444444446,0,29,False,"(1, 3, 3.4444444444444446)",441
AEE788,3,3.4444444444444446,0,7,False,"(1, 3, 3.4444444444444446)",442
ALAZANINE,3,3.4444444444444446,0,5,False,"(1, 3, 3.4444444444444446)",443
ALEMTUZUMAB,3,3.4444444444444446,0,3,False,"(1, 3, 3.4444444444444446)",444
ALEPLASININ,3,3.4444444444444446,0,1,False,"(1, 3, 3.4444444444444446)",445
ALISERTIB,3,3.4444444444444446,0,45,False,"(1, 3, 3.4444444444444446)",446
ALK INHIBITOR TAE684,3,3.4444444444444446,0,5,False,"(1, 3, 3.4444444444444446)",447
ALLOXAN,3,3.4444444444444446,0,4,False,"(1, 3, 3.4444444444444446)",448
ALOSETRON HYDROCHLORIDE,3,3.4444444444444446,0,5,False,"(1, 3, 3.4444444444444446)",449
ALPHA-ADRENERGIC ANTAGONIST,3,3.4444444444444446,0,3,False,"(1, 3, 3.4444444444444446)",450
ALRESTATIN,3,3.4444444444444446,0,1,False,"(1, 3, 3.4444444444444446)",451
ALRIZOMADLIN,3,3.4444444444444446,0,2,False,"(1, 3, 3.4444444444444446)",452
ALT-801,3,3.4444444444444446,0,1,False,"(1, 3, 3.4444444444444446)",453
ALTIRATINIB,3,3.4444444444444446,0,10,False,"(1, 3, 3.4444444444444446)",454
ALVESPIMYCIN,3,3.4444444444444446,0,4,False,"(1, 3, 3.4444444444444446)",455
ALVOCIDIB,3,3.4444444444444446,0,20,False,"(1, 3, 3.4444444444444446)",456
AMG-131,3,3.4444444444444446,0,1,False,"(1, 3, 3.4444444444444446)",457
AMIKACIN,3,3.4444444444444446,0,7,False,"(1, 3, 3.4444444444444446)",458
AMINOGLUTETHIMIDE,3,3.4444444444444446,0,8,False,"(1, 3, 3.4444444444444446)",459
AMINOQUINURIDE,3,3.4444444444444446,0,4,False,"(1, 3, 3.4444444444444446)",460
ANAKINRA,3,3.4444444444444446,0,9,False,"(1, 3, 3.4444444444444446)",461
ANALGESIC AGENT,3,3.4444444444444446,0,10,False,"(1, 3, 3.4444444444444446)",462
ANANDAMIDE,3,3.4444444444444446,0,16,False,"(1, 3, 3.4444444444444446)",463
ANISINDIONE,3,3.4444444444444446,0,6,False,"(1, 3, 3.4444444444444446)",464
ANTHRANILIC ACID,3,3.4444444444444446,0,1,False,"(1, 3, 3.4444444444444446)",465
ANTIBIOTIC,3,3.4444444444444446,0,17,False,"(1, 3, 3.4444444444444446)",466
ANTIMALARIAL AGENT,3,3.4444444444444446,0,2,False,"(1, 3, 3.4444444444444446)",467
ANTINEOPLASTIC ANTIBIOTIC,3,3.4444444444444446,0,2,False,"(1, 3, 3.4444444444444446)",468
ANTIOXIDANT,3,3.4444444444444446,0,21,False,"(1, 3, 3.4444444444444446)",469
APG115,3,3.4444444444444446,0,2,False,"(1, 3, 3.4444444444444446)",470
ASENAPINE,3,3.4444444444444446,0,25,False,"(1, 3, 3.4444444444444446)",471
AST-487,3,3.4444444444444446,0,41,False,"(1, 3, 3.4444444444444446)",472
ATAGABALIN,3,3.4444444444444446,0,26,False,"(1, 3, 3.4444444444444446)",473
ATRACTYLENOLIDE I,3,3.4444444444444446,0,1,False,"(1, 3, 3.4444444444444446)",474
ATX08-001,3,3.4444444444444446,0,1,False,"(1, 3, 3.4444444444444446)",475
AURAPTENE,3,3.4444444444444446,0,1,False,"(1, 3, 3.4444444444444446)",476
AURORA KINASE INHIBITOR AMG 900,3,3.4444444444444446,0,4,False,"(1, 3, 3.4444444444444446)",477
AUTOLOGOUS DENDRITIC CELLS TRANSDUCED WITH WILD-TYPE P53 ADENOVIRUS VACCINE,3,3.4444444444444446,0,1,False,"(1, 3, 3.4444444444444446)",478
AVOBENZONE,3,3.4444444444444446,0,4,False,"(1, 3, 3.4444444444444446)",479
(-)-STEPHOLIDINE,3,3.5,0,3,False,"(1, 3, 3.5)",480
AMINEPTIN,3,3.5,0,3,False,"(1, 3, 3.5)",481
&ALPHA;&BETA;-METHYLENEADP,3,3.5555555555555554,0,3,False,"(1, 3, 3.5555555555555554)",482
(R)-&ALPHA;-METHYLHISTAMINE,3,3.5555555555555554,0,3,False,"(1, 3, 3.5555555555555554)",483
(R)-PIA,3,3.5555555555555554,0,8,False,"(1, 3, 3.5555555555555554)",484
1-AZAKENPAULLONE,3,3.5555555555555554,0,13,False,"(1, 3, 3.5555555555555554)",485
"2,4-DIACETYLPHLOROGLUCINOL",3,3.5555555555555554,0,3,False,"(1, 3, 3.5555555555555554)",486
2-ARACHIDONOYLGLYCEROL,3,3.5555555555555554,0,6,False,"(1, 3, 3.5555555555555554)",487
2MD,3,3.5555555555555554,0,2,False,"(1, 3, 3.5555555555555554)",488
2MESADP,3,3.5555555555555554,0,3,False,"(1, 3, 3.5555555555555554)",489
2MESAMP,3,3.5555555555555554,0,2,False,"(1, 3, 3.5555555555555554)",490
"3,4-DIMETHOXYDALBERGIONE",3,3.5555555555555554,0,3,False,"(1, 3, 3.5555555555555554)",491
3-BROMO-7NI,3,3.5555555555555554,0,1,False,"(1, 3, 3.5555555555555554)",492
3-HYDROXYANTHRANILIC ACID,3,3.5555555555555554,0,6,False,"(1, 3, 3.5555555555555554)",493
4'-HYDROXYCHALCONE,3,3.5555555555555554,0,1,False,"(1, 3, 3.5555555555555554)",494
4'-METHOXYCHALCONE,3,3.5555555555555554,0,2,False,"(1, 3, 3.5555555555555554)",495
"4-HYDROXY-3,5-DIMETHYL-5-(2-METHYL-BUTA-1,3-DIENYL)-5H-THIOPHEN-2-ONE",3,3.5555555555555554,0,5,False,"(1, 3, 3.5555555555555554)",496
4-PHENYLBUTYRIC ACID,3,3.5555555555555554,0,20,False,"(1, 3, 3.5555555555555554)",497
5-HYDROXYINDOLE,3,3.5555555555555554,0,2,False,"(1, 3, 3.5555555555555554)",498
5-HYDROXYTRYPTAMINE,3,3.5555555555555554,0,15,False,"(1, 3, 3.5555555555555554)",499
552-02,3,3.5555555555555554,0,4,False,"(1, 3, 3.5555555555555554)",500
7NI,3,3.5555555555555554,0,1,False,"(1, 3, 3.5555555555555554)",501
8-AZAGUANINE,3,3.5555555555555554,0,6,False,"(1, 3, 3.5555555555555554)",502
ACELLULAR DERMAL MATRIX,3,3.5555555555555554,0,4,False,"(1, 3, 3.5555555555555554)",503
ACETAMINOPHEN GLUCURONIDE,3,3.5555555555555554,0,11,False,"(1, 3, 3.5555555555555554)",504
ACETOSIDE,3,3.5555555555555554,0,3,False,"(1, 3, 3.5555555555555554)",505
ACRIDONE,3,3.5555555555555554,0,2,False,"(1, 3, 3.5555555555555554)",506
ACYCLOVIR,3,3.5555555555555554,0,6,False,"(1, 3, 3.5555555555555554)",507
ADENOSINE TRIPHOSPHATE,3,3.5555555555555554,0,17,False,"(1, 3, 3.5555555555555554)",508
ADP,3,3.5555555555555554,0,7,False,"(1, 3, 3.5555555555555554)",509
ADP&BETA;S,3,3.5555555555555554,0,4,False,"(1, 3, 3.5555555555555554)",510
AFURESERTIB,3,3.5555555555555554,0,7,False,"(1, 3, 3.5555555555555554)",511
AKT INHIBITOR MK2206,3,3.5555555555555554,0,16,False,"(1, 3, 3.5555555555555554)",512
ALENDRONATE SODIUM,3,3.5555555555555554,0,12,False,"(1, 3, 3.5555555555555554)",513
ALFACALCIDOL,3,3.5555555555555554,0,1,False,"(1, 3, 3.5555555555555554)",514
ALLITRIDIN,3,3.5555555555555554,0,4,False,"(1, 3, 3.5555555555555554)",515
ALPHA-ADRENERGIC AGONIST,3,3.5555555555555554,0,4,False,"(1, 3, 3.5555555555555554)",516
AMBUNOL,3,3.5555555555555554,0,5,False,"(1, 3, 3.5555555555555554)",517
AMPICILLIN TRIHYDRATE,3,3.5555555555555554,0,3,False,"(1, 3, 3.5555555555555554)",518
ANABOLIC STEROID,3,3.5555555555555554,0,3,False,"(1, 3, 3.5555555555555554)",519
ANTI-ULCER AGENT,3,3.5555555555555554,0,1,False,"(1, 3, 3.5555555555555554)",520
ANTIAROL,3,3.5555555555555554,0,1,False,"(1, 3, 3.5555555555555554)",521
ANTISERUM,3,3.5555555555555554,0,35,False,"(1, 3, 3.5555555555555554)",522
AP4A,3,3.5555555555555554,0,3,False,"(1, 3, 3.5555555555555554)",523
APIXABAN,3,3.5555555555555554,0,6,False,"(1, 3, 3.5555555555555554)",524
APX-3330,3,3.5555555555555554,0,1,False,"(1, 3, 3.5555555555555554)",525
AR-C67085,3,3.5555555555555554,0,2,False,"(1, 3, 3.5555555555555554)",526
ARACHIDONYL TRIFLUOROMETHYL KETONE,3,3.5555555555555554,0,2,False,"(1, 3, 3.5555555555555554)",527
ARL66096,3,3.5555555555555554,0,1,False,"(1, 3, 3.5555555555555554)",528
AROMOLINE,3,3.5555555555555554,0,2,False,"(1, 3, 3.5555555555555554)",529
ARVERAPAMIL,3,3.5555555555555554,0,10,False,"(1, 3, 3.5555555555555554)",530
ASCORBYL PALMITATE,3,3.5555555555555554,0,2,False,"(1, 3, 3.5555555555555554)",531
2MESATP,3,3.611111111111111,0,6,False,"(1, 3, 3.611111111111111)",532
4SC-202,3,3.611111111111111,0,6,False,"(1, 3, 3.611111111111111)",533
ABICIPAR PEGOL,3,3.611111111111111,0,3,False,"(1, 3, 3.611111111111111)",534
ADOPRAZINE,3,3.611111111111111,0,3,False,"(1, 3, 3.611111111111111)",535
AFLIBERCEPT,3,3.611111111111111,0,5,False,"(1, 3, 3.611111111111111)",536
APITOLISIB,3,3.611111111111111,0,27,False,"(1, 3, 3.611111111111111)",537
APR19,3,3.611111111111111,0,1,False,"(1, 3, 3.611111111111111)",538
ARISTOLACTONE,3,3.611111111111111,0,2,False,"(1, 3, 3.611111111111111)",539
ARISTOYUNNOLIN A,3,3.611111111111111,0,2,False,"(1, 3, 3.611111111111111)",540
ASN007,3,3.611111111111111,0,2,False,"(1, 3, 3.611111111111111)",541
ASOPRISNIL,3,3.611111111111111,0,2,False,"(1, 3, 3.611111111111111)",542
(+)-ALPHA-TOCOPHERYL SUCCINATE,3,3.6666666666666665,0,1,False,"(1, 3, 3.6666666666666665)",543
(R)-EDELFOSINE,3,3.6666666666666665,0,2,False,"(1, 3, 3.6666666666666665)",544
"2,3,4,4'-TETRAMETHOXYBIPHENYL",3,3.6666666666666665,0,3,False,"(1, 3, 3.6666666666666665)",545
4-METHOXYCINNAMIC ACID,3,3.6666666666666665,0,1,False,"(1, 3, 3.6666666666666665)",546
5-MEOT,3,3.6666666666666665,0,9,False,"(1, 3, 3.6666666666666665)",547
6-HYDROXYFLAVONE,3,3.6666666666666665,0,4,False,"(1, 3, 3.6666666666666665)",548
ABT702,3,3.6666666666666665,0,4,False,"(1, 3, 3.6666666666666665)",549
ACALISIB,3,3.6666666666666665,0,7,False,"(1, 3, 3.6666666666666665)",550
ACETOMENAPHTHONE,3,3.6666666666666665,0,1,False,"(1, 3, 3.6666666666666665)",551
ADEFOVIR,3,3.6666666666666665,0,2,False,"(1, 3, 3.6666666666666665)",552
ADENOSINE,3,3.6666666666666665,0,15,False,"(1, 3, 3.6666666666666665)",553
AFATINIB,3,3.6666666666666665,0,19,False,"(1, 3, 3.6666666666666665)",554
AG 1295,3,3.6666666666666665,0,6,False,"(1, 3, 3.6666666666666665)",555
ALOXISTATIN,3,3.6666666666666665,0,2,False,"(1, 3, 3.6666666666666665)",556
AMENTOFLAVONE,3,3.6666666666666665,0,8,False,"(1, 3, 3.6666666666666665)",557
AMIFOSTINE ANHYDROUS,3,3.6666666666666665,0,5,False,"(1, 3, 3.6666666666666665)",558
AMINOCAMPTOTHECIN,3,3.6666666666666665,0,1,False,"(1, 3, 3.6666666666666665)",559
AMINODIMETHOXYQUINAZOLINYLPIPERAZINE,3,3.6666666666666665,0,6,False,"(1, 3, 3.6666666666666665)",560
AMINOPHYLLINE,3,3.6666666666666665,0,10,False,"(1, 3, 3.6666666666666665)",561
AMLODIPINE BENZOATE,3,3.6666666666666665,0,4,False,"(1, 3, 3.6666666666666665)",562
AMLODIPINE MALEATE,3,3.6666666666666665,0,4,False,"(1, 3, 3.6666666666666665)",563
"AMMONIA SOLUTION, STRONG",3,3.6666666666666665,0,1,False,"(1, 3, 3.6666666666666665)",564
AMYLMETACRESOL,3,3.6666666666666665,0,1,False,"(1, 3, 3.6666666666666665)",565
ANACARDIC ACID,3,3.6666666666666665,0,7,False,"(1, 3, 3.6666666666666665)",566
ANDROGRAPHOLIDE,3,3.6666666666666665,0,7,False,"(1, 3, 3.6666666666666665)",567
ANTAZOLINE HYDROCHLORIDE,3,3.6666666666666665,0,2,False,"(1, 3, 3.6666666666666665)",568
ANTI-ERBB3 MONOCLONAL ANTIBODY AV-203,3,3.6666666666666665,0,3,False,"(1, 3, 3.6666666666666665)",569
ANTI-HER3 MONOCLONAL ANTIBODY GSK2849330,3,3.6666666666666665,0,2,False,"(1, 3, 3.6666666666666665)",570
ANTINEOPLASTIC AGENT,3,3.6666666666666665,0,14,False,"(1, 3, 3.6666666666666665)",571
ANTINEOPLASTIC VACCINE,3,3.6666666666666665,0,5,False,"(1, 3, 3.6666666666666665)",572
APAZIQUONE,3,3.6666666666666665,0,2,False,"(1, 3, 3.6666666666666665)",573
APRACLONIDINE,3,3.6666666666666665,0,3,False,"(1, 3, 3.6666666666666665)",574
APRINOCARSEN,3,3.6666666666666665,0,2,False,"(1, 3, 3.6666666666666665)",575
ARFOLITIXORIN,3,3.6666666666666665,0,1,False,"(1, 3, 3.6666666666666665)",576
ARTICAINE,3,3.6666666666666665,0,1,False,"(1, 3, 3.6666666666666665)",577
ARTICAINE / EPINEPHRINE,3,3.6666666666666665,0,2,False,"(1, 3, 3.6666666666666665)",578
AT-9283,3,3.6666666666666665,0,12,False,"(1, 3, 3.6666666666666665)",579
ATAMESTANE,3,3.6666666666666665,0,1,False,"(1, 3, 3.6666666666666665)",580
3-[(3-(2-CARBOXYETHYL)-4-METHYLPYRROL-2-YL)METHYLENE]-2-INDOLINONE,3,3.7222222222222223,0,5,False,"(1, 3, 3.7222222222222223)",581
ABAPERIDONE,3,3.7222222222222223,0,2,False,"(1, 3, 3.7222222222222223)",582
ASENAPINE MALEATE,3,3.7222222222222223,0,2,False,"(1, 3, 3.7222222222222223)",583
&ALPHA;-METHYL-5-HT,3,3.7777777777777777,0,7,False,"(1, 3, 3.7777777777777777)",584
&MU;-CONOTOXIN GIIIA,3,3.7777777777777777,0,1,False,"(1, 3, 3.7777777777777777)",585
1400W,3,3.7777777777777777,0,1,False,"(1, 3, 3.7777777777777777)",586
2-AMINO-4-METHYLPYRIDINE,3,3.7777777777777777,0,1,False,"(1, 3, 3.7777777777777777)",587
"3,3'-DIFLUOROBENZALDAZINE",3,3.7777777777777777,0,2,False,"(1, 3, 3.7777777777777777)",588
"3,5-DIPHENYLISOXAZOLE",3,3.7777777777777777,0,4,False,"(1, 3, 3.7777777777777777)",589
3-IODOBENZYLGUANIDINE,3,3.7777777777777777,0,2,False,"(1, 3, 3.7777777777777777)",590
4'-METHOXY-AURONE,3,3.7777777777777777,0,1,False,"(1, 3, 3.7777777777777777)",591
5-OH-DPAT,3,3.7777777777777777,0,1,False,"(1, 3, 3.7777777777777777)",592
6-AMINOCAPROIC ACID,3,3.7777777777777777,0,3,False,"(1, 3, 3.7777777777777777)",593
6-BROMOFLAVONE,3,3.7777777777777777,0,1,False,"(1, 3, 3.7777777777777777)",594
7-HYDROXY ISOFLAVONE,3,3.7777777777777777,0,5,False,"(1, 3, 3.7777777777777777)",595
7-HYDROXYSTAUROSPORINE,3,3.7777777777777777,0,13,False,"(1, 3, 3.7777777777777777)",596
ABACAVIR,3,3.7777777777777777,0,11,False,"(1, 3, 3.7777777777777777)",597
ABX-IL8,3,3.7777777777777777,0,1,False,"(1, 3, 3.7777777777777777)",598
ACETOPHENAZINE MALEATE,3,3.7777777777777777,0,1,False,"(1, 3, 3.7777777777777777)",599
ACLARUBICIN,3,3.7777777777777777,0,3,False,"(1, 3, 3.7777777777777777)",600
ACRIZANIB,3,3.7777777777777777,0,1,False,"(1, 3, 3.7777777777777777)",601
AFM-13,3,3.7777777777777777,0,1,False,"(1, 3, 3.7777777777777777)",602
AFT-II,3,3.7777777777777777,0,6,False,"(1, 3, 3.7777777777777777)",603
ALIZAPRIDE,3,3.7777777777777777,0,1,False,"(1, 3, 3.7777777777777777)",604
ALT-2074,3,3.7777777777777777,0,1,False,"(1, 3, 3.7777777777777777)",605
ALUMINUM HYDROXIDE,3,3.7777777777777777,0,1,False,"(1, 3, 3.7777777777777777)",606
ALVESPIMYCIN HYDROCHLORIDE,3,3.7777777777777777,0,1,False,"(1, 3, 3.7777777777777777)",607
AM-6120,3,3.7777777777777777,0,5,False,"(1, 3, 3.7777777777777777)",608
AMFONELIC ACID,3,3.7777777777777777,0,1,False,"(1, 3, 3.7777777777777777)",609
AMINOQUINOL,3,3.7777777777777777,0,2,False,"(1, 3, 3.7777777777777777)",610
AMITIFADINE,3,3.7777777777777777,0,3,False,"(1, 3, 3.7777777777777777)",611
AMITIFADINE HYDROCHLORIDE,3,3.7777777777777777,0,3,False,"(1, 3, 3.7777777777777777)",612
AMPHETAMINE ADIPATE,3,3.7777777777777777,0,2,False,"(1, 3, 3.7777777777777777)",613
AMPHETAMINE ASPARTATE,3,3.7777777777777777,0,2,False,"(1, 3, 3.7777777777777777)",614
AMPHETAMINE SULFATE,3,3.7777777777777777,0,2,False,"(1, 3, 3.7777777777777777)",615
ANAGRELIDE HYDROCHLORIDE,3,3.7777777777777777,0,3,False,"(1, 3, 3.7777777777777777)",616
ANTI-CD19 CAR T CELLS AT101,3,3.7777777777777777,0,3,False,"(1, 3, 3.7777777777777777)",617
ANTI-CD40 MONOCLONAL ANTIBODY CHI LOB 7/4,3,3.7777777777777777,0,1,False,"(1, 3, 3.7777777777777777)",618
ANTI-CD40/ANTI-MESOTHELIN BISPECIFIC ANTIBODY ABBV-428,3,3.7777777777777777,0,1,False,"(1, 3, 3.7777777777777777)",619
ANTI-HIF-1ALPHA LNA ANTISENSE OLIGONUCLEOTIDE EZN-2968,3,3.7777777777777777,0,1,False,"(1, 3, 3.7777777777777777)",620
ANTI-THYMOCYTE GLOBULIN,3,3.7777777777777777,0,11,False,"(1, 3, 3.7777777777777777)",621
ANTITHROMBIN ALFA,3,3.7777777777777777,0,10,False,"(1, 3, 3.7777777777777777)",622
APABETALONE,3,3.7777777777777777,0,7,False,"(1, 3, 3.7777777777777777)",623
APLINDORE,3,3.7777777777777777,0,1,False,"(1, 3, 3.7777777777777777)",624
APLINDORE FUMARATE,3,3.7777777777777777,0,1,False,"(1, 3, 3.7777777777777777)",625
APREMILAST,3,3.7777777777777777,0,10,False,"(1, 3, 3.7777777777777777)",626
ARC-239,3,3.7777777777777777,0,3,False,"(1, 3, 3.7777777777777777)",627
ARGENTEOSIDE A,3,3.7777777777777777,0,1,False,"(1, 3, 3.7777777777777777)",628
ASCIMINIB,3,3.7777777777777777,0,2,False,"(1, 3, 3.7777777777777777)",629
ASCIMINIB HYDROCHLORIDE,3,3.7777777777777777,0,2,False,"(1, 3, 3.7777777777777777)",630
AT-1501,3,3.7777777777777777,0,1,False,"(1, 3, 3.7777777777777777)",631
AT9283,3,3.7777777777777777,0,11,False,"(1, 3, 3.7777777777777777)",632
ATIPAMEZOLE,3,3.7777777777777777,0,3,False,"(1, 3, 3.7777777777777777)",633
ATROPINE SULFATE,3,3.7777777777777777,0,4,False,"(1, 3, 3.7777777777777777)",634
ATX-II,3,3.7777777777777777,0,6,False,"(1, 3, 3.7777777777777777)",635
AUTOANTIGEN,3,3.7777777777777777,0,3,False,"(1, 3, 3.7777777777777777)",636
AUTOLOGOUS PROSTATE CANCER ANTIGEN-EXPRESSING DENDRITIC CELL VACCINE BPX-101,3,3.7777777777777777,0,2,False,"(1, 3, 3.7777777777777777)",637
AUY922,3,3.7777777777777777,0,3,False,"(1, 3, 3.7777777777777777)",638
&DELTA;12-PGJ2,3,3.888888888888889,0,2,False,"(1, 3, 3.888888888888889)",639
(+)-BUTACLAMOL,3,3.888888888888889,0,7,False,"(1, 3, 3.888888888888889)",640
"(7S)-2-(2-AMINOPYRIMIDIN-4-YL)-7-(2-FLUOROETHYL)-1,5,6,7-TETRAHYDRO-4H-PYRROLO[3,2-C]PYRIDIN-4-ONE",3,3.888888888888889,0,7,False,"(1, 3, 3.888888888888889)",641
(R)-ARN2508,3,3.888888888888889,0,3,False,"(1, 3, 3.888888888888889)",642
"(R,S)-PHPNECA",3,3.888888888888889,0,3,False,"(1, 3, 3.888888888888889)",643
(S)-ARN2508,3,3.888888888888889,0,3,False,"(1, 3, 3.888888888888889)",644
(S)-PIA,3,3.888888888888889,0,4,False,"(1, 3, 3.888888888888889)",645
"(S,R)-MEFLOQUINE",3,3.888888888888889,0,1,False,"(1, 3, 3.888888888888889)",646
"1,3-DITOLYLGUANIDINE",3,3.888888888888889,0,3,False,"(1, 3, 3.888888888888889)",647
"15-DEOXY-&DELTA;12,14-PGJ2",3,3.888888888888889,0,2,False,"(1, 3, 3.888888888888889)",648
2-HEXYNYL-NECA,3,3.888888888888889,0,4,False,"(1, 3, 3.888888888888889)",649
2-MERCAPTOETHANESULFONIC ACID,3,3.888888888888889,0,1,False,"(1, 3, 3.888888888888889)",650
2-OLEOYL-LPA,3,3.888888888888889,0,4,False,"(1, 3, 3.888888888888889)",651
4-CHLORO-BENZOIC ACID,3,3.888888888888889,0,1,False,"(1, 3, 3.888888888888889)",652
4-METHYLTHIOAMPHETAMINE,3,3.888888888888889,0,1,False,"(1, 3, 3.888888888888889)",653
"5-(N,N-DIMETHYL)AMILORIDE HYDROCHLORIDE",3,3.888888888888889,0,1,False,"(1, 3, 3.888888888888889)",654
6-AMINONICOTINAMIDE,3,3.888888888888889,0,5,False,"(1, 3, 3.888888888888889)",655
6-CHLORONICOTINIC ACID,3,3.888888888888889,0,1,False,"(1, 3, 3.888888888888889)",656
6-DIAZO-5-OXO-L-NORLEUCINE,3,3.888888888888889,0,2,False,"(1, 3, 3.888888888888889)",657
A-1331852,3,3.888888888888889,0,2,False,"(1, 3, 3.888888888888889)",658
AB-MECA,3,3.888888888888889,0,2,False,"(1, 3, 3.888888888888889)",659
ABT-737,3,3.888888888888889,0,7,False,"(1, 3, 3.888888888888889)",660
AC710,3,3.888888888888889,0,5,False,"(1, 3, 3.888888888888889)",661
ACADESINE,3,3.888888888888889,0,7,False,"(1, 3, 3.888888888888889)",662
ADO-TRASTUZUMAB EMTANSINE,3,3.888888888888889,0,18,False,"(1, 3, 3.888888888888889)",663
AEE-788,3,3.888888888888889,0,6,False,"(1, 3, 3.888888888888889)",664
AFLATOXIN B1,3,3.888888888888889,0,1,False,"(1, 3, 3.888888888888889)",665
AGI-5198,3,3.888888888888889,0,3,False,"(1, 3, 3.888888888888889)",666
AKT INHIBITOR LY2780301,3,3.888888888888889,0,4,False,"(1, 3, 3.888888888888889)",667
ALFENTANIL HYDROCHLORIDE,3,3.888888888888889,0,4,False,"(1, 3, 3.888888888888889)",668
ALLOPURINOL SODIUM,3,3.888888888888889,0,1,False,"(1, 3, 3.888888888888889)",669
ALPHAPRODINE HYDROCHLORIDE,3,3.888888888888889,0,1,False,"(1, 3, 3.888888888888889)",670
ALVIMOPAN ANHYDROUS,3,3.888888888888889,0,5,False,"(1, 3, 3.888888888888889)",671
AME-133V,3,3.888888888888889,0,2,False,"(1, 3, 3.888888888888889)",672
AMEDIPLASE,3,3.888888888888889,0,2,False,"(1, 3, 3.888888888888889)",673
AMG-900,3,3.888888888888889,0,8,False,"(1, 3, 3.888888888888889)",674
AMPRELOXETINE,3,3.888888888888889,0,2,False,"(1, 3, 3.888888888888889)",675
ANACETRAPIB,3,3.888888888888889,0,2,False,"(1, 3, 3.888888888888889)",676
ANILERIDINE HYDROCHLORIDE,3,3.888888888888889,0,3,False,"(1, 3, 3.888888888888889)",677
ANILERIDINE PHOSPHATE,3,3.888888888888889,0,2,False,"(1, 3, 3.888888888888889)",678
ANNAMYCIN,3,3.888888888888889,0,1,False,"(1, 3, 3.888888888888889)",679
ANTI-DIABETIC AGENT,3,3.888888888888889,0,1,False,"(1, 3, 3.888888888888889)",680
ANTI-EGFR MONOCLONAL ANTIBODY,3,3.888888888888889,0,2,False,"(1, 3, 3.888888888888889)",681
ANTICOAGULANT AGENT,3,3.888888888888889,0,3,False,"(1, 3, 3.888888888888889)",682
ANTITUBERCULAR AGENT,3,3.888888888888889,0,2,False,"(1, 3, 3.888888888888889)",683
APADENOSON,3,3.888888888888889,0,4,False,"(1, 3, 3.888888888888889)",684
APILIMOD DIMESYLATE CAPSULE,3,3.888888888888889,0,1,False,"(1, 3, 3.888888888888889)",685
APNEA,3,3.888888888888889,0,2,False,"(1, 3, 3.888888888888889)",686
APOLIZUMAB,3,3.888888888888889,0,4,False,"(1, 3, 3.888888888888889)",687
APREPITANT,3,3.888888888888889,0,3,False,"(1, 3, 3.888888888888889)",688
AR-AO-14418,3,3.888888888888889,0,7,False,"(1, 3, 3.888888888888889)",689
ARGATROBAN,3,3.888888888888889,0,3,False,"(1, 3, 3.888888888888889)",690
ARTESUNATE,3,3.888888888888889,0,6,False,"(1, 3, 3.888888888888889)",691
AS101,3,3.888888888888889,0,5,False,"(1, 3, 3.888888888888889)",692
ASUNERCEPT,3,3.888888888888889,0,2,False,"(1, 3, 3.888888888888889)",693
AT-7519,3,3.888888888888889,0,26,False,"(1, 3, 3.888888888888889)",694
ATEZOLIZUMAB,3,3.888888888888889,0,21,False,"(1, 3, 3.888888888888889)",695
ATL802,3,3.888888888888889,0,4,False,"(1, 3, 3.888888888888889)",696
ATOPAXAR,3,3.888888888888889,0,2,False,"(1, 3, 3.888888888888889)",697
AVANAFIL,3,3.888888888888889,0,1,False,"(1, 3, 3.888888888888889)",698
ABT-925,3,3.9444444444444446,0,1,False,"(1, 3, 3.9444444444444446)",699
ACAA,3,3.9444444444444446,0,4,False,"(1, 3, 3.9444444444444446)",700
(+)-S-14297,3,4.0,0,2,False,"(1, 3, 4.0)",701
(+)-UH232,3,4.0,0,2,False,"(1, 3, 4.0)",702
(-)-(S)-BAYK8644,3,4.0,0,4,False,"(1, 3, 4.0)",703
(-)-ENGLERIN A,3,4.0,0,2,False,"(1, 3, 4.0)",704
(R)-16 [PMID: 32267688],3,4.0,0,3,False,"(1, 3, 4.0)",705
(RS)-ROSCOVITINE,3,4.0,0,13,False,"(1, 3, 4.0)",706
1-HYDROXY-6-(4-HYDROXY-PHENYL)-1-PHENYL-HEXAN-3-ONE (ENANTIOMERIC MIX),3,4.0,0,1,False,"(1, 3, 4.0)",707
"15-DEOXY-&DELTA;-12,14-PROSTAGLANDIN J2",3,4.0,0,1,False,"(1, 3, 4.0)",708
"16,16-DIMETHYL-PGE2",3,4.0,0,3,False,"(1, 3, 4.0)",709
17BETA-HYDROXYSTEROID DEHYDROGENASE TYPE 5 INHIBITOR ASP9521,3,4.0,0,1,False,"(1, 3, 4.0)",710
"2',BETA-DIHYDROXYCHALCONE",3,4.0,0,1,False,"(1, 3, 4.0)",711
"2,2',4,4',5,5'-HEXACHLOROBIPHENYL",3,4.0,0,1,False,"(1, 3, 4.0)",712
2-({6-[(3-CHLOROPHENYL)AMINO]-9-ISOPROPYL-9H-PURIN-2-YL}AMINO)ETHANOL,3,4.0,0,2,False,"(1, 3, 4.0)",713
2-FUROYL-LIGRLO-AMIDE,3,4.0,0,1,False,"(1, 3, 4.0)",714
2-FUROYL-LIGRL[N-(ALEXA FLUOR 594)-O]-NH2,3,4.0,0,1,False,"(1, 3, 4.0)",715
2-FUROYL-LIGRL[N[3H]PROPIONYL]-O-NH2,3,4.0,0,1,False,"(1, 3, 4.0)",716
2-PHENYLQUINOLINE,3,4.0,0,1,False,"(1, 3, 4.0)",717
3-HYDROXYCOUMARIN,3,4.0,0,2,False,"(1, 3, 4.0)",718
4-METHYLBENZOIC ACID METHYL ESTER,3,4.0,0,1,False,"(1, 3, 4.0)",719
4-TRIETHYLGERMYLPHENOL,3,4.0,0,1,False,"(1, 3, 4.0)",720
"5,7-DICHLOROKYNURENIC ACID",3,4.0,0,7,False,"(1, 3, 4.0)",721
5-HYDROXYFLAVONE,3,4.0,0,1,False,"(1, 3, 4.0)",722
6-AZAURIDINE,3,4.0,0,5,False,"(1, 3, 4.0)",723
6BIO,3,4.0,0,3,False,"(1, 3, 4.0)",724
7-CHLOROKYNURENIC ACID,3,4.0,0,1,False,"(1, 3, 4.0)",725
7-HYDROXYFLAVONE,3,4.0,0,1,False,"(1, 3, 4.0)",726
7-TRANS-OH-PIPAT,3,4.0,0,2,False,"(1, 3, 4.0)",727
ABATACEPT,3,4.0,0,5,False,"(1, 3, 4.0)",728
ABT-510,3,4.0,0,4,False,"(1, 3, 4.0)",729
AC-55541,3,4.0,0,2,False,"(1, 3, 4.0)",730
AC-98170,3,4.0,0,1,False,"(1, 3, 4.0)",731
AC264613,3,4.0,0,2,False,"(1, 3, 4.0)",732
ACECLIDINE,3,4.0,0,10,False,"(1, 3, 4.0)",733
ACETAZOLAMIDE SODIUM,3,4.0,0,4,False,"(1, 3, 4.0)",734
ACLIDINIUM,3,4.0,0,10,False,"(1, 3, 4.0)",735
ACOLBIFENE,3,4.0,0,2,False,"(1, 3, 4.0)",736
ACRIDINE CARBOXAMIDE,3,4.0,0,2,False,"(1, 3, 4.0)",737
ACRYLAMIDE,3,4.0,0,1,False,"(1, 3, 4.0)",738
ACUMAPIMOD,3,4.0,0,2,False,"(1, 3, 4.0)",739
AD-5061,3,4.0,0,2,False,"(1, 3, 4.0)",740
AD5075,3,4.0,0,1,False,"(1, 3, 4.0)",741
ADENOVIRUS 5-CD40 LIGAND,3,4.0,0,1,False,"(1, 3, 4.0)",742
ADOZELESIN,3,4.0,0,1,False,"(1, 3, 4.0)",743
AEM-28,3,4.0,0,1,False,"(1, 3, 4.0)",744
AFATINIB DIMALEATE,3,4.0,0,3,False,"(1, 3, 4.0)",745
AG-24322,3,4.0,0,3,False,"(1, 3, 4.0)",746
AGERAFENIB,3,4.0,0,6,False,"(1, 3, 4.0)",747
AI-850,3,4.0,0,2,False,"(1, 3, 4.0)",748
ALFADEX,3,4.0,0,1,False,"(1, 3, 4.0)",749
ALISKIREN FUMARATE,3,4.0,0,1,False,"(1, 3, 4.0)",750
ALLITINIB,3,4.0,0,5,False,"(1, 3, 4.0)",751
ALLYLESTRENOL,3,4.0,0,3,False,"(1, 3, 4.0)",752
ALOE VERA GEL,3,4.0,0,1,False,"(1, 3, 4.0)",753
ALSTERPAULLONE 2-CYANOETHYL,3,4.0,0,2,False,"(1, 3, 4.0)",754
ALVERINE,3,4.0,0,2,False,"(1, 3, 4.0)",755
AMCENESTRANT,3,4.0,0,2,False,"(1, 3, 4.0)",756
AMG28,3,4.0,0,9,False,"(1, 3, 4.0)",757
AMINOPTERIN,3,4.0,0,1,False,"(1, 3, 4.0)",758
AMODIAQUINE HYDROCHLORIDE,3,4.0,0,2,False,"(1, 3, 4.0)",759
AMP579,3,4.0,0,2,False,"(1, 3, 4.0)",760
AN-9,3,4.0,0,1,False,"(1, 3, 4.0)",761
ANATIBANT,3,4.0,0,1,False,"(1, 3, 4.0)",762
ANG1005,3,4.0,0,17,False,"(1, 3, 4.0)",763
ANILERIDINE,3,4.0,0,2,False,"(1, 3, 4.0)",764
ANTHRAQUINONE,3,4.0,0,2,False,"(1, 3, 4.0)",765
ANTI-EGFR/HER2/HER3 MONOCLONAL ANTIBODY MIXTURE SYM013,3,4.0,0,3,False,"(1, 3, 4.0)",766
ANUMIGILIMAB,3,4.0,0,1,False,"(1, 3, 4.0)",767
APARARENONE,3,4.0,0,1,False,"(1, 3, 4.0)",768
APRACLONIDINE HYDROCHLORIDE,3,4.0,0,3,False,"(1, 3, 4.0)",769
AROFYLLINE,3,4.0,0,1,False,"(1, 3, 4.0)",770
ARRY-371797,3,4.0,0,6,False,"(1, 3, 4.0)",771
ARX-788,3,4.0,0,16,False,"(1, 3, 4.0)",772
ARZOXIFENE,3,4.0,0,2,False,"(1, 3, 4.0)",773
ASTX029,3,4.0,0,4,False,"(1, 3, 4.0)",774
ATM INHIBITOR M 3541,3,4.0,0,1,False,"(1, 3, 4.0)",775
ATR INHIBITOR ART0380,3,4.0,0,1,False,"(1, 3, 4.0)",776
AV-412,3,4.0,0,2,False,"(1, 3, 4.0)",777
AVE8134,3,4.0,0,1,False,"(1, 3, 4.0)",778
AVELUMAB,3,4.0,0,7,False,"(1, 3, 4.0)",779
AVEXITIDE,3,4.0,0,2,False,"(1, 3, 4.0)",780
A-317567,3,4.055555555555555,0,2,False,"(1, 3, 4.055555555555555)",781
AGMATINE,3,4.055555555555555,0,1,False,"(1, 3, 4.055555555555555)",782
APETX2,3,4.055555555555555,0,1,False,"(1, 3, 4.055555555555555)",783
ARCAINE,3,4.055555555555555,0,1,False,"(1, 3, 4.055555555555555)",784
(+)-AJ76,3,4.111111111111111,0,1,False,"(1, 3, 4.111111111111111)",785
(-)-U-50488 METHANE SULFONATE,3,4.111111111111111,0,1,False,"(1, 3, 4.111111111111111)",786
"(10R)-10-METHYL-3-(6-METHYLPYRIDIN-3-YL)-9,10,11,12-TETRAHYDRO-8H-[1,4]DIAZEPINO[5',6':4,5]THIENO[3,2-F]QUINOLIN-8-ONE",3,4.111111111111111,0,3,False,"(1, 3, 4.111111111111111)",787
(R)-5-DIPHOSPHOMEVALONATE,3,4.111111111111111,0,1,False,"(1, 3, 4.111111111111111)",788
(R)-STU104,3,4.111111111111111,0,1,False,"(1, 3, 4.111111111111111)",789
(S)-23 [PMID: 27933945],3,4.111111111111111,0,1,False,"(1, 3, 4.111111111111111)",790
"1,2-DIHYDROXYNAPHTHALENE",3,4.111111111111111,0,2,False,"(1, 3, 4.111111111111111)",791
1-NAPHTHYLPIPERAZINE,3,4.111111111111111,0,7,False,"(1, 3, 4.111111111111111)",792
"2'H,4H-[2,5'-BICHROMEN]-4-ONE",3,4.111111111111111,0,1,False,"(1, 3, 4.111111111111111)",793
"2'H,4H-[2,8'-BICHROMEN]-4-ONE",3,4.111111111111111,0,1,False,"(1, 3, 4.111111111111111)",794
2(S)-AMINO-6-BORONOHEXANOIC ACID,3,4.111111111111111,0,2,False,"(1, 3, 4.111111111111111)",795
"2,3',4,5'-TETRAMETHOXYSTILBENE",3,4.111111111111111,0,1,False,"(1, 3, 4.111111111111111)",796
2-(2'-METHOXYPHENYL)-1H-INDOLE,3,4.111111111111111,0,3,False,"(1, 3, 4.111111111111111)",797
2-ETHOXYCARBONYL-2-ETHOXYOXALOYLOXYDIHYDROCHRYSIN DIMETHYL ETHER,3,4.111111111111111,0,1,False,"(1, 3, 4.111111111111111)",798
"2-METHYL-5,7,8-TRIMETHOXYISOFLAVONE",3,4.111111111111111,0,1,False,"(1, 3, 4.111111111111111)",799
2-NITROANISOLE,3,4.111111111111111,0,1,False,"(1, 3, 4.111111111111111)",800
2-PHENYL-1H-INDOLE,3,4.111111111111111,0,1,False,"(1, 3, 4.111111111111111)",801
"3,4-DIMETHOXYBENZALDEHYDE",3,4.111111111111111,0,1,False,"(1, 3, 4.111111111111111)",802
5-DEMETHYLNOBILETIN,3,4.111111111111111,0,1,False,"(1, 3, 4.111111111111111)",803
5-METHOXYISATIN,3,4.111111111111111,0,1,False,"(1, 3, 4.111111111111111)",804
"5-QUINOXALIN-6-YLMETHYLENE-THIAZOLIDINE-2,4-DIONE",3,4.111111111111111,0,5,False,"(1, 3, 4.111111111111111)",805
5H3'FPE,3,4.111111111111111,0,3,False,"(1, 3, 4.111111111111111)",806
A1P,3,4.111111111111111,0,1,False,"(1, 3, 4.111111111111111)",807
A947,3,4.111111111111111,0,2,False,"(1, 3, 4.111111111111111)",808
ABALOPARATIDE,3,4.111111111111111,0,3,False,"(1, 3, 4.111111111111111)",809
ABBV-3221,3,4.111111111111111,0,1,False,"(1, 3, 4.111111111111111)",810
ABCIXIMAB,3,4.111111111111111,0,6,False,"(1, 3, 4.111111111111111)",811
ABIVERTINIB,3,4.111111111111111,0,6,False,"(1, 3, 4.111111111111111)",812
ABX-1431,3,4.111111111111111,0,4,False,"(1, 3, 4.111111111111111)",813
ACETYLCHOLINE CHLORIDE,3,4.111111111111111,0,2,False,"(1, 3, 4.111111111111111)",814
ACETYLDIGITOXIN,3,4.111111111111111,0,9,False,"(1, 3, 4.111111111111111)",815
ACETYLSALICYLIC ACID/DIPYRIDAMOLE,3,4.111111111111111,0,1,False,"(1, 3, 4.111111111111111)",816
ADENINE,3,4.111111111111111,0,1,False,"(1, 3, 4.111111111111111)",817
AFACIFENACIN,3,4.111111111111111,0,8,False,"(1, 3, 4.111111111111111)",818
AGOMELATINE,3,4.111111111111111,0,8,False,"(1, 3, 4.111111111111111)",819
AH6809,3,4.111111111111111,0,4,False,"(1, 3, 4.111111111111111)",820
AKN-028,3,4.111111111111111,0,3,False,"(1, 3, 4.111111111111111)",821
ALBIGLUTIDE,3,4.111111111111111,0,1,False,"(1, 3, 4.111111111111111)",822
ALDOPHOSPHAMIDE,3,4.111111111111111,0,1,False,"(1, 3, 4.111111111111111)",823
ALEMCINAL,3,4.111111111111111,0,2,False,"(1, 3, 4.111111111111111)",824
ALKYLSULFONATE COMPOUND,3,4.111111111111111,0,1,False,"(1, 3, 4.111111111111111)",825
ALLYL ISOTHIOCYANATE,3,4.111111111111111,0,4,False,"(1, 3, 4.111111111111111)",826
ALMOTRIPTAN,3,4.111111111111111,0,4,False,"(1, 3, 4.111111111111111)",827
ALPHA-CYPERMETHRIN,3,4.111111111111111,0,1,False,"(1, 3, 4.111111111111111)",828
ALPRENOLOL HYDROCHLORIDE,3,4.111111111111111,0,1,False,"(1, 3, 4.111111111111111)",829
ALTROPANE,3,4.111111111111111,0,1,False,"(1, 3, 4.111111111111111)",830
ALTROPANE I-123,3,4.111111111111111,0,1,False,"(1, 3, 4.111111111111111)",831
AMDIZALISIB,3,4.111111111111111,0,3,False,"(1, 3, 4.111111111111111)",832
AMG-548,3,4.111111111111111,0,1,False,"(1, 3, 4.111111111111111)",833
AMG319,3,4.111111111111111,0,4,False,"(1, 3, 4.111111111111111)",834
AMINOBENZOVESAMICOL,3,4.111111111111111,0,1,False,"(1, 3, 4.111111111111111)",835
AMTOLMETIN GUACIL,3,4.111111111111111,0,1,False,"(1, 3, 4.111111111111111)",836
ANDECALIXIMAB,3,4.111111111111111,0,2,False,"(1, 3, 4.111111111111111)",837
ANDROSTERONE,3,4.111111111111111,0,1,False,"(1, 3, 4.111111111111111)",838
ANISALDEHYDE,3,4.111111111111111,0,1,False,"(1, 3, 4.111111111111111)",839
ANTI-CTLA-4 MONOCLONAL ANTIBODY,3,4.111111111111111,0,1,False,"(1, 3, 4.111111111111111)",840
ANTI-HER2 ANTIBODY-DRUG CONJUGATE MEDI4276,3,4.111111111111111,0,1,False,"(1, 3, 4.111111111111111)",841
ANTI-HGF MONOCLONAL ANTIBODY TAK-701,3,4.111111111111111,0,1,False,"(1, 3, 4.111111111111111)",842
ANTI-PD-L1 MONOCLONAL ANTIBODY,3,4.111111111111111,0,3,False,"(1, 3, 4.111111111111111)",843
ANTIANXIETY AGENT,3,4.111111111111111,0,1,False,"(1, 3, 4.111111111111111)",844
ANTIEMETIC AGENT,3,4.111111111111111,0,1,False,"(1, 3, 4.111111111111111)",845
ANTIMETABOLITE,3,4.111111111111111,0,2,False,"(1, 3, 4.111111111111111)",846
APAXIFYLLINE,3,4.111111111111111,0,1,False,"(1, 3, 4.111111111111111)",847
APRINDINE,3,4.111111111111111,0,3,False,"(1, 3, 4.111111111111111)",848
APTIGANEL HYDROCHLORIDE,3,4.111111111111111,0,2,False,"(1, 3, 4.111111111111111)",849
AR-42,3,4.111111111111111,0,12,False,"(1, 3, 4.111111111111111)",850
AR234958,3,4.111111111111111,0,1,False,"(1, 3, 4.111111111111111)",851
AR234960,3,4.111111111111111,0,1,False,"(1, 3, 4.111111111111111)",852
AR244555,3,4.111111111111111,0,1,False,"(1, 3, 4.111111111111111)",853
AR291903,3,4.111111111111111,0,1,False,"(1, 3, 4.111111111111111)",854
AR305352,3,4.111111111111111,0,1,False,"(1, 3, 4.111111111111111)",855
ARECOLINE,3,4.111111111111111,0,6,False,"(1, 3, 4.111111111111111)",856
ARQ-736,3,4.111111111111111,0,2,False,"(1, 3, 4.111111111111111)",857
AS-602868,3,4.111111111111111,0,2,False,"(1, 3, 4.111111111111111)",858
ASAPIPRANT,3,4.111111111111111,0,2,False,"(1, 3, 4.111111111111111)",859
ASM-024,3,4.111111111111111,0,7,False,"(1, 3, 4.111111111111111)",860
ASUNAPREVIR,3,4.111111111111111,0,3,False,"(1, 3, 4.111111111111111)",861
AVALGLUCOSIDASE ALFA,3,4.111111111111111,0,1,False,"(1, 3, 4.111111111111111)",862
AVE-9940,3,4.111111111111111,0,1,False,"(1, 3, 4.111111111111111)",863
AVN-944,3,4.111111111111111,0,2,False,"(1, 3, 4.111111111111111)",864
AVOCADYNE ACETATE,3,4.111111111111111,0,1,False,"(1, 3, 4.111111111111111)",865
AC1903,3,4.166666666666667,0,1,False,"(1, 3, 4.166666666666667)",866
AM12,3,4.166666666666667,0,1,False,"(1, 3, 4.166666666666667)",867
AM237,3,4.166666666666667,0,1,False,"(1, 3, 4.166666666666667)",868
(+)-ADTN,3,4.222222222222222,0,2,False,"(1, 3, 4.222222222222222)",869
(+)-DOI,3,4.222222222222222,0,3,False,"(1, 3, 4.222222222222222)",870
(+)-LSD,3,4.222222222222222,0,4,False,"(1, 3, 4.222222222222222)",871
(+)-MCPG,3,4.222222222222222,0,3,False,"(1, 3, 4.222222222222222)",872
(+)-WAY 100135,3,4.222222222222222,0,2,False,"(1, 3, 4.222222222222222)",873
(-)-RO 363,3,4.222222222222222,0,1,False,"(1, 3, 4.222222222222222)",874
"(1S,3R)-ACPD",3,4.222222222222222,0,5,False,"(1, 3, 4.222222222222222)",875
"(20S,21R)-FLUOROCAMPTOTHECIN",3,4.222222222222222,0,1,False,"(1, 3, 4.222222222222222)",876
"(20S,21S)-7-CYCLOHEXYLFLUOROCAMPTOTHECIN",3,4.222222222222222,0,1,False,"(1, 3, 4.222222222222222)",877
"(20S,21S)-FLUOROCAMPTOTHECIN",3,4.222222222222222,0,1,False,"(1, 3, 4.222222222222222)",878
"(2R,3R)-APDC",3,4.222222222222222,0,2,False,"(1, 3, 4.222222222222222)",879
(R)-DOI,3,4.222222222222222,0,3,False,"(1, 3, 4.222222222222222)",880
(R)-FLUROCARAZOLOL,3,4.222222222222222,0,2,False,"(1, 3, 4.222222222222222)",881
(S)-DIMETINDENE,3,4.222222222222222,0,6,False,"(1, 3, 4.222222222222222)",882
(S)-DRF-1042,3,4.222222222222222,0,2,False,"(1, 3, 4.222222222222222)",883
(S)-FLUROCARAZOLOL,3,4.222222222222222,0,2,False,"(1, 3, 4.222222222222222)",884
(S)-LIQUIRITIGENIN,3,4.222222222222222,0,2,False,"(1, 3, 4.222222222222222)",885
"13,14-DIHYDRO-15-KETO-PGD2",3,4.222222222222222,0,1,False,"(1, 3, 4.222222222222222)",886
"13,14-DIHYDRO-15-KETO-PGF2&ALPHA;",3,4.222222222222222,0,1,False,"(1, 3, 4.222222222222222)",887
13-DEOXYDOXORUBICIN,3,4.222222222222222,0,1,False,"(1, 3, 4.222222222222222)",888
15(R)-15-METHYL-PGD2,3,4.222222222222222,0,1,False,"(1, 3, 4.222222222222222)",889
15(S)-15-METHYL-PGD2,3,4.222222222222222,0,1,False,"(1, 3, 4.222222222222222)",890
1DME,3,4.222222222222222,0,2,False,"(1, 3, 4.222222222222222)",891
2-(PHENOXYMETHYL)BENZOTHIAZOLE,3,4.222222222222222,0,4,False,"(1, 3, 4.222222222222222)",892
2-METHYL-5-HT,3,4.222222222222222,0,4,False,"(1, 3, 4.222222222222222)",893
"2-TERT-BUTYL-9-FLUORO-1,6-DIHYDROBENZO[H]IMIDAZO[4,5-F]ISOQUINOLIN-7-ONE",3,4.222222222222222,0,6,False,"(1, 3, 4.222222222222222)",894
2-THIOUTP,3,4.222222222222222,0,1,False,"(1, 3, 4.222222222222222)",895
25-HYDROXYCHOLESTEROL,3,4.222222222222222,0,3,False,"(1, 3, 4.222222222222222)",896
3-MPPTS,3,4.222222222222222,0,1,False,"(1, 3, 4.222222222222222)",897
4'-O-ACETYLPATENTIFLORIN B,3,4.222222222222222,0,1,False,"(1, 3, 4.222222222222222)",898
4-APPES,3,4.222222222222222,0,1,False,"(1, 3, 4.222222222222222)",899
4-MPPTS,3,4.222222222222222,0,1,False,"(1, 3, 4.222222222222222)",900
4-THIO-UTP,3,4.222222222222222,0,1,False,"(1, 3, 4.222222222222222)",901
5-(NONYLOXY)-TRYPTAMINE,3,4.222222222222222,0,1,False,"(1, 3, 4.222222222222222)",902
5-HT-MODULINE,3,4.222222222222222,0,2,False,"(1, 3, 4.222222222222222)",903
5-METHOXYCANTHINONE,3,4.222222222222222,0,1,False,"(1, 3, 4.222222222222222)",904
5-OXO-ETE,3,4.222222222222222,0,3,False,"(1, 3, 4.222222222222222)",905
5BRUTP,3,4.222222222222222,0,2,False,"(1, 3, 4.222222222222222)",906
7-ETHYL-10-HYDROXYCAMPTOTHECIN,3,4.222222222222222,0,1,False,"(1, 3, 4.222222222222222)",907
7-METHOXY-1-NAPHTHYLPIPERAZINE,3,4.222222222222222,0,3,False,"(1, 3, 4.222222222222222)",908
9-OH-RISPERIDONE,3,4.222222222222222,0,6,False,"(1, 3, 4.222222222222222)",909
A425619,3,4.222222222222222,0,2,False,"(1, 3, 4.222222222222222)",910
ABAGOVOMAB,3,4.222222222222222,0,1,False,"(1, 3, 4.222222222222222)",911
ABEXINOSTAT,3,4.222222222222222,0,13,False,"(1, 3, 4.222222222222222)",912
ABILIFY MAINTENA,3,4.222222222222222,0,1,False,"(1, 3, 4.222222222222222)",913
ABIVERTINIB MALEATE,3,4.222222222222222,0,2,False,"(1, 3, 4.222222222222222)",914
ABT-102,3,4.222222222222222,0,1,False,"(1, 3, 4.222222222222222)",915
ABT-751,3,4.222222222222222,0,17,False,"(1, 3, 4.222222222222222)",916
AC263093,3,4.222222222222222,0,1,False,"(1, 3, 4.222222222222222)",917
ACTEIN,3,4.222222222222222,0,1,False,"(1, 3, 4.222222222222222)",918
AESCULIOSIDE IIA,3,4.222222222222222,0,1,False,"(1, 3, 4.222222222222222)",919
AESCULIOSIDE IIB,3,4.222222222222222,0,1,False,"(1, 3, 4.222222222222222)",920
AESCULIOSIDE IIC,3,4.222222222222222,0,1,False,"(1, 3, 4.222222222222222)",921
AESCULIOSIDE IID,3,4.222222222222222,0,1,False,"(1, 3, 4.222222222222222)",922
AESCULIOSIDE IIE,3,4.222222222222222,0,1,False,"(1, 3, 4.222222222222222)",923
AESCULIOSIDE IIIA,3,4.222222222222222,0,1,False,"(1, 3, 4.222222222222222)",924
AESCULIOSIDE IIIB,3,4.222222222222222,0,1,False,"(1, 3, 4.222222222222222)",925
AESCULIOSIDE IIIC,3,4.222222222222222,0,1,False,"(1, 3, 4.222222222222222)",926
AESCULIOSIDE IIID,3,4.222222222222222,0,1,False,"(1, 3, 4.222222222222222)",927
AESCULIOSIDE IIIE,3,4.222222222222222,0,1,False,"(1, 3, 4.222222222222222)",928
AESCULIOSIDE IIIF,3,4.222222222222222,0,1,False,"(1, 3, 4.222222222222222)",929
AESCULIOSIDE IIK,3,4.222222222222222,0,1,False,"(1, 3, 4.222222222222222)",930
AESCULIOSIDE IVA,3,4.222222222222222,0,1,False,"(1, 3, 4.222222222222222)",931
AESCULIOSIDE IVB,3,4.222222222222222,0,1,False,"(1, 3, 4.222222222222222)",932
AESCULIOSIDE IVC,3,4.222222222222222,0,1,False,"(1, 3, 4.222222222222222)",933
AFELETECAN,3,4.222222222222222,0,1,False,"(1, 3, 4.222222222222222)",934
AFURESERTIB HYDROCHLORIDE,3,4.222222222222222,0,3,False,"(1, 3, 4.222222222222222)",935
AG-14,3,4.222222222222222,0,2,False,"(1, 3, 4.222222222222222)",936
AGS-16C3F,3,4.222222222222222,0,16,False,"(1, 3, 4.222222222222222)",937
AICA RIBONUCLEOTIDE,3,4.222222222222222,0,2,False,"(1, 3, 4.222222222222222)",938
AKT INHIBITOR VIII,3,4.222222222222222,0,5,False,"(1, 3, 4.222222222222222)",939
AL-37350A,3,4.222222222222222,0,3,False,"(1, 3, 4.222222222222222)",940
ALBUMIN HUMAN-KJDA,3,4.222222222222222,0,1,False,"(1, 3, 4.222222222222222)",941
ALCURONIUM,3,4.222222222222222,0,6,False,"(1, 3, 4.222222222222222)",942
ALDOXORUBICIN,3,4.222222222222222,0,1,False,"(1, 3, 4.222222222222222)",943
ALFLUTINIB,3,4.222222222222222,0,1,False,"(1, 3, 4.222222222222222)",944
ALIROCUMAB,3,4.222222222222222,0,3,False,"(1, 3, 4.222222222222222)",945
ALNIDITAN,3,4.222222222222222,0,2,False,"(1, 3, 4.222222222222222)",946
AM-461,3,4.222222222222222,0,3,False,"(1, 3, 4.222222222222222)",947
AMCASERTIB,3,4.222222222222222,0,1,False,"(1, 3, 4.222222222222222)",948
AMEZINIUM,3,4.222222222222222,0,1,False,"(1, 3, 4.222222222222222)",949
AMG-811,3,4.222222222222222,0,1,False,"(1, 3, 4.222222222222222)",950
AMG517,3,4.222222222222222,0,2,False,"(1, 3, 4.222222222222222)",951
AMINOLEVULINIC ACID,3,4.222222222222222,0,1,False,"(1, 3, 4.222222222222222)",952
AMIVANTAMAB-VMJW,3,4.222222222222222,0,2,False,"(1, 3, 4.222222222222222)",953
AMLINTIDE,3,4.222222222222222,0,2,False,"(1, 3, 4.222222222222222)",954
AMONAFIDE,3,4.222222222222222,0,2,False,"(1, 3, 4.222222222222222)",955
AMOSULALOL,3,4.222222222222222,0,2,False,"(1, 3, 4.222222222222222)",956
AMRUBICIN,3,4.222222222222222,0,1,False,"(1, 3, 4.222222222222222)",957
AMRUBICIN HYDROCHLORIDE,3,4.222222222222222,0,1,False,"(1, 3, 4.222222222222222)",958
ANALOG 32 [PMID:18543899],3,4.222222222222222,0,2,False,"(1, 3, 4.222222222222222)",959
ANDOLAST,3,4.222222222222222,0,2,False,"(1, 3, 4.222222222222222)",960
ANISTREPLASE,3,4.222222222222222,0,3,False,"(1, 3, 4.222222222222222)",961
ANLOTINIB,3,4.222222222222222,0,7,False,"(1, 3, 4.222222222222222)",962
ANNAMYCIN LIPOSOMAL,3,4.222222222222222,0,1,False,"(1, 3, 4.222222222222222)",963
ANNEXIN I-(2-26),3,4.222222222222222,0,3,False,"(1, 3, 4.222222222222222)",964
ANTI-CD27L ANTIBODY-DRUG CONJUGATE AMG 172,3,4.222222222222222,0,1,False,"(1, 3, 4.222222222222222)",965
ANTI-CD70 ANTIBODY-DRUG CONJUGATE MDX-1203,3,4.222222222222222,0,1,False,"(1, 3, 4.222222222222222)",966
ANTI-EGFR MONOCLONAL ANTIBODY EMD 55900,3,4.222222222222222,0,1,False,"(1, 3, 4.222222222222222)",967
ANTI-EGFR MONOCLONAL ANTIBODY GT-MAB 5.2-GEX,3,4.222222222222222,0,1,False,"(1, 3, 4.222222222222222)",968
ANTI-EGFR MONOCLONAL ANTIBODY SYN004,3,4.222222222222222,0,1,False,"(1, 3, 4.222222222222222)",969
ANTI-EGFRVIII ANTIBODY DRUG CONJUGATE AMG 595,3,4.222222222222222,0,1,False,"(1, 3, 4.222222222222222)",970
ANTI-EGFRVIII IMMUNOTOXIN MR1-1,3,4.222222222222222,0,1,False,"(1, 3, 4.222222222222222)",971
ANTI-MET MONOCLONAL ANTIBODY MIXTURE SYM015,3,4.222222222222222,0,2,False,"(1, 3, 4.222222222222222)",972
ANTI-MET/EGFR MONOCLONAL ANTIBODY LY3164530,3,4.222222222222222,0,2,False,"(1, 3, 4.222222222222222)",973
ANTI-PD1 MONOCLONAL ANTIBODY,3,4.222222222222222,0,1,False,"(1, 3, 4.222222222222222)",974
ANTI-VEGF MONOCLONAL ANTIBODY,3,4.222222222222222,0,1,False,"(1, 3, 4.222222222222222)",975
ANTISAUVAGINE,3,4.222222222222222,0,1,False,"(1, 3, 4.222222222222222)",976
APATORSEN,3,4.222222222222222,0,1,False,"(1, 3, 4.222222222222222)",977
APD791,3,4.222222222222222,0,1,False,"(1, 3, 4.222222222222222)",978
APG-2575,3,4.222222222222222,0,2,False,"(1, 3, 4.222222222222222)",979
APICIDIN,3,4.222222222222222,0,15,False,"(1, 3, 4.222222222222222)",980
APROTININ,3,4.222222222222222,0,4,False,"(1, 3, 4.222222222222222)",981
APRUTUMAB IXADOTIN,3,4.222222222222222,0,16,False,"(1, 3, 4.222222222222222)",982
AR-67,3,4.222222222222222,0,1,False,"(1, 3, 4.222222222222222)",983
AR-9281,3,4.222222222222222,0,2,False,"(1, 3, 4.222222222222222)",984
AR-C118925XX,3,4.222222222222222,0,1,False,"(1, 3, 4.222222222222222)",985
AR-C126313,3,4.222222222222222,0,1,False,"(1, 3, 4.222222222222222)",986
ARCHEXIN,3,4.222222222222222,0,3,False,"(1, 3, 4.222222222222222)",987
ARI-3099,3,4.222222222222222,0,2,False,"(1, 3, 4.222222222222222)",988
ARRY-502,3,4.222222222222222,0,2,False,"(1, 3, 4.222222222222222)",989
ARV-771,3,4.222222222222222,0,4,False,"(1, 3, 4.222222222222222)",990
ASG-5ME,3,4.222222222222222,0,16,False,"(1, 3, 4.222222222222222)",991
ASTRESSIN,3,4.222222222222222,0,2,False,"(1, 3, 4.222222222222222)",992
ASTRESSIN 2B,3,4.222222222222222,0,2,False,"(1, 3, 4.222222222222222)",993
ATIPRIMOD,3,4.222222222222222,0,1,False,"(1, 3, 4.222222222222222)",994
ATRELEUTON,3,4.222222222222222,0,1,False,"(1, 3, 4.222222222222222)",995
AUMOLERTINIB,3,4.222222222222222,0,2,False,"(1, 3, 4.222222222222222)",996
AVITRIPTAN,3,4.222222222222222,0,2,False,"(1, 3, 4.222222222222222)",997
&ALPHA;-PROPYLDOPACETAMIDE,3,4.333333333333333,0,3,False,"(1, 3, 4.333333333333333)",998
&BETA;3-TETRAPEPTIDE,3,4.333333333333333,0,1,False,"(1, 3, 4.333333333333333)",999
&RHO;-DA1A,3,4.333333333333333,0,1,False,"(1, 3, 4.333333333333333)",1000
(&PLUSMN;)-CIS-H2-PAT,3,4.333333333333333,0,1,False,"(1, 3, 4.333333333333333)",1001
(&PLUSMN;)-EQUOL,3,4.333333333333333,0,2,False,"(1, 3, 4.333333333333333)",1002
(&PLUSMN;)-TRANS-H2-PAT,3,4.333333333333333,0,1,False,"(1, 3, 4.333333333333333)",1003
(&PLUSMN;)YM796,3,4.333333333333333,0,1,False,"(1, 3, 4.333333333333333)",1004
(+)-ADRENALINE,3,4.333333333333333,0,3,False,"(1, 3, 4.333333333333333)",1005
(+)-CIS-H2-PAT,3,4.333333333333333,0,1,False,"(1, 3, 4.333333333333333)",1006
(+)-CYCLAZOSIN,3,4.333333333333333,0,3,False,"(1, 3, 4.333333333333333)",1007
(+)-SCH-23390,3,4.333333333333333,0,1,False,"(1, 3, 4.333333333333333)",1008
(-)-NORFENFLURAMINE,3,4.333333333333333,0,1,False,"(1, 3, 4.333333333333333)",1009
(-)-TERTATOLOL,3,4.333333333333333,0,1,False,"(1, 3, 4.333333333333333)",1010
(-)-TRANS-H2-PAT,3,4.333333333333333,0,1,False,"(1, 3, 4.333333333333333)",1011
(-)-YM796,3,4.333333333333333,0,1,False,"(1, 3, 4.333333333333333)",1012
(B7-33)H2,3,4.333333333333333,0,1,False,"(1, 3, 4.333333333333333)",1013
(R)-SARGACHROMENOL,3,4.333333333333333,0,1,False,"(1, 3, 4.333333333333333)",1014
(R)-UH 301,3,4.333333333333333,0,1,False,"(1, 3, 4.333333333333333)",1015
(S)-CETIRIZINE,3,4.333333333333333,0,1,False,"(1, 3, 4.333333333333333)",1016
(S)-N-[1-(3-MORPHOLIN-4-YL-PHENYL)-ETHYL]-3-PHENYL-ACRYLAMIDE,3,4.333333333333333,0,3,False,"(1, 3, 4.333333333333333)",1017
(S)-SARGACHROMENOL,3,4.333333333333333,0,1,False,"(1, 3, 4.333333333333333)",1018
"1,4-DICHLOROBENZENE",3,4.333333333333333,0,1,False,"(1, 3, 4.333333333333333)",1019
2'-EPI-TUBERATOLIDE B,3,4.333333333333333,0,1,False,"(1, 3, 4.333333333333333)",1020
2-(1-PHENYLETHYLIDENE)HYDRAZINECARBOXIMIDAMIDE,3,4.333333333333333,0,1,False,"(1, 3, 4.333333333333333)",1021
2-(2-THIAZOLYL)ETHANAMINE,3,4.333333333333333,0,1,False,"(1, 3, 4.333333333333333)",1022
2-(3-BROMOPHENYL)HISTAMINE,3,4.333333333333333,0,2,False,"(1, 3, 4.333333333333333)",1023
2-(3-CHLOROPHENYL)HISTAMINE,3,4.333333333333333,0,1,False,"(1, 3, 4.333333333333333)",1024
2-(3-IODOPHENYL)HISTAMINE,3,4.333333333333333,0,1,False,"(1, 3, 4.333333333333333)",1025
2-BROMO-LSD,3,4.333333333333333,0,1,False,"(1, 3, 4.333333333333333)",1026
2-PYRIDYLETHYLAMINE,3,4.333333333333333,0,1,False,"(1, 3, 4.333333333333333)",1027
264W94,3,4.333333333333333,0,2,False,"(1, 3, 4.333333333333333)",1028
"3,5-DICAFFEOYLQUINIC ACID",3,4.333333333333333,0,1,False,"(1, 3, 4.333333333333333)",1029
3570-0208 [PMID:19807662],3,4.333333333333333,0,1,False,"(1, 3, 4.333333333333333)",1030
4SC-203,3,4.333333333333333,0,4,False,"(1, 3, 4.333333333333333)",1031
5-BDBD,3,4.333333333333333,0,1,False,"(1, 3, 4.333333333333333)",1032
5-BODMT,3,4.333333333333333,0,2,False,"(1, 3, 4.333333333333333)",1033
5-BUTYL-METHYL IMMIDAZOLE CARBOXYLATE 30,3,4.333333333333333,0,1,False,"(1, 3, 4.333333333333333)",1034
5-FLUOROTRYPTAMINE,3,4.333333333333333,0,1,False,"(1, 3, 4.333333333333333)",1035
5-METHYLURAPIDIL,3,4.333333333333333,0,3,False,"(1, 3, 4.333333333333333)",1036
6-FLUOROTRYPTOPHAN,3,4.333333333333333,0,2,False,"(1, 3, 4.333333333333333)",1037
7-O-METHYLCRYPTOCHINONE A,3,4.333333333333333,0,1,False,"(1, 3, 4.333333333333333)",1038
7-O-METHYLCRYPTOCHINONE B,3,4.333333333333333,0,1,False,"(1, 3, 4.333333333333333)",1039
9-PHENANTHROL,3,4.333333333333333,0,1,False,"(1, 3, 4.333333333333333)",1040
A(4-24)(B7-24)H2,3,4.333333333333333,0,2,False,"(1, 3, 4.333333333333333)",1041
A(4-24)(F23A)H2,3,4.333333333333333,0,1,False,"(1, 3, 4.333333333333333)",1042
A-119637,3,4.333333333333333,0,3,False,"(1, 3, 4.333333333333333)",1043
A-123189,3,4.333333333333333,0,3,False,"(1, 3, 4.333333333333333)",1044
A-317920,3,4.333333333333333,0,2,False,"(1, 3, 4.333333333333333)",1045
A-349821,3,4.333333333333333,0,2,False,"(1, 3, 4.333333333333333)",1046
A-381393,3,4.333333333333333,0,1,False,"(1, 3, 4.333333333333333)",1047
A412997,3,4.333333333333333,0,1,False,"(1, 3, 4.333333333333333)",1048
A61603,3,4.333333333333333,0,2,False,"(1, 3, 4.333333333333333)",1049
ABBOTT 14C,3,4.333333333333333,0,1,False,"(1, 3, 4.333333333333333)",1050
ABT-239,3,4.333333333333333,0,3,False,"(1, 3, 4.333333333333333)",1051
ABT-639,3,4.333333333333333,0,3,False,"(1, 3, 4.333333333333333)",1052
ABT-670,3,4.333333333333333,0,1,False,"(1, 3, 4.333333333333333)",1053
AC-186,3,4.333333333333333,0,2,False,"(1, 3, 4.333333333333333)",1054
AC-42,3,4.333333333333333,0,1,False,"(1, 3, 4.333333333333333)",1055
AC-90179,3,4.333333333333333,0,2,False,"(1, 3, 4.333333333333333)",1056
AC-DEVD-CHO,3,4.333333333333333,0,1,False,"(1, 3, 4.333333333333333)",1057
ACEPROMETAZINE,3,4.333333333333333,0,1,False,"(1, 3, 4.333333333333333)",1058
ACLIDINIUM BROMIDE,3,4.333333333333333,0,1,False,"(1, 3, 4.333333333333333)",1059
ACRIVASTINE,3,4.333333333333333,0,1,False,"(1, 3, 4.333333333333333)",1060
ACT-660602,3,4.333333333333333,0,1,False,"(1, 3, 4.333333333333333)",1061
ACT-709478,3,4.333333333333333,0,3,False,"(1, 3, 4.333333333333333)",1062
ACT-777991,3,4.333333333333333,0,1,False,"(1, 3, 4.333333333333333)",1063
ADAGRASIB,3,4.333333333333333,0,2,False,"(1, 3, 4.333333333333333)",1064
ADENOSINE MONOPHOSPHATE,3,4.333333333333333,0,2,False,"(1, 3, 4.333333333333333)",1065
ADINAZOLAM,3,4.333333333333333,0,17,False,"(1, 3, 4.333333333333333)",1066
ADL5747,3,4.333333333333333,0,4,False,"(1, 3, 4.333333333333333)",1067
ADL5859,3,4.333333333333333,0,4,False,"(1, 3, 4.333333333333333)",1068
ADP RIBOSE,3,4.333333333333333,0,1,False,"(1, 3, 4.333333333333333)",1069
ADUCANUMAB,3,4.333333333333333,0,1,False,"(1, 3, 4.333333333333333)",1070
AE9C90CB,3,4.333333333333333,0,4,False,"(1, 3, 4.333333333333333)",1071
AFDX384,3,4.333333333333333,0,5,False,"(1, 3, 4.333333333333333)",1072
AG 1296,3,4.333333333333333,0,3,False,"(1, 3, 4.333333333333333)",1073
AG-09/1,3,4.333333333333333,0,1,False,"(1, 3, 4.333333333333333)",1074
AG-11/03,3,4.333333333333333,0,1,False,"(1, 3, 4.333333333333333)",1075
AGL 2043,3,4.333333333333333,0,2,False,"(1, 3, 4.333333333333333)",1076
AGS62P1,3,4.333333333333333,0,1,False,"(1, 3, 4.333333333333333)",1077
AHN-12,3,4.333333333333333,0,1,False,"(1, 3, 4.333333333333333)",1078
AKT INHIBITOR X,3,4.333333333333333,0,1,False,"(1, 3, 4.333333333333333)",1079
ALCAFTADINE,3,4.333333333333333,0,1,False,"(1, 3, 4.333333333333333)",1080
ALDH2 ACTIVATOR FP-045,3,4.333333333333333,0,1,False,"(1, 3, 4.333333333333333)",1081
ALECTINIB HYDROCHLORIDE,3,4.333333333333333,0,3,False,"(1, 3, 4.333333333333333)",1082
ALEXA-488-TELENZEPINE,3,4.333333333333333,0,2,False,"(1, 3, 4.333333333333333)",1083
ALISPORIVIR,3,4.333333333333333,0,1,False,"(1, 3, 4.333333333333333)",1084
ALK INHIBITOR ASP3026,3,4.333333333333333,0,3,False,"(1, 3, 4.333333333333333)",1085
ALK INHIBITOR NVL-655,3,4.333333333333333,0,2,False,"(1, 3, 4.333333333333333)",1086
ALK/C-MET INHIBITOR TQ-B3139,3,4.333333333333333,0,3,False,"(1, 3, 4.333333333333333)",1087
ALK/TRK INHIBITOR TSR-011,3,4.333333333333333,0,2,False,"(1, 3, 4.333333333333333)",1088
ALMOTRIPTAN MALATE,3,4.333333333333333,0,3,False,"(1, 3, 4.333333333333333)",1089
"ALUM, POTASSIUM",3,4.333333333333333,0,4,False,"(1, 3, 4.333333333333333)",1090
AM7,3,4.333333333333333,0,1,False,"(1, 3, 4.333333333333333)",1091
AMESERGIDE,3,4.333333333333333,0,1,False,"(1, 3, 4.333333333333333)",1092
AMG-108,3,4.333333333333333,0,2,False,"(1, 3, 4.333333333333333)",1093
AMG-337,3,4.333333333333333,0,3,False,"(1, 3, 4.333333333333333)",1094
AMG553,3,4.333333333333333,0,1,False,"(1, 3, 4.333333333333333)",1095
AMIBEGRON,3,4.333333333333333,0,2,False,"(1, 3, 4.333333333333333)",1096
AMILOMOTIDE,3,4.333333333333333,0,1,False,"(1, 3, 4.333333333333333)",1097
AMIVANTAMAB,3,4.333333333333333,0,2,False,"(1, 3, 4.333333333333333)",1098
AMP-PNP,3,4.333333333333333,0,1,False,"(1, 3, 4.333333333333333)",1099
AMUVATINIB,3,4.333333333333333,0,7,False,"(1, 3, 4.333333333333333)",1100
ANDEXANET ALFA,3,4.333333333333333,0,2,False,"(1, 3, 4.333333333333333)",1101
ANGIOTENSIN A,3,4.333333333333333,0,2,False,"(1, 3, 4.333333333333333)",1102
ANGIOTENSIN III,3,4.333333333333333,0,2,False,"(1, 3, 4.333333333333333)",1103
ANGIOTENSIN IV,3,4.333333333333333,0,1,False,"(1, 3, 4.333333333333333)",1104
ANTAZOLINE PHOSPHATE,3,4.333333333333333,0,2,False,"(1, 3, 4.333333333333333)",1105
ANTI-FLT3/CD3 BISPECIFIC ANTIBODY CLN-049,3,4.333333333333333,0,1,False,"(1, 3, 4.333333333333333)",1106
ANTI-PD-1 MONOCLONAL ANTIBODY MEDI0680,3,4.333333333333333,0,2,False,"(1, 3, 4.333333333333333)",1107
ANTI-TAC 90 Y-HAT,3,4.333333333333333,0,1,False,"(1, 3, 4.333333333333333)",1108
ANTROQUINONOL,3,4.333333333333333,0,1,False,"(1, 3, 4.333333333333333)",1109
APAMIN,3,4.333333333333333,0,3,False,"(1, 3, 4.333333333333333)",1110
APG-1387,3,4.333333333333333,0,1,False,"(1, 3, 4.333333333333333)",1111
APG-2449,3,4.333333333333333,0,2,False,"(1, 3, 4.333333333333333)",1112
APINOCALTAMIDE,3,4.333333333333333,0,3,False,"(1, 3, 4.333333333333333)",1113
APOMINE,3,4.333333333333333,0,1,False,"(1, 3, 4.333333333333333)",1114
AQ-RA 741,3,4.333333333333333,0,5,False,"(1, 3, 4.333333333333333)",1115
ARC-19499,3,4.333333333333333,0,1,False,"(1, 3, 4.333333333333333)",1116
ARECAIDINE PROPARGYL ESTER,3,4.333333333333333,0,4,False,"(1, 3, 4.333333333333333)",1117
ARGIOTOXIN,3,4.333333333333333,0,4,False,"(1, 3, 4.333333333333333)",1118
ARM-210,3,4.333333333333333,0,1,False,"(1, 3, 4.333333333333333)",1119
ARPROMIDINE,3,4.333333333333333,0,2,False,"(1, 3, 4.333333333333333)",1120
ARS-1620,3,4.333333333333333,0,2,False,"(1, 3, 4.333333333333333)",1121
ARTICAINE HYDROCHLORIDE,3,4.333333333333333,0,10,False,"(1, 3, 4.333333333333333)",1122
AS-19,3,4.333333333333333,0,1,False,"(1, 3, 4.333333333333333)",1123
AS2717638,3,4.333333333333333,0,1,False,"(1, 3, 4.333333333333333)",1124
ASC06-IGG1,3,4.333333333333333,0,1,False,"(1, 3, 4.333333333333333)",1125
ASP-3026,3,4.333333333333333,0,1,False,"(1, 3, 4.333333333333333)",1126
ASPARTIC ACID,3,4.333333333333333,0,10,False,"(1, 3, 4.333333333333333)",1127
ATPO,3,4.333333333333333,0,4,False,"(1, 3, 4.333333333333333)",1128
AUS-131,3,4.333333333333333,0,1,False,"(1, 3, 4.333333333333333)",1129
AVAPRITINIB,3,4.333333333333333,0,5,False,"(1, 3, 4.333333333333333)",1130
ALKYL OMPT,3,4.388888888888889,0,2,False,"(1, 3, 4.388888888888889)",1131
AM966,3,4.388888888888889,0,4,False,"(1, 3, 4.388888888888889)",1132
&DELTA;R3/I5,3,4.444444444444445,0,1,False,"(1, 3, 4.444444444444445)",1133
(-)-&ALPHA;-THUJONE,3,4.444444444444445,0,1,False,"(1, 3, 4.444444444444445)",1134
(-)-CAMPHOR,3,4.444444444444445,0,1,False,"(1, 3, 4.444444444444445)",1135
"(3R,4S)-293B",3,4.444444444444445,0,1,False,"(1, 3, 4.444444444444445)",1136
(R)-EF-1520,3,4.444444444444445,0,2,False,"(1, 3, 4.444444444444445)",1137
(R)-ND-336,3,4.444444444444445,0,3,False,"(1, 3, 4.444444444444445)",1138
(R/S) EF-1500,3,4.444444444444445,0,2,False,"(1, 3, 4.444444444444445)",1139
(S)-EF-1520,3,4.444444444444445,0,2,False,"(1, 3, 4.444444444444445)",1140
1-PHENETHYLPIPERIDINE,3,4.444444444444445,0,1,False,"(1, 3, 4.444444444444445)",1141
16&ALPHA;-HYDROXYESTRONE,3,4.444444444444445,0,1,False,"(1, 3, 4.444444444444445)",1142
1G244,3,4.444444444444445,0,2,False,"(1, 3, 4.444444444444445)",1143
2-MERCAPTOPYRIMIDINE,3,4.444444444444445,0,1,False,"(1, 3, 4.444444444444445)",1144
"2-O, 3-O DESULFATED HEPARIN",3,4.444444444444445,0,3,False,"(1, 3, 4.444444444444445)",1145
20-HETE,3,4.444444444444445,0,1,False,"(1, 3, 4.444444444444445)",1146
3-FORMYLINDOLE,3,4.444444444444445,0,1,False,"(1, 3, 4.444444444444445)",1147
3-N3-PHPA-LVA,3,4.444444444444445,0,1,False,"(1, 3, 4.444444444444445)",1148
"3S,4R-293B",3,4.444444444444445,0,1,False,"(1, 3, 4.444444444444445)",1149
4&ALPHA;-PDD,3,4.444444444444445,0,1,False,"(1, 3, 4.444444444444445)",1150
4-(3-PYRIDIN-2-YL-1H-PYRAZOL-4-YL)QUINOLINE,3,4.444444444444445,0,5,False,"(1, 3, 4.444444444444445)",1151
"5-(2-PHENYLPYRAZOLO[1,5-A]PYRIDIN-3-YL)-1H-PYRAZOLO[3,4-C]PYRIDAZIN-3-AMINE",3,4.444444444444445,0,2,False,"(1, 3, 4.444444444444445)",1152
A-196,3,4.444444444444445,0,2,False,"(1, 3, 4.444444444444445)",1153
A-841720,3,4.444444444444445,0,2,False,"(1, 3, 4.444444444444445)",1154
ABARELIX,3,4.444444444444445,0,2,False,"(1, 3, 4.444444444444445)",1155
ABBV-318,3,4.444444444444445,0,2,False,"(1, 3, 4.444444444444445)",1156
ABBV-744,3,4.444444444444445,0,3,False,"(1, 3, 4.444444444444445)",1157
ABEQUOLIXRON,3,4.444444444444445,0,2,False,"(1, 3, 4.444444444444445)",1158
ABP-700,3,4.444444444444445,0,16,False,"(1, 3, 4.444444444444445)",1159
ACASUNLIMAB,3,4.444444444444445,0,1,False,"(1, 3, 4.444444444444445)",1160
ACEBILUSTAT,3,4.444444444444445,0,2,False,"(1, 3, 4.444444444444445)",1161
ADENOSINE DEAMINASE INHIBITOR,3,4.444444444444445,0,2,False,"(1, 3, 4.444444444444445)",1162
ADERBASIB,3,4.444444444444445,0,2,False,"(1, 3, 4.444444444444445)",1163
ADIPIPLON,3,4.444444444444445,0,19,False,"(1, 3, 4.444444444444445)",1164
ADL-5747,3,4.444444444444445,0,1,False,"(1, 3, 4.444444444444445)",1165
ADOMEGLIVANT,3,4.444444444444445,0,2,False,"(1, 3, 4.444444444444445)",1166
ADRIXETINIB,3,4.444444444444445,0,3,False,"(1, 3, 4.444444444444445)",1167
AEW-541,3,4.444444444444445,0,2,False,"(1, 3, 4.444444444444445)",1168
AFAMELANOTIDE,3,4.444444444444445,0,5,False,"(1, 3, 4.444444444444445)",1169
AFAMELANOTIDE ACETATE,3,4.444444444444445,0,1,False,"(1, 3, 4.444444444444445)",1170
AFEGOSTAT,3,4.444444444444445,0,1,False,"(1, 3, 4.444444444444445)",1171
AFEGOSTAT TARTRATE,3,4.444444444444445,0,1,False,"(1, 3, 4.444444444444445)",1172
AG-13958,3,4.444444444444445,0,3,False,"(1, 3, 4.444444444444445)",1173
AGN194204,3,4.444444444444445,0,1,False,"(1, 3, 4.444444444444445)",1174
AH 11110,3,4.444444444444445,0,1,False,"(1, 3, 4.444444444444445)",1175
ALACIZUMAB PEGOL,3,4.444444444444445,0,1,False,"(1, 3, 4.444444444444445)",1176
ALISERTIB SODIUM,3,4.444444444444445,0,1,False,"(1, 3, 4.444444444444445)",1177
ALL-TRANS-4-OXO-RETINOIC ACID,3,4.444444444444445,0,2,False,"(1, 3, 4.444444444444445)",1178
ALOGLIPTIN,3,4.444444444444445,0,2,False,"(1, 3, 4.444444444444445)",1179
ALOGLIPTIN BENZOATE,3,4.444444444444445,0,1,False,"(1, 3, 4.444444444444445)",1180
ALOSETRON,3,4.444444444444445,0,1,False,"(1, 3, 4.444444444444445)",1181
AM-0883,3,4.444444444444445,0,1,False,"(1, 3, 4.444444444444445)",1182
AM-1473,3,4.444444444444445,0,1,False,"(1, 3, 4.444444444444445)",1183
AMBROXOL,3,4.444444444444445,0,2,False,"(1, 3, 4.444444444444445)",1184
AMG-191,3,4.444444444444445,0,1,False,"(1, 3, 4.444444444444445)",1185
AMG-888,3,4.444444444444445,0,1,False,"(1, 3, 4.444444444444445)",1186
AMIBEGRON HYDROCHLORIDE,3,4.444444444444445,0,1,False,"(1, 3, 4.444444444444445)",1187
AMOPYROQUINE,3,4.444444444444445,0,1,False,"(1, 3, 4.444444444444445)",1188
ANAGLIPTIN,3,4.444444444444445,0,2,False,"(1, 3, 4.444444444444445)",1189
ANALOGUE 13: B7-24,3,4.444444444444445,0,1,False,"(1, 3, 4.444444444444445)",1190
ANAMORELIN,3,4.444444444444445,0,2,False,"(1, 3, 4.444444444444445)",1191
ANI9,3,4.444444444444445,0,1,False,"(1, 3, 4.444444444444445)",1192
ANTI-CD47/ANTI-PD-L1 BISPECIFIC ANTIBODY PF-07257876,3,4.444444444444445,0,1,False,"(1, 3, 4.444444444444445)",1193
ANTI-ERBB3 MONOCLONAL ANTIBODY CDX-3379,3,4.444444444444445,0,1,False,"(1, 3, 4.444444444444445)",1194
ANTI-ERBB3 MONOCLONAL ANTIBODY REGN1400,3,4.444444444444445,0,1,False,"(1, 3, 4.444444444444445)",1195
ANTI-IGF-1R RECOMBINANT MONOCLONAL ANTIBODY BIIB022,3,4.444444444444445,0,1,False,"(1, 3, 4.444444444444445)",1196
ANTI-LAG-3/PD-L1 BISPECIFIC ANTIBODY FS118,3,4.444444444444445,0,2,False,"(1, 3, 4.444444444444445)",1197
ANTI-PD-L1 MONOCLONAL ANTIBODY FAZ053,3,4.444444444444445,0,1,False,"(1, 3, 4.444444444444445)",1198
ANTI-PD-L1 MONOCLONAL ANTIBODY MDX-1105,3,4.444444444444445,0,1,False,"(1, 3, 4.444444444444445)",1199
ANTI-PD-L1/CD137 BISPECIFIC ANTIBODY MCLA-145,3,4.444444444444445,0,1,False,"(1, 3, 4.444444444444445)",1200
ANTI-PD-L1/CD27 BISPECIFIC ANTIBODY CDX-527,3,4.444444444444445,0,1,False,"(1, 3, 4.444444444444445)",1201
APATINIB,3,4.444444444444445,0,1,False,"(1, 3, 4.444444444444445)",1202
APL-501,3,4.444444444444445,0,2,False,"(1, 3, 4.444444444444445)",1203
APRAMIDE A,3,4.444444444444445,0,1,False,"(1, 3, 4.444444444444445)",1204
APROCITENTAN,3,4.444444444444445,0,4,False,"(1, 3, 4.444444444444445)",1205
ARBACLOFEN PLACARBIL,3,4.444444444444445,0,3,False,"(1, 3, 4.444444444444445)",1206
ARC FUSION PROTEIN SL-279252,3,4.444444444444445,0,1,False,"(1, 3, 4.444444444444445)",1207
ARGIPRESSIN TANNATE,3,4.444444444444445,0,3,False,"(1, 3, 4.444444444444445)",1208
AROMATASE INHIBITOR,3,4.444444444444445,0,2,False,"(1, 3, 4.444444444444445)",1209
ARRY-382,3,4.444444444444445,0,2,False,"(1, 3, 4.444444444444445)",1210
ARTENIMOL,3,4.444444444444445,0,1,False,"(1, 3, 4.444444444444445)",1211
AS-252424,3,4.444444444444445,0,2,False,"(1, 3, 4.444444444444445)",1212
ASNUCICLIB,3,4.444444444444445,0,5,False,"(1, 3, 4.444444444444445)",1213
ASP-0819,3,4.444444444444445,0,2,False,"(1, 3, 4.444444444444445)",1214
ASP-8477,3,4.444444444444445,0,1,False,"(1, 3, 4.444444444444445)",1215
ASULACRINE ISETHIONATE,3,4.444444444444445,0,1,False,"(1, 3, 4.444444444444445)",1216
ATECEGATRAN METOXIL,3,4.444444444444445,0,1,False,"(1, 3, 4.444444444444445)",1217
ATICAPRANT,3,4.444444444444445,0,4,False,"(1, 3, 4.444444444444445)",1218
ATRASENTAN HYDROCHLORIDE,3,4.444444444444445,0,1,False,"(1, 3, 4.444444444444445)",1219
AURANOFIN,3,4.444444444444445,0,2,False,"(1, 3, 4.444444444444445)",1220
AURORA A KINASE INHIBITOR MK5108,3,4.444444444444445,0,1,False,"(1, 3, 4.444444444444445)",1221
AV-203,3,4.444444444444445,0,1,False,"(1, 3, 4.444444444444445)",1222
AVE-1642,3,4.444444444444445,0,1,False,"(1, 3, 4.444444444444445)",1223
AVOSENTAN,3,4.444444444444445,0,2,False,"(1, 3, 4.444444444444445)",1224
ATC0175,3,4.5,0,2,False,"(1, 3, 4.5)",1225
AUTOLOGOUS CCR4-CD30CAR-CD28-CD3ZETA-EXPRESSING T-LYMPHOCYTES,3,4.5,0,2,False,"(1, 3, 4.5)",1226
&ALPHA;-CGRP,3,4.555555555555555,0,1,False,"(1, 3, 4.555555555555555)",1227
&ALPHA;3IA,3,4.555555555555555,0,4,False,"(1, 3, 4.555555555555555)",1228
&ALPHA;5IA,3,4.555555555555555,0,4,False,"(1, 3, 4.555555555555555)",1229
&BETA;-CGRP,3,4.555555555555555,0,1,False,"(1, 3, 4.555555555555555)",1230
&BETA;-ENDORPHIN,3,4.555555555555555,0,2,False,"(1, 3, 4.555555555555555)",1231
&BETA;-FNA,3,4.555555555555555,0,3,False,"(1, 3, 4.555555555555555)",1232
(+)-HA966,3,4.555555555555555,0,3,False,"(1, 3, 4.555555555555555)",1233
(+)-S20,3,4.555555555555555,0,1,False,"(1, 3, 4.555555555555555)",1234
(-)-BREMAZOCINE,3,4.555555555555555,0,3,False,"(1, 3, 4.555555555555555)",1235
(-)-CYCLAZOCINE,3,4.555555555555555,0,3,False,"(1, 3, 4.555555555555555)",1236
(2R)-2-({9-(1-METHYLETHYL)-6-[(4-PYRIDIN-2-YLBENZYL)AMINO]-9H-PURIN-2-YL}AMINO)BUTAN-1-OL,3,4.555555555555555,0,2,False,"(1, 3, 4.555555555555555)",1237
(HYDROXYMETHYLPHENYL)AGOMELATINE,3,4.555555555555555,0,1,False,"(1, 3, 4.555555555555555)",1238
(RS)-(TETRAZOL-5-YL)GLYCINE,3,4.555555555555555,0,5,False,"(1, 3, 4.555555555555555)",1239
(S)-CR8,3,4.555555555555555,0,3,False,"(1, 3, 4.555555555555555)",1240
1-CYCLOHEXYL-N-{[1-(4-METHYLPHENYL)-1H-INDOL-3-YL]METHYL}METHANAMINE,3,4.555555555555555,0,1,False,"(1, 3, 4.555555555555555)",1241
1018 ISS,3,4.555555555555555,0,1,False,"(1, 3, 4.555555555555555)",1242
11-DEOXY-PGE1,3,4.555555555555555,0,1,False,"(1, 3, 4.555555555555555)",1243
12-EPI-SALVINORIN A,3,4.555555555555555,0,1,False,"(1, 3, 4.555555555555555)",1244
"13,14-DIHYDRO-PGE1",3,4.555555555555555,0,1,False,"(1, 3, 4.555555555555555)",1245
17-PHENYL-&OMEGA;-TRINOR-PGE2,3,4.555555555555555,0,2,False,"(1, 3, 4.555555555555555)",1246
19(R)-OH-PGE2,3,4.555555555555555,0,1,False,"(1, 3, 4.555555555555555)",1247
"2,6-DIDEHYDROPEPEROMIN B",3,4.555555555555555,0,1,False,"(1, 3, 4.555555555555555)",1248
2-(INDOLIN-1YL)-MELATONIN,3,4.555555555555555,0,1,False,"(1, 3, 4.555555555555555)",1249
2-[125I]MELATONIN,3,4.555555555555555,0,2,False,"(1, 3, 4.555555555555555)",1250
"3,5-DIHYDROXYBENZOIC ACID",3,4.555555555555555,0,1,False,"(1, 3, 4.555555555555555)",1251
3-KETO-LITHOCHOLIC ACID,3,4.555555555555555,0,2,False,"(1, 3, 4.555555555555555)",1252
4-HYDROXYBUTYRIC ACID,3,4.555555555555555,0,1,False,"(1, 3, 4.555555555555555)",1253
4-OME-ARM1,3,4.555555555555555,0,1,False,"(1, 3, 4.555555555555555)",1254
4P-PDOT,3,4.555555555555555,0,2,False,"(1, 3, 4.555555555555555)",1255
4‐BCCA,3,4.555555555555555,0,1,False,"(1, 3, 4.555555555555555)",1256
"5&BETA;-CHOLESTANE-3&ALPHA;,7&ALPHA;,12&ALPHA;-TRIOL",3,4.555555555555555,0,1,False,"(1, 3, 4.555555555555555)",1257
"5&BETA;-PREGNANE-3,20-DIONE",3,4.555555555555555,0,2,False,"(1, 3, 4.555555555555555)",1258
5-HEAT,3,4.555555555555555,0,2,False,"(1, 3, 4.555555555555555)",1259
5-METHOXY-LUZINDOLE,3,4.555555555555555,0,1,False,"(1, 3, 4.555555555555555)",1260
5Z-7-OXOZEAENOL,3,4.555555555555555,0,2,False,"(1, 3, 4.555555555555555)",1261
6-BROMOINDIRUBIN-3'-OXIME,3,4.555555555555555,0,2,False,"(1, 3, 4.555555555555555)",1262
"6-PHENYL[5H]PYRROLO[2,3-B]PYRAZINE",3,4.555555555555555,0,4,False,"(1, 3, 4.555555555555555)",1263
7-BIA,3,4.555555555555555,0,2,False,"(1, 3, 4.555555555555555)",1264
8S-HETE,3,4.555555555555555,0,1,False,"(1, 3, 4.555555555555555)",1265
90Y-CT84.66,3,4.555555555555555,0,1,False,"(1, 3, 4.555555555555555)",1266
A-71378,3,4.555555555555555,0,2,False,"(1, 3, 4.555555555555555)",1267
A317491,3,4.555555555555555,0,1,False,"(1, 3, 4.555555555555555)",1268
ABITUZUMAB,3,4.555555555555555,0,6,False,"(1, 3, 4.555555555555555)",1269
ABT-107,3,4.555555555555555,0,1,False,"(1, 3, 4.555555555555555)",1270
ABT-126,3,4.555555555555555,0,1,False,"(1, 3, 4.555555555555555)",1271
AC187,3,4.555555555555555,0,1,False,"(1, 3, 4.555555555555555)",1272
ACENOCOUMAROL,3,4.555555555555555,0,5,False,"(1, 3, 4.555555555555555)",1273
ACETYLSULFANILAMIDE,3,4.555555555555555,0,1,False,"(1, 3, 4.555555555555555)",1274
ACOTIAMIDE,3,4.555555555555555,0,1,False,"(1, 3, 4.555555555555555)",1275
ACOTIAMIDE HYDROCHLORIDE,3,4.555555555555555,0,1,False,"(1, 3, 4.555555555555555)",1276
ACY-738,3,4.555555555555555,0,4,False,"(1, 3, 4.555555555555555)",1277
ADH-1,3,4.555555555555555,0,1,False,"(1, 3, 4.555555555555555)",1278
ADRENOMEDULLIN,3,4.555555555555555,0,1,False,"(1, 3, 4.555555555555555)",1279
ADRENOMEDULLIN 2/INTERMEDIN,3,4.555555555555555,0,1,False,"(1, 3, 4.555555555555555)",1280
AES-103,3,4.555555555555555,0,1,False,"(1, 3, 4.555555555555555)",1281
AF-906,3,4.555555555555555,0,1,False,"(1, 3, 4.555555555555555)",1282
AF353,3,4.555555555555555,0,1,False,"(1, 3, 4.555555555555555)",1283
AFASEVIKUMAB,3,4.555555555555555,0,1,False,"(1, 3, 4.555555555555555)",1284
AFP-07,3,4.555555555555555,0,1,False,"(1, 3, 4.555555555555555)",1285
AG-041R,3,4.555555555555555,0,1,False,"(1, 3, 4.555555555555555)",1286
AG14361,3,4.555555555555555,0,2,False,"(1, 3, 4.555555555555555)",1287
AGANIRSEN,3,4.555555555555555,0,1,False,"(1, 3, 4.555555555555555)",1288
AGATOLIMOD SODIUM,3,4.555555555555555,0,1,False,"(1, 3, 4.555555555555555)",1289
AGN-211745,3,4.555555555555555,0,1,False,"(1, 3, 4.555555555555555)",1290
AGN193109,3,4.555555555555555,0,3,False,"(1, 3, 4.555555555555555)",1291
AGN193836,3,4.555555555555555,0,1,False,"(1, 3, 4.555555555555555)",1292
AGT-182,3,4.555555555555555,0,1,False,"(1, 3, 4.555555555555555)",1293
AH13205,3,4.555555555555555,0,1,False,"(1, 3, 4.555555555555555)",1294
AH23848,3,4.555555555555555,0,2,False,"(1, 3, 4.555555555555555)",1295
AILANTHINONE,3,4.555555555555555,0,1,False,"(1, 3, 4.555555555555555)",1296
AL-78898A,3,4.555555555555555,0,2,False,"(1, 3, 4.555555555555555)",1297
ALANINE,3,4.555555555555555,0,5,False,"(1, 3, 4.555555555555555)",1298
ALDAFERMIN,3,4.555555555555555,0,4,False,"(1, 3, 4.555555555555555)",1299
ALKAVERVIR,3,4.555555555555555,0,1,False,"(1, 3, 4.555555555555555)",1300
ALMITRINE,3,4.555555555555555,0,1,False,"(1, 3, 4.555555555555555)",1301
ALOFANIB,3,4.555555555555555,0,2,False,"(1, 3, 4.555555555555555)",1302
ALPIDEM,3,4.555555555555555,0,1,False,"(1, 3, 4.555555555555555)",1303
ALUMINUM,3,4.555555555555555,0,1,False,"(1, 3, 4.555555555555555)",1304
ALX40-4C,3,4.555555555555555,0,2,False,"(1, 3, 4.555555555555555)",1305
AM3,3,4.555555555555555,0,1,False,"(1, 3, 4.555555555555555)",1306
AMBENONIUM,3,4.555555555555555,0,1,False,"(1, 3, 4.555555555555555)",1307
AMBENONIUM CHLORIDE,3,4.555555555555555,0,1,False,"(1, 3, 4.555555555555555)",1308
AMG-820,3,4.555555555555555,0,1,False,"(1, 3, 4.555555555555555)",1309
AMOCARZINE,3,4.555555555555555,0,1,False,"(1, 3, 4.555555555555555)",1310
AMTB,3,4.555555555555555,0,1,False,"(1, 3, 4.555555555555555)",1311
AMY-101,3,4.555555555555555,0,1,False,"(1, 3, 4.555555555555555)",1312
AMYLIN,3,4.555555555555555,0,1,False,"(1, 3, 4.555555555555555)",1313
ANALOG 3 [PMID:18543899],3,4.555555555555555,0,1,False,"(1, 3, 4.555555555555555)",1314
ANALOG 30 [PMID:18543899],3,4.555555555555555,0,1,False,"(1, 3, 4.555555555555555)",1315
ANALOG 31 [PMID:18543899],3,4.555555555555555,0,1,False,"(1, 3, 4.555555555555555)",1316
ANTI-C-FMS MONOCLONAL ANTIBODY AMG 820,3,4.555555555555555,0,2,False,"(1, 3, 4.555555555555555)",1317
ANTI-CD19 CAR T CELLS PREPARATION,3,4.555555555555555,0,2,False,"(1, 3, 4.555555555555555)",1318
ANTI-CEA CAR T CELLS,3,4.555555555555555,0,1,False,"(1, 3, 4.555555555555555)",1319
ANTI-CEA/ANTI-HSG BISPECIFIC MONOCLONAL ANTIBODY TF2,3,4.555555555555555,0,1,False,"(1, 3, 4.555555555555555)",1320
ANTI-IL17A MONOCLONAL ANTIBODY CJM112,3,4.555555555555555,0,1,False,"(1, 3, 4.555555555555555)",1321
APADOLINE,3,4.555555555555555,0,1,False,"(1, 3, 4.555555555555555)",1322
APIMOSTINEL,3,4.555555555555555,0,7,False,"(1, 3, 4.555555555555555)",1323
APN1125,3,4.555555555555555,0,1,False,"(1, 3, 4.555555555555555)",1324
APRATASTAT,3,4.555555555555555,0,5,False,"(1, 3, 4.555555555555555)",1325
APRUTUMAB,3,4.555555555555555,0,1,False,"(1, 3, 4.555555555555555)",1326
APVO-414,3,4.555555555555555,0,1,False,"(1, 3, 4.555555555555555)",1327
AQW051,3,4.555555555555555,0,2,False,"(1, 3, 4.555555555555555)",1328
AR-M1000390,3,4.555555555555555,0,3,False,"(1, 3, 4.555555555555555)",1329
ARCITUMOMAB,3,4.555555555555555,0,3,False,"(1, 3, 4.555555555555555)",1330
ARRY-300,3,4.555555555555555,0,3,False,"(1, 3, 4.555555555555555)",1331
ARUNCIN B,3,4.555555555555555,0,1,False,"(1, 3, 4.555555555555555)",1332
ASFOTASE ALFA,3,4.555555555555555,0,1,False,"(1, 3, 4.555555555555555)",1333
ASIMADOLINE,3,4.555555555555555,0,1,False,"(1, 3, 4.555555555555555)",1334
ASK-8007,3,4.555555555555555,0,1,False,"(1, 3, 4.555555555555555)",1335
ASP5878,3,4.555555555555555,0,2,False,"(1, 3, 4.555555555555555)",1336
ASPACYTARABINE,3,4.555555555555555,0,11,False,"(1, 3, 4.555555555555555)",1337
AT-076,3,4.555555555555555,0,4,False,"(1, 3, 4.555555555555555)",1338
AT-56,3,4.555555555555555,0,1,False,"(1, 3, 4.555555555555555)",1339
ATN-161,3,4.555555555555555,0,4,False,"(1, 3, 4.555555555555555)",1340
ATOGEPANT,3,4.555555555555555,0,2,False,"(1, 3, 4.555555555555555)",1341
AURORA B/C KINASE INHIBITOR GSK1070916A,3,4.555555555555555,0,2,False,"(1, 3, 4.555555555555555)",1342
AUTOLOGOUS PSMA-4SCAR-EXPRESSING T-CELLS 4SCAR-PSMA,3,4.555555555555555,0,1,False,"(1, 3, 4.555555555555555)",1343
AV-101,3,4.555555555555555,0,7,False,"(1, 3, 4.555555555555555)",1344
AV608,3,4.555555555555555,0,1,False,"(1, 3, 4.555555555555555)",1345
AVL-3288,3,4.555555555555555,0,1,False,"(1, 3, 4.555555555555555)",1346
&ALPHA;-BUNGAROTOXIN,3,4.666666666666667,0,4,False,"(1, 3, 4.666666666666667)",1347
&ALPHA;-CONOTOXIN ARIB,3,4.666666666666667,0,1,False,"(1, 3, 4.666666666666667)",1348
&ALPHA;-CONOTOXIN AUIB,3,4.666666666666667,0,1,False,"(1, 3, 4.666666666666667)",1349
&ALPHA;-CONOTOXIN GI,3,4.666666666666667,0,1,False,"(1, 3, 4.666666666666667)",1350
&ALPHA;-CONOTOXIN IMI,3,4.666666666666667,0,1,False,"(1, 3, 4.666666666666667)",1351
&ALPHA;-CONOTOXIN MI,3,4.666666666666667,0,1,False,"(1, 3, 4.666666666666667)",1352
&ALPHA;-CONOTOXIN MII,3,4.666666666666667,0,3,False,"(1, 3, 4.666666666666667)",1353
"&ALPHA;-CONOTOXIN MII [H9A, L15A]",3,4.666666666666667,0,1,False,"(1, 3, 4.666666666666667)",1354
&ALPHA;-CONOTOXIN PIA,3,4.666666666666667,0,1,False,"(1, 3, 4.666666666666667)",1355
&ALPHA;-CONOTOXIN PNIA,3,4.666666666666667,0,2,False,"(1, 3, 4.666666666666667)",1356
&ALPHA;-CONOTOXIN TXIA,3,4.666666666666667,0,2,False,"(1, 3, 4.666666666666667)",1357
&ALPHA;-CONOTOXIN-GIC,3,4.666666666666667,0,2,False,"(1, 3, 4.666666666666667)",1358
&ALPHA;-NEOENDORPHIN,3,4.666666666666667,0,1,False,"(1, 3, 4.666666666666667)",1359
&BETA;-D-HYDROXYBUTYRIC ACID,3,4.666666666666667,0,1,False,"(1, 3, 4.666666666666667)",1360
&BETA;-NEOENDORPHIN,3,4.666666666666667,0,1,False,"(1, 3, 4.666666666666667)",1361
&GAMMA;-KTX1.7,3,4.666666666666667,0,2,False,"(1, 3, 4.666666666666667)",1362
(&PLUSMN;)-CIS-2-CAMP,3,4.666666666666667,0,3,False,"(1, 3, 4.666666666666667)",1363
"(+)-5-(5-BROMOTHIOPHEN-3-YL)-5-METHYL-4-OXO-4,5-DIHYDRO-FURAN-2-CARBOXYLIC ACID",3,4.666666666666667,0,1,False,"(1, 3, 4.666666666666667)",1364
(+)-JQ1,3,4.666666666666667,0,5,False,"(1, 3, 4.666666666666667)",1365
(+)-SKF 10.047,3,4.666666666666667,0,1,False,"(1, 3, 4.666666666666667)",1366
"(12E,20Z,18S)-8-HYDROXYVARIABILIN",3,4.666666666666667,0,2,False,"(1, 3, 4.666666666666667)",1367
"(3,5)-[19F]2-PHE-&PSI;-ALA",3,4.666666666666667,0,2,False,"(1, 3, 4.666666666666667)",1368
(R)-N-OLEOYLTYROSINOL,3,4.666666666666667,0,1,False,"(1, 3, 4.666666666666667)",1369
(R)-RO65-6570,3,4.666666666666667,0,1,False,"(1, 3, 4.666666666666667)",1370
(R)-YNT-3708,3,4.666666666666667,0,2,False,"(1, 3, 4.666666666666667)",1371
(RS)-PPCC,3,4.666666666666667,0,1,False,"(1, 3, 4.666666666666667)",1372
(S)-&ALPHA;-METHYLHISTAMINE,3,4.666666666666667,0,2,False,"(1, 3, 4.666666666666667)",1373
(S)-3-PHENYLLACTIC ACID,3,4.666666666666667,0,1,False,"(1, 3, 4.666666666666667)",1374
(S)-N-OLEOYLTYROSINOL,3,4.666666666666667,0,1,False,"(1, 3, 4.666666666666667)",1375
.ALPHA.1-PROTEINASE INHIBITOR HUMAN,3,4.666666666666667,0,1,False,"(1, 3, 4.666666666666667)",1376
1'-ACETOXYCHAVICOL ACETATE,3,4.666666666666667,0,1,False,"(1, 3, 4.666666666666667)",1377
"1,6-HEXAMETHYLENE DIISOCYANATE",3,4.666666666666667,0,1,False,"(1, 3, 4.666666666666667)",1378
1-OLEOYL GLYCEROL,3,4.666666666666667,0,1,False,"(1, 3, 4.666666666666667)",1379
1-PALMITOYL-LYSOPHOSPHATIDYLCHOLINE,3,4.666666666666667,0,1,False,"(1, 3, 4.666666666666667)",1380
1-STEAROYL-LYSOPHOSPHATIDYLCHOLINE,3,4.666666666666667,0,1,False,"(1, 3, 4.666666666666667)",1381
12-EPI LTB4,3,4.666666666666667,0,1,False,"(1, 3, 4.666666666666667)",1382
12-HYDROXYHEPTADECATRIENOIC ACID,3,4.666666666666667,0,1,False,"(1, 3, 4.666666666666667)",1383
12S-HETE,3,4.666666666666667,0,1,False,"(1, 3, 4.666666666666667)",1384
15S-HETE,3,4.666666666666667,0,1,False,"(1, 3, 4.666666666666667)",1385
1D09C3,3,4.666666666666667,0,3,False,"(1, 3, 4.666666666666667)",1386
2'3'-CGAMP,3,4.666666666666667,0,1,False,"(1, 3, 4.666666666666667)",1387
2-ARACHIDONYL GLYCERYL ETHER,3,4.666666666666667,0,2,False,"(1, 3, 4.666666666666667)",1388
2-HYDROXYOCTANOIC ACID,3,4.666666666666667,0,1,False,"(1, 3, 4.666666666666667)",1389
"2-METHOXY-&ALPHA;,&BETA;-DIDEHYDRO-AGOMELATINE",3,4.666666666666667,0,1,False,"(1, 3, 4.666666666666667)",1390
2-METHYLHISTAMINE,3,4.666666666666667,0,1,False,"(1, 3, 4.666666666666667)",1391
2-OLEOYL GLYCEROL,3,4.666666666666667,0,1,False,"(1, 3, 4.666666666666667)",1392
2-PHENYLETHYLYL-ADENOSINE DERIVATIVE,3,4.666666666666667,0,1,False,"(1, 3, 4.666666666666667)",1393
2F-MT-45,3,4.666666666666667,0,1,False,"(1, 3, 4.666666666666667)",1394
3 ALPHA-AMINOCHOLESTANE,3,4.666666666666667,0,1,False,"(1, 3, 4.666666666666667)",1395
3&BETA;-HYDROXYDIHYDROCOSTUNOLIDE,3,4.666666666666667,0,1,False,"(1, 3, 4.666666666666667)",1396
3-CHLOROTYROSINE,3,4.666666666666667,0,1,False,"(1, 3, 4.666666666666667)",1397
"3-FLUORO-4-{[(2R)-2-HYDROXY-2-(5,5,8,8-TETRAMETHYL-5,6,7,8-TETRAHYDRO-2-NAPHTHALENYL)ACETYL]AMINO}BENZOIC ACID",3,4.666666666666667,0,1,False,"(1, 3, 4.666666666666667)",1398
3-HYDROXYOCTANOIC ACID,3,4.666666666666667,0,1,False,"(1, 3, 4.666666666666667)",1399
3-IODOTYROSINE,3,4.666666666666667,0,1,False,"(1, 3, 4.666666666666667)",1400
3-ISOBUTYL-8-PYRROLIDINOXANTHINE,3,4.666666666666667,0,1,False,"(1, 3, 4.666666666666667)",1401
3-PYRIDINE-ACETIC ACID,3,4.666666666666667,0,1,False,"(1, 3, 4.666666666666667)",1402
3F-MT-45,3,4.666666666666667,0,1,False,"(1, 3, 4.666666666666667)",1403
3K3A-ACTIVATED PROTEIN C,3,4.666666666666667,0,1,False,"(1, 3, 4.666666666666667)",1404
4-(N-PROPYL)AMINO-3-NITROBENZOIC ACID,3,4.666666666666667,0,1,False,"(1, 3, 4.666666666666667)",1405
4-AMBA,3,4.666666666666667,0,2,False,"(1, 3, 4.666666666666667)",1406
4-HYDROXYBENZALDEHYDE,3,4.666666666666667,0,1,False,"(1, 3, 4.666666666666667)",1407
4-METHYLHISTAMINE,3,4.666666666666667,0,1,False,"(1, 3, 4.666666666666667)",1408
4BP-TQS,3,4.666666666666667,0,1,False,"(1, 3, 4.666666666666667)",1409
4F-MT-45,3,4.666666666666667,0,1,False,"(1, 3, 4.666666666666667)",1410
5'-IODORESINIFERATOXIN,3,4.666666666666667,0,1,False,"(1, 3, 4.666666666666667)",1411
5-CL-5-DEOXY-(&PLUSMN;)-ENBA,3,4.666666666666667,0,1,False,"(1, 3, 4.666666666666667)",1412
5-LOX ACTIVATING PROTEIN,3,4.666666666666667,0,1,False,"(1, 3, 4.666666666666667)",1413
5-LOX INHIBITOR 2M [PMID: 30199704],3,4.666666666666667,0,1,False,"(1, 3, 4.666666666666667)",1414
5-ME-IAA,3,4.666666666666667,0,3,False,"(1, 3, 4.666666666666667)",1415
5-METHYL NICOTINIC ACID,3,4.666666666666667,0,1,False,"(1, 3, 4.666666666666667)",1416
"5-METHYL-5-(5-METHYLTHIOPHEN-3-YL)-4-OXO-4,5-DIHYDROFURAN-2-CARBOXYLIC ACID",3,4.666666666666667,0,1,False,"(1, 3, 4.666666666666667)",1417
5S-HETE,3,4.666666666666667,0,2,False,"(1, 3, 4.666666666666667)",1418
6-FLUOROMEVALONATE 5-DIPHOSPHATE,3,4.666666666666667,0,1,False,"(1, 3, 4.666666666666667)",1419
6-FLUOROMEVALONATE PYROPHOSPHATE,3,4.666666666666667,0,1,False,"(1, 3, 4.666666666666667)",1420
"6-HYDROXY-5,7-DIMETHOXYFLAVONE",3,4.666666666666667,0,4,False,"(1, 3, 4.666666666666667)",1421
6-IODO-NORDIHYDROCAPSAICIN,3,4.666666666666667,0,1,False,"(1, 3, 4.666666666666667)",1422
852A,3,4.666666666666667,0,1,False,"(1, 3, 4.666666666666667)",1423
A-1155463,3,4.666666666666667,0,1,False,"(1, 3, 4.666666666666667)",1424
A-1165442,3,4.666666666666667,0,1,False,"(1, 3, 4.666666666666667)",1425
A-304121,3,4.666666666666667,0,1,False,"(1, 3, 4.666666666666667)",1426
A-582941,3,4.666666666666667,0,1,False,"(1, 3, 4.666666666666667)",1427
A-85380,3,4.666666666666667,0,1,False,"(1, 3, 4.666666666666667)",1428
A-867744,3,4.666666666666667,0,3,False,"(1, 3, 4.666666666666667)",1429
A-935142,3,4.666666666666667,0,1,False,"(1, 3, 4.666666666666667)",1430
A-967079,3,4.666666666666667,0,1,False,"(1, 3, 4.666666666666667)",1431
A134974,3,4.666666666666667,0,1,False,"(1, 3, 4.666666666666667)",1432
A331440,3,4.666666666666667,0,1,False,"(1, 3, 4.666666666666667)",1433
A438079,3,4.666666666666667,0,1,False,"(1, 3, 4.666666666666667)",1434
A740003,3,4.666666666666667,0,1,False,"(1, 3, 4.666666666666667)",1435
A778317,3,4.666666666666667,0,1,False,"(1, 3, 4.666666666666667)",1436
A804598,3,4.666666666666667,0,1,False,"(1, 3, 4.666666666666667)",1437
A839977,3,4.666666666666667,0,1,False,"(1, 3, 4.666666666666667)",1438
AAE-M-PBP-AMINE,3,4.666666666666667,0,1,False,"(1, 3, 4.666666666666667)",1439
AAV1-FS344,3,4.666666666666667,0,1,False,"(1, 3, 4.666666666666667)",1440
AB-NECA,3,4.666666666666667,0,1,False,"(1, 3, 4.666666666666667)",1441
ABACAVIR SULFATE,3,4.666666666666667,0,1,False,"(1, 3, 4.666666666666667)",1442
ABSINTHIN,3,4.666666666666667,0,1,False,"(1, 3, 4.666666666666667)",1443
ABT-288,3,4.666666666666667,0,1,False,"(1, 3, 4.666666666666667)",1444
ABT-384,3,4.666666666666667,0,2,False,"(1, 3, 4.666666666666667)",1445
ABT-560,3,4.666666666666667,0,2,False,"(1, 3, 4.666666666666667)",1446
AC-430,3,4.666666666666667,0,1,False,"(1, 3, 4.666666666666667)",1447
AC-RYYRIK-NH2,3,4.666666666666667,0,1,False,"(1, 3, 4.666666666666667)",1448
AC-RYYRWK-NH2,3,4.666666666666667,0,1,False,"(1, 3, 4.666666666666667)",1449
"AC-[13C,15N]PGP",3,4.666666666666667,0,1,False,"(1, 3, 4.666666666666667)",1450
AC430,3,4.666666666666667,0,2,False,"(1, 3, 4.666666666666667)",1451
ACHE REACTIVATOR 2,3,4.666666666666667,0,1,False,"(1, 3, 4.666666666666667)",1452
ACIFRAN,3,4.666666666666667,0,3,False,"(1, 3, 4.666666666666667)",1453
ACIPIMOX,3,4.666666666666667,0,1,False,"(1, 3, 4.666666666666667)",1454
ACORAFLOXACIN,3,4.666666666666667,0,1,False,"(1, 3, 4.666666666666667)",1455
ACORAMIDIS,3,4.666666666666667,0,1,False,"(1, 3, 4.666666666666667)",1456
ACT-335827,3,4.666666666666667,0,2,False,"(1, 3, 4.666666666666667)",1457
ACT-462206,3,4.666666666666667,0,2,False,"(1, 3, 4.666666666666667)",1458
ACYLINE,3,4.666666666666667,0,1,False,"(1, 3, 4.666666666666667)",1459
ADENOPHOSTIN A,3,4.666666666666667,0,2,False,"(1, 3, 4.666666666666667)",1460
ADENOSINE A2B RECEPTOR ANTAGONIST PBF-1129,3,4.666666666666667,0,1,False,"(1, 3, 4.666666666666667)",1461
ADENOVIRAL TRANSDUCED HIL-12-EXPRESSING AUTOLOGOUS DENDRITIC CELLS INXN-3001 PLUS ACTIVATOR LIGAND INXN-1001,3,4.666666666666667,0,2,False,"(1, 3, 4.666666666666667)",1462
ADRIFORANT,3,4.666666666666667,0,3,False,"(1, 3, 4.666666666666667)",1463
ADU-S100,3,4.666666666666667,0,2,False,"(1, 3, 4.666666666666667)",1464
AG-858,3,4.666666666666667,0,1,False,"(1, 3, 4.666666666666667)",1465
AGATOLIMOD,3,4.666666666666667,0,1,False,"(1, 3, 4.666666666666667)",1466
AGK2,3,4.666666666666667,0,1,False,"(1, 3, 4.666666666666667)",1467
ALARELIN,3,4.666666666666667,0,1,False,"(1, 3, 4.666666666666667)",1468
ALATROFLOXACIN MESYLATE,3,4.666666666666667,0,1,False,"(1, 3, 4.666666666666667)",1469
ALDISIN,3,4.666666666666667,0,1,False,"(1, 3, 4.666666666666667)",1470
ALLICIN,3,4.666666666666667,0,2,False,"(1, 3, 4.666666666666667)",1471
ALMOREXANT,3,4.666666666666667,0,4,False,"(1, 3, 4.666666666666667)",1472
ALOGABAT,3,4.666666666666667,0,1,False,"(1, 3, 4.666666666666667)",1473
ALPHA 1-ANTITRYPSIN,3,4.666666666666667,0,3,False,"(1, 3, 4.666666666666667)",1474
ALTINICLINE,3,4.666666666666667,0,2,False,"(1, 3, 4.666666666666667)",1475
ALTISSIMACOUMARIN C,3,4.666666666666667,0,1,False,"(1, 3, 4.666666666666667)",1476
ALTISSIMACOUMARIN D,3,4.666666666666667,0,1,False,"(1, 3, 4.666666666666667)",1477
ALTISSIMACOUMARIN E,3,4.666666666666667,0,1,False,"(1, 3, 4.666666666666667)",1478
ALTISSIMACOUMARIN F,3,4.666666666666667,0,1,False,"(1, 3, 4.666666666666667)",1479
ALVELESTAT,3,4.666666666666667,0,2,False,"(1, 3, 4.666666666666667)",1480
AM-0902,3,4.666666666666667,0,1,False,"(1, 3, 4.666666666666667)",1481
AM095,3,4.666666666666667,0,1,False,"(1, 3, 4.666666666666667)",1482
AM10257,3,4.666666666666667,0,1,False,"(1, 3, 4.666666666666667)",1483
AM1241,3,4.666666666666667,0,1,False,"(1, 3, 4.666666666666667)",1484
AM2201,3,4.666666666666667,0,2,False,"(1, 3, 4.666666666666667)",1485
AM7499,3,4.666666666666667,0,1,False,"(1, 3, 4.666666666666667)",1486
AMA,3,4.666666666666667,0,1,False,"(1, 3, 4.666666666666667)",1487
AMA0076,3,4.666666666666667,0,2,False,"(1, 3, 4.666666666666667)",1488
AMAROGENTIN,3,4.666666666666667,0,3,False,"(1, 3, 4.666666666666667)",1489
AMDOXOVIR,3,4.666666666666667,0,1,False,"(1, 3, 4.666666666666667)",1490
AMG 9810,3,4.666666666666667,0,1,False,"(1, 3, 4.666666666666667)",1491
AMG-208,3,4.666666666666667,0,1,False,"(1, 3, 4.666666666666667)",1492
AMG-319,3,4.666666666666667,0,1,False,"(1, 3, 4.666666666666667)",1493
AMG820,3,4.666666666666667,0,1,False,"(1, 3, 4.666666666666667)",1494
AMOBARBITAL,3,4.666666666666667,0,1,False,"(1, 3, 4.666666666666667)",1495
AMPHIREGULIN,3,4.666666666666667,0,1,False,"(1, 3, 4.666666666666667)",1496
AMREDOBRESIB,3,4.666666666666667,0,2,False,"(1, 3, 4.666666666666667)",1497
AMTHAMINE,3,4.666666666666667,0,1,False,"(1, 3, 4.666666666666667)",1498
"ANALOG 3 [VLATTAS ET AL., 1996]",3,4.666666666666667,0,1,False,"(1, 3, 4.666666666666667)",1499
ANCROD,3,4.666666666666667,0,4,False,"(1, 3, 4.666666666666667)",1500
ANDARINE,3,4.666666666666667,0,1,False,"(1, 3, 4.666666666666667)",1501
ANTI-BRP-LPA,3,4.666666666666667,0,1,False,"(1, 3, 4.666666666666667)",1502
ANTI-C-MET MONOCLONAL ANTIBODY SAIT301,3,4.666666666666667,0,1,False,"(1, 3, 4.666666666666667)",1503
ANTI-CA6-DM4 IMMUNOCONJUGATE SAR566658,3,4.666666666666667,0,1,False,"(1, 3, 4.666666666666667)",1504
ANTI-TF MONOCLONAL ANTIBODY ALT-836,3,4.666666666666667,0,1,False,"(1, 3, 4.666666666666667)",1505
"ANTIHEMOPHILIC FACTOR, PEGYLATED (MW 20000) HUMAN SEQUENCE RECOMBINANT",3,4.666666666666667,0,1,False,"(1, 3, 4.666666666666667)",1506
AP18,3,4.666666666666667,0,1,False,"(1, 3, 4.666666666666667)",1507
APD668,3,4.666666666666667,0,2,False,"(1, 3, 4.666666666666667)",1508
APELIN RECEPTOR EARLY ENDOGENOUS LIGAND,3,4.666666666666667,0,1,False,"(1, 3, 4.666666666666667)",1509
APELIN-13,3,4.666666666666667,0,1,False,"(1, 3, 4.666666666666667)",1510
APELIN-17,3,4.666666666666667,0,1,False,"(1, 3, 4.666666666666667)",1511
APELIN-36,3,4.666666666666667,0,1,False,"(1, 3, 4.666666666666667)",1512
APETX-1,3,4.666666666666667,0,1,False,"(1, 3, 4.666666666666667)",1513
APITEGROMAB,3,4.666666666666667,0,1,False,"(1, 3, 4.666666666666667)",1514
APRATOXIN F,3,4.666666666666667,0,1,False,"(1, 3, 4.666666666666667)",1515
APRICITABINE,3,4.666666666666667,0,1,False,"(1, 3, 4.666666666666667)",1516
AQ-13,3,4.666666666666667,0,1,False,"(1, 3, 4.666666666666667)",1517
AR231453,3,4.666666666666667,0,1,False,"(1, 3, 4.666666666666667)",1518
ARAMCHOL,3,4.666666666666667,0,1,False,"(1, 3, 4.666666666666667)",1519
ARD-266,3,4.666666666666667,0,1,False,"(1, 3, 4.666666666666667)",1520
ARD-69,3,4.666666666666667,0,1,False,"(1, 3, 4.666666666666667)",1521
ARDEPARIN SODIUM,3,4.666666666666667,0,1,False,"(1, 3, 4.666666666666667)",1522
ARGININE BUTYRATE,3,4.666666666666667,0,1,False,"(1, 3, 4.666666666666667)",1523
ARTEPILLIN C,3,4.666666666666667,0,1,False,"(1, 3, 4.666666666666667)",1524
AS-1409,3,4.666666666666667,0,1,False,"(1, 3, 4.666666666666667)",1525
AS-703988,3,4.666666666666667,0,2,False,"(1, 3, 4.666666666666667)",1526
AS100,3,4.666666666666667,0,2,False,"(1, 3, 4.666666666666667)",1527
AS1269574,3,4.666666666666667,0,1,False,"(1, 3, 4.666666666666667)",1528
AS1409,3,4.666666666666667,0,3,False,"(1, 3, 4.666666666666667)",1529
AS1535907,3,4.666666666666667,0,1,False,"(1, 3, 4.666666666666667)",1530
AS16,3,4.666666666666667,0,1,False,"(1, 3, 4.666666666666667)",1531
AS1907417,3,4.666666666666667,0,1,False,"(1, 3, 4.666666666666667)",1532
AS70,3,4.666666666666667,0,2,False,"(1, 3, 4.666666666666667)",1533
AS74,3,4.666666666666667,0,1,False,"(1, 3, 4.666666666666667)",1534
AS94,3,4.666666666666667,0,1,False,"(1, 3, 4.666666666666667)",1535
AS95,3,4.666666666666667,0,1,False,"(1, 3, 4.666666666666667)",1536
AS96,3,4.666666666666667,0,1,False,"(1, 3, 4.666666666666667)",1537
AS99,3,4.666666666666667,0,2,False,"(1, 3, 4.666666666666667)",1538
ASN06356088,3,4.666666666666667,0,1,False,"(1, 3, 4.666666666666667)",1539
ASP7663,3,4.666666666666667,0,1,False,"(1, 3, 4.666666666666667)",1540
ASTRAGALIN,3,4.666666666666667,0,1,False,"(1, 3, 4.666666666666667)",1541
AT-13148,3,4.666666666666667,0,3,False,"(1, 3, 4.666666666666667)",1542
AT-403,3,4.666666666666667,0,1,False,"(1, 3, 4.666666666666667)",1543
ATABECESTAT,3,4.666666666666667,0,3,False,"(1, 3, 4.666666666666667)",1544
ATACICEPT,3,4.666666666666667,0,2,False,"(1, 3, 4.666666666666667)",1545
ATACIGUAT,3,4.666666666666667,0,5,False,"(1, 3, 4.666666666666667)",1546
ATEVIRDINE MESYLATE,3,4.666666666666667,0,1,False,"(1, 3, 4.666666666666667)",1547
ATG002,3,4.666666666666667,0,1,False,"(1, 3, 4.666666666666667)",1548
ATP&GAMMA;S,3,4.666666666666667,0,3,False,"(1, 3, 4.666666666666667)",1549
ATRACURIUM,3,4.666666666666667,0,6,False,"(1, 3, 4.666666666666667)",1550
AUDIEN,3,4.666666666666667,0,1,False,"(1, 3, 4.666666666666667)",1551
AUPHEN,3,4.666666666666667,0,2,False,"(1, 3, 4.666666666666667)",1552
&ALPHA;-CONOTOXIN RGIA,3,4.777777777777778,0,2,False,"(1, 3, 4.777777777777778)",1553
&BETA;-PHENYLETHYLAMINE,3,4.777777777777778,0,1,False,"(1, 3, 4.777777777777778)",1554
"(2S,4S)-KETOCONAZOLE",3,4.777777777777778,0,4,False,"(1, 3, 4.777777777777778)",1555
(R)-AS-1,3,4.777777777777778,0,1,False,"(1, 3, 4.777777777777778)",1556
(S)-FTY720P,3,4.777777777777778,0,1,False,"(1, 3, 4.777777777777778)",1557
2-ARACHIDONOYLGLYCEROLPHOSPHOINOSITOL,3,4.777777777777778,0,1,False,"(1, 3, 4.777777777777778)",1558
2-HYDROXY CAPRIC ACID,3,4.777777777777778,0,1,False,"(1, 3, 4.777777777777778)",1559
2-HYDROXYLAURIC ACID,3,4.777777777777778,0,1,False,"(1, 3, 4.777777777777778)",1560
2-PHENYL-PROPYLAMINE,3,4.777777777777778,0,1,False,"(1, 3, 4.777777777777778)",1561
3-HYDROXY CAPRIC ACID,3,4.777777777777778,0,1,False,"(1, 3, 4.777777777777778)",1562
3-HYDROXYLAURIC ACID,3,4.777777777777778,0,1,False,"(1, 3, 4.777777777777778)",1563
6-N-OCTYLAMINOURACIL,3,4.777777777777778,0,1,False,"(1, 3, 4.777777777777778)",1564
"6-NONYLPYRIDINE-2,4-DIOL",3,4.777777777777778,0,1,False,"(1, 3, 4.777777777777778)",1565
6-PRENYLNARINGENIN,3,4.777777777777778,0,1,False,"(1, 3, 4.777777777777778)",1566
A-674563,3,4.777777777777778,0,3,False,"(1, 3, 4.777777777777778)",1567
ABD-1970,3,4.777777777777778,0,1,False,"(1, 3, 4.777777777777778)",1568
ABNORMAL CANNABIDIOL,3,4.777777777777778,0,2,False,"(1, 3, 4.777777777777778)",1569
ABZ-SER-PRO-TYR(NO2)-OH,3,4.777777777777778,0,1,False,"(1, 3, 4.777777777777778)",1570
AC261066,3,4.777777777777778,0,1,False,"(1, 3, 4.777777777777778)",1571
ACALABRUTINIB MALEATE,3,4.777777777777778,0,1,False,"(1, 3, 4.777777777777778)",1572
ACONITINE,3,4.777777777777778,0,1,False,"(1, 3, 4.777777777777778)",1573
ADECATUMUMAB,3,4.777777777777778,0,1,False,"(1, 3, 4.777777777777778)",1574
AFM13,3,4.777777777777778,0,3,False,"(1, 3, 4.777777777777778)",1575
ALOIN,3,4.777777777777778,0,1,False,"(1, 3, 4.777777777777778)",1576
ALOISINE,3,4.777777777777778,0,3,False,"(1, 3, 4.777777777777778)",1577
ALPHA-CONOTOXIN VC 1.1,3,4.777777777777778,0,1,False,"(1, 3, 4.777777777777778)",1578
ALUNACEDASE ALFA,3,4.777777777777778,0,1,False,"(1, 3, 4.777777777777778)",1579
ALVAC VACCINE,3,4.777777777777778,0,1,False,"(1, 3, 4.777777777777778)",1580
AM11542,3,4.777777777777778,0,1,False,"(1, 3, 4.777777777777778)",1581
AM6538,3,4.777777777777778,0,1,False,"(1, 3, 4.777777777777778)",1582
AM6545,3,4.777777777777778,0,1,False,"(1, 3, 4.777777777777778)",1583
AM841,3,4.777777777777778,0,1,False,"(1, 3, 4.777777777777778)",1584
AMAUROMINE,3,4.777777777777778,0,1,False,"(1, 3, 4.777777777777778)",1585
AMG-837,3,4.777777777777778,0,2,False,"(1, 3, 4.777777777777778)",1586
AMISELIMOD,3,4.777777777777778,0,1,False,"(1, 3, 4.777777777777778)",1587
AMISELIMOD HYDROCHLORIDE,3,4.777777777777778,0,5,False,"(1, 3, 4.777777777777778)",1588
AMSILAROTENE,3,4.777777777777778,0,1,False,"(1, 3, 4.777777777777778)",1589
ANAMORELIN HYDROCHLORIDE,3,4.777777777777778,0,1,False,"(1, 3, 4.777777777777778)",1590
ANGIOTENSIN-(1-7),3,4.777777777777778,0,2,False,"(1, 3, 4.777777777777778)",1591
ANHYDROUS ZINC ACETATE,3,4.777777777777778,0,1,False,"(1, 3, 4.777777777777778)",1592
ANTI-CD30 CAR T CELLS PREPARATION,3,4.777777777777778,0,1,False,"(1, 3, 4.777777777777778)",1593
ANTI-CD30 MONOCLONAL ANTIBODY MDX-1401,3,4.777777777777778,0,1,False,"(1, 3, 4.777777777777778)",1594
ANTI-PKN3 SIRNA ATU027,3,4.777777777777778,0,1,False,"(1, 3, 4.777777777777778)",1595
APRAGLUTIDE,3,4.777777777777778,0,1,False,"(1, 3, 4.777777777777778)",1596
ARACHIDONYLCYCLOPROPYLAMIDE,3,4.777777777777778,0,1,False,"(1, 3, 4.777777777777778)",1597
ASP-4058,3,4.777777777777778,0,2,False,"(1, 3, 4.777777777777778)",1598
ASP8477,3,4.777777777777778,0,2,False,"(1, 3, 4.777777777777778)",1599
ATU-027,3,4.777777777777778,0,1,False,"(1, 3, 4.777777777777778)",1600
ATUVECICLIB,3,4.777777777777778,0,1,False,"(1, 3, 4.777777777777778)",1601
ATUZABRUTINIB,3,4.777777777777778,0,1,False,"(1, 3, 4.777777777777778)",1602
AUROTHIOGLUCOSE,3,4.777777777777778,0,1,False,"(1, 3, 4.777777777777778)",1603
AUTOLOGOUS BONE MARROW-DERIVED CD34/CXCR4-POSITIVE STEM CELLS AMR-001,3,4.777777777777778,0,1,False,"(1, 3, 4.777777777777778)",1604
AUTOLOGOUS CD30CAR-CD28-CD3ZETA-EXPRESSING T-LYMPHOCYTES,3,4.777777777777778,0,1,False,"(1, 3, 4.777777777777778)",1605
AVACOPAN,3,4.777777777777778,0,2,False,"(1, 3, 4.777777777777778)",1606
AVDORALIMAB,3,4.777777777777778,0,1,False,"(1, 3, 4.777777777777778)",1607
AVE-1625,3,4.777777777777778,0,1,False,"(1, 3, 4.777777777777778)",1608
(R)-2H [PMID:19625189],3,4.888888888888889,0,1,False,"(1, 3, 4.888888888888889)",1609
"(R,S)-4-PPG",3,4.888888888888889,0,4,False,"(1, 3, 4.888888888888889)",1610
"(S)-3,4-DCPG",3,4.888888888888889,0,3,False,"(1, 3, 4.888888888888889)",1611
(S)-4C3HPG,3,4.888888888888889,0,1,False,"(1, 3, 4.888888888888889)",1612
1-METHYL-L-TRYPTOPHAN,3,4.888888888888889,0,1,False,"(1, 3, 4.888888888888889)",1613
2-METHYL-3-PHENETHYL-3H-PYRIMIDIN-4-ONE,3,4.888888888888889,0,1,False,"(1, 3, 4.888888888888889)",1614
22R-HYDROXYCHOLESTEROL,3,4.888888888888889,0,3,False,"(1, 3, 4.888888888888889)",1615
2X-121,3,4.888888888888889,0,4,False,"(1, 3, 4.888888888888889)",1616
"3-BICYCLO[2.2.1]HEPT-2-YL-BENZENE-1,2-DIOL",3,4.888888888888889,0,1,False,"(1, 3, 4.888888888888889)",1617
3-PHENYL-CPP,3,4.888888888888889,0,2,False,"(1, 3, 4.888888888888889)",1618
4-HYDROXYNONENAL,3,4.888888888888889,0,1,False,"(1, 3, 4.888888888888889)",1619
"4-[3-(1,4-DIAZEPAN-1-YLCARBONYL)-4-FLUOROBENZYL]PHTHALAZIN-1(2H)-ONE",3,4.888888888888889,0,2,False,"(1, 3, 4.888888888888889)",1620
65PF,3,4.888888888888889,0,1,False,"(1, 3, 4.888888888888889)",1621
6E11,3,4.888888888888889,0,1,False,"(1, 3, 4.888888888888889)",1622
7-HYDROXYCHOLESTEROL,3,4.888888888888889,0,1,False,"(1, 3, 4.888888888888889)",1623
A-794278,3,4.888888888888889,0,1,False,"(1, 3, 4.888888888888889)",1624
A-794282,3,4.888888888888889,0,1,False,"(1, 3, 4.888888888888889)",1625
A-850002,3,4.888888888888889,0,1,False,"(1, 3, 4.888888888888889)",1626
ABL127,3,4.888888888888889,0,1,False,"(1, 3, 4.888888888888889)",1627
AC265347,3,4.888888888888889,0,1,False,"(1, 3, 4.888888888888889)",1628
ACPHE-ORN-PRO-D-CHA-TRP-ARG,3,4.888888888888889,0,1,False,"(1, 3, 4.888888888888889)",1629
ACT-1014-6470,3,4.888888888888889,0,1,False,"(1, 3, 4.888888888888889)",1630
ADEMETIONINE,3,4.888888888888889,0,1,False,"(1, 3, 4.888888888888889)",1631
ADROPIN,3,4.888888888888889,0,1,False,"(1, 3, 4.888888888888889)",1632
ADX10059,3,4.888888888888889,0,1,False,"(1, 3, 4.888888888888889)",1633
ADX88178,3,4.888888888888889,0,1,False,"(1, 3, 4.888888888888889)",1634
AG 1024,3,4.888888888888889,0,1,False,"(1, 3, 4.888888888888889)",1635
AG-122018,3,4.888888888888889,0,1,False,"(1, 3, 4.888888888888889)",1636
AG-17724,3,4.888888888888889,0,1,False,"(1, 3, 4.888888888888889)",1637
AK-2292,3,4.888888888888889,0,2,False,"(1, 3, 4.888888888888889)",1638
ALAPROCLATE HYDROCHLORIDE,3,4.888888888888889,0,1,False,"(1, 3, 4.888888888888889)",1639
ALPHA-THUJAPLICIN,3,4.888888888888889,0,1,False,"(1, 3, 4.888888888888889)",1640
ALRT 1550,3,4.888888888888889,0,2,False,"(1, 3, 4.888888888888889)",1641
AMELPARIB DIHYDROCHLORIDE DIHYDRATE,3,4.888888888888889,0,1,False,"(1, 3, 4.888888888888889)",1642
AMG-1,3,4.888888888888889,0,1,False,"(1, 3, 4.888888888888889)",1643
AMPKINONE,3,4.888888888888889,0,1,False,"(1, 3, 4.888888888888889)",1644
ANIFROLUMAB,3,4.888888888888889,0,3,False,"(1, 3, 4.888888888888889)",1645
ANTI-HBEGF MONOCLONAL ANTIBODY U3-1565,3,4.888888888888889,0,1,False,"(1, 3, 4.888888888888889)",1646
ANX-005,3,4.888888888888889,0,1,False,"(1, 3, 4.888888888888889)",1647
APA,3,4.888888888888889,0,1,False,"(1, 3, 4.888888888888889)",1648
APOGOSSYPOL,3,4.888888888888889,0,1,False,"(1, 3, 4.888888888888889)",1649
APOMAB,3,4.888888888888889,0,1,False,"(1, 3, 4.888888888888889)",1650
APTO-253,3,4.888888888888889,0,2,False,"(1, 3, 4.888888888888889)",1651
APV206690A,3,4.888888888888889,0,1,False,"(1, 3, 4.888888888888889)",1652
APV207010A,3,4.888888888888889,0,1,False,"(1, 3, 4.888888888888889)",1653
APV207094A,3,4.888888888888889,0,1,False,"(1, 3, 4.888888888888889)",1654
APV207095A,3,4.888888888888889,0,1,False,"(1, 3, 4.888888888888889)",1655
ARBUTIN,3,4.888888888888889,0,1,False,"(1, 3, 4.888888888888889)",1656
ARECOLINE HYDROBROMIDE,3,4.888888888888889,0,1,False,"(1, 3, 4.888888888888889)",1657
ARN19874,3,4.888888888888889,0,1,False,"(1, 3, 4.888888888888889)",1658
ASPIRIN-TRIGGERED RESOLVIN D1,3,4.888888888888889,0,2,False,"(1, 3, 4.888888888888889)",1659
ATF936,3,4.888888888888889,0,1,False,"(1, 3, 4.888888888888889)",1660
ATRIAL NATRIURETIC PEPTIDE,3,4.888888888888889,0,4,False,"(1, 3, 4.888888888888889)",1661
ATX-101,3,4.888888888888889,0,1,False,"(1, 3, 4.888888888888889)",1662
AURORA KINASE INHIBITOR II,3,4.888888888888889,0,2,False,"(1, 3, 4.888888888888889)",1663
AVACINCAPTAD PEGOL,3,4.888888888888889,0,1,False,"(1, 3, 4.888888888888889)",1664
AVADOMIDE,3,4.888888888888889,0,1,False,"(1, 3, 4.888888888888889)",1665
AVATROMBOPAG MALEATE,3,4.888888888888889,0,1,False,"(1, 3, 4.888888888888889)",1666
(S)-FTY720-PHOSPHATE,3,5.0,0,1,False,"(1, 3, 5.0)",1667
"5-(2-ETHOXYETHYL)-5-[4-(4-FLUOROPHENOXY)PHENOXY]PYRIMIDINE-2,4,6(1H,3H,5H)-TRIONE",3,5.0,0,1,False,"(1, 3, 5.0)",1668
A-971432,3,5.0,0,2,False,"(1, 3, 5.0)",1669
AFD(R),3,5.0,0,4,False,"(1, 3, 5.0)",1670
AMISELIMOD PHOSPHATE,3,5.0,0,1,False,"(1, 3, 5.0)",1671
ARP100,3,5.0,0,1,False,"(1, 3, 5.0)",1672
ASP4058,3,5.0,0,4,False,"(1, 3, 5.0)",1673
AUY954,3,5.0,0,2,False,"(1, 3, 5.0)",1674
AVAGACESTAT,3,5.0,0,8,False,"(1, 3, 5.0)",1675
ATI-355,3,5.166666666666667,0,1,False,"(1, 3, 5.166666666666667)",1676
ATINUMAB,3,5.166666666666667,0,1,False,"(1, 3, 5.166666666666667)",1677
ACQ090,3,5.277777777777778,0,1,False,"(1, 3, 5.277777777777778)",1678
&ALPHA;-FLUOROMETHYLENEPHOSPHONATE,4,4.777777777777778,0,1,False,"(1, 4, 4.777777777777778)",1679
ASCRINVACUMAB,4,4.777777777777778,0,1,False,"(1, 4, 4.777777777777778)",1680
APLAVIROC,4,4.888888888888889,0,1,False,"(1, 4, 4.888888888888889)",1681
3-DEAZAADENOSINE,4,5.222222222222222,0,1,False,"(1, 4, 5.222222222222222)",1682
"4-ARYLPHTHALAZIN-1(2H)-3,4-DI-F",4,5.444444444444445,0,1,False,"(1, 4, 5.444444444444445)",1683
7-FLUOROCHROMONE-2-CARBOXAMIDE,4,5.444444444444445,0,1,False,"(1, 4, 5.444444444444445)",1684
AC-HMCH-(6-16)-NH2,4,5.444444444444445,0,2,False,"(1, 4, 5.444444444444445)",1685
ATC0065,4,5.444444444444445,0,2,False,"(1, 4, 5.444444444444445)",1686
"2,3-DIHYDRO-1,4-DITHIIN-1,1,4,4-TETROXIDE",4,5.888888888888889,0,1,False,"(1, 4, 5.888888888888889)",1687
&BETA;-SECRETASE INHIBITOR IV,5,5.0,0,3,False,"(1, 5, 5.0)",1688
11-CIS-RETINAL,5,5.0,0,1,False,"(1, 5, 5.0)",1689
"2',3'-DIDEOXYADENOSINE TRIPHOSPHATE",5,5.0,0,1,False,"(1, 5, 5.0)",1690
"2,2'-PYRIDYLISATOGEN TOSYLATE",5,5.0,0,1,False,"(1, 5, 5.0)",1691
"2,4-EPI-NEODYSIHERBAINE",5,5.0,0,2,False,"(1, 5, 5.0)",1692
"2-AMINO-3-(3-HYDROXY-7,8-DIHYDRO-6H-CYCLOHEPTA[D]-4-ISOXAZOLYL)PROPIONIC ACID",5,5.0,0,1,False,"(1, 5, 5.0)",1693
2-CL-ADP(&ALPHA;-BH3),5,5.0,0,1,False,"(1, 5, 5.0)",1694
2-O-ETHYL-PAF C-16,5,5.0,0,1,False,"(1, 5, 5.0)",1695
2-O-METHYL-PAF C-18,5,5.0,0,1,False,"(1, 5, 5.0)",1696
"24(S), 25-EPOXYCHOLESTEROL",5,5.0,0,2,False,"(1, 5, 5.0)",1697
24(S)-HYDROXYCHOLESTEROL,5,5.0,0,2,False,"(1, 5, 5.0)",1698
27-HYDROXYCHOLESTEROL,5,5.0,0,3,False,"(1, 5, 5.0)",1699
3-PHENACYL-UDP,5,5.0,0,1,False,"(1, 5, 5.0)",1700
5-HYDROXYMETHYL-2-FURFURAL,5,5.0,0,1,False,"(1, 5, 5.0)",1701
7-METHYLXANTHINE,5,5.0,0,1,False,"(1, 5, 5.0)",1702
8-DEOXY-NEODYSIHERBAINE,5,5.0,0,1,False,"(1, 5, 5.0)",1703
81C6 131I,5,5.0,0,1,False,"(1, 5, 5.0)",1704
A192621,5,5.0,0,1,False,"(1, 5, 5.0)",1705
A2P5P,5,5.0,0,1,False,"(1, 5, 5.0)",1706
ABT-299,5,5.0,0,1,False,"(1, 5, 5.0)",1707
ABT-491,5,5.0,0,1,False,"(1, 5, 5.0)",1708
ACESULFAME,5,5.0,0,2,False,"(1, 5, 5.0)",1709
ACET,5,5.0,0,1,False,"(1, 5, 5.0)",1710
ACETYL-PODOCARPIC DIMER,5,5.0,0,2,False,"(1, 5, 5.0)",1711
ADENOSINE-3'-5'-BISPHOSPHATE,5,5.0,0,1,False,"(1, 5, 5.0)",1712
AG+,5,5.0,0,1,False,"(1, 5, 5.0)",1713
ALBINTERFERON ALFA-2B,5,5.0,0,3,False,"(1, 5, 5.0)",1714
ALFIMEPRASE,5,5.0,0,3,False,"(1, 5, 5.0)",1715
ALPHA-1-PROTEINASE INHIBITOR HUMAN,5,5.0,0,1,False,"(1, 5, 5.0)",1716
AM-6494,5,5.0,0,2,False,"(1, 5, 5.0)",1717
AMELUBANT,5,5.0,0,1,False,"(1, 5, 5.0)",1718
AMG-8718,5,5.0,0,1,False,"(1, 5, 5.0)",1719
ANTI-CD20 CAR T CELLS PREPARATION,5,5.0,0,2,False,"(1, 5, 5.0)",1720
ANTI-CD38 CAR T CELLS PREPARATION,5,5.0,0,1,False,"(1, 5, 5.0)",1721
ANTI-NY-ESO-1 IMMUNOTHERAPEUTIC GSK-2241658A,5,5.0,0,1,False,"(1, 5, 5.0)",1722
AP5A,5,5.0,0,1,False,"(1, 5, 5.0)",1723
APAFANT,5,5.0,0,1,False,"(1, 5, 5.0)",1724
ARI-3531,5,5.0,0,1,False,"(1, 5, 5.0)",1725
ARN-3236,5,5.0,0,3,False,"(1, 5, 5.0)",1726
ATPA,5,5.0,0,1,False,"(1, 5, 5.0)",1727
AUTOLOGOUS ANTI-CD20 CAR TRANSDUCED CD4/CD8 ENRICHED T-CELLS MB-CART20.1,5,5.0,0,1,False,"(1, 5, 5.0)",1728
AVE1231,5,5.0,0,1,False,"(1, 5, 5.0)",1729
ABELACIMAB,5,5.055555555555555,0,2,False,"(1, 5, 5.055555555555555)",1730
&ALPHA;-MSH,5,5.111111111111111,0,4,False,"(1, 5, 5.111111111111111)",1731
135PAM1,5,5.111111111111111,0,1,False,"(1, 5, 5.111111111111111)",1732
3-METHYLHEXANAL,5,5.111111111111111,0,1,False,"(1, 5, 5.111111111111111)",1733
4-(BENZHYDRYLOXY)-1-[3-(1H-TETRAAZOL-5-YL)PROPYL]PIPERIDINE,5,5.111111111111111,0,2,False,"(1, 5, 5.111111111111111)",1734
5PAM523,5,5.111111111111111,0,1,False,"(1, 5, 5.111111111111111)",1735
"AC-LYS-[MEALA6,LEU8,DES-ARG9]BRADYKININ",5,5.111111111111111,0,1,False,"(1, 5, 5.111111111111111)",1736
AC-PHE-TRP-ALA-HIS(&TAU;BZL)-NIP-GLY-ARG-NH2,5,5.111111111111111,0,1,False,"(1, 5, 5.111111111111111)",1737
ACDPP,5,5.111111111111111,0,1,False,"(1, 5, 5.111111111111111)",1738
ACTINIUM AC 225 LINTUZUMAB,5,5.111111111111111,0,1,False,"(1, 5, 5.111111111111111)",1739
ADP-RIBOSYLATION FACTOR 1,5,5.111111111111111,0,1,False,"(1, 5, 5.111111111111111)",1740
ADX-47273,5,5.111111111111111,0,1,False,"(1, 5, 5.111111111111111)",1741
AGOUTI-RELATED PROTEIN,5,5.111111111111111,0,3,False,"(1, 5, 5.111111111111111)",1742
ALAGEBRIUM CHLORIDE,5,5.111111111111111,0,1,False,"(1, 5, 5.111111111111111)",1743
ALEFACEPT,5,5.111111111111111,0,2,False,"(1, 5, 5.111111111111111)",1744
ALLOGENEIC CD123-SPECIFIC UNIVERSAL CAR123-EXPRESSING T-LYMPHOCYTES,5,5.111111111111111,0,1,False,"(1, 5, 5.111111111111111)",1745
ALLOIN,5,5.111111111111111,0,1,False,"(1, 5, 5.111111111111111)",1746
ALLOSTERIC MODULATOR 33 [PMID: 35878399],5,5.111111111111111,0,1,False,"(1, 5, 5.111111111111111)",1747
AMG-780,5,5.111111111111111,0,2,False,"(1, 5, 5.111111111111111)",1748
ANRUKINZUMAB,5,5.111111111111111,0,1,False,"(1, 5, 5.111111111111111)",1749
ANTI-CD123 CAR T CELLS PREPARATION,5,5.111111111111111,0,1,False,"(1, 5, 5.111111111111111)",1750
ANTI-CD123/CD3 BISPECIFIC ANTIBODY JNJ-63709178,5,5.111111111111111,0,1,False,"(1, 5, 5.111111111111111)",1751
ANTI-CD33 CAR T-CELLS,5,5.111111111111111,0,1,False,"(1, 5, 5.111111111111111)",1752
ANTI-HIV-1 LENTIVIRAL VECTOR-EXPRESSING SH5/C46 CAL-1,5,5.111111111111111,0,1,False,"(1, 5, 5.111111111111111)",1753
APILIMOD,5,5.111111111111111,0,3,False,"(1, 5, 5.111111111111111)",1754
AR-20.5,5,5.111111111111111,0,1,False,"(1, 5, 5.111111111111111)",1755
AS-1403,5,5.111111111111111,0,1,False,"(1, 5, 5.111111111111111)",1756
ASP7991,5,5.111111111111111,0,1,False,"(1, 5, 5.111111111111111)",1757
ATF-936,5,5.111111111111111,0,1,False,"(1, 5, 5.111111111111111)",1758
AUTOLOGOUS CD123CAR-CD28-CD3ZETA-EGFRT-EXPRESSING T LYMPHOCYTES MB-102,5,5.111111111111111,0,1,False,"(1, 5, 5.111111111111111)",1759
AVE-9633,5,5.111111111111111,0,1,False,"(1, 5, 5.111111111111111)",1760
AVP-21D9,5,5.111111111111111,0,1,False,"(1, 5, 5.111111111111111)",1761
1-ALLYL-2-[3-(ISOPROPYLAMINO)PROPOXY]-9H-CARBAZOLE,5,5.222222222222222,0,1,False,"(1, 5, 5.222222222222222)",1762
1-ALLYL-2-[3-(ISOPROPYLAMINO)PROPOXY]-9H-XANTHEN-9-ONE,5,5.222222222222222,0,1,False,"(1, 5, 5.222222222222222)",1763
"10,10-DIFLUORO TXA2",5,5.222222222222222,0,1,False,"(1, 5, 5.222222222222222)",1764
"13,14-DIHYDRO-16-M-CHLOROPHENOXY-W-TETRANOR-PGF1&ALPHA;",5,5.222222222222222,0,1,False,"(1, 5, 5.222222222222222)",1765
4-NITROPHENYL-&BETA;-D-MANNOPYRANOSIDE,5,5.222222222222222,0,1,False,"(1, 5, 5.222222222222222)",1766
AC-VEID-CHO,5,5.222222222222222,0,1,False,"(1, 5, 5.222222222222222)",1767
ADC3680,5,5.222222222222222,0,1,False,"(1, 5, 5.222222222222222)",1768
AGN 191976,5,5.222222222222222,0,1,False,"(1, 5, 5.222222222222222)",1769
AL-12182,5,5.222222222222222,0,1,False,"(1, 5, 5.222222222222222)",1770
AL12180,5,5.222222222222222,0,1,False,"(1, 5, 5.222222222222222)",1771
AM-211,5,5.222222222222222,0,1,False,"(1, 5, 5.222222222222222)",1772
ANTI-BCMA CAR T CELLS PREPARATION,5,5.222222222222222,0,1,False,"(1, 5, 5.222222222222222)",1773
ANTRAFENINE,5,5.222222222222222,0,1,False,"(1, 5, 5.222222222222222)",1774
AS604872,5,5.222222222222222,0,1,False,"(1, 5, 5.222222222222222)",1775
AUTOLOGOUS ANTI-BCMA-CAR-4-1BB-CD3ZETA-EXPRESSING MEMORY T-LYMPHOCYTES BB21217,5,5.222222222222222,0,1,False,"(1, 5, 5.222222222222222)",1776
AUTOLOGOUS ANTI-BCMA-CAR-4-1BB-CD3ZETA-EXPRESSING T-CELLS C-CAR088,5,5.222222222222222,0,1,False,"(1, 5, 5.222222222222222)",1777
AUTOLOGOUS ANTI-BCMA-CAR-EXPRESSING CD4+/CD8+ T-LYMPHOCYTES FCARH143,5,5.222222222222222,0,1,False,"(1, 5, 5.222222222222222)",1778
AUTOLOGOUS ANTI-BCMA-CAR-MRNA-TRANSFECTED CD8+ T-LYMPHOCYTES,5,5.222222222222222,0,1,False,"(1, 5, 5.222222222222222)",1779
AUTOLOGOUS ANTI-BCMA-CAR-TCRZ/4-1BB-EXPRESSING T-LYMPHOCYTES CART-BCMA,5,5.222222222222222,0,1,False,"(1, 5, 5.222222222222222)",1780
AUTOLOGOUS BCMA/TACI-TARGETED CAR T CELLS AUTO2,5,5.222222222222222,0,2,False,"(1, 5, 5.222222222222222)",1781
AUTOLOGOUS NKG2D CAR-CD3ZETA-DAP10-EXPRESSING T-LYMPHOCYTES CYAD-01,5,5.222222222222222,0,1,False,"(1, 5, 5.222222222222222)",1782
"&ALPHA;-METHYL-D,L-TRYPTOPHAN",5,5.333333333333333,0,2,False,"(1, 5, 5.333333333333333)",1783
&ALPHA;-METHYLSERINE-O-PHOSPHATE,5,5.333333333333333,0,1,False,"(1, 5, 5.333333333333333)",1784
&BETA;-CYANO-L-ALANINE,5,5.333333333333333,0,1,False,"(1, 5, 5.333333333333333)",1785
(S)-4-CMTB,5,5.333333333333333,0,1,False,"(1, 5, 5.333333333333333)",1786
(S)-CHLOROSUCCINIC ACID,5,5.333333333333333,0,1,False,"(1, 5, 5.333333333333333)",1787
1-METHYLCYCLOPROPANECARBOXYLIC ACID,5,5.333333333333333,0,2,False,"(1, 5, 5.333333333333333)",1788
ACETATE,5,5.333333333333333,0,2,False,"(1, 5, 5.333333333333333)",1789
ADX71743,5,5.333333333333333,0,1,False,"(1, 5, 5.333333333333333)",1790
ALANOSINE,5,5.333333333333333,0,2,False,"(1, 5, 5.333333333333333)",1791
ALFERMINOGENE TADENOVEC,5,5.333333333333333,0,1,False,"(1, 5, 5.333333333333333)",1792
AMG7703,5,5.333333333333333,0,1,False,"(1, 5, 5.333333333333333)",1793
AMINOETHOXYVINYLGLYCINE,5,5.333333333333333,0,1,False,"(1, 5, 5.333333333333333)",1794
AMN082,5,5.333333333333333,0,1,False,"(1, 5, 5.333333333333333)",1795
ANIDULAFUNGIN,5,5.333333333333333,0,1,False,"(1, 5, 5.333333333333333)",1796
ASP2453,5,5.333333333333333,0,1,False,"(1, 5, 5.333333333333333)",1797
&KAPPA;M-CONOTOXIN RIIIK,5,5.444444444444445,0,1,False,"(1, 5, 5.444444444444445)",1798
(S)-RP-6306,5,5.444444444444445,0,1,False,"(1, 5, 5.444444444444445)",1799
12R-HETE,5,5.444444444444445,0,1,False,"(1, 5, 5.444444444444445)",1800
20-HYDROXY-LTB4,5,5.444444444444445,0,1,False,"(1, 5, 5.444444444444445)",1801
A-366,5,5.444444444444445,0,2,False,"(1, 5, 5.444444444444445)",1802
A011,5,5.444444444444445,0,1,False,"(1, 5, 5.444444444444445)",1803
ACLIMOSTAT,5,5.444444444444445,0,1,False,"(1, 5, 5.444444444444445)",1804
ACP-001,5,5.444444444444445,0,2,False,"(1, 5, 5.444444444444445)",1805
AGG-523,5,5.444444444444445,0,1,False,"(1, 5, 5.444444444444445)",1806
ALBUSOMATROPIN,5,5.444444444444445,0,2,False,"(1, 5, 5.444444444444445)",1807
ALDUMASTAT,5,5.444444444444445,0,2,False,"(1, 5, 5.444444444444445)",1808
AMP-224,5,5.444444444444445,0,1,False,"(1, 5, 5.444444444444445)",1809
ANGIOPOIETIN-1,5,5.444444444444445,0,1,False,"(1, 5, 5.444444444444445)",1810
ANGIOPOIETIN-4,5,5.444444444444445,0,1,False,"(1, 5, 5.444444444444445)",1811
ANIZATRECTINIB,5,5.444444444444445,0,1,False,"(1, 5, 5.444444444444445)",1812
ANTI-CD47 MONOCLONAL ANTIBODY CC-90002,5,5.444444444444445,0,1,False,"(1, 5, 5.444444444444445)",1813
ANTI-PD-1 MONOCLONAL ANTIBODY SYM021,5,5.444444444444445,0,1,False,"(1, 5, 5.444444444444445)",1814
AR-H067637,5,5.444444444444445,0,1,False,"(1, 5, 5.444444444444445)",1815
ARX201,5,5.444444444444445,0,1,False,"(1, 5, 5.444444444444445)",1816
AS1949490,5,5.444444444444445,0,1,False,"(1, 5, 5.444444444444445)",1817
ASTUPROTIMUT-R,5,5.444444444444445,0,1,False,"(1, 5, 5.444444444444445)",1818
AUNP-12,5,5.444444444444445,0,2,False,"(1, 5, 5.444444444444445)",1819
AUTOLOGOUS MAGE-A3/A6-SPECIFIC TCR GENE-ENGINEERED LYMPHOCYTES KITE-718,5,5.444444444444445,0,1,False,"(1, 5, 5.444444444444445)",1820
(N)METHANOCARBA-UTP,5,5.555555555555555,0,1,False,"(1, 5, 5.555555555555555)",1821
2-AMINO-URIDINE-5'-MONOPHOSPHATE,5,5.555555555555555,0,1,False,"(1, 5, 5.555555555555555)",1822
4-CL-CINNAMOYL-C[DCYS-4PAL-DTRP-ORN-VAL-CYS]-HIS-AMIDE,5,5.555555555555555,0,1,False,"(1, 5, 5.555555555555555)",1823
AC-7954,5,5.555555555555555,0,1,False,"(1, 5, 5.555555555555555)",1824
AFM-11,5,5.555555555555555,0,2,False,"(1, 5, 5.555555555555555)",1825
AMG-167,5,5.555555555555555,0,1,False,"(1, 5, 5.555555555555555)",1826
ANTI-SCLEROSTIN,5,5.555555555555555,0,1,False,"(1, 5, 5.555555555555555)",1827
APSTATIN,5,5.555555555555555,0,2,False,"(1, 5, 5.555555555555555)",1828
ASIP [90-132 (L89Y)],5,5.555555555555555,0,2,False,"(1, 5, 5.555555555555555)",1829
ASN02563583,5,5.555555555555555,0,1,False,"(1, 5, 5.555555555555555)",1830
ASN04421891,5,5.555555555555555,0,1,False,"(1, 5, 5.555555555555555)",1831
ASN04450772,5,5.555555555555555,0,1,False,"(1, 5, 5.555555555555555)",1832
ASN04885796,5,5.555555555555555,0,1,False,"(1, 5, 5.555555555555555)",1833
ASN06917370,5,5.555555555555555,0,1,False,"(1, 5, 5.555555555555555)",1834
AUTO3,5,5.555555555555555,0,2,False,"(1, 5, 5.555555555555555)",1835
AVOTERMIN,5,5.555555555555555,0,1,False,"(1, 5, 5.555555555555555)",1836
&ALPHA;-DENDROTOXIN,5,5.666666666666667,0,1,False,"(1, 5, 5.666666666666667)",1837
&ALPHA;-HELICAL CRF,5,5.666666666666667,0,1,False,"(1, 5, 5.666666666666667)",1838
&GAMMA;-MSH,5,5.666666666666667,0,1,False,"(1, 5, 5.666666666666667)",1839
"(1-HYDROXY-1-PHOSPHONO-2-[1,1';4',1'']TERPHENYL-3-YL-ETHYL)-PHOSPHONIC ACID",5,5.666666666666667,0,1,False,"(1, 5, 5.666666666666667)",1840
(R)-ZINC-3573,5,5.666666666666667,0,1,False,"(1, 5, 5.666666666666667)",1841
2-[METHYL-(5-GERANYL-4-METHYL-PENT-3-ENYL)-AMINO]-ETHYL-DIPHOSPHATE,5,5.666666666666667,0,1,False,"(1, 5, 5.666666666666667)",1842
AC-C[CYS-GLU-HIS-D-PHE-ARG-TRP-D-CYS]-PRO-PRO-LYS-ASP-NH2,5,5.666666666666667,0,1,False,"(1, 5, 5.666666666666667)",1843
ALLOGENEIC ANTI-CD19-CAR-CD28-IL-15-EXPRESSING NATURAL KILLER T-CELLS,5,5.666666666666667,0,1,False,"(1, 5, 5.666666666666667)",1844
AMG-729,5,5.666666666666667,0,1,False,"(1, 5, 5.666666666666667)",1845
ANTALARMIN,5,5.666666666666667,0,1,False,"(1, 5, 5.666666666666667)",1846
ANTI-ANGIOPOIETIN MONOCLONAL ANTIBODY AMG 780,5,5.666666666666667,0,1,False,"(1, 5, 5.666666666666667)",1847
ANTI-CD19 CAR T-CELLS XLCART001,5,5.666666666666667,0,1,False,"(1, 5, 5.666666666666667)",1848
ANTI-CD22 CAR T CELLS PREPARATION,5,5.666666666666667,0,1,False,"(1, 5, 5.666666666666667)",1849
ANTI-CD22 CAR-EXPRESSING T LYMPHOCYTES,5,5.666666666666667,0,1,False,"(1, 5, 5.666666666666667)",1850
ANTI-CD3 MONOCLONAL ANTIBODY,5,5.666666666666667,0,3,False,"(1, 5, 5.666666666666667)",1851
ANTI-GPA33/CD3 MONOCLONAL ANTIBODY MGD007,5,5.666666666666667,0,2,False,"(1, 5, 5.666666666666667)",1852
AP1189,5,5.666666666666667,0,1,False,"(1, 5, 5.666666666666667)",1853
AUTOLOGOUS ANTI-CD19 CAR T-CELLS IM19,5,5.666666666666667,0,1,False,"(1, 5, 5.666666666666667)",1854
AUTOLOGOUS ANTI-CD19 CAR-EXPRESSING T-LYMPHOCYTES CLIC-1901,5,5.666666666666667,0,1,False,"(1, 5, 5.666666666666667)",1855
AUTOLOGOUS ANTI-CD19 CAR-T CELLS TBI-1501,5,5.666666666666667,0,1,False,"(1, 5, 5.666666666666667)",1856
AUTOLOGOUS ANTI-CD19 CHIMERIC ANTIGEN RECEPTOR T-CELLS C-CAR011,5,5.666666666666667,0,1,False,"(1, 5, 5.666666666666667)",1857
AUTOLOGOUS ANTI-CD19 CHIMERIC ANTIGEN RECEPTOR T-CELLS SJCAR19,5,5.666666666666667,0,1,False,"(1, 5, 5.666666666666667)",1858
AUTOLOGOUS ANTI-CD19CAR-4-1BB-CD3ZETA-EGFRT-EXPRESSING T LYMPHOCYTES,5,5.666666666666667,0,1,False,"(1, 5, 5.666666666666667)",1859
AUTOLOGOUS CD19 CAR-EXPRESSING CD4+/CD8+ T-CELLS MB-CART19.1,5,5.666666666666667,0,1,False,"(1, 5, 5.666666666666667)",1860
AUTOLOGOUS CD19CAR-CD28-CD137/CD27/CD3ZETA-ICASP9-EXPRESSING T-LYMPHOCYTES,5,5.666666666666667,0,1,False,"(1, 5, 5.666666666666667)",1861
&BETA;-SCORPION TOXIN CN2,5,5.777777777777778,0,1,False,"(1, 5, 5.777777777777778)",1862
"(4Z)-1-(3-FLUOROPHENYL)-4-(2-OXO-1H-INDOL-3-YLIDENE)PYRAZOLIDINE-3,5-DIONE",5,5.777777777777778,0,1,False,"(1, 5, 5.777777777777778)",1863
"(5E)-1-(4-FLUOROPHENYL)-5-[(5-METHYLTHIOPHEN-2-YL)METHYLIDENE]-2-SULFANYLIDENE-1,3-DIAZINANE-4,6-DIONE",5,5.777777777777778,0,1,False,"(1, 5, 5.777777777777778)",1864
"(5Z)-1-(2-FLUOROPHENYL)-2-SULFANYLIDENE-5-(THIOPHEN-2-YLMETHYLIDENE)-1,3-DIAZINANE-4,6-DIONE",5,5.777777777777778,0,1,False,"(1, 5, 5.777777777777778)",1865
"(5Z)-5-[(5-BROMOTHIOPHEN-2-YL)METHYLIDENE]-1-METHYL-2-SULFANYLIDENE-1,3-DIAZINANE-4,6-DIONE",5,5.777777777777778,0,1,False,"(1, 5, 5.777777777777778)",1866
ALT-803,5,5.777777777777778,0,1,False,"(1, 5, 5.777777777777778)",1867
ANFIBATIDE,5,5.777777777777778,0,1,False,"(1, 5, 5.777777777777778)",1868
ATL1102,5,5.777777777777778,0,2,False,"(1, 5, 5.777777777777778)",1869
AVORALSTAT,5,5.777777777777778,0,4,False,"(1, 5, 5.777777777777778)",1870
&ALPHA;.&BETA;-METHYLENE-2-THIO-UDP,5,5.888888888888889,0,1,False,"(1, 5, 5.888888888888889)",1871
2-THIO-UDP,5,5.888888888888889,0,1,False,"(1, 5, 5.888888888888889)",1872
ALICAFORSEN,5,5.888888888888889,0,1,False,"(1, 5, 5.888888888888889)",1873
ANTI-NUCLEOLIN APTAMER AS1411,5,5.888888888888889,0,1,False,"(1, 5, 5.888888888888889)",1874
ATIBUCLIMAB,5,5.888888888888889,0,1,False,"(1, 5, 5.888888888888889)",1875
AG-26,5,6.0,0,2,False,"(1, 5, 6.0)",1876
AK198,5,6.0,0,1,False,"(1, 5, 6.0)",1877
(DES 1-8) A-CHAIN INSL3 ANALOGUE,5,6.111111111111111,0,1,False,"(1, 5, 6.111111111111111)",1878
5H78PF,5,6.111111111111111,0,1,False,"(1, 5, 6.111111111111111)",1879
A(&DELTA;10/15C)INSL3,5,6.111111111111111,0,1,False,"(1, 5, 6.111111111111111)",1880
A(10-24)INSL3,5,6.111111111111111,0,1,False,"(1, 5, 6.111111111111111)",1881
A(9-26)INSL3,5,6.111111111111111,0,1,False,"(1, 5, 6.111111111111111)",1882
A(C10/15S)INSL3,5,6.111111111111111,0,1,False,"(1, 5, 6.111111111111111)",1883
ALGENPANTUCEL-L,5,6.111111111111111,0,1,False,"(1, 5, 6.111111111111111)",1884
ALOBRESIB,5,6.111111111111111,0,1,False,"(1, 5, 6.111111111111111)",1885
AMATUXIMAB,5,6.111111111111111,0,1,False,"(1, 5, 6.111111111111111)",1886
ANETUMAB RAVTANSINE,5,6.111111111111111,0,1,False,"(1, 5, 6.111111111111111)",1887
ANTI-MESOTHELIN CAR T CELLS PREPARATION,5,6.111111111111111,0,1,False,"(1, 5, 6.111111111111111)",1888
ANTI-MUC16/MMAE ANTIBODY-DRUG CONJUGATE DMUC4064A,5,6.111111111111111,0,1,False,"(1, 5, 6.111111111111111)",1889
AUTOLOGOUS MESOTHELIN-SPECIFIC CAR-T CELLS,5,6.111111111111111,0,1,False,"(1, 5, 6.111111111111111)",1890
(S)-VU0637120,5,6.166666666666667,0,1,False,"(1, 5, 6.166666666666667)",1891
AC262620,5,6.166666666666667,0,1,False,"(1, 5, 6.166666666666667)",1892
AC262970,5,6.166666666666667,0,1,False,"(1, 5, 6.166666666666667)",1893
1R-11,5,6.222222222222222,0,1,False,"(1, 5, 6.222222222222222)",1894
5-(6-CHLORO-2-HEXYL-1H-INDOL-1-YL)-5-OXO-VALERIC ACID,5,6.222222222222222,0,1,False,"(1, 5, 6.222222222222222)",1895
5-OXO-12-HETE,5,6.222222222222222,0,1,False,"(1, 5, 6.222222222222222)",1896
5-OXO-15-HETE,5,6.222222222222222,0,1,False,"(1, 5, 6.222222222222222)",1897
5-OXO-20-HETE,5,6.222222222222222,0,1,False,"(1, 5, 6.222222222222222)",1898
5-OXO-C20:3,5,6.222222222222222,0,1,False,"(1, 5, 6.222222222222222)",1899
5-OXO-ODE,5,6.222222222222222,0,1,False,"(1, 5, 6.222222222222222)",1900
5S-HPETE,5,6.222222222222222,0,1,False,"(1, 5, 6.222222222222222)",1901
"7&ALPHA;,25-DIHYDROXYCHOLESTEROL",5,6.222222222222222,0,1,False,"(1, 5, 6.222222222222222)",1902
"7&ALPHA;,27-DIHYDROXYCHOLESTEROL",5,6.222222222222222,0,1,False,"(1, 5, 6.222222222222222)",1903
7&ALPHA;-HYDROXYCHOLESTEROL,5,6.222222222222222,0,1,False,"(1, 5, 6.222222222222222)",1904
"7&BETA;, 25-DIHYDROXYCHOLESTEROL",5,6.222222222222222,0,1,False,"(1, 5, 6.222222222222222)",1905
"7&BETA;, 27-DIHYDROXYCHOLESTEROL",5,6.222222222222222,0,1,False,"(1, 5, 6.222222222222222)",1906
7&BETA;-HYDROXYCHOLESTEROL,5,6.222222222222222,0,1,False,"(1, 5, 6.222222222222222)",1907
9-HYDROXYOCTADECADIENOIC ACID,5,6.222222222222222,0,1,False,"(1, 5, 6.222222222222222)",1908
ACT-389949,5,6.222222222222222,0,1,False,"(1, 5, 6.222222222222222)",1909
ACTH-(11-24),5,6.222222222222222,0,1,False,"(1, 5, 6.222222222222222)",1910
AMYLOID &BETA;,5,6.222222222222222,0,1,False,"(1, 5, 6.222222222222222)",1911
ANATUMOMAB MAFENATOX,5,6.222222222222222,0,2,False,"(1, 5, 6.222222222222222)",1912
ANNEXIN I,5,6.222222222222222,0,1,False,"(1, 5, 6.222222222222222)",1913
ANTAQ,5,6.222222222222222,0,1,False,"(1, 5, 6.222222222222222)",1914
ANTI-ENPP3/MMAF ANTIBODY-DRUG CONJUGATE AGS-16M8F,5,6.222222222222222,0,1,False,"(1, 5, 6.222222222222222)",1915
APRIL,5,6.222222222222222,0,1,False,"(1, 5, 6.222222222222222)",1916
AS03-ADJUVANTED H1N1 PANDEMIC INFLUENZA VACCINE,5,6.222222222222222,0,1,False,"(1, 5, 6.222222222222222)",1917
ASPIRIN TRIGGERED LIPOXIN A4,5,6.222222222222222,0,1,False,"(1, 5, 6.222222222222222)",1918
ATLA2,5,6.222222222222222,0,1,False,"(1, 5, 6.222222222222222)",1919
4-ACRYLOYLPHENOL,5,6.333333333333333,0,2,False,"(1, 5, 6.333333333333333)",1920
AGONISTIC ANTI-OX40 MONOCLONAL ANTIBODY INCAGN01949,5,6.333333333333333,0,1,False,"(1, 5, 6.333333333333333)",1921
ARQ-621,5,6.333333333333333,0,1,False,"(1, 5, 6.333333333333333)",1922
(D-ALA11]BOMBESIN,5,6.444444444444445,0,1,False,"(1, 5, 6.444444444444445)",1923
A-395,5,6.444444444444445,0,1,False,"(1, 5, 6.444444444444445)",1924
AC-GRP-(20-26)-METHYLESTER,5,6.444444444444445,0,1,False,"(1, 5, 6.444444444444445)",1925
AM-37,5,6.444444444444445,0,1,False,"(1, 5, 6.444444444444445)",1926
AMINOPYRIDINE 2,5,6.444444444444445,0,1,False,"(1, 5, 6.444444444444445)",1927
ANTI-TIGIT MONOCLONAL ANTIBODY ASP8374,5,6.444444444444445,0,1,False,"(1, 5, 6.444444444444445)",1928
ASP-8374,5,6.444444444444445,0,1,False,"(1, 5, 6.444444444444445)",1929
3M-002,5,6.555555555555555,0,2,False,"(1, 5, 6.555555555555555)",1930
8H9 131I,5,6.555555555555555,0,1,False,"(1, 5, 6.555555555555555)",1931
AL-901,5,6.666666666666667,0,1,False,"(1, 5, 6.666666666666667)",1932
APELIN,5,6.666666666666667,0,1,False,"(1, 5, 6.666666666666667)",1933
ASELIZUMAB,5,6.666666666666667,0,1,False,"(1, 5, 6.666666666666667)",1934
ATILMOTIN,5,6.666666666666667,0,1,False,"(1, 5, 6.666666666666667)",1935
ABRILUMAB,5,6.777777777777778,0,3,False,"(1, 5, 6.777777777777778)",1936
AC-RHYPLWR,5,6.777777777777778,0,1,False,"(1, 5, 6.777777777777778)",1937
ACLERASTIDE,5,6.777777777777778,0,1,False,"(1, 5, 6.777777777777778)",1938
ALBUTENSIN A,5,6.777777777777778,0,1,False,"(1, 5, 6.777777777777778)",1939
A-71915,5,6.888888888888889,0,1,False,"(1, 5, 6.888888888888889)",1940
A-908292,5,6.888888888888889,0,1,False,"(1, 5, 6.888888888888889)",1941
ALX 1393,5,6.888888888888889,0,1,False,"(1, 5, 6.888888888888889)",1942
ALX 1405,5,6.888888888888889,0,1,False,"(1, 5, 6.888888888888889)",1943
ANANTIN,5,6.888888888888889,0,1,False,"(1, 5, 6.888888888888889)",1944
ANX-042,5,6.888888888888889,0,1,False,"(1, 5, 6.888888888888889)",1945
AP811,5,6.888888888888889,0,1,False,"(1, 5, 6.888888888888889)",1946
7ACC2,7,7.0,0,1,False,"(1, 7, 7.0)",1947
ALPHA-KETOTHIAZOLE ANALOGUE 36,7,7.055555555555555,0,1,False,"(1, 7, 7.055555555555555)",1948
APILIMOD MESYLATE,7,7.111111111111111,0,1,False,"(1, 7, 7.111111111111111)",1949
12-IMIDAZOLYL-1-DODECANOL,7,7.333333333333333,0,1,False,"(1, 7, 7.333333333333333)",1950
ANTI-GLYPICAN 3/CD3 BISPECIFIC ANTIBODY ERY974,7,7.333333333333333,0,1,False,"(1, 7, 7.333333333333333)",1951
ANTI-GPC3-CAR AUTOLOGOUS T LYMPHOCYTES,7,7.333333333333333,0,1,False,"(1, 7, 7.333333333333333)",1952
ANTI-TIM-3 MONOCLONAL ANTIBODY,7,7.444444444444445,0,1,False,"(1, 7, 7.444444444444445)",1953
ANTI-TIM3 MONOCLONAL ANTIBODY LY3321367,7,7.444444444444445,0,1,False,"(1, 7, 7.444444444444445)",1954
A33 131I,7,7.666666666666667,0,1,False,"(1, 7, 7.666666666666667)",1955
ASTEGOLIMAB,7,8.11111111111111,0,3,False,"(1, 7, 8.11111111111111)",1956
4-FLUOROBENZOYL-FGLRW-NH2,7,8.166666666666666,0,1,False,"(1, 7, 8.166666666666666)",1957
4-1BB LIGAND,7,8.222222222222221,0,1,False,"(1, 7, 8.222222222222221)",1958
