drug,num_targets,target_genes
DOXORUBICIN HYDROCHLORIDE,150,"ABCA1, ABCB1, ABCB11, ABCC10, ABCC3..."
CISPLATIN,145,"ABCC1, ABCC4, ABCC5, ACSS2, ACTL6A..."
ASPIRIN,141,"ABCB1, ABCC1, ACE, ADA, ADAMTSL4-AS1..."
FLUOROURACIL,119,"ABCB1, ABCC1, ABCC2, ABCC4, ABCC5..."
CENISERTIB,118,"ABL1, ACVR1, AKT1, ALK, AURKA..."
ILORASERTIB,116,"ABL1, ACVR1, ALK, AURKA, AURKB..."
SORAFENIB,114,"ABCB1, ABCC2, ABCG2, ABL1, ADAMTS18..."
METHOTREXATE,112,"ABCC4, ADA, AFP, AHRR, ALK..."
PACLITAXEL,108,"ABCB1, ABCC1, ABCC10, ABCC2, ABCC3..."
PF-562271,108,"ACSL1, ACSL3, ALK, AURKA, AURKB..."
NVP-TAE684,103,"ABL1, ACVR1, AURKA, AURKB, AXL..."
DOVITINIB,101,"ABL1, ACVR1, ALK, AURKB, AXL..."
CLOZAPINE,97,"A12M1, A12M2, A12M3, A12M4, A1BG..."
CYC-116,97,"ABL1, AKT1, AURKA, AURKB, AURKC..."
CYCLOHEXIMIDE,95,"AR, ATAD5, EEF2, FAU, GAPDHP67..."
RG-1530,94,"ACVR1, ALK, AURKA, BLK, BRSK1..."
GEMCITABINE,93,"ACSS2, ALG10, ALOX5AP, AR, ATAT1..."
DAUNORUBICIN LIPOSOMAL,91,"ABCA1, ABCB1, ABCB11, ABCC1, ABCC10..."
TRETINOIN,91,"ADH1C, ALDH1A2, ALPL, AMH, APOA1..."
SP-600125,89,"ALDH1A1, AURKB, BLK, BRSK1, CAMK2B..."
CARBOPLATIN,88,"ABCB1, ACSS2, ADAMTSL4-AS1, ALDH1A1, ALDH3A1..."
CYCLOSPORINE,87,"ABCA1, ABCB1, ABCB11, ABCB4, ABCC1..."
BORTEZOMIB,86,"ADRM1, AR, B2M, BCL2, BCL2L2..."
DEXAMETHASONE,86,"ACTC1, AGTR1, ALK, ANXA1, APOB..."
TAMATINIB,83,"ALK, AURKA, BLK, BTK, CAMK2G..."
DOCETAXEL ANHYDROUS,83,"ABCC1, ABCC10, ABCC6, ABCG2, ACSS2..."
ATALUREN,82,"AR, DMD, FAU, RPL10, RPL10A..."
CYCLOPHOSPHAMIDE ANHYDROUS,82,"ABCC2, ABCC3, ABCG2, ACTB, ADH1C..."
MT-3724,81,"FAU, MS4A1, RPL10, RPL10A, RPL11..."
HESPERADIN,81,"ACVRL1, ALK, AURKA, AURKB, AXL..."
CYTARABINE,81,"ABCC3, ABCC4, ADH1A, ALK, ATF5..."
VINCRISTINE,81,"ABCB1, ABCB4, ABCC1, ABCC10, ABCC3..."
EXALUREN,80,"FAU, RPL10, RPL10A, RPL11, RPL12..."
DORLIMOMAB ARITOX,80,"FAU, RPL10, RPL10A, RPL11, RPL12..."
LINIFANIB,80,"ALK, AURKB, AXL, BLK, BRSK1..."
QUERCETIN,79,"ABL1, ALDH1A1, ALOX15, ALOX15B, APEX1..."
DEHYDRATED ALCOHOL,79,"ADH4, ADH7, ALDH1A1, ALDH2, ALDH3A1..."
DASATINIB ANHYDROUS,77,"ABCB1, ABCG2, ABI1, ABL1, ABL2..."
HALOPERIDOL DECANOATE,76,"A12M3, A12M4, A1BG, A2MP1, ABCB5..."
OLANZAPINE,76,"A12M1, A12M2, A12M3, A1BG, A2M..."
IMATINIB,75,"ABCA3, ABCB1, ABCB4, ABCC4, ABCG2..."
TOZASERTIB,73,"ABL1, ABL2, ACVR1, ALK, AURKA..."
CURCUMIN,68,"ABCB1, ABCG2, ALPG, ALPI, ANPEP..."
GEFITINIB,68,"ABCB1, ALK, ARF1, AXL, BLK..."
CELECOXIB,67,"ABL1, ALOX12, APC, AR, ATP2A1..."
RISPERIDONE,67,"A12M1, A12M2, A12M3, A1BG, A2M..."
PHA-767491,66,"ACVR1, AKT1, BRSK1, CDC42BPA, CDC7..."
GW441756X,65,"ALK, AURKA, AURKB, BLK, BRSK1..."
TAMOXIFEN,65,"ALDH3B1, ATXN2, AURKA, BAZ2B, BCYRN1P2..."
IRINOTECAN HYDROCHLORIDE,63,"ABCC1, ABCC4, ABCC5, ABCG1, ALK..."
SOTRASTAURIN,61,"AKT1, AKT2, BRSK1, CAMK1D, CAMK2A..."
CARFILZOMIB,60,"ADRM1, AR, FRA6F, KDR, NFE2L2..."
ETOPOSIDE,59,"ABCC1, ABCC3, ACTR2, AFP, ALK..."
PROGESTERONE,59,"ABCB1, ABL1, AKR1C1, ALDH1A1, AR..."
ERLOTINIB,59,"ABCB1, ABCG2, ABL1, ALK, APC..."
PAZOPANIB,58,"ABL1, ALK, AR, AURKA, AURKB..."
VANDETANIB,58,"ABL1, ACVR1, ALK, APC, ATM..."
GENISTEIN,58,"ABCG2, ABL1, AGTR1, AHR, ATAD5..."
VALPROIC ACID,57,"ABAT, ACADSB, ALDH5A1, ANKK1, APEH..."
SIROLIMUS,57,"ABCB1, ABCG2, ADAMTSL4-AS1, ALK, APC..."
ENTRECTINIB,57,"ABL1, ALK, AURKA, AURKB, AXL..."
NIFEDIPINE,56,"ABCB1, ADRA1A, ALDH1A1, ALDH7A1P2, APBA1..."
METFORMIN HYDROCHLORIDE,56,"AR, GPD2, MT-ND1, MT-ND2, MT-ND3..."
ATORVASTATIN CALCIUM TRIHYDRATE,55,"ABCA1, ABCB1, ACE, AGTR1, APOA5..."
VORINOSTAT,55,"ACE, BAP1, BIRC5, BRAF, CFTR..."
CEDIRANIB,55,"ABL1, ACVR1, ALK, AURKB, AXL..."
JNJ-7706621,55,"ABL1, ACVR1, ALK, AURKA, AURKB..."
CAPECITABINE,54,"ABCG2, ADGRG7, ANK3, AREG, ATM..."
"INSULIN, REGULAR, HUMAN",53,"ADAMTSL4-AS1, ADCYAP1R1, ADIPOQ, ADM, AQP7..."
PD-0166285,52,"ABL1, ACVR1, ALK, AURKB, BTK..."
ACETAMINOPHEN,52,"ABCB1, BRD2, CCND1, CD44, CDK2..."
ANTIDEPRESSANT AGENT,52,"AANAT, ACSS3, ADCY9, ADRB1, ADRB2..."
COLCHICINE,52,"ABCB1, ANPEP, AR, ARVD3, ATAD5..."
ALSTERPAULLONE,52,"ABL1, ACVR1, BLK, BRSK1, CAMK2D..."
ME-344,51,"MT-ND1, MT-ND2, MT-ND3, MT-ND4, MT-ND4L..."
SIMVASTATIN,50,"ABCA1, ABCB1, ABCC2, ABCG8, APOA5..."
TRAMETINIB DIMETHYL SULFOXIDE,50,"ABL1, ALK, APC, ARAF, ATM..."
NV-128,50,"MT-ND1, MT-ND2, MT-ND3, MT-ND4, MT-ND4L..."
NERISPIRDINE,50,"KCNA1, KCNA10, KCNA2, KCNA3, KCNA4..."
CHEMBL:CHEMBL429095,50,"ALDH1A1, APAF1, APOBEC3G, ATG4B, ATXN2..."
RALOXIFENE HYDROCHLORIDE,50,"ALDH1A1, ALDH3B1, AR, ATXN2, BAZ2B..."
DACTOLISIB,49,"ACVR1, ALK, APC, AR, ARID1A..."
SUNITINIB,49,"BAP1, CA9, CSF1R, CTSV, CXCL8..."
RESVERATROL,49,"AHR, AKT1, APP, AR, ATAD5..."
CARBAMAZEPINE,49,"AKR1B1P2, ALK, AR, BAG6, BGLAP..."
PALBOCICLIB,49,"ALK, BRAF, CCND1, CCND2, CCND3..."
KENPAULLONE,48,"ABL1, ATAD5, AURKA, AURKB, CCNB1..."
GOSSYPOL,48,"ADAMTSL4-AS1, ALOX15B, APEX1, AR, ARSA..."
DALFAMPRIDINE,48,"ALDH7A1P2, ASPA, ATR, AVPR1A, CALCA..."
IDARUBICIN,48,"ABCB1, ADH1A, APEX1, AR, ATAD5..."
ESTRADIOL VALERATE,47,"ALDH3B1, AR, ARF4P1, BCYRN1P2, CCN2..."
MASOPROCOL,46,"AFP, ALDH1A1, ALOX15, ALOX15B, ALOX5..."
NICOTINE POLACRILEX,46,"ABCB1, ADGRL3, AFP, APOE, ATD..."
TRICHOSTATIN A,46,"ABCB1, ALDH1A1, ATAD5, BAP1, BDNF..."
STREPTOZOCIN,46,"ACP5, ADCYAP1, ATF2, BCL2, CD40..."
HYDROCHLOROTHIAZIDE,46,"ACE, ADO, AGT, AGTR1, ALDH1A2..."
METHYLPHENIDATE HYDROCHLORIDE,46,"ABCB1, ALDH1L1, ARHGAP12, ARHGEF28, ARSA..."
PAREGORIC,46,"ABCB1, ABCC3, APAF1, APOF, ARVCF..."
TETRADECANOYLPHORBOL ACETATE,46,"ANXA1, BDNF, BIRC5, BRD2, CAST..."
AMITRIPTYLINE HYDROCHLORIDE,45,"AADAC, AAMP, AANAT, AARS1, AAVS1..."
RITUXIMAB,45,"ABCB1, AKT2, ANXA1, ARID1A, BIRC5..."
VERAPAMIL,45,"ABCB1, ABCC1, ALDH7A1P4, ARHGAP1, ARHGAP4..."
ALISERTIB,45,"ABL1, AURKA, AURKB, BLK, BRSK1..."
MERCAPTOPURINE,45,"ALDH1A1, BAZ2B, CNNM2, COMT, CPT1A..."
STAUROSPORINE,44,"AADAC, AAMP, AARS1, ANXA1, APLN..."
SNS-314,44,"AURKA, AURKB, AURKC, BRSK1, CAMK2B..."
OLAPARIB,44,"ARID1A, ATM, ATR, ATRX, BAP1..."
MITOXANTRONE,44,"ABCB1, ABCG2, ARSA, ATAD5, ATXN2..."
DOXEPIN HYDROCHLORIDE,44,"ABCB1, ADGRL3, AKT1, ALDH1A1, AMD1..."
TOPIRAMATE,44,"AQP4, CA12, CA2, CA4, CYP2C19..."
THERAPEUTIC HORMONE,44,"ABCG4, ACADM, AMH, ANPEP, AQP9..."
CP-547632,44,"ABL1, ACVR1, ALK, AURKA, AURKB..."
CHEMBL:CHEMBL379975,44,"ABL1, ACVR1, ALK, AURKB, CAMK1D..."
GSK-269962A,44,"AKT1, AKT2, AKT3, AURKA, AURKB..."
PREDNISONE,43,"ABCB1, ANXA1, APOE, AR, ATF5..."
GO-6976,43,"AURKA, AURKB, BLK, CDK1, CDK2..."
DISULFIRAM,43,"ABCB1, ADRA1A, ADRB2, AGTR1, ALDH1A1..."
AMIFAMPRIDINE,42,"CALCA, KCNA1, KCNA10, KCNA2, KCNA3..."
IXAZOMIB,42,"ADRM1, ALK, EML4, FRA6F, PSMA1..."
LITHIUM,42,"ABCB1, ADCY1, ADCY2, ASIC2, BCR..."
CHEMBL:CHEMBL1997335,42,"ACVR1, ALK, BTK, CDK5, CDK9..."
PHENYTOIN SODIUM,42,"AQP4, CFHR4, CYCSP5, CYP19A1, CYP1A1..."
HYDROCORTISONE BUTYRATE,42,"ABCB1, ADA, AGT, ANXA1, APOB..."
BAY 61-3606,41,"AURKB, CAMK2G, CDC7, CDK1, CDK2..."
OXALIPLATIN,41,"ABCC1, ABCC2, ABCC5, ABL1, ATM..."
THERAPEUTIC CORTICOSTEROID,41,"ABCB1, ACOT7, ACP1, ADAM33, ADORA2A..."
AST-487,41,"ABL1, AURKA, CAMKK2, CDK8, CLK2..."
GUANIDINE HYDROCHLORIDE,41,"ADRA2A, KCNA1, KCNA10, KCNA2, KCNA3..."
HEXACHLOROPHENE,41,"ADAMTSL4-AS1, ALOX15, ALOX15B, AR, BAZ2B..."
AMIFAMPRIDINE PHOSPHATE,41,"KCNA1, KCNA10, KCNA2, KCNA3, KCNA4..."
OPROZOMIB,40,"ADRM1, FRA6F, PRB2, PSMA1, PSMA2..."
MYRICETIN,40,"ALDH1A1, ALOX15, ALPG, ALPL, APEX1..."
BEVACIZUMAB-AWWB,40,"ALK, ANXA11, ARID1A, BRAF, CCT3..."
AZACITIDINE,40,"ABL1, AFP, ALDH1A1, AR, ATAD5..."
TEDISAMIL,40,"KCNA1, KCNA10, KCNA2, KCNA3, KCNA4..."
EPINEPHRINE,40,"ABCA4, ABCB7, ABCF1, ABL1, ABL2..."
CA2+,40,"ACP5, ARF5, ARF6, ARG1, ARG2..."
GABAPENTIN,40,"ABCB1, CACNA1A, CACNA1B, CACNA1C, CACNA1D..."
INDOMETHACIN,40,"ABCC1, ACE, ADM, AFP, AGTR1..."
RECOMBINANT INTERFERON,39,"BCL2, CCL8, CEACAM7, COL1A2, CTSG..."
GW843682X,39,"AXL, BRSK1, CLK4, CSF1R, DYRK1A..."
TESTOSTERONE,39,"AKR1C3, AMH, APOA1, AQP9, AR..."
METFORMIN,39,"ACACB, BDNF, CAPN10, CPA6, CSMD1..."
DESIPRAMINE,39,"ABCB1, ADGRL3, ADRB1, ADRB2, AKT1..."
IXAZOMIB CITRATE,39,"ADRM1, PRB2, PSMA1, PSMA2, PSMA3..."
LOVASTATIN,39,"ABCB1, ABCG2, AKT1, APOA5, APOB..."
"IBUPROFEN, SODIUM SALT",39,"ABCB1, AMACR, APC, BST2, CD5L..."
OCRIPLASMIN,38,"COL11A1, COL11A2, COL15A1, COL18A1, COL1A1..."
SURAMIN,38,"AIRE, APBB2, APC, APEH, APEX1..."
PHENOBARBITAL,38,"ABCB1, BAX, CHRNA4, CHRNA7, CYP1A1..."
FLUFENAMIC ACID,38,"AKR1C3, AR, ATP2B1, ATP3, C1QBP..."
AZATHIOPRINE,38,"ABCB1, ABCC1, ABCC4, ADK, AOX1..."
CLOMIPRAMINE,38,"ABCB1, ABCB7, ADGRL3, AKT1, BDNF..."
RIBAVIRIN,38,"ALDH1A1, ANGPT2, BCL2, CARD16, CASP1..."
PD-98059,37,"ADM, ATAD5, BGLAP, BIRC5, CD55..."
CHLORPROMAZINE,37,"A12M3, A1BG, ABCB1, ABCD1, ABCG2..."
OMEPRAZOLE,37,"ABCB1, ADAMTSL4-AS1, AHR, ATP4A, ATP4B..."
CAFFEINE,37,"ABAT, ABCA1, ABCA2, ABCA3, ADORA1..."
SEVOFLURANE,37,"ATP2C1, ATP5F1D, CACNA1S, CYP2E1, CYP3A4..."
CLOTRIMAZOLE,37,"ADRB2, AR, ARG2, ATP3, ATP4B..."
THALIDOMIDE,37,"ABCC6, ATP7A, CHST3, CRBN, CTLA4..."
LEUCOVORIN CALCIUM,37,"ABCC1, ABCC2, ABCC4, ABCC5, ABCG1..."
ATENOLOL,36,"ABCB1, ABO, ABR, ACY3, ADRA2A..."
MIDAZOLAM HYDROCHLORIDE,36,"AR, BRD2, BRD3, BRD4, BRDT..."
EPIRUBICIN,36,"ABCB1, ABCC1, ABCC2, ABCG2, BCL2..."
LEVODOPA,36,"ADA, ADORA2A, AGTR1, AK1, APEX1..."
VEMURAFENIB,36,"ABCB1, AKT1, AKT3, ATXN1L, BRAF..."
QUETIAPINE FUMARATE,36,"A12M1, A12M2, A12M3, A1BG, A2MP1..."
MIDOSTAURIN,36,"CBL, CTSV, DPYS, FGFR1, FGFR3..."
SB202190,36,"CBX1, CLK4, CSNK1A1, CSNK1E, CTNNB1..."
HALOTHANE,36,"ATP4A, ATP5F1D, ATP5F1E, ATP5MC2, ATP5MC2P1..."
PURPUROGALLIN,36,"ADAMTSL4-AS1, ALDH1A1, ALOX15, APEX1, BAZ2B..."
CETUXIMAB,36,"AREG, BAX, BDNF, BRAF, BTC..."
PENTOXIFYLLINE,35,"ABCA2, ADORA1, ADORA2A, ADORA2B, BCL2..."
EBSELEN,35,"ALB, ALDH1A1, ALOX12, ALOX15, ALOX15B..."
CHEMBL:CHEMBL505670,35,"ALDH1A1, ATXN2, BAZ2B, CASP6, CBX1..."
PRIMIDONE,35,"AR, ATP4A, CHRNA4, CHRNA7, CYP2C9..."
PEMBROLIZUMAB,35,"ALK, ARID1A, B2M, BRAF, CD274..."
DACTINOMYCIN,35,"AFP, ALOX15, APEX1, AR, BDNF..."
CLOPIDOGREL,35,"ABCA1, AGAP3, APBB1IP, ATP10A, B4GALT2..."
WORTMANNIN,35,"AKT1, CTLA4, EHMT2, EIF2B1, ETFB..."
EVEROLIMUS,35,"AKT1, AKT2, AKT3, AR, ARID1A..."
CAMPTOTHECIN,35,"ABCB1, ADAMTSL4-AS1, ATAD5, ATXN2, BAX..."
CITALOPRAM,35,"BMP5, CACNA1C, CD8B, CD9, COL26A1..."
ANTISERUM,35,"ACO1, AKR1B1, ALB, AQP9, CCL28..."
ALPELISIB,35,"ARID1A, BRAF, CDK4, ERBB2, ESR1..."
METHADONE HYDROCHLORIDE,34,"ABCB1, ACHE, ALDH5A1, APAF1, APOF..."
DIGOXIN,34,"ABCB1, AR, ATAD5, ATP1A1, ATP1A2..."
PICTILISIB,34,"ARID1A, BRAF, CDK7, CLK4, ERBB2..."
VINBLASTINE,34,"ABCB1, ABCB4, BRAF, CDKN1A, CGA..."
PIMOZIDE,34,"A12M3, A1BG, ABCD1, ALDH1A1, AMD1..."
LUTEOLIN,34,"ALDH1A1, ALOX15, ALOX15B, APEX1, BAZ2B..."
THERAPEUTIC GLUCOCORTICOID,34,"AANAT, ABL1, ACE, ACTC1, ALOX5..."
FLUDARABINE,34,"ADA, ADH1A, ATM, BAX, CD40..."
EPOETIN ALFA,34,"AFP, ANPEP, BDNF, BIRC5, CA2..."
DICLOFENAC SODIUM,34,"ABCC2, ALB, ANPEP, ATP4A, BTD..."
ALPRAZOLAM,34,"ARNT, ARRB1, BMAL1, BRD2, BRD3..."
ADALIMUMAB-ADBM,33,"ALPL, ATG16L1, ATG5, ATP5F1E, CASP9..."
ANTISENSE OLIGONUCLEOTIDES,33,"ADAMTSL4-AS1, AGTR1, BLK, CBL, CCL1..."
PANOBINOSTAT,33,"ACTL6A, BAP1, BRAF, CSF1R, GAPDHP1..."
SELUMETINIB,33,"ALK, ATM, BRAF, CIC, DDX43..."
WARFARIN,33,"ALB, ASPH, BGLAP, CRP, CYP2C18..."
DAUNORUBICIN HYDROCHLORIDE,33,"APEX1, AR, ATAD5, BAZ2B, BLM..."
TRIAZOLAM,33,"ARNT, ARRB1, BAZ2B, BMAL1, BRD2..."
TRIMIPRAMINE,33,"ADGRL3, AKT1, BDNF, CACNG2, CBX1..."
REGORAFENIB,33,"ABL1, ARAF, BRAF, DDR2, DRD2..."
DIETHYLSTILBESTROL,33,"AMH, AR, BCL2, BCYRN1P2, BDKRB1..."
LIOTHYRONINE,33,"ABCB1, APC, BCGF1, BDNF, CCN2..."
IBRUTINIB,33,"ATM, BLK, BMX, BTK, CSF3R..."
THIOGUANINE,33,"ABCC4, ACHE, AR, BMP7, CPT1A..."
NORTRIPTYLINE,32,"ABCB7, ADGRL3, ADRA2A, AKT1, ASMT..."
MITOXANTRONE HYDROCHLORIDE,32,"APEX1, AR, ATAD5, ATXN2, BAZ2B..."
CHEMBL:CHEMBL546797,32,"ABL1, ALK, AURKA, AURKB, CAMK1D..."
ELLIPTECINE,32,"APEX1, APOBEC3F, APOBEC3G, ATAD5, BAZ2B..."
NOREPINEPHRINE,32,"ABCA4, ABCB7, ABCF1, ABL1, ABL2..."
HEPARIN,32,"APOB, CCL21, CSNK1A1, CSNK2A1, F10..."
PEGINTERFERON ALFA-2B,32,"CARD16, CASP1, CTLA4, CXCL10, CYP2R1..."
ISOPROTERENOL,32,"AANAT, ABO, ABR, ACAA1, ADRA1A..."
INFLIXIMAB-DYYB,31,"ADAM17, ALPL, ATP5F1E, BGLAP, CCL17..."
ENMD-2076,31,"ABL1, ACSL1, ARID1A, AURKA, AURKB..."
BROMOCRIPTINE,31,"A12M3, A12M4, A1BG, A2M, A2MP1..."
CHEMBL:CHEMBL592124,31,"ADAMTSL4-AS1, ALDH1A1, ALOX12, ALOX15, ATAD5..."
ISOFLURANE,31,"ATP2C1, ATP5F1E, ATP6V1B1, CACNA1S, CYP2E1..."
LAPATINIB,31,"ABCB11, AURKB, BIRC5, BRAF, CCND1..."
PROPOFOL,31,"APP, CYP2C9, DRD2, ENO2, FAAH..."
AURINTRICARBOXYLIC ACID,31,"ALOX15, ALOX15B, APEX1, BAZ2B, BLM..."
ENFLURANE,31,"ATP2C1, ATP5F1D, CACNA1S, GABRA1, GABRA2..."
RETINOIC ACID AGENT,31,"ALDH1A2, APOA2, APOD, CALR, CD28..."
METHYLDOPA ANHYDROUS,31,"ADRA2A, ADRA2B, ADRA2C, ALDH1A1, APEX1..."
TERODILINE HYDROCHLORIDE,31,"CACNA1A, CACNA1B, CACNA1C, CACNA1D, CACNA1E..."
SB220025,31,"CLK2, CLK4, CSNK1A1, CSNK1D, CSNK1G2..."
ZIPRASIDONE,31,"A12M1, A12M3, A1BG, A2M, A2MP1..."
GW7647,30,"BAZ2B, BCKDHA, BLM, CBX1, CYP2C9..."
PP2,30,"ABL1, ACVR1, BTK, CDK5, CDK8..."
ALDESLEUKIN,30,"CBL, CD2, CD244, CD28, CD40..."
ALLOPURINOL,30,"AOX1, CFLAR, CYCSP5, CYP1A2, CYP2C19..."
DESFLURANE,30,"ATP2C1, ATP5F1D, CACNA1S, GABRA1, GABRA2..."
TRIFLUOPERAZINE,30,"A12M3, ABCD1, ADRA1A, AKT1, ALDH2..."
NIVOLUMAB,30,"ALK, ARID1A, ATM, B2M, BRAF..."
FENTANYL CITRATE,30,"APAF1, APOF, AR, ARRB2, ASTN2..."
SB203580,29,"CSNK1A1, CSNK1D, CTNNB1, CTNND1, CYP1A2..."
HOMIDIUM BROMIDE,29,"ALOX15, APEX1, AR, CBFB, CYP3A4..."
MLN-8054,29,"ABL1, AURKA, AURKB, BLK, BTK..."
DIAZEPAM,29,"ALB, AR, ARNT, BMAL1, CCKBR..."
THIORIDAZINE,29,"A12M3, A1BG, ADRA1A, ALCAM, ALDH3A1..."
MELATONIN,29,"A12M4, AANAT, ALOX5, ANK2, ANK3..."
CHEMBL:CHEMBL578512,29,"ATAD5, ATXN2, BLM, CASP1, CASP7..."
GR 127935,29,"A12M1, A12M2, A12M3, A12M4, A1BG..."
VITAMIN K3,29,"ALDH1A1, AOX1, AR, ATXN2, BLM..."
BUTYRIC ACID,29,"ALDOA, ANXA13, FAS, FFAR3, GAPDHP1..."
FASUDIL,29,"AKT1, AKT3, AURKB, CDK5, CDK7..."
MONOAMINE OXIDASE INHIBITOR,29,"ABCB1, ADGRL3, AKT1, BDNF, CACNG2..."
DOPAMINE,29,"ABCD1, ADRA1A, ADRA1B, ADRA1D, ADRA2A..."
PEGINTERFERON ALFA-2A,29,"ABCB1, CALR, CTLA4, CXCL10, CYP27B1..."
GLYBURIDE,29,"ABCB11, ABCC5, ABCC8, AQP1, ASNSP2..."
ADAVOSERTIB,29,"ABL1, CDK5, CLK4, CSNK1A1, FBXW7..."
LANSOPRAZOLE,29,"ABCB1, ALOX15, ATP4A, ATP4B, BAZ2B..."
LARGAZOLE,29,"E2F1, HDAC1, HDAC10, HDAC11, HDAC2..."
CENOBAMATE,28,"ARR3, ARRB2, GABRA1, GABRA2, GABRA3..."
MIFEPRISTONE,28,"ABCB1, AFP, AR, BAZ2B, BDM..."
4-CHLOROMERCURIBENZOIC ACID,28,"ALDH1A1, ALOX15, ALOX15B, AR, BAZ2B..."
COLLAGENASE CLOSTRIDIUM HISTOLYTICUM-AAES,28,"AQP1, COL11A1, COL11A2, COL15A1, COL18A1..."
RIFAMPIN,28,"ABCB1, AGBL4, AR, BRAF, CUX2..."
ELLAGIC ACID,28,"ADAMTSL4-AS1, APEX1, BAZ2B, BLM, CBFB..."
FLUOXETINE HYDROCHLORIDE,28,"A12M4, AANAT, ACE, AR, ATXN2..."
PREDNISOLONE,28,"ALPP, ANXA1, AR, BAX, BDM..."
GEDATOLISIB,28,"AKT1, AKT1S1, BRAF, CRTC1, CRTC2..."
CHEMBL:CHEMBL56393,28,"ALOX15, ALPG, ALPI, ALPL, APEX1..."
SODIUM CHLORIDE,28,"ABCC6, ADRA2A, ADRB2, AGTR1, BAX..."
RONICICLIB,28,"CCND1, CCND2, CCND3, CCNE1, CDK1..."
ANHYDROUS TACROLIMUS,28,"ABCG2, AR, CAPN10, CCL17, CYP2C8..."
ROMIDEPSIN,28,"ABCB1, ADAMTSL4-AS1, BIRC5, BRAF, CDKN1A..."
PROCHLORPERAZINE,28,"ABCD1, ADAMTSL4-AS1, ALCAM, ALDH1A1, ALDH2..."
LAUROGUADINE,28,"AKT1, AKT2, BLK, CAMK1, CDC42BPA..."
RITONAVIR,27,"ABCB1, ABCC1, ABCC2, APOC1, APOC3..."
APIGENIN,27,"ALDH1A1, ALOX15, APEX1, BRCA1, CFTR..."
LAPACHONE,27,"ANXA5, ATXN2, BAX, BLM, CDK2..."
ZIDOVUDINE,27,"ABCB1, ABCC4, ABCC5, ABCG2, CXCL10..."
DABRAFENIB,27,"AKT1, ALK, ATXN1L, BRAF, CD274..."
PRAVASTATIN SODIUM,27,"ABCA1, ABCB1, ABCG2, ACE, ADAMTS1..."
THEOPHYLLINE,27,"ABAT, ABCA1, ABCA2, ABCA3, ADORA1..."
INFIGRATINIB,27,"DPYSL2, DPYSL3, DR1, DRD2, FGFR1..."
NICLOSAMIDE,27,"AHR, APC, ATXN2, CYP1A2, CYP2C9..."
APITOLISIB,27,"BAP1, BARD1, ETFB, F5, F7..."
APOMORPHINE,27,"A12M3, A12M4, A1BG, ABCD1, ABL1..."
VITAMIN A,27,"ALDH1A1, ALDH1A2, AR, BAX, CFTR..."
TALAZOPARIB,27,"ARID1A, ATM, ATR, ATRX, BRAF..."
GABAPENTIN ENACARBIL,27,"CACNA1A, CACNA1B, CACNA1C, CACNA1D, CACNA1E..."
ARGIPRESSIN,26,"ABCC6, ACE, AQP9, AR, ARAF..."
FENOFIBRATE MICRONIZED,26,"ABCA1, ABCB1, ADIPOQ, APOB, APOE..."
CARVEDILOL,26,"ABCB1, ABCB7, ABO, ABR, ACAA1..."
CARBENOXOLONE,26,"C1QC, C1R, C1S, C2, C3..."
BEPRIDIL HYDROCHLORIDE,26,"CACNA1A, CACNA1B, CACNA1C, CACNA1D, CACNA1E..."
OXAZEPAM,26,"AR, CYP2C19, CYP3A4, GABRA1, GABRA2..."
"9,10-PHENANTHRENEQUINONE",26,"APAF1, ATAD5, ATG4B, ATXN2, BLM..."
TROGLITAZONE,26,"ALOX15B, APOE, ATP4A, BDNF, CCND1..."
ETANERCEPT-SZZS,26,"ALPL, ATP5F1E, CD84, CERS6, CSF2..."
RABEPRAZOLE,26,"ALDH1A1, ALOX15B, AR, ATP4A, ATP4B..."
RECOMBINANT CYTOKINE,26,"ABCC1, APOE, BDNF, CCL8, CCR3..."
ATAGABALIN,26,"CACNA1A, CACNA1B, CACNA1C, CACNA1D, CACNA1E..."
AT-7519,26,"CDK1, CDK10, CDK11B, CDK12, CDK13..."
FENRETINIDE,26,"ALDH1A1, AR, ATXN2, BCL6, CBX1..."
ASCORBIC ACID,26,"AGTR1, AQP1, ARSB, CDK4, CDSN..."
ARSENIC TRIOXIDE,26,"BDNF, BIRC5, CCND1, CDKN1A, DNMT1..."
RESERPINE,26,"ABCB1, AR, ATAD5, BAZ2B, CBX1..."
EMODIN,26,"AHR, ALDH1A1, APEX1, AR, BRCA1..."
DULOXETINE HYDROCHLORIDE,26,"A12M3, ANO2, AR, ATP10A, CD8B..."
TAK-715,26,"AHSA1, ALK, CSNK1A1, CSNK1D, CSNK1G1..."
HAEMATOXYLIN,26,"ADAMTSL4-AS1, ALDH1A1, ALOX15, ALPG, ALPI..."
PERPHENAZINE,26,"A12M3, ABCD1, AMD1, ATXN2, CBX1..."
PREGABALIN,26,"CACNA1A, CACNA1B, CACNA1C, CACNA1D, CACNA1E..."
H2O2,26,"ABCB1, ADA, AGTR1, ATF2, ATP3..."
LY-2090314,26,"CAMK2B, CAMK2D, CAMK2G, CDK1, CDK2..."
TYROSINE KINASE INHIBITOR,26,"AGTR1, CCL11, CD9, CDC25B, CYP2B6..."
FIMEPINOSTAT,26,"F5, F7, F7R, FLT3, GAPDHL17..."
PHLOROGLUCINOL,26,"CACNA1A, CACNA1B, CACNA1C, CACNA1D, CACNA1E..."
IMAGABALIN,26,"CACNA1A, CACNA1B, CACNA1C, CACNA1D, CACNA1E..."
PICROTOXIN,26,"ARNT, ARR3, ARRB1, ARRB2, ARSA..."
BAICALEIN,26,"ALDH1A1, ALOX15, APEX1, BLM, CYP1A2..."
VINORELBINE,26,"APC, BAX, BRCA1, CSF2, MTHFR..."
AMISULPRIDE,26,"ABCB1, ABCD1, ANKS1B, DRD2, DRD3..."
SULOCTIDIL,26,"CACNA1A, CACNA1B, CACNA1C, CACNA1D, CACNA1E..."
AMIODARONE HYDROCHLORIDE,26,"AAVS1, ABCB1, ADRA1A, ADRB1, ALDH7A1P4..."
CRIZOTINIB,26,"ABCB1, ABL1, ALK, AREG, BRAF..."
ZONISAMIDE,25,"AQP4, CA1, CA12, CACNA1G, CACNA1H..."
DEPHOSTATIN,25,"ALDH1A1, ALOX15, APEX1, ATXN2, BLM..."
ASENAPINE,25,"A12M1, A12M3, A1BG, A2M, A2MP1..."
CUDC-101,25,"DXO, EGFR, EN1, ERBB2, GAPDHL17..."
CLONAZEPAM,25,"ARNT, BMAL1, CYP1A2, CYP3A4, GABRA1..."
BUPARLISIB,25,"APC, BRAF, CDKN2A, F5, FGFR1..."
SN-38,25,"ABCC2, ABCG2, BCHE, CES1, CES2..."
ILOMASTAT,25,"ACE, ADAM10, DBP, DBT, DCC..."
PI-103,25,"CLK4, DAPK3, ETFB, F2RL2, F5..."
PEMETREXED DISODIUM,25,"ABCC2, ALK, ATIC, CAMKK2, CD274..."
CHEMBL:CHEMBL578061,25,"ATM, AURKA, BLK, CDK1, CDK2..."
"PAROXETINE HYDROCHLORIDE, HEMIHYDRATE",25,"ADM, AR, ATP1B1, ATXN2, CD9..."
ACAMPROSATE CALCIUM,25,"GABRA1, GABRA2, GABRA3, GABRA4, GABRA5..."
SANGUINARIUM,25,"ALOX12, ALOX15, ALOX15B, AR, ATXN2..."
ERIBULIN MESYLATE,25,"CD274, CDK2, CYP3A4, ERBB2, ESR1..."
PYROGALLOL RED,25,"ALPL, APEX1, ATAD5, ATXN2, BAZ2B..."
PROTOPORPHYRIN,25,"ALOX15B, APEX1, CP, CYP1A2, FEN1..."
LORAZEPAM,25,"ADCY8, APOE, GABRA1, GABRA2, GABRA3..."
TOPOTECAN HYDROCHLORIDE,25,"ABCB1, ABCG2, AKT1, ALK, AR..."
DECITABINE,25,"APC, CCND2, CDA, CDKN2D, CR2..."
PONATINIB,25,"ABI1, ABL1, ABL2, BCR, BRAF..."
TCDD,25,"AHR, AHRR, AIP, ARNT, BDNF..."
NINTEDANIB ESYLATE,25,"AKT1, CFLAR, CTSV, DPP4, DPP6..."
"(3Z)-N,N-DIMETHYL-2-OXO-3-(4,5,6,7-TETRAHYDRO-1H-INDOL-2-YLMETHYLIDENE)-2,3-DIHYDRO-1H-INDOLE-5-SULFONAMIDE",24,"APOBEC3F, APOBEC3G, CYP1A2, CYP3A4, DRD1..."
METHAMPHETAMINE,24,"ADRA1A, ADRA1B, ADRA2A, ADRA2B, ADRA2C..."
CHEMBL:CHEMBL601757,24,"APAF1, ATAD5, ATG4B, ATXN2, BLM..."
FLUMAZENIL,24,"ARNT, ARR3, ARRB1, ARRB2, BMAL1..."
ROSUVASTATIN,24,"ABCA1, ABCB11, ABCC2, APOA5, CACNA1S..."
FULVESTRANT,24,"ALDH3B1, ALK, BCYRN1P2, BDNF, CCNE1..."
PODOFILOX,24,"AR, CYP3A4, DPH1, GMNN, IGF1R..."
THROMBIN,24,"A2M, CAST, CCN2, CD38, COL18A1..."
CHEMBL:CHEMBL585591,24,"ALPG, ALPI, ALPL, ATAD5, ATXN2..."
METHYLTHIONINIUM CHLORIDE,24,"APAF1, AR, ATAD5, ATM, BAZ2B..."
FOLIC ACID,24,"ABCB1, ABCG2, AFP, AMPD1, ATIC..."
MK-2461,24,"DPP6, DPYS, DPYSL2, DPYSL3, DR1..."
SULFASALAZINE,24,"ABCG2, ACAT1, ALOX5, CD83, CLTC..."
TRAMADOL,24,"APAF1, APOF, ARRB2, BDNF, CYP1A2..."
NOCODAZOLE,24,"AR, ATAD5, CREBBP, CYP1A2, GMNN..."
AZD5438,24,"CDK1, CDK10, CDK11B, CDK12, CDK13..."
MITOMYCIN,24,"ABCB1, ABCB4, AR, BGLAP, BRCA1..."
LAMIVUDINE,24,"ABCC1, ABCC2, ABCC3, ABCC4, ABCG2..."
PROPRANOLOL HYDROCHLORIDE,24,"A1BG, ABCB1, ABO, ABR, ACAA1..."
BITHIONOL,24,"ADAMTSL4-AS1, ALDH1A1, ALOX15, ALOX15B, AR..."
OMIPALISIB,24,"AKT1, AKT2, AKT3, BRAF, EML4..."
TNF-ALPHA,24,"CCL11, CCL25, CCNA2, CDK2, COL1A2..."
FLUPHENAZINE HYDROCHLORIDE,23,"A12M3, ABCB1, ABCD1, ALCAM, ALDH3A1..."
DORAMAPIMOD,23,"CDK8, CTNNB1, CTNND1, CTNND2, EGFR..."
ALPROSTADIL,23,"A2M, APOB, APOBER1, APOC1, APOC3..."
ERYTHROMYCIN,23,"ABCB1, ABCC1, ABCC2, ANTP4, BAX..."
DAIDZEIN,23,"ATAD5, ATP2B1, BDH1, BDKRB1, BDKRB2..."
GENTAMICIN,23,"ANPEP, BDNF, CALR, CD44, CYP1A2..."
CHEMBL:CHEMBL515505,23,"ALDH1A1, ATXN2, BLM, CASP6, CBX1..."
GABOXADOL,23,"ARNT, ARR3, ARRB1, ARRB2, ARSF..."
BARASERTIB-HQPA,23,"AURKA, AURKB, BLK, BTK, CHEK2..."
KETANSERIN,23,"A12M3, A12M4, A1BG, A2M, A2MP1..."
DOXYCYCLINE ANHYDROUS,23,"ABCB1, ATG4B, BAZ2B, ECI1, EHMT2..."
THIRAM,23,"ALDH1A1, AR, ATXN2, BBOX1, CYP3A4..."
ESTAZOLAM,23,"BRD3, BRD4, CREBBP, GABRA1, GABRA2..."
CHEMBL:CHEMBL1601846,23,"ADAMTSL4-AS1, APEX1, BAZ2B, CASP6, CASP7..."
THIMEROSAL,23,"ALDH1A1, ALOX15, ALOX15B, AR, ATXN2..."
ARACHIDONIC ACID,23,"ALDH1A1, ALOX15, ASGR1, ATP2B2, ATP3..."
RILUZOLE,23,"ARF5, ARG1, ARG2, ATP2B1, ATP5F1E..."
TRIAMCINOLONE,23,"ANXA1, APOE, AR, BCHE, BDM..."
DECYNIUM 22,23,"ALPG, APOBEC3F, APOBEC3G, ATXN2, CBX1..."
BOSUTINIB,23,"ABL1, BCR, BRAF, BRCA2, CAMK2G..."
SUMATRIPTAN,23,"A12M1, A12M2, A1BG, A2M, A2MP1..."
CABOZANTINIB S-MALATE,22,"ABL1, CFLAR, CTNNB1, DRD2, DRD4..."
CABAZITAXEL,22,"ABCB1, CYP2C8, CYP3A4, CYP3A5, GCF1..."
NEVIRAPINE,22,"ABCB1, ABCC1, ABCC2, ABCC3, ABCG2..."
KETOCONAZOLE,22,"ABCB1, ABCG2, ATR, BAZ2B, CBX1..."
BELINOSTAT,22,"FBXW7, GAPDHP1, GARS1, GART, GAS1..."
ROSIGLITAZONE,22,"ABCD2, AGTR2, ATP2B1, ATP4A, CCND1..."
LAMOTRIGINE,22,"AQP4, CACNA1H, CYP1A2, CYP2C19, CYP2C9..."
PRAZEPAM,22,"AR, GABRA1, GABRA2, GABRA3, GABRA4..."
IXABEPILONE,22,"CYP3A4, ERBB2, ESR1, ESR2, GCF1..."
RECOMBINANT TRANSFORMING GROWTH FACTOR,22,"ANPEP, BDNF, CDK4, COL1A2, F2R..."
RITANSERIN,22,"A12M3, A12M4, A1BG, A2M, A2MP1..."
RHEIN,22,"ALOX15, APEX1, BAZ2B, BLM, EHMT2..."
CAPSAZEPINE,22,"ALDH1A1, ALOX15B, ATP5F1BP1, BAZ2B, CBX1..."
GW5074,22,"ALOX15, APOBEC3G, BLM, CBX1, CYP1A2..."
PROMETHAZINE HYDROCHLORIDE,22,"AMD1, AR, ATXN2, BAZ2B, CBX1..."
TEMAZEPAM,22,"CYP2C19, CYP3A4, GABRA1, GABRA2, GABRA3..."
ZN2+,22,"ABR, ADARB2, ARNT, ARR3, ARRB1..."
MYCOPHENOLATE,22,"AR, BIRC5, CES1, CES2, CYP2C8..."
MONTELUKAST SODIUM,22,"ABCC1, ABCC9, ALOX5, AMHR2, CA10..."
FLUNITRAZEPAM,22,"ARNT, ARRB1, BMAL1, CYP2C19, CYP3A4..."
QUISINOSTAT,22,"FGFR3, GAPDHL17, GAPDHP1, GARS1, GART..."
COPANLISIB,22,"AURKB, ETFB, F5, F7, F7R..."
OCINAPLON,22,"ARNT, ARRB1, BMAL1, GABRA1, GABRA2..."
MESALAMINE,22,"ALOX5, APEX1, CASP1, CCND1, CHUK..."
FLUSPIRILENE,22,"A12M1, A12M3, A1BG, A2MP1, AMD1..."
RUCAPARIB,22,"ARID1A, ATM, ATR, BRAF, BRCA1..."
SAPANISERTIB,22,"AKT1S1, BRAF, CDKN2A, CRTC1, CRTC2..."
TYRPHOSTIN A9,22,"ALDH1A1, ATAD5, ATXN2, CBX1, CYP1A2..."
AXITINIB,22,"ABCG2, ABL1, BRAF, CD274, DRD2..."
METHOXYFLURANE,22,"ATP5F1D, CACNA1S, CYP3A4, GABRA1, GABRA2..."
CATECHOL,22,"ALDH1A1, ALOX15, APEX1, CA1, EHMT2..."
CLOBAZAM,22,"CYP2C19, GABRA1, GABRA2, GABRA3, GABRA4..."
CEP-11981,21,"ABL1, AKT1, DPYSL2, DRD1, DRD2..."
HYDROXYUREA,21,"ABL1, ASS1, BLM, CP, CYP3A4..."
ENTINOSTAT,21,"ATAD5, BRAF, CFTR, FBXW7, GAPDHP1..."
ORPHENADRINE CITRATE,21,"EHMT2, GRIN1, GRIN2A, GRIN2B, GRIN2C..."
MELPHALAN,21,"ABCB1, ABCC1, ABL1, AR, CDK12..."
TYRPHOSTIN 23,21,"ALDH1A1, ALOX15B, ALPL, BAZ2B, CYP1A2..."
METHIMAZOLE,21,"BGLAP, BSG, CRMP1, CSF2, CTLA4..."
OCTANOL,21,"C1QC, C1R, C1S, C2, C3..."
VENETOCLAX,21,"ABL1, ALK, ATM, BCL2, BRAF..."
ILOPERIDONE,21,"A1BG, ADRA1A, ADRA2C, CELF4, CERKL..."
MARIZOMIB,21,"PRB2, PSMA1, PSMA2, PSMA3, PSMA4..."
CHEMBL:CHEMBL234338,21,"ALPG, ALPI, ALPL, APEX1, BAZ2B..."
CHEMBL:CHEMBL578741,21,"APEX1, ARSA, BLM, CBX1, CYP3A4..."
LINOLENIC ACID,21,"ABCD2, ADH4, ALDH1A1, ALOX15, ALOX15B..."
FLURAZEPAM,21,"GABRA1, GABRA2, GABRA3, GABRA4, GABRA5..."
VANOXERINE,21,"ADORA3, AR, ATAD5, ATXN2, CBX1..."
METITEPINE,21,"A12M1, A12M2, A12M3, A12M4, A1BG..."
NITRAZEPAM,21,"GABRA1, GABRA2, GABRA3, GABRA4, GABRA5..."
MIRDAMETINIB,21,"BRAF, DDX43, FLT3, GNA11, GNAQ..."
BREXANOLONE,21,"ARNT, ARR3, ARRB1, ARRB2, BMAL1..."
SERTINDOLE,21,"A12M1, A12M2, A12M3, A1BG, A2M..."
BROMAZEPAM,21,"CYP1A2, CYP2D6, GABRA1, GABRA2, GABRA3..."
SULINDAC,21,"AKR1B1, APC, BIRC5, CPT1B, CPT2..."
ATEZOLIZUMAB,21,"ALK, ARID1A, BRAF, CD274, CTLA4..."
WIN55212-2,21,"ACRV1, ALDH1A1, ARVD3, ARVD4, CBX1..."
"1,10-PHENANTHROLINE",21,"AR, ATAD5, ATXN2, BAZ2B, BNIP1..."
CHLORDIAZEPOXIDE,21,"AR, GABRA1, GABRA2, GABRA3, GABRA4..."
SLAZINIC ACID,21,"APBA1, APEX1, BAZ2B, CACNA1B, FEN1..."
ALITRETINOIN,21,"BCHE, BCHEL1, BCHEL3, CCR2, CD34..."
ANTIOXIDANT,21,"ACO1, BDNF, BIRC5, DDIT3, DIABLO..."
RECOMBINANT TRANSFORMING GROWTH FACTOR-BETA 1,21,"AGTR2, ATF2, BCL2, CDK2, CFI..."
PHA-793887,21,"CDK1, CDK10, CDK11B, CDK12, CDK13..."
PURPURIN,21,"ALOX15, APEX1, BRCA1, CBX1, FEN1..."
PHLORETIN,21,"ARSA, ATM, BRCA2, BTN1A1, CDSN..."
PICEATANNOL,21,"ALOX15B, ARSA, ATAD5, CBX1, CYP1A2..."
HALAZEPAM,20,"GABRA1, GABRA2, GABRA3, GABRA4, GABRA5..."
PROTEASOME INHIBITOR,20,"ADAMTSL4-AS1, ARNT, BIRC5, CD86, CSF2..."
USTEKINUMAB,20,"ADAM33, AGBL4, C9orf72, CHUK, HLA-C..."
4-PHENYLBUTYRIC ACID,20,"ASS1, BCL2, CDKN1A, CPS1, HDAC1..."
PROTEASE INHIBITOR,20,"ABCC1, ANPEP, APOC3, BCL2, CD27..."
PROPYLTHIOURACIL,20,"BDNF, BSG, CYP1A2, CYP2C19, CYP2C9..."
TOSEDOSTAT,20,"ANPEP, AOPEP, DNPEP, ENPEP, ERAP1..."
SB-415286,20,"ALDH1A1, BAZ2B, CBX1, CDK5, CDK5R1..."
PHENYLMERCURIC ACETATE,20,"ALDH1A1, ALOX15, ALOX15B, AR, ESR1..."
PF-04691502,20,"CDKN2A, ETFB, F5, FLT3, MTOR..."
CLOTIAZEPAM,20,"GABRA1, GABRA2, GABRA3, GABRA4, GABRA5..."
ALTEPLASE,20,"ACP5, ADM, APRT, BDNF, CSPG4..."
ALVOCIDIB,20,"ABCC1, ABCG2, ALK, CCND1, CDK1..."
SERTRALINE HYDROCHLORIDE,20,"AR, ATXN2, CD9, CDK1, CFL1..."
JUGLONE,20,"ALDH1A1, ALOX15, ALOX15B, APEX1, BLM..."
FENOLDOPAM MESYLATE,20,"ADRA2A, ADRA2B, ADRA2C, ALCAM, ALDH2..."
POLATUZUMAB VEDOTIN,20,"BCL2, BCL6, CD79B, GPER1, MYC..."
IMIPRAMINE HYDROCHLORIDE,20,"AAMP, APEX1, BAAT, BDNF, CD8B..."
ETHINYL ESTRADIOL,20,"ACTB, AMH, AQP8, AR, BCYRN1P2..."
PLATINUM,20,"ABCB1, ATP7A, ATP7B, CD74, CSF2..."
IPILIMUMAB,20,"ALK, ATM, B2M, BRAF, CD274..."
PENTOBARBITAL SODIUM,20,"CHRNA4, CHRNA7, GABRA1, GABRA2, GABRA3..."
PILARALISIB,20,"BRAF, ERBB2, F5, F7, F7R..."
CALMIDAZOLIUM CHLORIDE,20,"APAF1, ATXN2, BLM, EHMT2, FEN1..."
MIRTAZAPINE,20,"A12M3, ABL1, ABL2, ADRA2A, ADRA2B..."
BUTALBITAL,20,"CHRNA4, CHRNA7, GABRA1, GABRA2, GABRA3..."
CLORAZEPATE,20,"GABRA1, GABRA2, GABRA3, GABRA4, GABRA5..."
DINOPROSTONE,20,"APOB, APOBEC1, APOBER1, APOC1, APOC1P1..."
MORIN,20,"ABCA1, ADAMTSL4-AS1, APEX1, BAZ2B, CBX1..."
CHLORMETHIAZOLE,20,"CYP1A2, CYP2C19, CYP2D6, EHMT2, GABRA1..."
BINIMETINIB,20,"APC, ATM, BRAF, HRAS, JAK2..."
HYDROGEN PEROXIDE,20,"APRT, CAMK2B, CCN2, DDIT3, DIABLO..."
OXYMETAZOLINE HYDROCHLORIDE,20,"A2M, A2MP1, ABCA4, ABCB7, ABCF1..."
MERCURIC CHLORIDE,20,"ALDH1A1, ALOX12, ALOX15, ALOX15B, AR..."
OXYTETRACYCLINE ANHYDROUS,20,"APEX1, BAZ2B, CBX1, EHMT2, FEN1..."
EFAVIRENZ,20,"ABCB1, ABCC1, ABCC2, ABCC3, ABCC4..."
SCRIPTAID,20,"CFTR, GAPDHP1, GARS1, GART, GAS1..."
QUINIDINE,20,"ABCB1, ALDH7A1P2, ALDH7A1P4, ATP5MC2, ATP6V1B1..."
TEMOZOLOMIDE,20,"ALK, ARID1A, ATM, ATR, ATRX..."
QUAZEPAM,20,"GABRA1, GABRA2, GABRA3, GABRA4, GABRA5..."
RALFINAMIDE,20,"CACNA1B, GRIN1, GRIN2A, GRIN2B, GRIN2C..."
METHARBITAL,20,"CHRNA4, CHRNA7, GABRA1, GABRA2, GABRA3..."
STREPTONIGRIN,20,"ATAD5, ATM, ATXN2, BLM, FEN1..."
VINBLASTINE SULFATE,20,"AR, ATXN2, IDH1, JUN, PAX8..."
PANITUMUMAB,20,"AREG, BRAF, BTC, CDKN2A, DXO..."
OXIDOPAMINE,20,"APEX1, BDNF, DDIT3, DRD2, FAAH..."
FLUTAMIDE,20,"AQP9, AR, BEVI, BIRC5, CDKN1A..."
UCN-01,20,"BIRC5, CDK2, CDK4, CDK6, CHEK1..."
ORPHENADRINE HYDROCHLORIDE,20,"GRIN1, GRIN2A, GRIN2B, GRIN2C, GRIN2D..."
HYDRALAZINE,20,"AOC3, ATAD5, CYP1A2, CYP2C19, CYP2C9..."
TALBUTAL,20,"CHRNA4, CHRNA7, GABRA1, GABRA2, GABRA3..."
ZM447439,19,"AURKA, AURKB, BTK, EEF1D, EEF1G..."
BUSULFAN,19,"ABCC3, ABL1, ADK, BCR, CYP1A2..."
CLOFARABINE,19,"APBB1, AR, FLT3, GBA1LP, NIPSNAP2..."
FENTICLOR,19,"ALOX15, ALOX15B, AR, ATG4B, CYP2C19..."
FLUTICASONE,19,"BDM, BDNF, CA10, CCL5, CD14..."
QUIZARTINIB,19,"CBL, CSF1R, DNMT3A, DPP4, DPP6..."
INDIRUBIN-3'-MONOXIME,19,"ARSA, ATXN2, CBX1, CDK1, CYP1A2..."
TBPS,19,"ARNT, ARR3, ARRB1, ARRB2, ARSA..."
CALCIMYCIN,19,"ATAD5, ATXN2, CBX1, DRD1, EHMT2..."
ABEMACICLIB,19,"ABCB1, BRAF, CCND1, CCND2, CCND3..."
N-ARACHIDONOYLGLYCINE,19,"ACTN3, ADH1A, ALOX15, ALOX15B, APEX1..."
SPIPERONE,19,"A12M3, A12M4, A1BG, A2MP1, ABCA4..."
DIGITOXIN,19,"AR, ATAD5, ATP1A1, ATP1A2, ATP1A3..."
COMBRETASTATIN A4,19,"GLUL, MAPK1, MAPK3, TUBA1A, TUBA1B..."
DIMDAZENIL,19,"GABRA1, GABRA2, GABRA3, GABRA4, GABRA5..."
REMIMAZOLAM,19,"GABRA1, GABRA2, GABRA3, GABRA4, GABRA5..."
NIMODIPINE,19,"ABCB1, ATAD5, ATP1B1, ATP6V1C1, CACNA1C..."
AFATINIB,19,"ALK, ARF1, BRAF, DVL2, DXO..."
ENMD-981693,19,"AURKA, BLK, FGFR1, FGFR2, FGFR3..."
ONDANSETRON HYDROCHLORIDE,19,"ABCB1, CYP2D6, CYP3A4, CYP3A5, GSR..."
ENALAPRIL MALEATE,19,"ACE, ADRB2, AGT, APEX1, BDKRB2..."
HUMAN CHORIONIC GONADOTROPIN,19,"ABCG2, AKR1C1, AMH, APEX1, APOE..."
AMOXICILLIN ANHYDROUS,19,"CYP1A2, CYP2C19, CYP2C9, CYP2D6, CYP3A4..."
LISURIDE,19,"A12M3, A12M4, A1BG, A2M, A2MP1..."
FORETINIB,19,"ABL1, DRD1, DRD2, DRD3, DRD4..."
TYRPHOSTIN B48,19,"ALOX15, BAZ2B, CBX1, CYP1A2, CYP3A4..."
LORATADINE,19,"AMD1, AR, ATP5BL2, CCL17, CD28..."
ADRIAMYCIN,19,"ABCB1, ABCC1, AGT, CHEK1, CKM..."
CHEMBL:CHEMBL68534,19,"ALOX12, ALOX15, BLM, CBX1, CYP1A2..."
GILTERITINIB,19,"ALK, AXL, BRAF, CBL, DPYS..."
GENTIAN VIOLET CATION,19,"APP, AR, BLM, CYP3A4, ESR1..."
CHEMBL:CHEMBL67535,19,"ALOX15, APEX1, BLM, CBX1, CYP3A4..."
ADIPIPLON,19,"GABRA1, GABRA2, GABRA3, GABRA4, GABRA5..."
TAMOXIFEN CITRATE,19,"ALDH1A1, AR, BAZ2B, CBFB, CYP2C19..."
PILOCARPINE HYDROCHLORIDE,19,"AADAC, AAMP, AANAT, AARS1, AAVS1..."
ACID BLUE 129,19,"ALDH1A1, BAZ2B, EHMT2, FEN1, GNAS..."
RGB-286638,19,"CDK1, CDK2, CDK3, CDK4, CDK5..."
DACINOSTAT,19,"GAPDHP1, GARS1, GART, GAS1, GAS2..."
ARIPIPRAZOLE LAUROXIL,19,"A12M3, A1BG, A2M, A2MP1, ABCD1..."
CHLORHEXIDINE GLUCONATE,19,"AR, ATXN2, CYP2D6, EHMT2, GBA1..."
DEXTROAMPHETAMINE SULFATE,19,"ADRA1A, ADRA2A, AQP7, CARTPT, CD8B..."
METHYLENE BLUE ANHYDROUS,19,"BLM, BLVRB, CGB5, CXCL8, CYB5R3..."
IL-6,19,"ABCB1, ADCYAP1R1, AGTR1, CDK2, HRAS..."
INAMRINONE,19,"ALDH1A1, ALOX15, COL9A2, COL9A3, CYP1A2..."
THERAPEUTIC ANDROSTANOLONE,19,"AGTR1, AQP9, BAX, BGLAP, CAST..."
METHYSERGIDE,19,"A12M1, A12M2, A12M3, A12M4, A2M..."
HYCANTHONE,19,"APEX1, AR, ATXN2, CYP1A2, CYP2C19..."
VINCRISTINE SULFATE,19,"ALK, GMNN, HIF1A, NR0B1, TUBA1A..."
TYRPHOSTIN AG 555,19,"ALOX15, BAZ2B, CBX1, CYP1A2, CYP2C19..."
PADSEVONIL,19,"GABRA1, GABRA2, GABRA3, GABRA4, GABRA5..."
CEPHALOCHROMIN,19,"ADAMTSL4-AS1, ALPG, ALPI, ALPL, BAZ2B..."
PROMAZINE,19,"ABCD1, ADRA1A, ADRA1B, ADRA1D, ALDH1A1..."
EPIGALLOCATECHIN-3-GALLATE,18,"ALB, APEX1, AR, BACE1, BAZ2B..."
ZAFIRLUKAST,18,"AMHR2, AMPD1, AR, BAZ2B, CCND1..."
LABETALOL,18,"ABCA4, ABCB7, ABO, ABR, ADRA1A..."
TPCK,18,"ALDH1A1, ATAD5, ATXN2, CYP1A2, CYP2C19..."
RIBOCICLIB,18,"ALK, BRAF, CCND1, CCND2, CCND3..."
SONOLISIB,18,"BRAF, MTOR, PIK3C2A, PIK3C2B, PIK3C2G..."
DICHLOROPHEN,18,"ALOX15, AR, ESR1, GMNN, HPGD..."
SF1126,18,"HRAS, MTOR, PIK3C2A, PIK3C2B, PIK3C2G..."
BRENTUXIMAB VEDOTIN,18,"ALK, E4F1, TNFRSF8, TUBA1A, TUBA1B..."
N-OLEOYLDOPAMINE,18,"ADH1C, ALOX15, ATXN2, CYP2C19, CYP2C9..."
BUMETANIDE,18,"ACE, ADAM10, ADD1, CD68, CD69..."
CI-1040,18,"AKT1, BRAF, CHEK1, HRAS, LCK..."
STICTIC ACID,18,"APEX1, BAZ2B, CASP6, CASP7, CYP3A4..."
APOMORPHINE HYDROCHLORIDE HEMIHYDRATE,18,"ADAMTSL4-AS1, APOBEC3G, ATAD5, ATXN2, CBFB..."
COBIMETINIB,18,"ARAF, BRAF, CBL, CDKN2A, ERCC2..."
TRIAMTERENE,18,"AR, CYP1A2, ESR1, GAA, HIF1A..."
MIANSERIN,18,"A12M3, A12M4, ABCA4, ABCB7, ABCF1..."
KAEMPHEROL,18,"CTDSP1, CYP1A2, CYP2A13, CYP2C9, CYP2D6..."
PRASTERONE,18,"ABCG2, AR, BAX, BIRC5, CCN2..."
PYRITHIONE ZINC,18,"ALDH1A1, ALOX15, ALOX15B, AR, AZF1..."
PEXMETINIB,18,"ABL1, ABL2, CTNNB1, CTNND1, DPYSL2..."
TERFENADINE,18,"ABCB1, AMD1, BAAT, BAD, CD86..."
PYRONIN Y,18,"APAF1, APEX1, APOBEC3F, APOBEC3G, ATXN2..."
CHEMBL:CHEMBL19954,18,"ADAMTSL4-AS1, APEX1, EHMT2, FEN1, IDH1..."
LETROZOLE,18,"CCDC148, CDKN2A, CPD, CTNNB1, CYP19A1..."
LENVATINIB,18,"ABCG2, BRAF, CYP3A, CYP3A4, CYP3A5..."
CERITINIB,18,"ABCB1, ALK, CYP3A4, DPEP1, DPH1..."
GIVINOSTAT,18,"GAPDHP1, GARS1, GART, GAS1, GAS2..."
ADO-TRASTUZUMAB EMTANSINE,18,"CD274, ERBB2, PIK3CA, TUBA1A, TUBA1B..."
TYRPHOSTIN AG 879,18,"ALDH1A1, ALOX15B, CBX1, CYP1A2, CYP2C19..."
OXCARBAZEPINE,18,"ABCB1, HLA-B, HLA-DRB1, SCN10A, SCN11A..."
MEPROBAMATE,18,"GABRA1, GABRA2, GABRA3, GABRA4, GABRA5..."
GANAXOLONE,18,"CDKL5, EHMT2, GABRA1, GABRA2, GABRA3..."
FUROSEMIDE,18,"ABCC4, ACE, ADAM10, ADD1, APOA1..."
TETRACYCLINE,18,"ABCB1, CYP1A2, CYP2C19, CYP2C9, CYP2D6..."
HYDROXYCHLOROQUINE,18,"APP, BRAF, CYP2D6, CYP3A4, CYP3A5..."
CHEMBL:CHEMBL299853,18,"APAF1, ATAD5, ATM, ATXN2, CASP3..."
ASPARAGINASE,18,"ASNS, ATF5, CPA2, ETV6, GATA3..."
ESZOPICLONE,18,"CYP3A5, GABRA1, GABRA2, GABRA3, GABRA4..."
AFIMOXIFENE,18,"ALDH3B1, ATXN2, BAZ2B, BCYRN1P2, BDKRB2..."
TOLONIUM CHLORIDE,18,"AR, ATAD5, ATM, ATXN2, BAZ2B..."
TETRAMETHYLAMMONIUM,18,"ALDH7A1P3, ALDH7A1P4, ARF4P1, ARF5, ARF6..."
METHYLPREDNISOLONE,18,"ABCB1, ANXA1, AR, ATP2B1, BCL2..."
IMMUNOSUPPRESSANT,18,"APOE, CCL17, CDKN1A, CDKN1B, CP..."
CHEMBL:CHEMBL2095095,18,"ATAD5, ATXN2, BAZ2B, CBX1, EHMT2..."
VATALANIB,18,"AR, CSF1R, DPP6, DRD1, DRD2..."
ASTERRIC ACID,18,"ADAMTSL4-AS1, APEX1, BAZ2B, BLM, FEN1..."
METERGOLINE,18,"A12M1, A12M2, A12M3, A12M4, A2M..."
OCTREOTIDE ACETATE,18,"ALK, AQP2, CD2, FASLG, IGFBP1..."
RECOMBINANT INTERLEUKIN-1,18,"BAX, BIRC5, CCL8, CSF2, CXCL8..."
CLIOQUINOL,18,"AHR, ALDH1A1, APP, BAZ2B, CYP1A2..."
ALEXIDINE HYDROCHLORIDE,17,"APAF1, ATG4B, ATXN2, FEN1, GLS..."
DARIGABAT,17,"ARNT, GABRA1, GABRA2, GABRA3, GABRA4..."
DEFEROXAMINE,17,"ABCB1, CXCL2, DDIT3, EDN1, GAPDH..."
NALTREXONE,17,"ADH1C, AKR1C4, ALDH2, ANKK1, APAF1..."
AMILORIDE,17,"ARRB2, ASIC1, ATP2B3, ATP5BL2, BST2..."
HARMINE,17,"ALDH1A1, APEX1, CLK1, CLK2, CLK3..."
PSEUDOEPHEDRINE,17,"ADRA1A, ADRA2A, ADRB2, ALOX15, ALOX15B..."
ADENOSINE TRIPHOSPHATE,17,"ABL1, ACTN2, APBB2, APC, APCS..."
ATROPINE,17,"AADAC, AAMP, AANAT, AARS1, AAVS1..."
HYDROQUINONE,17,"BCL2, CD40, CXCL8, CYP19A1, EHMT2..."
ZIMELDINE HYDROCHLORIDE,17,"HTR1A, HTR1B, HTR1D, HTR1E, HTR1F..."
INDUSATUMAB VEDOTIN,17,"DLX6, GUCY2C, TUBA1A, TUBA1B, TUBA1C..."
GSK-690693,17,"AKT1, AKT2, AKT3, PRKACA, PRKACB..."
BMS-387032,17,"CDK2, CDK4, CDK5, CDK7, CDK8..."
ABT-751,17,"TUBA1A, TUBA1B, TUBA1C, TUBA3C, TUBA3D..."
DRONABINOL,17,"ABCB1, ACRV1, ACTN3, ADCY3, ARVD3..."
MILATAXEL,17,"BCL2, TUB, TUBA1A, TUBA1B, TUBA1C..."
MASITINIB,17,"ABL1, CSF1R, DPP4, DPP6, DPT..."
OXIDOPAMINE HYDROCHLORIDE,17,"APEX1, CBX1, FEN1, GLS, KDM4A..."
ACALABRUTINIB,17,"BTK, CYP3A4, DXO, EEGV1, EFNA1..."
EPIGALLOCATECHIN GALLATE,17,"ABCC1, APOB, COIL, CSF2, CYP3A4..."
LIFASTUZUMAB VEDOTIN,17,"CHRNA3, SLC34A2, TUBA1A, TUBA1B, TUBA1C..."
CEP-2563,17,"FLT3, NTRK1, NTRK2, NTRK3, PDGFRB..."
EPINEPHRINE BITARTRATE,17,"ADRA1A, ADRA1B, ADRA1D, ADRA2A, ADRA2B..."
MIBEFRADIL,17,"ATAD5, ATP6AP1, ATP6V0A1, ATP6V1E1, ATXN2..."
NONSTEROIDAL ANTIINFLAMMATORY DRUG,17,"AKR1C3, APC, BCL2, BGLAP, BIRC5..."
CAPSAICIN,17,"ABCB1, ALDH1A1, ATP5F1BP1, BDNF, CFTR..."
MIRVETUXIMAB SORAVTANSINE,17,"FOLR1, HOXB2, TUBA1A, TUBA1B, TUBA1C..."
SEMAXANIB,17,"APOBEC3F, APOBEC3G, DPP6, DPT, DRD1..."
SOBLIDOTIN,17,"TNF, TUB, TUBA1A, TUBA1B, TUBA1C..."
DEXFENFLURAMINE HYDROCHLORIDE,17,"HTR1A, HTR1B, HTR1D, HTR1E, HTR1F..."
CLARITHROMYCIN,17,"ABCB1, CXCL8, CYP1A2, CYP2C19, CYP2C9..."
THERAPEUTIC ANDROGEN,17,"AKR1C3, AQP1, AQP9, CD52, CD9..."
VINORELBINE TARTRATE,17,"AR, JUN, TUBA1A, TUBA1B, TUBA1C..."
THIAMYLAL SODIUM,17,"CYP3A4, GABRA1, GABRA2, GABRA3, GABRA4..."
PIOGLITAZONE HYDROCHLORIDE,17,"ATP4A, CCND1, CYP2C9, CYP3A4, G6PD..."
BELANTAMAB MAFODOTIN-BLMF,17,"ECE1, TNFRSF17, TUBA1A, TUBA1B, TUBA1C..."
NAPROXEN SODIUM,17,"ABCB1, ALB, CBX1, CPT1B, CPT2..."
PERGOLIDE,17,"A12M3, A12M4, A1BG, A2M, A2MP1..."
BUPIVACAINE,17,"ALDH7A1P2, BBS1, BCHE, CYB5R3, CYP1A2..."
ZOTIRACICLIB,17,"CDK1, CDK2, CDK7, CDK9, DPYD..."
BUPROPION HYDROCHLORIDE,17,"ACE, APOE, CD8B, CD8B2, COMT..."
ANG1005,17,"BCL2, LRP1, TUBA1A, TUBA1B, TUBA1C..."
CINOLAZEPAM,17,"GABRA1, GABRA2, GABRA3, GABRA5, GABRB1..."
NALOXONE HYDROCHLORIDE,17,"ADCYAP1R1, ANPEP, APAF1, APOF, BDNF..."
KETAMINE HYDROCHLORIDE,17,"ASS1P14, GRIN1, GRIN2A, GRIN2B, GRIN2C..."
CHEMBL:CHEMBL1935538,17,"HSPB1, TUBA1A, TUBA1B, TUBA1C, TUBA3C..."
ENFORTUMAB VEDOTIN-EJFV,17,"HLA-DOB, NECTIN4, TUBA1A, TUBA1B, TUBA1C..."
LIDOCAINE,17,"BBS1, BDNF, CYP3A4, EGFR, G6PD..."
EPHEDRINE,17,"ABR, ADRA1A, ADRA1B, ADRA1D, ADRA2A..."
EXEMESTANE,17,"AKR1C3, AR, BGLAP, CCDC148, CPD..."
AROTINOID ACID,17,"BCHE, BCHEL1, BCHEL3, CYP2C19, CYP2D6..."
FELODIPINE,17,"ABCB1, ABCG2, CACNA1C, CACNA1D, CACNA1F..."
XANOMELINE,17,"A12M1, A12M2, A12M3, A12M4, A1BG..."
CHEMBL:CHEMBL1451216,17,"APEX1, BAZ2B, BLM, CBX1, EHMT2..."
ETOMIDATE,17,"ADRA2B, GABRA1, GABRA2, GABRA3, GABRA4..."
CHEMBL:CHEMBL523200,17,"ALDH1A1, ATXN2, BAZ2B, CBX1, EHMT2..."
FOSBRETABULIN DISODIUM,17,"BAX, BCL2, TUBA1A, TUBA1B, TUBA1C..."
GLUTETHIMIDE,17,"CYP2D6, GABRA1, GABRA2, GABRA3, GABRA4..."
ADINAZOLAM,17,"GABRA1, GABRA2, GABRA3, GABRA5, GABRB1..."
AZD-1080,17,"CAMK2A, CAMK2G, CDK1, CDK2, CDK5..."
FLUDIAZEPAM,17,"GABRA1, GABRA2, GABRA3, GABRA5, GABRB1..."
THIOPENTAL SODIUM,17,"CYP3A4, GABRA1, GABRA2, GABRA3, GABRA4..."
YOHIMBINE,17,"A12M1, A12M2, A12M4, A1BG, A2M..."
CHLORPROMAZINE HYDROCHLORIDE,17,"AR, ATXN2, BAZ2B, CYP1A2, CYP2C19..."
RUXOLITINIB,17,"BRAF, CRLF2, CSF3R, CYP3A4, EPHB1..."
ANTIBIOTIC,17,"BDNF, CTLA4, CXCL10, FOS, FST..."
NISOLDIPINE,17,"AR, ATP6V1E1, CACNA1A, CACNA1C, CACNA1D..."
SELENIUM,17,"ADA, ALOX5, BCL2, DNMT1, FASN..."
PANULISIB,16,"ACVRL1, DNCM, ETFB, F5, F7..."
LOREDIPLON,16,"GABRA1, GABRA2, GABRA3, GABRA4, GABRA5..."
BENZBROMARONE,16,"ABCC1, ABCC2, CYP1A2, CYP2C9, GMNN..."
TYRPHOSTIN 47,16,"ALDH1A1, ALOX12, ALOX15, ALOX15B, APEX1..."
LY-294002,16,"AKT1, BRD3, CBX1, CDK8, CYP1A2..."
LORVOTUZUMAB MERTANSINE,16,"NCAM1, TUBA1A, TUBA1B, TUBA1C, TUBA3C..."
MEPIVACAINE HYDROCHLORIDE,16,"CYP1A2, CYP2C19, CYP2C9, CYP2D6, G6PD..."
BLEOMYCIN,16,"ADK, AFP, BLMH, BRCA1, CCL17..."
BIVATUZUMAB MERTANSINE,16,"CD44, TUBA1A, TUBA1B, TUBA1C, TUBA3C..."
BUTABARBITAL SODIUM,16,"GABRA1, GABRA2, GABRA3, GABRA4, GABRA5..."
MICONAZOLE NITRATE,16,"ABCB1, ATP3, BAZ2B, CYP1A2, CYP2C19..."
DRONEDARONE HYDROCHLORIDE,16,"CACNA1C, CACNA1D, CACNA1F, CACNA1S, HCN4..."
DYCLONINE HYDROCHLORIDE,16,"ALDH1A1, AR, EHMT2, GMNN, SCN10A..."
TISOTUMAB VEDOTIN-TFTV,16,"F3, TUBA1A, TUBA1B, TUBA1C, TUBA3C..."
METHYPRYLON,16,"GABRA1, GABRA2, GABRA3, GABRA4, GABRA5..."
SOFITUZUMAB VEDOTIN,16,"MUC16, TUBA1A, TUBA1B, TUBA1C, TUBA3C..."
CYCLOSTREPTIN,16,"TUBA1A, TUBA1B, TUBA1C, TUBA3C, TUBA3D..."
DANAZOL,16,"AR, CGB5, CP, CXCL8, CYP1A2..."
SITRAVATINIB,16,"AXL, DPP4, DPT, DPYS, DRD1..."
2-APB,16,"ALOX15, ALOX15B, ATP2A2, ATP2A3, ATP2B1..."
GLEMBATUMUMAB VEDOTIN,16,"GPNMB, TUBA1A, TUBA1B, TUBA1C, TUBA3C..."
GSK690693,16,"AKT3, CSTB, CSTF1, CSTF3, CSTP1..."
HELENALIN,16,"AGTR1, ATAD5, ATXN2, EHMT2, GLP1R..."
IBUDILAST,16,"COL10A1, COL11A1, COL11A2, COL9A2, CYP1A2..."
HYDROCODONE,16,"APOF, COMT, CYP1A2, CYP2B6, CYP2C19..."
INGENOL MEBUTATE,16,"CTAA1, CTAA2, CTAG1B, CTBS, NKX2-5..."
CHEMBL:CHEMBL599924,16,"APAF1, ATG4B, ATXN2, DUSP3, GMNN..."
SU9516,16,"ATXN2, BAZ2B, CDK2, CDK4, CYP3A4..."
SPIRONOLACTONE,16,"ABCB1, ADD1, ADIPOQ, AR, CCN2..."
SULFURETIN,16,"ADAMTSL4-AS1, ALPG, ALPI, ALPL, ATAD5..."
VITAMIN E,16,"ABCB1, APOE, ATF4, COL18A1, ERBB2..."
DEQUALINIUM,16,"ARF5, ARG1, ARHGAP5, ARHGAP6, CNGA1..."
[3H]AZIETOMIDATE,16,"GABRA1, GABRA2, GABRA3, GABRA4, GABRA5..."
CHEMBL:CHEMBL453818,16,"TUBA1A, TUBA1B, TUBA1C, TUBA3C, TUBA3D..."
EPOTHILONE D,16,"ABCB1, TUBA1A, TUBA1B, TUBA1C, TUBA3C..."
TUSAMITAMAB RAVTANSINE,16,"CEACAM5, TUBA1A, TUBA1B, TUBA1C, TUBA3C..."
PAGOCLONE,16,"GABRA1, GABRA2, GABRA3, GABRA4, GABRA5..."
MAYTANSINE,16,"TUBA1A, TUBA1B, TUBA1C, TUBA3C, TUBA3D..."
MAYTANSINOL,16,"TUBA1A, TUBA1B, TUBA1C, TUBA3C, TUBA3D..."
EUPAFOLIN,16,"APEX1, ATAD5, BAZ2B, CASP6, FEN1..."
AG 490,16,"BAZ2B, CBX1, CYP1A2, CYP3A4, DXO..."
VOXTALISIB,16,"MTOR, PIK3C2A, PIK3C2B, PIK3C2G, PIK3C3..."
TELISOTUZUMAB VEDOTIN,16,"MET, TUBA1A, TUBA1B, TUBA1C, TUBA3C..."
LADIRATUZUMAB VEDOTIN,16,"SLC39A6, TUBA1A, TUBA1B, TUBA1C, TUBA3C..."
RANITIDINE HYDROCHLORIDE,16,"ABCB1, AMD1P2, CALCA, CYP1A2, CYP2C19..."
ASTEMIZOLE,16,"ABCB1, AMD1, AR, BAAT, BAD..."
PRALUZATAMAB RAVTANSINE,16,"ALCAM, TUBA1A, TUBA1B, TUBA1C, TUBA3C..."
FOSBRETABULIN TROMETHAMINE,16,"CDH1, TUBA1A, TUBA1B, TUBA1C, TUBA3C..."
FLURAZEPAM HYDROCHLORIDE,16,"GABRA1, GABRA2, GABRA3, GABRA4, GABRA5..."
CHEMBL:CHEMBL493863,16,"ATXN2, BAZ2B, CBX1, EHMT2, FEN1..."
FLUPIRTINE,16,"AZF2, CBX1, CYP2D6, CYP3A4, EHMT2..."
TG100-801,16,"BLK, EPHB4, FGFR1, FGFR2, FGR..."
TETRAZEPAM,16,"GABRA1, GABRA2, GABRA3, GABRA4, GABRA5..."
AGS-16C3F,16,"ENPP3, TUBA1A, TUBA1B, TUBA1C, TUBA3C..."
RG-7841,16,"LY6E, TUBA1A, TUBA1B, TUBA1C, TUBA3C..."
GSK-2636771,16,"BRAF, PIK3C2A, PIK3C2B, PIK3C2G, PIK3C3..."
APRUTUMAB IXADOTIN,16,"FGFR2, TUBA1A, TUBA1B, TUBA1C, TUBA3C..."
ZAMPANOLIDE,16,"TUBA1A, TUBA1B, TUBA1C, TUBA3C, TUBA3D..."
DOLASTATIN-10,16,"TUB, TUBA1A, TUBA1B, TUBA1C, TUBA3C..."
CHEMBL:CHEMBL2036119,16,"TUBA1A, TUBA1B, TUBA1C, TUBA3C, TUBA3D..."
VANDORTUZUMAB VEDOTIN,16,"STEAP1, TUBA1A, TUBA1B, TUBA1C, TUBA3C..."
URSODIOL,16,"AKR1C2, BCL2, BLVRA, CD40LG, CYP27A1..."
CHEMBL:CHEMBL1795737,16,"TUBA1A, TUBA1B, TUBA1C, TUBA3C, TUBA3D..."
ETIFOXINE,16,"GABRA1, GABRA2, GABRA3, GABRA4, GABRA5..."
EUFLAVINE,16,"APEX1, BLM, BRCA1, FEN1, HTT..."
ETHACRYNIC ACID,16,"ALDH1A1, AR, CYP2C9, EHMT2, GMNN..."
ETHCHLORVYNOL,16,"GABRA1, GABRA2, GABRA3, GABRA4, GABRA5..."
RG-7636,16,"EDNRB, TUBA1A, TUBA1B, TUBA1C, TUBA3C..."
ISOVELLERAL,16,"ATAD5, ATM, ATP1B1P1, ATXN2, GMNN..."
ISOTRETINOIN,16,"AR, BCL2, CA3, CYP3A5, IL2RA..."
CHEMBL:CHEMBL2036124,16,"TUBA1A, TUBA1B, TUBA1C, TUBA3C, TUBA3D..."
ENAPOTAMAB VEDOTIN,16,"AXL, TUBA1A, TUBA1B, TUBA1C, TUBA3C..."
RG-7600,16,"MSLN, TUBA1A, TUBA1B, TUBA1C, TUBA3C..."
REMIMAZOLAM BESYLATE,16,"GABRA1, GABRA2, GABRA3, GABRA4, GABRA5..."
RESEQUINIL,16,"GABRA1, GABRA2, GABRA3, GABRA4, GABRA5..."
PHENOTHIAZINE,16,"ABCB1, ALOX12, ALOX15, ALOX15B, BAZ2B..."
PHENYLEPHRINE,16,"ABCA4, ABCB7, ABCF1, ADRA1A, ADRA1B..."
ASG-5ME,16,"SLC44A4, TUBA1A, TUBA1B, TUBA1C, TUBA3C..."
PHENAZOPYRIDINE HYDROCHLORIDE,16,"AHR, ESR1, HBB, MAPT, NFE2L2..."
LEVOTHYROXINE,16,"AHR, BCGF1, F9, IRS4, NFE2L2..."
CHEMBL:CHEMBL1519374,16,"ADAMTSL4-AS1, ATM, ATXN2, BAZ2B, CBX1..."
ARX-788,16,"ERBB2, TUBA1A, TUBA1B, TUBA1C, TUBA3C..."
ETAZOLATE,16,"CREBBP, CYP1A2, CYP3A4, EHMT2, GABRA2..."
GM-CSF,16,"BGLAP, BIRC5, CD5, CSF2, CSF2RA..."
NICARDIPINE,16,"ABCA3, ABCB1, AR, ATAD5, ATXN2..."
PF-06263507,16,"TPBG, TUBA1A, TUBA1B, TUBA1C, TUBA3C..."
BENSERAZIDE HYDROCHLORIDE,16,"ALDH1A1, ALPG, ALPI, APEX1, BAZ2B..."
BENZETHONIUM CHLORIDE,16,"APAF1, AR, ATXN2, ESR1, HTT..."
NBQX,16,"APEX1, ARSA, ASPH, ASS1, ASS1P2..."
AZINTUXIZUMAB VEDOTIN,16,"SLAMF7, TUBA1A, TUBA1B, TUBA1C, TUBA3C..."
INDIBULIN,16,"TUB, TUBA1A, TUBA1B, TUBA1C, TUBA3C..."
CLORAZEPATE DIPOTASSIUM,16,"GABRA1, GABRA2, GABRA3, GABRA4, GABRA5..."
CLOFIBRATE,16,"BCKDHA, CDK1, CFL1, CYP1A2, CYP2C19..."
MYCOPHENOLATE MOFETIL,16,"AR, CES1, CES2, CYP2C8, EPO..."
NAVITOCLAX,16,"ALK, BCL2, BCL2L1, BCL2L2, BRAF..."
CABERGOLINE,16,"A12M3, A12M4, A1BG, A2M, A2MP1..."
ZURANOLONE,16,"GABRA1, GABRA2, GABRA3, GABRA4, GABRA5..."
CANTUZUMAB MERTANSINE,16,"MUC1, TUBA1A, TUBA1B, TUBA1C, TUBA3C..."
MOCETINOSTAT,16,"BRAF, GAPDHP1, GARS1, GDF2, HDAC1..."
ABP-700,16,"GABRA1, GABRA2, GABRA3, GABRA4, GABRA5..."
PINATUZUMAB VEDOTIN,16,"CD22, TUBA1A, TUBA1B, TUBA1C, TUBA3C..."
ACITRETIN,16,"GMNN, IL1B, KAT2A, KDM4A, MAPT..."
ZOTEPINE,16,"A12M1, A12M3, A1BG, A2M, A2MP1..."
NILOTINIB,16,"ABCG2, ABI1, ABL1, BCR, CYP1A1..."
SENNOSIDE B,16,"APEX1, CBX1, FEN1, GLS, HKDC1..."
DEXTROMETHORPHAN POLISTIREX,16,"ABCB1, BMPR2, CYP2D6, CYP3A, CYP3A4..."
SECOBARBITAL SODIUM,16,"GABRA1, GABRA2, GABRA3, GABRA4, GABRA5..."
SAFINAMIDE,16,"CACNA1B, CACNA2D1, CACNA2D2, CACNB3, CACNB4..."
TRICLOFOS SODIUM,16,"GABRA1, GABRA2, GABRA3, GABRA4, GABRA5..."
METHAQUALONE HYDROCHLORIDE,16,"GABRA1, GABRA2, GABRA3, GABRA4, GABRA5..."
BMS-275183,16,"TUB, TUBA1A, TUBA1B, TUBA1C, TUBA3C..."
METHOHEXITAL SODIUM,16,"GABRA1, GABRA2, GABRA3, GABRA4, GABRA5..."
METHAQUALONE,16,"GABRA1, GABRA2, GABRA3, GABRA4, GABRA5..."
DINOPROST,16,"APOB, APOBEC1, APOBER1, APOC1, APOC1P1..."
TO-901317,16,"AR, ATXN2, BAK1P1, BAK1P2, BCL2L1..."
DIMETHYL SULFOXIDE,16,"ABCB1, AQP1, DUSP6, FCGR3A, FCGR3B..."
AKT INHIBITOR MK2206,16,"AKT1, AKT2, AKT3, ARID1A, BRAF..."
ANANDAMIDE,16,"ACRV1, ACTN3, ADCY3, ALDH1A1, ATP5F1BP1..."
CHLOROQUINE,16,"ACKR1, ASS1, BMX, BRAF, CYP1A2..."
DOCEBENONE,16,"ALDH1A1, AR, ATXN2, BAZ2B, CBX1..."
CHLORDIAZEPOXIDE HYDROCHLORIDE,16,"GABRA1, GABRA2, GABRA3, GABRA4, GABRA5..."
CIPEPOFOL,16,"GABRA1, GABRA2, GABRA3, GABRA4, GABRA5..."
DILTIAZEM HYDROCHLORIDE,16,"ABCB1, ALDH7A1P2, CACNA1C, CACNA1D, CACNA1F..."
ZOLEDRONIC ACID ANHYDROUS,15,"ALK, BLVRA, COL1A1, CYP2C8, EML4..."
CHLORANIL,15,"ALDH1A1, ALOX15, APEX1, AR, CYP3A4..."
CHEMBL:CHEMBL84010,15,"BAZ2B, EHMT2, EYA2, HTT, IDH1..."
CHRYSIN,15,"AHR, ALDH1A1, AR, CYBB, CYP1A2..."
SB 216763,15,"APEX1, APOBEC3F, APOBEC3G, CYP1A2, CYP2C19..."
ANTICONVULSANT AGENT,15,"ABCB1, CPS1, CYP1A1, CYP2C9, DDX12P..."
SAGOPILONE,15,"TUBA1A, TUBA1B, TUBA1C, TUBA3C, TUBA3E..."
CANDESARTAN CILEXETIL,15,"ACADM, AGTR1, AR, CYP11B2, CYP3A4..."
AMOXAPINE,15,"CD8B, CD9, CYP2D6, DRD1, DRD2..."
AMLODIPINE BESYLATE,15,"ABCB1, AGT, AR, ATP1B1, CACNA1B..."
CLADRIBINE,15,"ADA, BCL2L2, CDKN1A, DCK, DIABLO..."
AMSACRINE,15,"ATAD5, ATXN2, BTF3P11, CBX1, CYP1A2..."
BRYOSTATIN 1,15,"ABCB1, CDK2, HRAS, MYC, PRKCA..."
PHORBOL 12-MYRISTATE 13-ACETATE,15,"ANXA1, ITGB2, KCNJ5, KCNT1, KCNT2..."
PLOCABULIN,15,"TUBA1A, TUBA1B, TUBA1C, TUBA3C, TUBA3E..."
INOSITOL,15,"APP, BDNF, CCKBR, CCN2, CD5..."
PLUMBAGIN,15,"ALDH1A1, EGFR, ERBB2, GLI1, GLI3..."
PLINABULIN,15,"TUBA1A, TUBA1B, TUBA1C, TUBA3C, TUBA3E..."
KOS-1584,15,"TUBA1A, TUBA1B, TUBA1C, TUBA3C, TUBA3E..."
RESMINOSTAT,15,"GARS1, GART, GAS1, GDF2, HDAC1..."
EMBELIN,15,"ADD3, ALDH1A1, ALOX12, ALOX15, ALOX15B..."
RECOMBINANT TUMOR NECROSIS FACTOR FAMILY PROTEIN,15,"ADAMTS5, BDNF, CARD9, CD2, CD44..."
LAROTAXEL,15,"TUBA1A, TUBA1B, TUBA1C, TUBA3C, TUBA3E..."
5-HYDROXYTRYPTAMINE,15,"A12M1, A12M2, A12M3, A12M4, A1BG..."
LEXIBULIN,15,"TUBA1A, TUBA1B, TUBA1C, TUBA3C, TUBA3E..."
CHEMBL:CHEMBL1567571,15,"ATAD5, ATXN2, BAZ2B, CBX1, EHMT2..."
LANATOSIDE C,15,"AR, ATP1A1, ATP1A2, ATP1A3, ATP1A4..."
LADUVIGLUSIB,15,"CDK1, CDK2, CLK4, CSNK1G1, CTNNA1..."
PHENELZINE,15,"CD8B, CD8B2, CD9, CORT, CYP1A2..."
PHENTOLAMINE,15,"ABCA4, ABCB7, ABCF1, ABL1, ABL2..."
ETHOXZOLAMIDE,15,"AQP4, CA1, CA12, CA13, CA14..."
QUINALIZARIN,15,"ALOX15, APEX1, BRCA1, CYP3A4, HPGD..."
VORUCICLIB,15,"BRAF, CDK4, EGR4, EIF4A1, EIF4E..."
FLUPENTHIXOL,15,"ABCB1, ABCD1, ALCAM, ALDH1A1, ALDH3A1..."
3-O-METHYLQUERCETIN,15,"ADRB2, APOBEC3F, APOBEC3G, BAZ2B, BLM..."
ADENOSINE,15,"ABAT, ABCA1, ABCA2, ABCA3, ADORA1..."
PRAZOSIN,15,"ABCA4, ABCB7, ABCF1, ABCG2, ABL1..."
PRACINOSTAT,15,"GAPDHL17, GARS1, GDF2, HDAC1, HDAC10..."
APICIDIN,15,"GAPDHP1, GARS1, GAS1, GDF2, HDAC1..."
ROXINDOLE,15,"A12M3, A12M4, A1BG, A2M, A2MP1..."
LOMOFUNGIN,15,"ADAMTSL4-AS1, BAZ2B, BLM, DUSP3, EHMT2..."
LUCITANIB,15,"DPP4, DPP6, DPT, DPYSL2, DRD1..."
LOBARIC ACID,15,"ATXN2, BAZ2B, PIN1, PLK1, POLB..."
"LIPOIC ACID, ALPHA",15,"APEX1, BAZ2B, BLM, EHMT2, HSD17B10..."
PATUPILONE,15,"TUBA1A, TUBA1B, TUBA1C, TUBA3C, TUBA3E..."
PAPAVERINE,15,"ADRA1D, CBX1, CREBBP, CYP2C19, CYP2C9..."
PEGASPARGASE,15,"APOA5, APOC3, ARHGAP28, BMP7, CPT1A..."
ACETYLCYSTEINE,15,"ACO1, CXCR2, E2F1, EPHX1, H2AX..."
CEFOTAXIME SODIUM,15,"APEX1, CBX1, EHMT2, GSR, KDM4A..."
PACLITAXEL DOCOSAHEXAENOIC ACID,15,"TUBA1A, TUBA1B, TUBA1C, TUBA3C, TUBA3E..."
PACLITAXEL POLIGLUMEX,15,"TUBA1A, TUBA1B, TUBA1C, TUBA3C, TUBA3E..."
TRAZODONE,15,"A12M3, A12M4, ADRA1A, ADRA1B, ADRA2A..."
TRAIL,15,"ABCC1, BCL2, BIRC5, CCR6, DIABLO..."
MARIMASTAT,15,"ADAM10, ADAM17, DBP, DBT, DCC..."
ACACETIN,15,"ALOX5, CDK8, CDK9, CYP1A1, CYP1A2..."
BIOCHANIN A,15,"ABCB1, ATAD5, BDH1, BDKRB1, BDKRB2..."
OMBRABULIN,15,"TUBA1A, TUBA1B, TUBA1C, TUBA3C, TUBA3E..."
OSIMERTINIB,15,"ABCG2, ALK, BRAF, CTNNB1, DXO..."
TROPISETRON,15,"ARVD3, ASAH1, CYP2D6, CYP3A4, GLRA1..."
DS-7423,15,"ETFB, F5, F7, F7R, MTOR..."
EFLORNITHINE,15,"APC, ARG2, ATF2, EHMT2, JUN..."
ANTIESTROGEN,15,"BCAR3, CDKN1B, CYP1A1, FOLR1, HPSE..."
"3,4-DICHLOROISOCOUMARIN",15,"ALDH1A1, CBX1, CYP1A2, CYP2C9, EHMT2..."
VINFLUNINE,15,"TUBA1A, TUBA1B, TUBA1C, TUBA3C, TUBA3E..."
VERUBULIN,15,"TUBA1A, TUBA1B, TUBA1C, TUBA3C, TUBA3E..."
INTERFERON BETA-1A,15,"BIRC5, CD58, FHIT, GAPVD1, HLA-B..."
HINOKITIOL,15,"ALOX15B, BAZ2B, EHMT2, HDAC1, HDAC10..."
CHEMBL:CHEMBL297304,15,"APBA1, AR, BAZ2B, CACNA1B, EHMT2..."
GELDANAMYCIN,15,"ATAD5, CD28, CDC37, CEL, EGFR..."
VS-5584,15,"ETFB, F5, F7, F7R, FLT3..."
ADJUVANT,15,"CCL3, CYP1B1, CYP2E1, DPYD, EPCAM..."
TERGURIDE,15,"A12M3, A12M4, A1BG, A2M, A2MP1..."
PYROGALLOL,15,"ALB, ALDH1A1, ALOX15, APEX1, CBFB..."
CHEMBL:CHEMBL428789,15,"ATAD5, CASP3, EHMT2, MAPK1, MAPT..."
SIFALIMUMAB,15,"IFNA1, IFNA10, IFNA13, IFNA14, IFNA16..."
T-900607,15,"TUBA1A, TUBA1B, TUBA1C, TUBA3C, TUBA3E..."
CROLIBULIN,15,"TUBA1A, TUBA1B, TUBA1C, TUBA3C, TUBA3E..."
SOMATROPIN (RECOMBINANT DNA ORIGIN),15,"CDK4, COL1A1, DHFRP3, F9, GHR..."
CRENOLANIB,15,"ALK, CBL, DPP4, DPP6, DPT..."
DAVUNETIDE,15,"TUBA1A, TUBA1B, TUBA1C, TUBA3C, TUBA3E..."
DACARBAZINE,15,"ADK, BAX, CXCL8, CYP1A1, CYP1A2..."
CONGO RED,15,"ALDH1A1, ALOX15B, APEX1, APP, BLM..."
SOTALOL,14,"ABO, ABR, ADRB1, ADRB2, AR..."
SULFAMETHOXAZOLE,14,"CBX1, CYP1A2, CYP2C19, CYP2C8, CYP2C9..."
SULPIRIDE,14,"ABCD1, ALDH1A1, ALDH2, CYP1A2, CYP2C19..."
BRIVANIB,14,"CEP43, DPYSL2, DRD1, DRD2, FGFR1..."
CAFFEIC ACID PHENETHYL ESTER,14,"ALOX15, ALOX15B, ATAD5, EHMT2, HSD17B10..."
NERATINIB,14,"BRAF, CBL, DXO, EGFR, EN1..."
NEFAZODONE,14,"A12M3, ABCB1, ADRA1A, ADRA1B, CD8B..."
PROTOAPIGENONE,14,"APOBEC3G, ATAD5, ATXN2, CCNB1, EHMT2..."
PROPIOMAZINE,14,"ADRA1A, ADRA1B, ADRA1D, CHRM1, CHRM2..."
PUQUITINIB,14,"EGFR, F5, F7, F7R, KDR..."
SODIUM BUTYRATE,14,"ABCC1, ENO2, GAPDH, GCG, GFAP..."
TACEDINALINE,14,"GAPDHP1, GARS1, GDF2, HDAC1, HDAC10..."
CRYPTOTANSHINONE,14,"ALDH1A1, BAZ2B, GMNN, KDM4A, MAPT..."
SELICICLIB,14,"CCNA2, CCNB1, CCND1, CDK1, CDK2..."
CILOSTAZOL,14,"ALDH1A1, COL9A2, COL9A3, CSF2, CYP1A2..."
CHELERYTHRINE,14,"ALOX15B, ATP1B3P1, ATXN2, CTBS, CYP1A2..."
IFOSFAMIDE,14,"ALDH1A1, ALK, CYP2A6, CYP2B6, DNMT1..."
ETIDRONIC ACID,14,"BGLAP, COL1A1, CYP1A2, CYP2C19, CYP2C9..."
AZITHROMYCIN,14,"ABCB1, ABCC1, ANTP4, CYP1A2, CYP2C19..."
CHEMBL:CHEMBL175266,14,"ADAMTSL4-AS1, APEX1, BAZ2B, BLM, CBX1..."
CHEMBL:CHEMBL184450,14,"ALOX15, AR, BAZ2B, CYP3A4, ESR1..."
IRAMPANEL,14,"GRIA1, GRIA2, GRIA3, GRIA4, SCN10A..."
IRIGENOL,14,"ALDH1A1, ALOX15, APEX1, BLM, CBFB..."
FLOXURIDINE,14,"ABCC5, BCL2, CYP1A2, CYP2C19, CYP2C9..."
2-IODOACETAMIDE,14,"ALDH1A1, ALOX15, CYP3A4, EHMT2, GLA..."
CHEMBL:CHEMBL515252,14,"APEX1, BAZ2B, BLM, FEN1, KDM4A..."
PROPAFENONE HYDROCHLORIDE,14,"ADRB1, ADRB2, CYP3A4, KCNH2, SCN10A..."
CHEMBL:CHEMBL528694,14,"AGTR1, ATAD5, ATXN2, BAZ2B, GMNN..."
INTERFERON ALFA-2B,14,"BAX, CSF2, EIF2AK2, FTO, IFNA2..."
TENOFOVIR,14,"ABCC1, ABCC10, ABCC2, ABCC3, ABCG2..."
ADENOVIRUS VECTOR,14,"AGT, CCL21, CR2, CYP19A1, FST..."
CEFACLOR ANHYDROUS,14,"ABCC2, ABCC3, ABCC4, BAZ2B, CTDSP1..."
CAPIVASERTIB,14,"AKT1, AKT2, AKT3, CSTF3, CSTP1..."
NIROGACESTAT,14,"APC, APH1A, APH1B, APP, CTNNB1..."
NIACIN,14,"ANXA11, ANXA13, AOAH, CYP1A2, CYP2C19..."
TOFACITINIB,14,"CSF3R, CTSS, EPHB1, EPHB2, EPHB3..."
METHOTRIMEPRAZINE,14,"ADRA1A, ADRA1B, ADRA1D, CHRM1, CHRM2..."
NIMESULIDE,14,"APEX1, CPT1B, CPT2, CYP1A2, CYP2C19..."
NIRAPARIB,14,"ARID1A, ATM, ATR, BRCA1, BRCA2..."
DIDANOSINE,14,"ADK, AR, BDNF, CYP1A2, CYP2C19..."
SB 206553,14,"A12M3, A12M4, CBX1, CYP1A2, CYP3A4..."
METOCLOPRAMIDE HYDROCHLORIDE,14,"CHRM1, CYB5R1, CYB5R2, CYB5R3, CYB5R4..."
CEFAMANDOLE SODIUM,14,"APEX1, BAZ2B, EHMT2, GLS, KDM4A..."
SAMOTOLISIB,14,"ETFB, F5, F7, F7R, MTOR..."
ANTINEOPLASTIC AGENT,14,"CDK4, EPHA8, ERBB2, FASN, GRB2..."
SULFINPYRAZONE,14,"ABCC1, ABCC2, ALDH1A1, ALDH3B2, CDKN2C..."
CIMETIDINE,14,"ABCB1, AMD1P2, CHKB, CYP1A2, CYP2C19..."
FINASTERIDE,14,"AKR1D1, AR, CFLAR, CYP1A2, CYP2C19..."
RECOMBINANT VASCULAR ENDOTHELIAL GROWTH FACTOR,14,"ANGPT2, CCN2, FYN, MYOD1, NOS2..."
REPAGLINIDE,14,"ABCC8, ABCC9, AR, CYP2C8, CYP3A4..."
CHEMBL:CHEMBL599013,14,"ADAMTSL4-AS1, APEX1, BAZ2B, BLM, DNMT1..."
ACETAZOLAMIDE,14,"AQP1, AQP4, CA1, CA12, CA14..."
PENTACHLOROPHENOL,14,"AHR, ALDH1A1, GMNN, HPGD, KDM4A..."
METHACYCLINE HYDROCHLORIDE,14,"APEX1, BAZ2B, FEN1, KDM4A, L3MBTL1..."
MEFENAMIC ACID,14,"ATP4A, AZF1, CPT1B, CPT2, CYP1A2..."
PEXIDARTINIB,14,"CDK19, CSF1, CSF1R, CSF3R, DPT..."
PHENYLBUTAZONE,14,"ALB, CPT1B, CPT2, CYP1A2, CYP2C19..."
CHEMBL:CHEMBL1465049,14,"ADRB2, ALDH1A1, ATXN2, BAZ2B, EHMT2..."
CHEMBL:CHEMBL584458,14,"BAZ2B, EHMT2, FEN1, GLP1R, HTT..."
TANDUTINIB,14,"ACVR1, CLK4, CSF1R, DPP6, DPT..."
ECONAZOLE NITRATE,14,"AR, ATP3, ATXN2, BAZ2B, CYP3A4..."
ERBSTATIN,14,"APEX1, ATXN2, BAZ2B, EHMT2, FEN1..."
ROTENONE,14,"AR, CBX1, CDK1, CFL1, CYP2C19..."
TERAZOSIN,13,"ABCA4, ABCB7, ABCF1, ADRA1A, ADRA1B..."
PYRAZINAMIDE,13,"ABCB1, CYP1A2, CYP2B6, CYP2C19, CYP2C9..."
PSAMMAPLIN A,13,"HDAC1, HDAC10, HDAC11, HDAC2, HDAC3..."
H+,13,"ASGR1, ASGR2, ATP2B2, ATP3, ATP5A2..."
VITAMIN D,13,"BGLAP, CASR, CYP24A1, GC, GCG..."
DIAZOXIDE,13,"CALCA, CCK, CYP1A2, CYP2D6, CYP7B1..."
AMPHOTERICIN B LIPOSOMAL,13,"APP, CYP1A2, CYP2B6, CYP2C9, CYP2D6..."
AMLEXANOX,13,"AR, FEN1, GAA, HSP90AA1, NFE2L2..."
NANAOMYCIN,13,"ATXN2, HSP90AA1, IDH1, KDM4A, NFE2L2..."
BUDESONIDE,13,"BDM, BDNF, CYP1A2, CYP2C19, CYP2C9..."
STAVUDINE,13,"CSF2, CXCL10, CYP1A2, CYP2C19, CYP2C9..."
ABEXINOSTAT,13,"GARS1, GDF2, HDAC1, HDAC10, HDAC11..."
TOREMIFENE,13,"AR, CD80, CYP1B1, CYP2D6, CYP3A4..."
MOMELOTINIB,13,"CSF3R, DNM2, EGFR, EPHB1, EPHB2..."
CLONIDINE HYDROCHLORIDE,13,"ABCA4, ABL1, ABL2, ADRA2A, ADRA2B..."
(RS)-ROSCOVITINE,13,"CDK1, CDK2, CDK5, CDK7, CDK9..."
PIROXICAM-BETA-CYCLODEXTRIN,13,"BAZ2B, CPT1B, CPT2, CYP1A2, CYP2C19..."
BALANOL,13,"CSRP1, CSRP2, CSRP2P1, CST2, CST3..."
IZORLISIB,13,"ETFB, F5, F7, F7R, PIK3CA..."
FLUPIRTINE MALEATE,13,"APAF1, BAZ2B, BLM, EHMT2, KCNH2..."
VORTIOXETINE HYDROBROMIDE,13,"A1BG, A2M, CD9, CYP2D6, HTR1A..."
FLUVOXAMINE,13,"ABCB1, CD9, COMT, CYP1A2, CYP2C19..."
PYRROLIDINE DITHIOCARBAMATE,13,"ALDH1A1, CBX1, CYP1A2, CYP2C19, CYP2C9..."
QUININE,13,"ABCB1, AR, BRDT, CHKB, COP1..."
GEMFIBROZIL,13,"ACE, BCKDHA, BDNF, CYP2C9, IL6..."
CHEMBL:CHEMBL533226,13,"ATAD5, BAZ2B, CBFB, GMNN, HSP90AA1..."
CHEMBL:CHEMBL211670,13,"APEX1, BLM, CBFB, EHMT2, KDM4E..."
HISTAMINE,13,"AMD1, AMELX, EHMT2, GAPDH, GLUD1P3..."
GP-120 ANTIGEN,13,"BDNF, CCL7, CD34, CD40, CD44..."
TETRODOTOXIN,13,"BAK1, BARD1, BAX, SCN10A, SCN11A..."
FOSPHENYTOIN,13,"CYP2C19, CYP2C9, HLA-B, SCN10A, SCN11A..."
TEMSIROLIMUS,13,"BRAF, CTNNB1, ETFB, FBXW7, FKBP1A..."
LINOLEIC ACID,13,"ABCD2, ADH4, ALDH1A1, ALOX15, ATP5ME..."
PENTABROMOPHENOL,13,"BAZ2B, ESR1, FASN, FEN1, HPGD..."
"ERGOLOID MESYLATES, USP",13,"ADRA1A, ADRA1B, ADRA1D, ADRA2A, ADRA2B..."
TICLOPIDINE,13,"CYP1A2, CYP2B6, CYP2C19, CYP2C9, CYP2D6..."
REFAMETINIB,13,"BRAF, MAP2K1, MAP2K2, MAP2K3, MAP2K4..."
EMRICASAN,13,"CASP1, CASP10, CASP12, CASP14, CASP2..."
ENZALUTAMIDE,13,"APC, AR, ATM, ATR, BEVI..."
EPICATECHIN,13,"ALB, ALPG, ALPL, BRCA2, EHMT2..."
LACOSAMIDE,13,"ABCC2, CYP2C19, DPYSL2, SCN10A, SCN11A..."
CETYLPYRIDINIUM BROMIDE,13,"AR, ATG4B, FEN1, GLP1R, HSP90AA1..."
LENALIDOMIDE,13,"CRBN, CTNNB1, CUL4A, DDB1, FGF2..."
CHEMBL:CHEMBL1504679,13,"APOBEC3F, BAZ2B, BLM, CASP3, EHMT2..."
5-CT,13,"A12M1, A12M2, A12M3, A12M4, A1BG..."
CHEMBL:CHEMBL586031,13,"ALDH1A1, APAF1, ATAD5, BAZ2B, EHMT2..."
FEBUXOSTAT,13,"AOX1, AR, GCKR, UGT1A1, UGT1A10..."
FISETIN,13,"ALOX12, ALOX15, APEX1, CYP2C9, CYP3A4..."
CHEMBL:CHEMBL258756,13,"BAZ2B, CASP6, CBX1, CTDSP1, EHMT2..."
AZD8055,13,"AKT1S1, ARID1A, DEPTOR, ETFB, FGFR1..."
HYDROMORPHONE HYDROCHLORIDE,13,"APAF1, APOF, CYP1A2, CYP2B6, CYP2C9..."
HYPERICIN,13,"ALOX15B, APEX1, BLM, CYP1A1, CYP2D6..."
ZIRAM,13,"ALDH1A1, ALOX15, AR, ESR1, HSD17B10..."
ZEARALENONE,13,"ALDH1A1, AR, ATAD5, CYP3A4, ESR1..."
CHEMBL:CHEMBL1079460,13,"ALDH1A1, CBX1, CYP1A2, CYP2C19, CYP2D6..."
LOXAPINE,13,"A12M3, ABCD1, ALDH1A1, ALDH2, AMD1..."
RONTALIZUMAB,13,"IFNA1, IFNA10, IFNA13, IFNA14, IFNA16..."
1-AZAKENPAULLONE,13,"ABL1, CDK2, CSNK2A1, DYRK1A, EGR4..."
DOFETILIDE,13,"AR, BAAT, BAD, C18orf21, CALCA..."
TANSHINONE IIA,13,"ALDH1A1, APAF1, AR, BAZ2B, EHMT2..."
E324,13,"ALOX15, ALOX15B, BAZ2B, CYP1A2, CYP2C19..."
ZAPRINAST,13,"ADAM10, ALDH1A1, ALOX15, CYP1A2, EHMT2..."
LITHOCHOLIC ACID,13,"ACADVL, BCL7A, CTDSP1, GPBAR1, KAT2A..."
LORLATINIB,13,"ALK, BRAF, DTX1, EML4, ENO1..."
CEPHAPIRIN SODIUM,13,"APEX1, BAZ2B, EHMT2, GLS, KDM4A..."
CEP-1347,13,"ERCC3, ERCC4, EYA4, MAP3K10, MAP3K11..."
MAPROTILINE,13,"ABCB1, ATP4A, ATXN2, CD8B, CYP1A2..."
OXYCODONE,13,"CYP1A2, CYP2B6, CYP2C19, CYP2C9, MACROD2..."
ORLISTAT,13,"ABHD6, CNR1, CRIP1, CRIP2, DAGLA..."
OXYPHENBUTAZONE,13,"ALB, AR, ATXN2, CYP3A4, EHMT2..."
ORANTINIB,13,"DPP6, DPYSL2, DRD2, DXO, FGFR1..."
METYROSINE,13,"BDNF, CMM, CYP1A2, CYP2C19, CYP2C9..."
CHEMBL:CHEMBL601364,13,"ATAD5, ATXN2, CBX1, DRD1, EHMT2..."
METOPROLOL,13,"ABO, ABR, ACE, ADRA2C, ADRB1..."
7-HYDROXYSTAUROSPORINE,13,"CHEK2, CTAA1, CTAA2, CTAG1B, CTBS..."
ROTTLERIN,13,"ALDH1A1, BAD, CBX1, CTAG1B, EHMT2..."
ZOLPIDEM TARTRATE,13,"AR, ARNT, BMAL1, CYP3A4, CYP3A5..."
TASELISIB,13,"CCNE1, F5, F7, F7R, PIK3CA..."
NIFLUMIC ACID,13,"AZF1, BAZ2B, BTS1, BUB1B, BVR1..."
CAPTOPRIL,13,"ACE, AGTR1, CYP19A1, DAPK3, DPP4..."
CATECHIN,13,"ALDH1A1, ALOX15, APEX1, EHMT2, F2..."
"NITROFURANTOIN, MACROCRYSTALS",13,"ABCG2, CYP1A2, CYP2C19, CYP2C9, CYP2D6..."
NITROGLYCERIN,13,"ALDH2, EGFR, G6PD, GSTM1, GUCY1A1..."
NITROXOLINE,13,"AR, BAZ2B, CASP6, GMNN, HSP90AA1..."
CAPTAN,13,"ALDH1A1, AR, CYP3A4, EHMT2, ESR1..."
MG2+,13,"ASD1, ASGR1, ASGR2, ASS1P14, ATP5F1A..."
SARACATINIB,13,"ABL1, ALK, BCR, BRAF, DDR2..."
SANGUINARINE SULFATE,13,"ALOX15, ALOX15B, CYP3A4, FEN1, HSD17B10..."
ANASTROZOLE,13,"CLDN11, CPD, CSMD1, CYP19A1, CYP1B1..."
ALBUTEROL SULFATE,13,"ABR, ADCY9, ADRB2, CLOCK, COL22A1..."
AJMALICINE,13,"ADRA1A, ADRA1B, ADRA1D, ADRA2A, ADRA2B..."
CHLOROPROCAINE,13,"ATP1A1, CYB5R3, G6PD, SCN10A, SCN11A..."
DITHIAZANINE IODIDE,13,"AR, ATM, BAZ2B, CTNNB1, EHMT2..."
COCAINE,13,"CHRNA3, CYP3A4, DRD1, DRD3, GABRA2..."
(2S)-1-(1H-INDOL-3-YL)-3-{[5-(3-METHYL-1H-INDAZOL-5-YL)PYRIDIN-3-YL]OXY}PROPAN-2-AMINE,13,"AKT1, ATXN2, CSTF3, CSTP1, CTSB..."
DDR1/2 INHIBITOR 5N,13,"ABL1, ATN1, DRD5P1, DRD5P2, DRG2..."
COMPOUND 8I [PMID: 22765894],12,"AXL, DPP4, DPP6, DPT, DPYS..."
NERVE GROWTH FACTOR,12,"CD82, E2F1, ENO2, FST, NRG1..."
ABIRATERONE ACETATE,12,"APC, AR, CPB2, CYP17A1, DSE..."
COUMARIN,12,"BGLAP, CTSB, CYP1A2, CYP2A13, CYP2A6..."
TORSEMIDE,12,"ACE, ADD1, CYP1A2, CYP2C19, CYP2C9..."
NITAZOXANIDE,12,"AHR, AR, CYP3A4, MAPT, NFE2L2..."
FLUVASTATIN,12,"ABCB1, ABCG2, APOE, CETP, CYP3A4..."
VORICONAZOLE,12,"ABCB1, ABCC2, ABCG2, CYP2B6, CYP2C19..."
CHEMBL:CHEMBL533602,12,"ATXN2, BAZ2B, CACNA1H, CBX1, EHMT2..."
FUMARPROTOCETRARIC ACID,12,"ALDH1A1, APEX1, CBFB, HPGD, KAT2A..."
FREUND'S ADJUVANT,12,"BDNF, CP, CX3CL1, EPCAM, FST..."
WITHAFERIN A,12,"AKT1, ANXA2, AURKB, CASP3, CDC25C..."
GALLIC ACID,12,"ALDH1A1, EHMT2, GAPDH, GLS, HPGD..."
TARENFLURBIL,12,"APH1A, APH1B, BACE1, CYP2C19, CYP2C9..."
RUFINAMIDE,12,"CBX1, SCN10A, SCN11A, SCN1A, SCN2A..."
MINOXIDIL,12,"ABCC9, ASNSP2, CALCA, CYP1A2, CYP2C19..."
MORICIZINE HYDROCHLORIDE,12,"AR, NFE2L2, SCN10A, SCN11A, SCN1A..."
CALCITRIOL,12,"AR, BCL7A, BTF3P11, CYP24A1, GDF15..."
CODEINE ANHYDROUS,12,"ABCB1, APOF, AR, COMT, CYP1B1..."
RECOMBINANT CHEMOKINE,12,"CCL14, CCL21, CCL22, CEACAM1, CHI3L1..."
CHEMBL:CHEMBL527584,12,"BAZ2B, CBX1, EHMT2, GMNN, IDH1..."
GLYCINE,12,"ACP3, ASS1P10, ASS1P14, CYP1A2, CYP2C19..."
ERDAFITINIB,12,"CYP2C9, DPYSL2, DPYSL3, DR1, DRD2..."
ANTHRACYCLINE ANTINEOPLASTIC ANTIBIOTIC,12,"ABCB1, BAX, BRCA1, FLT3, GATA4..."
SB 224289,12,"A12M3, A12M4, A2M, A2MP1, CYP2C19..."
GUTHION,12,"ALDH1A1, ALOX15, CYP3A4, ESR1, HPGD..."
CHEMBL:CHEMBL482050,12,"ATAD5, ATXN2, GLP1R, GMNN, IDH1..."
TESEVATINIB,12,"DRD2, DRD3, DXO, EGFR, EN1..."
QUINPIROLE,12,"A12M3, A12M4, A1BG, ABCD1, ALDH1A1..."
AT-9283,12,"ABL1, AURKA, AURKB, EEF1D, EEF1G..."
QUINACRINE DIHYDROCHLORIDE,12,"APEX1, CYP3A4, EHMT2, HBB, KCNH2..."
ENZASTAURIN,12,"AKT1, BCOR, CTAA1, CTAA2, CTAG1B..."
ENZYME INHIBITOR,12,"ACE, ADCYAP1, BIRC5, IL6, ITGB2..."
SB 204741,12,"A12M4, BRCA1, CYP1A2, CYP2C19, CYP2C9..."
EMODIC ACID,12,"ALDH1A1, APEX1, BAZ2B, GLS, HPGD..."
HEPARAN SULFATE,12,"ABCC6, COL18A1, CTSK, FGF3, HPSE..."
IBCASERTIB,12,"AURKB, DPP4, DPP6, DPT, DPYD..."
VELIPARIB,12,"ARID1A, ATM, ATR, BRCA1, BRCA2..."
PROTEIN SYNTHESIS INHIBITOR,12,"APOA1, CCND1, DDIT3, EDN1, GAPDH..."
ALENDRONATE SODIUM,12,"BLVRA, CYP19A1, DKK1, ESR2, FDPS..."
BEXAROTENE,12,"BLM, CCND1, HCN2, KAT2A, MAPK8..."
PALIPERIDONE,12,"ABCB1, ADCK1, CYP2D6, DRD1, DRD2..."
METHYLDOPA (RACEMIC),12,"ALDH1A1, APEX1, CBX1, EHMT2, FEN1..."
CD2+,12,"ARHGAP1, ATP1B1P1, ATP5F1AP2, ATP6V1G2, BTC..."
TROXACITABINE,12,"ABCC1, POLA1, POLA2, POLD1, POLD2..."
CARMINE,12,"ALDH1A1, APEX1, EHMT2, EYA2, FEN1..."
IDAZOXAN,12,"ABL1, ABL2, ADRA2A, ADRA2B, ADRA2C..."
PROPYLPYRAZOLETRIOL,12,"ATXN2, BCYRN1P2, CYP1A2, CYP2C19, CYP2C9..."
ILOPROST,12,"APOB, APOBER1, APOC1, APOC1P1, APOC2..."
INDOPROFEN,12,"GLP1R, HTT, NFKB1, NFKB2, NPC1..."
CHEMBL:CHEMBL602969,12,"ADAMTSL4-AS1, BAZ2B, CBX1, EHMT2, GMNN..."
VENLAFAXINE,12,"BDNF, CD8B, CD9, CYP2D6, GABRA6..."
ANGIOGENESIS INHIBITOR,12,"AGT, ANPEP, CALR, CCL21, FCGR3A..."
IPRATROPIUM CATION,12,"AADAC, AAMP, AANAT, AARS1, AAVS1..."
IPRIFLAVONE,12,"ATAD5, CASP3, HTT, MAPK1, NPC1..."
IPATASERTIB,12,"AKT1, AKT2, AKT3, CSTF3, CSTP1..."
PP-121,12,"ABL1, DPP4, DRD2, DXO, ENUR2..."
ISONIPECOTIC ACID,12,"ARNT, ARR3, ARRB1, ARRB2, ART4..."
ISRADIPINE,12,"ATP6V1C1, ATP6V1E1, CACNA1C, CACNA1D, CACNA1F..."
ISOLIQUIRITIGENIN,12,"ATAD5, CYP2C19, CYP3A4, GBA1, GMNN..."
CHEMBL:CHEMBL86464,12,"APAF1, ATXN2, EHMT2, FEN1, GLP1R..."
ADAPALENE,12,"BCHE, BCHEL1, BCHEL3, BDNF, RAB40B..."
KEPONE,12,"AR, ATXN2, CYP3A4, ESR1, GLP1R..."
PIRIBEDIL,12,"A12M4, A1BG, ABCB7, ABCD1, ABL1..."
URSOLIC ACID,12,"AKR1B10, GSK3B, HDAC1, HDAC3, HDAC4..."
PINAFIDE,12,"FEN1, GLP1R, NFE2L2, PAX8, POLB..."
DOXAZOSIN MESYLATE,12,"ABCA4, ABCB7, ABCF1, ADRA1A, ADRA1B..."
SILIBININ,12,"ABCB1, ALDH1A1, CYP3A4, EHMT2, F2..."
CHEMBL:CHEMBL81782,12,"ALPL, APAF1, APEX1, AR, ATXN2..."
LEFLUNOMIDE,12,"ATAD5, CXCL8, CYP1A2, CYP3A4, DHODH..."
BACILLUS CALMETTE-GUERIN ANTIGEN,12,"AFP, BAX, CXCL2, EIF2AK2, FAS..."
CHEMBL:CHEMBL1453126,12,"FEN1, GMNN, HTT, IDH1, MITF..."
LESTAURTINIB,12,"AR, CTSV, DPYS, FLT3, HTT..."
URACIL,12,"AKR1B1, CCND1, CDX2, DPYD, EGFR..."
DIURETIC,12,"BDNF, CDCA3, GNB3, KCNE1, NEDD4L..."
CHLOROTHALONIL,12,"AR, CYP3A4, HPGD, MAPK1, MAPT..."
TYRPHOSTIN 25,12,"ALDH1A1, ALOX15, CYP3A4, EHMT2, HSD17B10..."
THYROXINE,12,"ALDH1A1, ALOX15, GSR, HEXB, HSD17B10..."
CHOLIC ACID,12,"ABCB11, ACADVL, AKR1D1, AMACR, CES1..."
DINACICLIB,12,"ALK, CCNE1, CDK1, CDK2, CDK5..."
BEPRIDIL,12,"ABCB1, ATP1A1, AZGP1, CACNA1A, CALM1..."
MC-1,12,"LPAR4, LPAR6, P2RY1, P2RY10, P2RY11..."
CERDULATINIB,12,"DPYD, EPHB1, EPHB2, EPHB3, FDX1..."
CHEMBL:CHEMBL116548,12,"ADAMTSL4-AS1, ADRB2, APOBEC3G, ATXN2, BAZ2B..."
MEPHOBARBITAL,12,"AR, CHRNA4, CHRNA7, CYP2C19, GABRA1..."
PD-169316,12,"CBX1, CYP3A4, EHMT2, GMNN, KCNH2..."
MECAMYLAMINE,12,"ATD, ATF3, ATF4, CHRNA2, CHRNA3..."
TRYPTAMINE,12,"A12M1, A12M2, A12M3, A12M4, A2M..."
MEPHENYTOIN,12,"CYP2B6, CYP3A4, SCN10A, SCN11A, SCN1A..."
BECLOMETHASONE,12,"ANXA1, AR, CYP1A2, CYP2C19, CYP2C9..."
BELUMOSUDIL,12,"AURKB, BLK, CLK2, CLK4, CSNK2A1..."
BAY-11-7085,12,"ALDH1A1, ATXN2, CBX1, CFLAR, DRD1..."
CHEMBL:CHEMBL124006,12,"APEX1, APOBEC3A, APOBEC3G, FEN1, IDH1..."
LOPERAMIDE,12,"APOF, AR, CYP2D6, CYP3A4, IDH1..."
CHOLECALCIFEROL,12,"ALOX15, AR, CYP3A4, EHMT2, ESR1..."
(+/-)-ERIODICTYOL,12,"ALOX15, ALPG, ALPI, ALPL, APEX1..."
FELBAMATE,12,"CYP1A2, CYP2C19, CYP2C9, CYP2D6, CYP3A4..."
TANESPIMYCIN,12,"AR, CDK4, GMNN, HIF1A, HSP90AA1..."
XL-228,12,"ABL1, BLK, FGR, FRK, FYN..."
FAS LIGAND,12,"BCL2, CASP3, E2F5, FADD, FAS..."
RU 24969,12,"A12M3, A12M4, A1BG, A2M, A2MP1..."
AR-42,12,"HDAC1, HDAC10, HDAC11, HDAC2, HDAC3..."
OFLOXACIN,12,"ABCC1, BNIP3L, CYP1A2, CYP2C19, CYP2C9..."
BUPRENORPHINE,12,"ADAMTSL2, APOF, AR, ARRB2, CYP3A5..."
BROXURIDINE,12,"AFP, CXCL8, FST, G6PD, HOXB1..."
TOLTERODINE,12,"AADAC, AAMP, AANAT, AARS1, AAVS1..."
BRYOSTATIN,12,"IL2RA, PRKCA, PRKCB, PRKCD, PRKCE..."
BRIMONIDINE,12,"ABL1, ABL2, ADRA2A, ADRA2B, ADRA2C..."
CYPROHEPTADINE HYDROCHLORIDE,12,"ABCA4, ABCB7, ABCF1, AMD1, CYP2D6..."
SURAMIN HEXASODIUM,12,"APEX1, EHMT2, FGF1, GALK1, HSD17B10..."
SULTHIAME,12,"CA1, CA12, CA13, CA14, CA2..."
STRYCHNINE,12,"AADAC, AAMP, AANAT, AARS1, AAVS1..."
[3H]8-OH-DPAT,11,"A12M1, A12M2, A12M3, A12M4, A1BG..."
DAPSONE,11,"BRDT, CYB5R3, CYP1A2, CYP2C9, CYP2D6..."
ALPHA-TOCOPHEROL,11,"APOB, BCL2, CCN2, CCND1, CXCR2..."
CVT-6883,11,"ABAT, ABCA1, ABCA2, ABCA3, ADORA2B..."
SUBEROHYDROXAMIC ACID,11,"HDAC1, HDAC10, HDAC11, HDAC2, HDAC3..."
BRIGATINIB,11,"ALK, DPEP1, DPH1, DXO, EGFR..."
EVENAMIDE,11,"SCN10A, SCN11A, SCN1A, SCN2A, SCN3A..."
CHEMBL:CHEMBL576208,11,"ATXN2, CASP3, GMNN, HTT, IDH1..."
NAFAMOSTAT,11,"AFF2, ALDH1A1, ATP5A2, BST2, BTC..."
TAZAROTENE,11,"BCHE, BCHEL1, BCHEL3, BCL2, NFE2L2..."
OLEIC ACID,11,"ABCD2, ADH4, CSE1L, GMNN, HSD17B10..."
BMS-345541,11,"AURKB, CDK1, CDK2, CHUK, CSNK1D..."
2-CHLOROADENOSINE,11,"ABAT, ABCA1, ABCA2, AVPR1B, HIF1A..."
WEDELOLACTONE,11,"APEX1, BLM, CBFB, CBR1, MAPK1..."
COBALT,11,"A2M, ADA, BAX, CA2, CD2..."
[3H]D-ASPARTIC ACID,11,"ASS1P10, ASS1P14, CBLB, CBLN1, GRIN2A..."
MOTESANIB,11,"DRD1, DRD2, DRD3, FLT1, FLT4..."
ORAL CONTRACEPTIVE,11,"BCL2, CCND1, CP, GSR, IGFBP1..."
MKC-1,11,"CDK1, CDK2, CDK4, IPO11, IPO13..."
CHEMBL:CHEMBL533293,11,"ABCB1, APEX1, CTNNB1, HTT, KDM4E..."
SUCCINYLCHOLINE,11,"BCHE, CACNA1S, CHRM1, CHRM3, CHRNA1..."
REPOTRECTINIB,11,"ALK, DRD5P1, DRD5P2, DRG2, DTX1..."
RECOMBINANT FIBROBLAST GROWTH FACTOR 2,11,"AGTR2, CXCL2, EPHB1, GRIA1, GRIA3..."
CHEMBL:CHEMBL522983,11,"BAZ2B, EHMT2, FEN1, GAA, KDM4A..."
TELMISARTAN,11,"ABCG2, ACADM, AGTR1, EHMT2, GNB3..."
ASPACYTARABINE,11,"POLA1, POLA2, POLD1, POLD2, POLD3..."
CHEMBL:CHEMBL484640,11,"ADAMTSL4-AS1, APBA1, APEX1, BAZ2B, CACNA1B..."
GLUCAGON (RDNA),11,"ACLY, ALPG, ALPL, APOA1, BDNF..."
CINNARIZINE,11,"CACNA1C, CACNA1D, CACNA1F, CACNA1S, CDK1..."
DEXMEDETOMIDINE HYDROCHLORIDE,11,"ABL1, ABL2, ADRA2A, ADRA2B, ADRA2C..."
ZSTK474,11,"BRAF, F5, F7, F7R, JAK2..."
CHEMBL:CHEMBL1310138,11,"ALDH1A1, BAZ2B, CBX1, EHMT2, KAT2A..."
BARICITINIB,11,"AAK1, BMP2K, ENO3, EPHB1, EPHB2..."
BARASERTIB,11,"AURKA, AURKB, EEF1D, EEF1G, FYN..."
CHEMBL:CHEMBL1256813,11,"APEX1, BLM, CBX1, EHMT2, KAT2A..."
CHEMBL:CHEMBL1362503,11,"ATXN2, GMNN, IDH1, KMT2A, MEN1..."
BENOXINATE HYDROCHLORIDE,11,"RAD52, SCN10A, SCN11A, SCN1A, SCN2A..."
LOSARTAN POTASSIUM,11,"ACADM, AGTR1, CAMK1D, CYP3A4, CYP3A5..."
CHEMBL:CHEMBL1224755,11,"GMNN, HSP90AA1, IDH1, MAPK1, MAPT..."
PHENACEMIDE,11,"SCN10A, SCN11A, SCN1A, SCN2A, SCN3A..."
PHENOXYBENZAMINE,11,"ABCA4, ADRA1A, ADRA1B, ADRA2A, ALDH1A1..."
CHEMBL:CHEMBL1256291,11,"ALDH1A1, ARSA, CYP2C9, CYP3A4, FEN1..."
CHLORPROPAMIDE,11,"ABCC8, CYP1A2, CYP2C19, CYP2C9, CYP2D6..."
DICYCLOMINE HYDROCHLORIDE,11,"AADAC, AAMP, AANAT, AARS1, CHRM1..."
DIHYDROGAMBOGIC ACID,11,"ALOX15, BLM, CYP3A4, HSD17B10, KAT2A..."
DIFFERENTIATION INDUCER,11,"ADA, CD34, CD5, HSPB1, HSPB2..."
CIPROFLOXACIN,11,"BAX, CCL18, CYP1A2, CYP2C19, CYP2C9..."
THIETHYLPERAZINE,11,"CHRM1, CHRM2, CHRM3, CHRM4, CHRM5..."
ACETAMINOPHEN GLUCURONIDE,11,"MROH2A, UGT1A, UGT1A1, UGT1A10, UGT1A3..."
LENOGRASTIM,11,"ABCB1, ACP5, BTF3P11, CSF3R, DHFR..."
PHENYLBUTYRYLHYDROXAMIC ACID,11,"HDAC1, HDAC10, HDAC11, HDAC2, HDAC3..."
CHEMBL:CHEMBL139935,11,"ALDH1A1, ATAD5, BAZ2B, CASP6, EHMT2..."
LEVONORDEFRIN,11,"ADRA2A, ADRA2B, ADRA2C, ALOX15, APEX1..."
CGS 15943,11,"ABAT, ABCA1, ABCA2, ABCA3, APOBEC3G..."
CHEMBL:CHEMBL117487,11,"HDAC1, HDAC10, HDAC11, HDAC2, HDAC3..."
PERHEXILINE MALEATE,11,"AR, ATXN2, CPT1B, CPT2, GPR55..."
"5,7-DIHYDROXYISOFLAVONE",11,"ALDH1A1, ALOX12, ALOX15, BLM, CYP3A4..."
TYRPHOSTIN AG 835,11,"ALOX12, ALOX15, CBX1, CYP1A2, CYP3A4..."
"(R,S)-INDATRALINE",11,"ATAD5, ATXN2, CYP1A2, CYP2C19, CYP2D6..."
DISOPYRAMIDE PHOSPHATE,11,"KCNH2, SCN10A, SCN11A, SCN1A, SCN2A..."
MECHLORETHAMINE,11,"BAX, CSF2, CXCR2, ERBB2, GSR..."
LYMPHOKINE-ACTIVATED KILLER CELLS,11,"CTSG, EPCAM, FGF2, HRAS, IL15..."
GRANISETRON,11,"CYP1A1, CYP2D6, CYP3A4, CYP3A5, HTR3A..."
ERGOTAMINE,11,"A12M1, A12M2, A12M3, A12M4, A2MP1..."
ESLICARBAZEPINE,11,"SCN10A, SCN11A, SCN1A, SCN2A, SCN3A..."
ESLICARBAZEPINE ACETATE,11,"AADAC, SCN10A, SCN11A, SCN1A, SCN2A..."
XL-999,11,"FGFR1, FGFR2, FGFR3, FGFR4, FLT1..."
AT9283,11,"ABL1, AURKA, AURKB, GSKIP, JAK2..."
CHEMBL:CHEMBL408850,11,"HSD17B10, IDH1, NFKB1, NFKB2, NPC1..."
GUANFACINE HYDROCHLORIDE,11,"ABL1, ABL2, ADRA2A, ADRA2B, ADRA2C..."
TEDATIOXETINE,11,"ADRA1A, HTR2A, HTR2C, HTR3A, HTR3B..."
CHEMBL:CHEMBL600336,11,"APAF1, ATAD5, ESR2, NR2E3, POLB..."
"3,4-METHYLENEDIOXYMETHAMPHETAMINE",11,"CYP2B6, CYP2C19, CYP2D6, HTR2A, HTR2B..."
AURIN,11,"ATAD5, ATXN2, CYP3A4, GLP1R, GMNN..."
TETRACAINE,11,"G6PD, SCN10A, SCN11A, SCN1A, SCN2A..."
2-METHOXYESTRADIOL,11,"ALDH3B1, ATF2, CCN2, EHMT2, GLP1R..."
CHEMBL:CHEMBL596633,11,"ATXN2, FEN1, GMNN, IDH1, KMT2A..."
AKT INHIBITOR IV,11,"ATAD5, ATXN2, EHMT2, FEN1, GMNN..."
CHEMBL:CHEMBL598663,11,"ALOX15, ALPG, ALPL, EHMT2, GAA..."
ANGUSTIBALIN,11,"ATXN2, GLP1R, GMNN, GPR55, IDH1..."
VACCINE,11,"CSF2, EPCAM, FGFR1, HP, IL27..."
KA1010,11,"GAPDHL17, GAPDHP1, GARS1, GART, GAS1..."
LA3+,11,"ATP2A2, ATP2A3, ATP2B1, ATP2B2, ATP4A..."
CHEMBL:CHEMBL1650245,11,"HDAC1, HDAC10, HDAC11, HDAC2, HDAC3..."
"L-741,626",11,"A12M3, A12M4, ABCD1, CYP1A2, CYP2D6..."
VANTICTUMAB,11,"AKR1B1P2, ALDOB, ALDOC, ALDRL2, APC..."
SILDENAFIL,11,"ACE, ARG1, CACNB2, COPA, CYP3A4..."
SGI-1776,11,"DPYS, ENPEP, F10, F11, F9..."
PIPERINE,11,"AHR, ATAD5, ATP5F1BP1, BRCA1, CYP3A4..."
CHEMBL:CHEMBL1576310,11,"APAF1, ATXN2, EHMT2, FEN1, KDM4A..."
LAS38096,11,"ABAT, ABCA1, ABCA2, ABCA3, AURKB..."
CHEMBL:CHEMBL154580,11,"ALDH1A1, ALOX12, ALOX15, ALOX15B, CYP3A4..."
DONITRIPTAN,11,"A12M1, A12M2, A12M3, A1BG, A2M..."
AMPICILLIN (ANHYDROUS),11,"APEX1, CP, GLS, HLA-A, HMGB1..."
PYRIMETHAMINE,11,"ACP1, AR, DHFR, FOLR1, GSTP1..."
PYRITHIONE,11,"ATXN2, EHMT2, GFER, GLP1R, GMNN..."
CHEMBL:CHEMBL312032,11,"BAZ2B, CASP3, CBX1, GMNN, KDM4A..."
CHEMBL:CHEMBL374632,11,"ATAD5, ATM, CACNA1H, GMNN, HBB..."
AVUTOMETINIB,11,"BRAF, FAH, FGFR1, FGFR2, FGFR3..."
PROTOPORPHYRIN DISODIUM,11,"APEX1, ATM, BAZ2B, FEN1, KDM4A..."
CHEMBL:CHEMBL329673,11,"AHR, AR, ATAD5, ESR1, GMNN..."
CHEMBL:CHEMBL324053,11,"HDAC1, HDAC10, HDAC11, HDAC2, HDAC3..."
CHEMBL:CHEMBL328710,11,"ALDH1A1, ATAD5, CBX1, EHMT2, LMNA..."
CEFTRIAXONE,11,"ABCC2, ABCC3, ABCC4, CXCL8, CYB5R3..."
CHEMBL:CHEMBL600734,11,"ATAD5, ATXN2, BAZ2B, EHMT2, GLP1R..."
EICOSATETRANOIC ACID,11,"ADAMTSL4-AS1, APEX1, BAZ2B, BLM, EHMT2..."
ECULIZUMAB,11,"AQP4, C5, CFH, CHRNA1, CHRNA3..."
METHAZOLAMIDE,11,"CA1, CA14, CA2, CA4, CA7..."
PAXALISIB,11,"ETFB, F5, PIK3CA, PIK3CB, PIK3CD..."
CEFIXIME ANHYDROUS,11,"APAF1, APEX1, GLS, KDM4A, PLCG1..."
PANOBINOSTAT LACTATE,11,"HDAC1, HDAC10, HDAC11, HDAC2, HDAC3..."
CHEMBL:CHEMBL602718,11,"ATAD5, BAZ2B, HTT, IDH1, KDM4A..."
E319,11,"ALDH1A1, ALOX15, AR, CXCL8, EHMT2..."
PREGNANT MARE SERUM GONADOTROPIN,11,"BAX, BCL2, CLU, GCLM, IGFBP4..."
IRIGINOL HEXAACEATATE,11,"ALOX15, APEX1, BLM, CBFB, HPGD..."
PRILOCAINE,11,"G6PD, SCN10A, SCN11A, SCN1A, SCN2A..."
CHEMBL:CHEMBL2002487,11,"BAZ2B, GAA, GFER, GLS, GNAS..."
ISOKAEMPFERIDE,11,"ADAMTSL4-AS1, APEX1, BAZ2B, FEN1, KDM4A..."
THIOPENTAL,11,"CHRNA4, CHRNA7, FAAH, GABRA1, GABRA2..."
PRILOCAINE HYDROCHLORIDE,11,"ADRB2, SCN10A, SCN11A, SCN1A, SCN2A..."
PRIMAQUINE,11,"CYB5R1, CYB5R2, CYB5R3, CYB5R4, CYP1A2..."
DURVALUMAB,11,"ALK, ATM, CD274, EGFR, IDH1..."
SELEGILINE,11,"CYP2B6, CYP2C19, CYP2C9, CYP2D6, CYP3A4..."
ITRACONAZOLE,11,"ABCB1, ABCG2, AVPR2, CYP3A4, CYP3A5..."
ISOSORBIDE DINITRATE,11,"CYB5R1, CYB5R2, CYB5R3, CYB5R4, GC..."
9-AMINOCAMPTOTHECIN,11,"IDH1, NFE2L2, NR2E3, PAX8, POLB..."
PARAROSANILINE,11,"APP, ATXN2, CYP2D6, CYP3A4, HIF1A..."
METHYLERGONOVINE,11,"A12M1, A12M2, A12M3, A12M4, ALDH1A1..."
BGT-226,11,"F5, F7R, MTOR, PIK3CA, PIK3CB..."
PAMIDRONATE,11,"BLVRA, CASR, CD86, COL1A1, CXCL8..."
DEOXYVASICINONE,11,"ALOX15, BAZ2B, CYP1A2, HKDC1, IDH1..."
CLODRONIC ACID,11,"BGLAP, CCL4, CDH12, IL1B, MYOD1..."
CARMUSTINE,11,"ALDH1A1, CYP1A2, CYP2C19, CYP2C9, CYP2D6..."
BI-847325,11,"AURKA, AURKB, AURKC, BRAF, CTSV..."
TROPICAMIDE,11,"AAMP, AANAT, AARS1, AAVS1, ARF5..."
CHEMBL:CHEMBL222556,11,"ALDH1A1, ALOX15, CYP3A4, HPGD, HSD17B10..."
CHEMBL:CHEMBL244707,11,"ALDH1A1, APEX1, CYP2C19, CYP2C9, CYP2D6..."
PROGESTIN,11,"APOA1, CDK4, CDKN1B, CSF1R, FCGR3B..."
CHEMBL:CHEMBL260311,11,"ALPL, ATAD5, BAZ2B, CBFB, KDM4A..."
CHEMBL:CHEMBL2094789,11,"ATXN2, BAZ2B, GMNN, HTT, KDM4E..."
PROPAFENONE,11,"ABCB1, ABO, ABR, ALDH7A1P2, COP1..."
PROBENECID,11,"ABCB1, ABCC1, AR, BPGM, BSG..."
CHEMBL:CHEMBL591126,11,"ATXN2, BAZ2B, CYP1A2, CYP2D6, GLP1R..."
GALLAMINE TRIETHIODIDE,11,"AAMP, CHRM2, CHRNA1, CHRNA2, CHRNB1..."
FUTIBATINIB,11,"BRAF, DPYSL2, DPYSL3, DR1, FGFR1..."
TRANILAST,11,"ARSA, ATAD5, ATP5BL2, HPGD, HRH1..."
ESTRONE,11,"AKR1C1, AR, BCYRN1P2, ESR1, ESR2..."
CHEMBL:CHEMBL585502,11,"ATXN2, BAZ2B, EHMT2, FEN1, KDM4A..."
ESTRAMUSTINE,11,"AR, BAX, BCL2, BLM, HEXB..."
ANTI-THYMOCYTE GLOBULIN,11,"CD1A, CD4, CD86, CTLA4, FCGR2B..."
SALIRASIB,11,"ATP1B1P1, BLM, CYP1A2, GMNN, HRAS..."
OXYBUTYNIN,11,"AADAC, AAMP, AANAT, AARS1, AAVS1..."
OXYMORPHONE,11,"COMT, CYP1A2, CYP2B6, CYP2C19, CYP2C9..."
SR2640,11,"AMHR2, BAZ2B, CYP1A2, CYP2C19, CYP2C9..."
CLOSANTEL,11,"BAZ2B, EHMT2, FEN1, KAT2A, KDM4A..."
CADMIUM DICHLORIDE,11,"ALDH1A1, ALOX12, ALOX15, APEX1, AR..."
TRIFLUOPERAZINE HYDROCHLORIDE,11,"ATXN2, BAZ2B, DRD2, DRD3, DRD4..."
BIFONAZOLE,11,"ALDH1A1, AR, ATG4B, BAZ2B, GMNN..."
MILCICLIB,11,"CDK1, CDK2, CDK4, CDKN2A, DRD5P1..."
COMPOUND 66 [PMID: 19788238],11,"ATN1, DRP2, DSC1, DSC2, DSC3..."
COMPOUND 8H [PMID: 22765894],11,"CYB5A, DPP4, DPP6, DPT, DPYS..."
RIPK1 INHIBITOR 22B,11,"ADGRE1, AXL, DRD3, DRD5P1, DRD5P2..."
CHEMBL:CHEMBL580421,11,"ALDH1A1, BLM, CASP1, CYP1A2, CYP2D6..."
FLUNISOLIDE ANHYDROUS,11,"AR, BDM, CYP1A2, CYP2C19, CYP2C9..."
FLUNARIZINE,11,"ATAD5, ATP6AP1, ATP6V0A1, CACNA1A, CACNA1G..."
CHEMBL:CHEMBL578944,11,"APAF1, ATAD5, ATXN2, HSP90AA1, IDH1..."
ABACAVIR,11,"ABCC1, ABCC2, ABCC3, ADH1A, ADK..."
BUTYRYLHYDROXAMIC ACID,11,"HDAC1, HDAC10, HDAC11, HDAC2, HDAC3..."
BUTHIONINE SULFOXIMINE,11,"ABCC1, APOE, ARID1A, CP, EHMT2..."
BUTABARBITAL,10,"CHRNA4, CHRNA7, GABRA1, GABRA2, GABRA3..."
BUPARLISIB HYDROCHLORIDE,10,"PIK3CA, PIK3CB, PIK3CD, PIK3CG, PIK3R1..."
N-DESMETHYLCLOZAPINE,10,"AADAC, ATXN2, CHRM1, CYP1A2, CYP2C19..."
BUTOBARBITAL,10,"CHRNA4, CHRNA7, GABRA1, GABRA2, GABRA3..."
MUPARFOSTAT,10,"FGF1, FGF2, FGFR1, FGFR2, FLT1..."
ROTIGOTINE,10,"ABCD1, ALCAM, ALDH1A1, ALDH2, ALDH3A1..."
ETHOTOIN,10,"SCN10A, SCN11A, SCN1A, SCN2A, SCN3A..."
CHEMBL:CHEMBL588038,10,"ATXN2, BAZ2B, CBX1, EHMT2, GLP1R..."
CHEMBL:CHEMBL587849,10,"ATAD5, ATXN2, CYP2C19, CYP2C9, CYP3A4..."
FLUCONAZOLE,10,"ALB, CYP1A2, CYP2C19, CYP2C9, CYP2D6..."
FLECAINIDE ACETATE,10,"ADRB1, ALDH7A1P2, ALDH7A1P4, COP1, CYP1A2..."
APREMILAST,10,"CDK4, CDK6, COL10A1, COL11A1, COL11A2..."
CHEMBL:CHEMBL579318,10,"ATAD5, ATXN2, GLP1R, HTT, IDH1..."
ROZANOLIXIZUMAB,10,"CHRNA1, CHRNA3, CHRNA4, CHRNA5, CHRNA6..."
ROLIPRAM,10,"ADRB2, COL10A1, COL11A1, COL11A2, COL12A1..."
TANSHINONE I,10,"ATXN2, BAZ2B, GMNN, KDM4A, MAPT..."
ROPIVACAINE HYDROCHLORIDE,10,"SCN10A, SCN11A, SCN1A, SCN2A, SCN3A..."
NKTR-171,10,"SCN10A, SCN11A, SCN1A, SCN2A, SCN3A..."
NORETHINDRONE,10,"AR, BDNF, CGB5, CYP2C19, NFE2L2..."
NILUTAMIDE,10,"AR, BEVI, CYP1A2, CYP2C19, CYP2C9..."
NITRIC OXIDE,10,"ATP6V1B1, ATP6V1B2, GC, GUCY1A1, GUCY1A2..."
NITRENDIPINE,10,"ABCB1, AGTR1, ARG2, CACNA1C, CACNA1D..."
BICALUTAMIDE,10,"AR, BAX, BEVI, CDH1, CFLAR..."
OSI-930,10,"CYP3A4, DPT, DPYD, DRD1, DRD2..."
CARBAMOYLCHOLINE,10,"AADAC, AAMP, AANAT, AARS1, AAVS1..."
CAPESEROD,10,"A12M3, A12M4, A1BG, A2M, A2MP1..."
TIOTROPIUM,10,"AADAC, AAMP, AANAT, AARS1, AAVS1..."
OUABAIN,10,"AR, ATAD5, ATP1A1, GMNN, IDH1..."
CARBIDOPA ANHYDROUS,10,"ALDH1A1, CNTFR, DDC, EHMT2, HPGD..."
SPIROXATRINE,10,"A12M4, A1BG, ABCA4, ABCB7, ABCF1..."
AMANTADINE HYDROCHLORIDE,10,"ASS1P14, EHMT2, GRIN1, GRIN2A, GRIN2B..."
CHEMBL:CHEMBL585656,10,"APAF1, ATXN2, BAZ2B, EHMT2, GMNN..."
ESTRADIOL 3-BENZOATE,10,"AR, ATM, BDNF, CAMK4, GAL..."
CHEMBL:CHEMBL538798,10,"ALDH1A1, EHMT2, GMNN, HSP90AA1, IDH1..."
TAS0612,10,"AKT1, AKT2, AKT3, PTEN, RPS6KA1..."
RHAMNETIN,10,"HSPB1, KDM4E, MAPK11, MAPK12, MAPK13..."
RIPK3 INHIBITOR 18,10,"DRD4, DSC3, DSG1, DUSP2, ERVK2..."
CHEMBL:CHEMBL22062,10,"ATAD5, FEN1, GMNN, IDH1, MITF..."
INDINAVIR,10,"ABCB1, ABCC4, CSF2, CYP1A2, CYP2C19..."
INDOCYANINE GREEN ACID FORM,10,"FEN1, GLS, KAT2A, KDM4A, POLH..."
AZD-4547,10,"DPH1, DPYSL2, DPYSL3, DR1, DRD2..."
IMMUNOTHERAPEUTIC AGENT,10,"CCL18, CCL21, DPYD, FCGR3A, FCGR3B..."
INDECAINIDE HYDROCHLORIDE,10,"SCN10A, SCN11A, SCN1A, SCN2A, SCN3A..."
PROPOXYCAINE HYDROCHLORIDE,10,"SCN10A, SCN11A, SCN1A, SCN2A, SCN3A..."
PROPARACAINE HYDROCHLORIDE,10,"SCN10A, SCN11A, SCN1A, SCN2A, SCN3A..."
IC261,10,"APH1A, APH1B, CSNK1D, ELAVL3, ELF1..."
ALTENUSIN,10,"ADAMTSL4-AS1, APEX1, BAZ2B, EHMT2, KDM4A..."
DESLANOSIDE,10,"AR, ATP1A1, ATP1A2, ATP1A3, ATP1A4..."
MEXILETINE HYDROCHLORIDE,10,"SCN10A, SCN11A, SCN1A, SCN2A, SCN3A..."
ACECLIDINE,10,"AADAC, AAMP, AANAT, AARS1, AAVS1..."
OXTRIPHYLLINE,10,"ADORA1, ADORA2A, ADORA2B, ADORA3, PDE3A..."
BETAMETHASONE,10,"ACHE, ANXA1, AR, BDM, HMOX2..."
DOTHIEPIN,10,"AADAC, AAMP, AANAT, AARS1, AAVS1..."
ANALGESIC AGENT,10,"ACP5, AFP, BDNF, COMT, DBH..."
CHEMBL:CHEMBL609606,10,"APOBEC3F, APOBEC3G, ATXN2, EHMT2, HTT..."
ISOTHYMONIN,10,"ALDH1A1, FEN1, GAA, GLS, KDM4E..."
ISOSORBIDE MONONITRATE,10,"CYB5R1, CYB5R2, CYB5R3, CYB5R4, GC..."
CHEMBL:CHEMBL201325,10,"ATAD5, HSD17B10, NFKB1, NFKB2, NPC1..."
PROCAINAMIDE HYDROCHLORIDE,10,"SCN10A, SCN11A, SCN1A, SCN2A, SCN3A..."
PROCAINE HYDROCHLORIDE,10,"SCN10A, SCN11A, SCN1A, SCN2A, SCN3A..."
PRAZOSIN HYDROCHLORIDE,10,"ADRA1A, ADRA1B, ADRA1D, CYP3A4, GMNN..."
INTERFERON BETA-1B,10,"CD58, FHIT, GAPVD1, HLA-DQA1, IFNAR1..."
INTERLEUKIN-11,10,"BIRC5, CSF2, GFAP, IL11RA, MPO..."
VARENICLINE,10,"ATD, CHRFAM7A, CHRNA3, CHRNA4, CHRNA7..."
AMSACRINE HYDROCHLORIDE,10,"AR, EHMT2, GFER, GMNN, IDH1..."
SCLEROTIORIN,10,"ATXN2, HSP90AA1, KDM4A, PLK1, POLH..."
SECOBARBITAL,10,"CHRNA4, CHRNA7, GABRA1, GABRA2, GABRA3..."
ANDROSTENEDIONE,10,"AR, BAX, CYP19A1, CYP2C19, HNF4A..."
ANESTHETIC AGENT,10,"BCHE, BDNF, EDN1, GAPDH, GDNF..."
ECF506,10,"ABL1, EEGV1, ENO1P1, ENO2, ENUR2..."
MERESTINIB,10,"AXL, DPYS, DRD4, DRD5, DTNA..."
MERETHOXYLLINE PROCAINE,10,"SCN10A, SCN11A, SCN1A, SCN2A, SCN3A..."
MESORIDAZINE,10,"A12M3, A1BG, ABCD1, ALCAM, ALDH1A1..."
PANTOPRAZOLE SODIUM,10,"ATP4A, ATP4B, CYP2C19, CYP3A5, GCG..."
U-0126,10,"ALOX15, CYP1A2, CYP2D6, CYP3A4, EHMT2..."
TALETRECTINIB,10,"ALK, DRD5P1, DRD5P2, DRG2, DTX1..."
CHEMBL:CHEMBL242171,10,"ALOX15B, CYP2C19, CYP2C9, HPGD, HSD17B10..."
3-METHOXYCATECHOL,10,"ALDH1A1, ALOX15, APEX1, HPGD, HSD17B10..."
HYDROXYZINE PAMOATE,10,"EHMT2, FEN1, HRH1, HSD17B10, KDM4A..."
HYDROXYAMPHETAMINE HYDROBROMIDE,10,"ADRA1A, ADRA1B, ADRA1D, ADRA2A, ADRA2B..."
HEXOBARBITAL,10,"CHRNA4, CHRNA7, GABRA1, GABRA2, GABRA3..."
ATHRAQUINONES A,10,"ALOX15, CBX1, CYP3A4, FEN1, HPGD..."
HEXYLCAINE HYDROCHLORIDE,10,"SCN10A, SCN11A, SCN1A, SCN2A, SCN3A..."
CHEMBL:CHEMBL313737,10,"ALDH1A1, APOBEC3G, CBFB, CYP1A2, CYP3A4..."
HG2+,10,"AQP5, BTF3, BTF3P1, BTF3P11, BTG1..."
BAY 11-7082,10,"ALDH1A1, ATAD5, ATXN2, CBX1, CDK1..."
CHEMBL:CHEMBL1498652,10,"ALDH1A1, APAF1, BAZ2B, GALK1, GMNN..."
BACLOFEN,10,"BDNF, FOS, GABBR1, GABBR2, GCG..."
THIOTEPA,10,"ALDH1A1, ALDH3A1, AR, CYP2B6, EHMT2..."
CHEMBL:CHEMBL80155,10,"ALDH1A1, CYP1A2, CYP2C9, EHMT2, HIF1A..."
CHLORAMBUCIL,10,"BAZ2B, CXCL12, ERBB2, FANCC, GFER..."
CHEMBL:CHEMBL1534034,10,"EHMT2, FEN1, MAPT, POLB, POLI..."
LABETALOL HYDROCHLORIDE,10,"ADRA1A, ADRA1B, ADRA1D, ADRA2A, ADRA2B..."
KOPARIN,10,"ALDH1A1, ALOX15, APEX1, HPGD, HSD17B10..."
PLX-4720,10,"BRAF, DRD2, EFNA2, GNAQ, MAP2K1..."
PIRENZEPINE,10,"AADAC, AAMP, AANAT, AARS1, AAVS1..."
5'-GUANIDINONALTRINDOLE,10,"CBX1, EHMT2, KAT2A, MPHOSPH8, NUDT2..."
ACLIDINIUM,10,"AADAC, AAMP, AANAT, AARS1, AAVS1..."
THEOPHYLLINE SODIUM GLYCINATE,10,"ADORA1, ADORA2A, ADORA2B, ADORA3, PDE3A..."
UPROSERTIB,10,"AKT1, AKT2, AKT3, BRAF, CSTF3..."
CHEMBL:CHEMBL171699,10,"ALDH1A1, ATAD5, EHMT2, GALR3, HTT..."
SHIKONIN,10,"APEX1, CBFB, EHMT2, KAT2A, MAPT..."
DROXIDOPA,10,"AADAC, ADRA1A, ADRA1B, ADRA1D, ADRA2A..."
ENOXOLONE,10,"AKR1B10, CYP2C19, CYP2C9, CYP2D6, CYP3A4..."
CHEMBL:CHEMBL595227,10,"ALDH1A1, ALOX15B, CYP2C9, EHMT2, HPGD..."
ALECTINIB,10,"ALK, BRAF, CYP3A4, DRD4, EML4..."
ENCAINIDE HYDROCHLORIDE,10,"SCN10A, SCN11A, SCN1A, SCN2A, SCN3A..."
QUINIDINE GLUCONATE,10,"SCN10A, SCN11A, SCN1A, SCN2A, SCN3A..."
QUINIDINE POLYGALACTURONATE,10,"SCN10A, SCN11A, SCN1A, SCN2A, SCN3A..."
QUINACRINE,10,"ATAD5, DRD1, EHMT2, FEN1, G6PD..."
VILAZODONE HYDROCHLORIDE,10,"A1BG, ABCD1, ALDH1A1, AMD1, CD9..."
QUINIDINE SULFATE,10,"SCN10A, SCN11A, SCN1A, SCN2A, SCN3A..."
CHEMBL:CHEMBL428064,10,"APOBEC3G, BAZ2B, HSP90AA1, IDH1, KDM4A..."
CHEMBL:CHEMBL463783,10,"BLM, CBX1, CYP1A2, FEN1, KDM4A..."
ASPARTIC ACID,10,"ASS1P10, ASS1P14, CBLB, CBLN1, GRIN2A..."
XYLOMETAZOLINE,10,"ABL1, ABL2, ADRA1A, ADRA1B, ADRA1D..."
XL999,10,"AXL, FGFR1, FGFR2, FLT1, FLT3..."
CLEMASTINE,10,"AMD1, ATP1B3P1, CYP1A2, CYP2C19, CYP2C9..."
MEDROXYPROGESTERONE ACETATE,10,"ALDH1A1, AR, BDNF, CXCL8, CYP3A4..."
MEPERIDINE HYDROCHLORIDE,10,"ADRA2A, APAF1, APOF, CYP2B6, CYP3A5..."
CEPHALOTHIN,10,"CDKN1B, CDKN2B, CTDSP1, DNMT1, EHMT2..."
PENTAMIDINE ISETHIONATE,10,"AR, F12, IL2, KAT2A, MTOR..."
MANGOSTIN,10,"CYP2C19, CYP2C9, CYP2D6, HPGD, HSD17B10..."
BENZO(K)FLUORANTHENE,10,"AHR, HSD17B10, HSPB1, NFE2L2, NFKB1..."
ZOPICLONE,10,"GABRA1, GABRA2, GABRA3, GABRA4, GABRA5..."
CHLOROXINE,10,"AR, ATAD5, EHMT2, GMNN, HSP90AA1..."
AMINOPHYLLINE,10,"ADORA1, ADORA2A, ADORA2B, ADORA3, PDE3A..."
CHENODEOXYCHOLIC ACID,10,"ABCB11, ACADVL, ALDH3B2, AR, BCL5..."
CHEMBL:CHEMBL1408276,10,"ALPG, ALPI, ALPL, ATAD5, BAZ2B..."
LEUPROLIDE ACETATE,10,"AR, CYP1A2, CYP2C19, CYP2C9, CYP2D6..."
THUNBERGINOL B,10,"ALPI, ALPL, FEN1, FGF22, GLS..."
ULIXERTINIB,10,"BRAF, CDKN2A, CTNNA1, EPHB2, FBXW7..."
PHYSODIC ACID,10,"KDM4A, PLK1, POLB, POLH, POLI..."
BA2+,10,"ADGRB1, ASCL1, ASGR1, ASGR2, ASIP..."
BMS-690514,10,"DPYS, DRD2, DXO, EGFR, EN1..."
CHLORPROTHIXENE,10,"ABCD1, ALDH1A1, AMD1, DRD1, DRD2..."
DIHYDROERGOTAMINE MESYLATE,10,"A12M1, A12M2, A2M, A2MP1, DRD1..."
PHENOXYBENZAMINE HYDROCHLORIDE,10,"ADRA1A, ADRA1B, ADRA1D, ADRA2A, ADRA2B..."
BELIZATINIB,10,"ALK, AXL, DPYS, DTNA, DTNB..."
LIOTHYRONINE SODIUM,10,"ADAMTSL4-AS1, ALDH1A1, BAZ2B, BLM, GMNN..."
BECLOMETHASONE DIPROPIONATE,10,"AGTRL2, AR, BDM, BGLAP, CSF2..."
CHEMBL:CHEMBL1341830,10,"ALDH1A1, ALOX15, CBFB, EHMT2, FEN1..."
LIDOCAINE HYDROCHLORIDE,10,"SCN10A, SCN11A, SCN1A, SCN2A, SCN3A..."
ZOLMITRIPTAN,10,"A12M1, A12M2, A1BG, A2M, A2MP1..."
"1,4-DIMETHOXYANTHRAQUINONE",10,"ALDH1A1, DUSP3, ERG, MAPT, PLK1..."
DICHLOROBENZYL ALCOHOL,10,"SCN10A, SCN11A, SCN1A, SCN2A, SCN3A..."
SOLIFENACIN,10,"AADAC, AAMP, AANAT, AARS1, AAVS1..."
GOSSYPETIN,10,"ALDH1A1, APEX1, HPGD, KDM4E, MAPT..."
RECOMBINANT HEPATOCYTE GROWTH FACTOR,10,"CDH17, CDK2, CYP2B6, E2F1, IGF2..."
GLUTAMIC ACID,10,"ANOP1, ANPEP, ANTP2, EHMT2, GRIA2..."
RECOMBINANT 70-KD HEAT-SHOCK PROTEIN,10,"AIFM1, APEX1, DCN, DNAJB1, HSF1..."
GLESATINIB,10,"AXL, DRD2, DRD4, FLT1, FLT4..."
GEMTUZUMAB OZOGAMICIN,10,"ABCB1, ADH1A, CD33, CHEK1, CYP2E1..."
ARVERAPAMIL,10,"CACNA1C, CACNA1D, CACNA1F, CACNA1G, CACNA1S..."
ARTICAINE HYDROCHLORIDE,10,"SCN10A, SCN11A, SCN1A, SCN2A, SCN3A..."
GARLIC,10,"ABCB1, ADA, CYP2D6, GSTP1, IL2..."
RENZAPRIDE,10,"HTR2A, HTR2B, HTR2C, HTR3A, HTR3B..."
GAMMA-INTERFERON,10,"AGTR1, ANPEP, B2M, BCL2, CD44..."
GARCINONE E,10,"BAZ2B, GNAS, KDM4A, KDM4E, MAPT..."
ETIDOCAINE HYDROCHLORIDE,10,"SCN10A, SCN11A, SCN1A, SCN2A, SCN3A..."
COCAINE HYDROCHLORIDE,10,"SCN10A, SCN11A, SCN1A, SCN2A, SCN3A..."
CLOXYQUIN,10,"AR, GLP1R, GMNN, HSP90AA1, HSPB1..."
ALTIRATINIB,10,"DRD2, DRD4, ECM2, FLT3, KDR..."
DAPH,10,"ATAD5, CYP3A4, EHMT2, KCNH2, MAPK1..."
MPA,10,"CCND1, CD28, CD44, CSF2, FAS..."
BLINATUMOMAB,10,"ABL1, BCR, CD19, CD247, CD3D..."
BMS-754807,10,"AKT1, AURKB, AXL, DPH1, IGF1R..."
TOCAINIDE HYDROCHLORIDE,10,"SCN10A, SCN11A, SCN1A, SCN2A, SCN3A..."
FAMITINIB,10,"DPP6, DPT, DRD2, FLT1, FLT3..."
TOLFENAMIC ACID,10,"ATG4B, CRABP2, CYP1A2, CYP2C9, EHMT2..."
ANTITHROMBIN ALFA,10,"C1S, F10, F11, F12, F2..."
RUTIN,10,"AFP, CYP1A1, GAA, KDM4E, NFKB1..."
TANNIC ACID,10,"APEX1, AR, BAZ2B, C1QBP, EHMT2..."
NOTCH SIGNALING PATHWAY INHIBITOR MK0752,10,"APH1A, APH1B, NCSTN, NOTCH1, NOTCH2..."
CP55940,10,"ACRV1, ADCY3, ATAD5, ATXN2, CNR1..."
COMPOUND 2C [PMID: 24900538],10,"ABL1, DPYS, DPYSL2, DRD5P1, EFNB2..."
TIPIFARNIB,10,"CCR10, CDKN1A, ERBB2, FDPS, FNTA..."
COUMESTROL,10,"ESR1, FEN1, FOXL2, GLS, MAPT..."
&ALPHA;-ERGOCRYPTINE,10,"CBFB, CYP3A4, EHMT2, HSD17B10, KDM4A..."
COMPOUND 25AP [PMID: 37796543],9,"DPYS, EFNA4, EPHB1, EPHB2, EPHB3..."
COMPOUND 25 [PMID: 17935989],9,"DRD1, DUSP5, EIF5AP3, ETV2, ETV4..."
CYCLOTHIAZIDE,9,"ASPH, ASS1, ASS1P2, CA2, CD70..."
COMPOUND 20 [PMID: 30998356],9,"CTNNA1P1, CTNNA2, CTNS, DTNB, ELANE..."
CYCLOBENZAPRINE,9,"ADRA2C, APEX1, CYP2D6, CYP3A5, DRD1..."
CHEMBL:CHEMBL85826,9,"ESR1, NFKB1, NFKB2, NPC1, RAB9A..."
TOLAZOLINE HYDROCHLORIDE,9,"ADRA1A, ADRA1B, ADRA1D, ADRA2A, ADRA2B..."
CHEMBL:CHEMBL1256364,9,"ADRB2, ATAD5, CYP1A2, CYP2C19, EHMT2..."
CHEMBL:CHEMBL1255944,9,"APOBEC3G, BAZ2B, FEN1, IDH1, KAT2A..."
LONAFARNIB,9,"ABCB1, BIRC5, FNTA, FNTB, GPLD1..."
LINEZOLID,9,"CYP1A2, CYP2C9, CYP2D6, CYP3A4, FSHMD1A..."
URMC-099,9,"DPYS, EIF5, ELK3, EPS8, ERCC3..."
FLOXACILLIN,9,"HLA-A, HLA-B, HLA-C, HLA-DQA1, HLA-DQB1..."
CHEMBL:CHEMBL578502,9,"ATXN2, GMNN, HTT, IDH1, KDM4C..."
CLOTHIAPINE,9,"DRD4, HTR2A, HTR2B, HTR2C, HTR3A..."
OCHRATOXIN A,9,"ESR1, NFKB1, NR1H4, NR3C1, PPARD..."
NALBUPHINE HYDROCHLORIDE,9,"APAF1, APOF, CYP1A2, CYP2D6, CYP3A4..."
C5A,9,"ACACB, ACADL, BAX, BCL2, CPB2..."
NATEGLINIDE,9,"ABCC8, CALCA, CYP1A2, CYP2C19, CYP2C9..."
NARATRIPTAN,9,"A12M1, A12M2, A1BG, A2M, A2MP1..."
CHEMBL:CHEMBL1327172,9,"ATAD5, BAZ2B, GLP1R, HTT, IDH1..."
"1,2-NAPHTHOQUINONE",9,"ALDH1A1, BAZ2B, EHMT2, HPGD, HSD17B10..."
CHEMBL:CHEMBL1493528,9,"ATAD5, CASP3, MAPK1, NSD2, RECQL..."
LASALOCID A SODIUM,9,"AR, ATXN2, GLP1R, IDH1, NFE2L2..."
CHONDROITIN SULFATES,9,"ABCC6, ADAMTS4, ADGRE2, B3GAT1, CHST11..."
DIPIVEFRIN HYDROCHLORIDE,9,"ADRA1A, ADRA1B, ADRA1D, ADRA2A, ADRA2B..."
DIMETHYLADENINE,9,"AURKA, CHEK1, CHEK2, MARK2, MARK3..."
SKF-38393,9,"ALCAM, ALDH3A1, DRD1, EHMT2, GFER..."
SYK INHIBITOR III,9,"ATAD5, ATXN2, CBX1, EHMT2, FDX1..."
ALFUZOSIN,9,"ABCA4, ABCB7, ABCF1, ADRA1A, ADRA1B..."
TAK-632,9,"BRAF, DPP6, DR1, EEF1G, EFNA2..."
CHR-3996,9,"GAPDHP1, GARS1, GART, GDF2, HDAC1..."
CHEMBL:CHEMBL125044,9,"AGTR1, KDM4A, MITF, PKM, PLK1..."
CHLORTHALIDONE,9,"AGT, CA14, CA4, GAPDH, GLUD1P3..."
UPADACITINIB,9,"CYP2D6, EPHB1, EPHB2, EPHB3, JAK1..."
PHENTOLAMINE MESYLATE,9,"ADRA1A, ADRA1B, ADRA1D, ADRA2A, ADRA2B..."
PIPERIDINE-4-SULPHONIC ACID,9,"ARNT, ARR3, ARRB1, ARRB2, ART4..."
PINDOLOL,9,"A12M3, A12M4, A1BG, ABO, ABR..."
CHEMBL:CHEMBL586135,9,"AGTR1, ALPL, ATXN2, NFE2L2, OPRK1..."
ROFECOXIB,9,"ALDH1A1, BAX, BIRC5, CPT2, GHRL..."
TAMSULOSIN HYDROCHLORIDE,9,"ABCA4, ABCB7, ABCF1, ADRA1A, ADRA1B..."
RS-17053,9,"ABCA4, ABCB7, ALOX15, CYP1A2, CYP2C19..."
ANTIVIRAL AGENT,9,"ABCC4, CD4, ENOSF1, GZMA, IL18..."
XL765,9,"CRTC1, CRTC2, MTOR, PIK3CA, PIK3CB..."
RIMONABANT,9,"ABCC1, ABCC2, ABCC3, ABCC4, ACRV1..."
CHEMBL:CHEMBL1503729,9,"BAZ2B, EHMT2, GMNN, HTT, IDH1..."
LAROPIPRANT,9,"APOC4, HMGCR, NR1H3, PTGDR, PTGDR2..."
CHEMBL:CHEMBL1486366,9,"ALDH1A1, BAZ2B, CBX1, EHMT2, KDM4A..."
CHEMBL:CHEMBL146710,9,"ALPG, ALPI, ALPL, BAZ2B, KDM4E..."
THONZONIUM BROMIDE,9,"APAF1, AR, ATXN2, HSP90AA1, IDH1..."
4-METHOXYDALBERGIONE,9,"ALDH1A1, ALOX15, ALOX15B, CYP3A4, KDM4E..."
PIPLARTINE,9,"ALDH1A1, ATXN2, GMNN, IDH1, MAPT..."
AMINOGLYCOSIDE ANTIBIOTIC,9,"CASR, CDKN1B, GDNF, HEXB, NTF3..."
AMG28,9,"ERCC6, EXTL3, EYA1, FEB1, FEB2..."
PF-03715455,9,"CTNNB1, CYP1A2, CYP2C19, CYP2C9, CYP2D6..."
SIBUTRAMINE,9,"CD8B, CD8B2, CD9, CYP2B6, CYP3A5..."
CHEMBL:CHEMBL1537417,9,"ATAD5, EHMT2, GMNN, IDH1, NFE2L2..."
LY3009120,9,"BRAF, EEF1B2, EFNA2, FAH, HRAS..."
LY344864,9,"A12M1, A12M2, A12M3, A12M4, A1BG..."
M-2698,9,"AKT1, AKT3, CSTF3, CXADR, FKBP2..."
DYCLONINE,9,"ALDH1A1, CYP1A2, CYP2C9, CYP2D6, EHMT2..."
JNJ-26483327,9,"EGFR, ERBB2, ERBB4, FLT4, FYN..."
TYRPHOSTIN 51,9,"BAZ2B, CBX1, EHMT2, FEN1, KDM4A..."
U46619,9,"APOB, APOBEC1, APOBER1, APOC1, APOC1P1..."
"L-162,313",9,"ACADM, ATAD5, ATXN2, CYP1A2, CYP2C9..."
DRONEDARONE,9,"ADRA1A, ADRB1, ALDH7A1P2, AR, CALCA..."
CHEMBL:CHEMBL604321,9,"ATAD5, ATXN2, GLP1R, GMNN, HTT..."
"4',7-DIMETHOXY-5-HYDROXYGENISTEIN",9,"CYP1A2, CYP2D6, NFKB1, NFKB2, NPC1..."
AZD6482,9,"ATM, BRAF, F5, F7, F7R..."
POMIFERIN,9,"ALOX15, CYP2C19, CYP2C9, GMNN, HSP90AA1..."
PIRARUBICIN,9,"ABCC1, FEN1, GLS, HTT, KMT2A..."
ADEFOVIR DIPIVOXIL,9,"ABCC4, AK2, AK4, EHMT2, NFE2L2..."
FPL64176,9,"ATP6V1C1, ATP6V1E1, CACNA1D, CBX1, CYP1A2..."
BUTORPHANOL,9,"APOF, CYP1A2, CYP2C19, CYP2C9, CYP3A4..."
BUTYLATED HYDROXYTOLUENE,9,"CYP1A2, CYP2B6, CYP2C19, CYP2C9, CYP2D6..."
TETRAIDOFLUORESCEIN,9,"APEX1, BLM, FEN1, KAT2A, POLI..."
JNK INHIBITOR VIII,9,"CDK2, CTNNA1P1, CTNNA2, CTNS, MAPK1..."
JP1302,9,"ABL2, APEX1, BLM, FEN1, KCNH2..."
UREA,9,"AQP9, CTSB, HMGB1, HNF4A, HSPA4..."
BERZOSERTIB,9,"ARID1A, ATM, ATR, EEF1B2P2, ETFB..."
"6,4'-DIMETHOXYFLAVONE",9,"HSD17B10, KDM4E, NFKB1, NFKB2, NPC1..."
CETIRIZINE HYDROCHLORIDE,9,"AMD1, CBFB, CSF2, HRH1, IL2RA..."
MEGESTROL ACETATE,9,"ABCB1, AR, ESR1, IL15, IL2RA..."
TICAGRELOR,9,"APEX1, CHI3L2, CYP2C19, CYP3A43, CYP4F2..."
SF-1126,9,"MTOR, PIK3CA, PIK3CB, PIK3CD, PIK3CG..."
SEMAGACESTAT,9,"APH1A, APH1B, FRA6B, GLUL, GYG1..."
SELURAMPANEL,9,"GRIA1, GRIA2, GRIA3, GRIA4, GRIK1..."
ISTAROXIME,9,"ATP1A1, ATP1A2, ATP1A3, ATP1A4, ATP1B1..."
CHEMOPREVENTIVE AGENT,9,"CCND1, GGT1, MGMT, MUC2, NFE2L2..."
CHEMBL:CHEMBL68096,9,"FEN1, NFE2L2, POLH, POLI, POLK..."
DORSOMORPHIN,9,"ATN1, DPYS, DRD1, DRD2, EPHX2..."
SELECTIVE ESTROGEN RECEPTOR MODULATOR,9,"IL6, MAPK3, MMP2, NFE2L2, PIK3CA..."
ANAKINRA,9,"CP, GHRL, HLA-DRB1, IL1R1, IL1R2..."
ISONIAZID,9,"ASTN2, CYP1A2, CYP2B6, CYP2C9, CYP3A4..."
IONOMYCIN,9,"BDNF, CAMK2B, CD5, CXCL8, NFE2L2..."
ISOGUVACINE,9,"ARNT, ARR3, ARRB1, ARRB2, ART4..."
IODOQUINOL,9,"EHMT2, HIF1A, HSP90AA1, IDH1, KDM4A..."
ACETYLDIGITOXIN,9,"ATP1A1, ATP1A2, ATP1A3, ATP1A4, ATP1B1..."
MAVACAMTEN,9,"CYP2C19, MYH14, MYH6, MYH7, MYH7B..."
(S)-FLUOXETINE,9,"ATXN2, CYP2C19, CYP2D6, CYP3A4, GBA1..."
CHEMBL:CHEMBL599255,9,"ADAM17, ADAMTSL4-AS1, ALDH1A1, BAZ2B, HSP90AA1..."
CHEMBL:CHEMBL607309,9,"ATXN2, EHMT2, GLP1R, HPGD, HTT..."
CHEMBL:CHEMBL602561,9,"ACP1, NPC1, POLB, RAB9A, SENP6..."
ELPETRIGINE,9,"CACNA1A, CACNA1B, CACNA1C, CACNA1D, CACNA1F..."
INDANTADOL,9,"GRIN1, GRIN2A, GRIN2B, GRIN2C, GRIN2D..."
CHEMBL:CHEMBL220845,9,"ALDH1A1, ALOX15, ALOX15B, HPGD, HSD17B10..."
DRUGSATFDA.NDA:008378,9,"CDX2, GGT1, GHRL, IL1B, IL2RA..."
HYDROXYZINE,9,"AMD1, CYP1A2, CYP2C19, CYP2C9, CYP2D6..."
IL-3,9,"ABCB1, ALOX5AP, CA2, CSF2, DFNB13..."
IDELALISIB,9,"BRAF, F5, F7, F7R, PIK3CA..."
IL-12,9,"BDNF, BIRC5, CDKN1B, ERBB2, IL17A..."
ESTROPIPATE,9,"ESR1, RAPGEF3, SLCO1A2, SLCO1B1, SLCO1C1..."
OSI-027,9,"AKT1S1, DEPTOR, MAPKAP1, MLST8, MTOR..."
TREMELIMUMAB,9,"ALK, CD274, CTLA4, EGFR, GLRB..."
DAPHNETIN,9,"ALOX15, APEX1, EHMT2, FEN1, HSPA5..."
DANTROLENE,9,"CYP1A2, CYP2C19, CYP2C9, CYP2D6, CYP3A4..."
RIVAROXABAN,9,"APOB, CES1, CYP2C19, CYP3A4, CYP3A5..."
BX-795,9,"CTSO, DRD2, EEF1G, EIF4A1, EIF5AP3..."
MRS1220,9,"ABCA2, ABCA3, APOBEC3G, CYP1A2, CYP2C19..."
CHEMBL:CHEMBL258767,9,"BAZ2B, CBX1, CYP3A4, EHMT2, HSD17B10..."
TEZAMPANEL,9,"GRIA1, GRIA2, GRIA3, GRIA4, GRIK1..."
METHOXSALEN,9,"BPI, CYP1A2, CYP2A6, CYP2D6, CYP3A4..."
CLEMIZOLE,9,"ATP2A2, ATP2A3, ATP2B1, ATP2B2, CYP1A2..."
MEPHENTERMINE SULFATE,9,"ADRA1A, ADRA1B, ADRA1D, ADRA2A, ADRA2B..."
MEMANTINE HYDROCHLORIDE,9,"BCHE, GRIN1, GRIN2A, GRIN2B, GRIN2C..."
MESTRANOL,9,"AGT, AR, CYP1A2, CYP2C19, CYP2C9..."
CEBRANOPADOL,9,"APAF1, APBA1, APOF, NUDT2, OPN4..."
5-MEOT,9,"A12M1, A12M2, A12M3, A2M, A2MP1..."
ZILEUTON,9,"ALOX5, CREB1, CYP2C19, CYP2C9, CYP2D6..."
ZILUCOPLAN,9,"C5, CHRNA1, CHRNA3, CHRNA4, CHRNA5..."
EFGARTIGIMOD ALFA,9,"CHRNA1, CHRNA3, CHRNA4, CHRNA5, CHRNA6..."
CHEMBL:CHEMBL601952,9,"ALDH1A1, ALOX15, ALOX15B, BAZ2B, EHMT2..."
SB-431542,9,"ACVR1C, CSNK1A1, CYP2C19, CYP2D6, CYP3A4..."
ANIRACETAM,9,"ASPH, ASS1, ASS1P2, CYP1A2, CYP2C19..."
R-1487,9,"CSNK1D, MAP4K4, MAPK1, MAPK14, MAPK8..."
VITAMIN K,9,"AIFM2, CTSG, CYP4F2, FAS, G6PD..."
CHEMBL:CHEMBL259615,9,"GLP1R, HSD17B10, KMT2A, MEN1, NPC1..."
PROTRIPTYLINE,9,"CD8B, CD9, CYP2D6, DRD1, HSD17B10..."
PROTEIN KINASE C INHIBITOR,9,"BDNF, HDGF, HSPB1, IL2, ITGAM..."
PTHRP,9,"APOA4, BGLAP, CDKN1A, G6PD, MAPK3..."
ERYTHROSINE,9,"APEX1, BAZ2B, BLM, KAT2A, L3MBTL1..."
CHEMBL:CHEMBL530049,9,"ATXN2, BAZ2B, GMNN, HTT, IDH1..."
CHEMBL:CHEMBL535331,9,"AURKB, CLK4, FLT3, IRAK4, MAP3K20..."
GAMBOGIC ACID,9,"HSP90AA1, HSP90AB1, MAPK1, MAPK3, MDM2..."
ARTEMISININ,9,"ALDH1A1, AR, ATP2A1, CYP2A6, CYP2B6..."
RUTAECARPINE,9,"ATAD5, CYP1A2, HIF1A, HSD17B10, NPC1..."
SACITUZUMAB GOVITECAN,9,"BRCA1, BRCA2, ERBB2, ESR1, ESR2..."
SAQUINAVIR,9,"ABCB1, ATXN2, CYP3A4, CYP7B1, ERVW-4..."
SAQUINAVIR MESYLATE,9,"ABCC1, AR, ATXN2, CYP3A4, ERVW-4..."
"ESTROGENS, CONJUGATED (USP)",9,"ABCC1, ESR1, ESR2, GNRH1, NOS2..."
VX-702,9,"CTNNB1, CTNND1, MAPK11, MAPK12, MAPK13..."
HISTONE DEACETYLASE INHIBITOR,9,"ABCB1, ADAMTSL4-AS1, APC, CDKN1C, CXCL8..."
PWT-33587,9,"MTOR, PIK3CA, PIK3CB, PIK3CD, PIK3CG..."
PATULIN,9,"CDK1, CFL1, JUN, MAPK1, MAPT..."
DIACETYLRHEIN,9,"CASP1, CASP3, EHMT2, EYA2, HSP90AA1..."
CEFOTETAN,9,"APOBEC3A, APOBEC3G, BAZ2B, EHMT2, KDM4A..."
TENIPOSIDE,9,"ABCB1, ABCC1, BCL2, FAS, H2AC25..."
METHYLHOMATROPINE,9,"CHRM1, CHRM2, CHRM3, CHRM4, CHRM5..."
TRIMETREXATE,9,"ABCB1, BLM, DHFR, EHMT2, KMT2A..."
METHYLNITROSOUREA,9,"AFP, GFAP, GGT1, HRAS, MAPK3..."
EPIDERMAL GROWTH FACTOR RECEPTOR TYROSINE KINASE INHIBITOR,9,"BCL2, BCL2L11, EGFR, ERRFI1, GRP..."
GW1929,9,"CCND1, CYP2C19, CYP2C9, CYP2D6, CYP3A4..."
CHEMBL:CHEMBL600313,9,"APAF1, CASP3, GMNN, HTT, IDH1..."
ENCORAFENIB,9,"ARAF, BRAF, HRAS, KRAS, MAP2K1..."
HESPERETIN,9,"CYP1A2, CYP2C19, CYP2C9, CYP3A4, DGAT1..."
HISPIDIN,9,"APEX1, EHMT2, FEN1, MPHOSPH8, POLB..."
ELETRIPTAN,9,"A12M1, A12M2, A1BG, A2M, A2MP1..."
ATAZANAVIR,9,"ABCB1, ABCC2, CYP3A, CYP3A4, ERVW-4..."
RELCOVAPTAN,9,"ABCC6, ALOX15, AQP9, AR, ARAF..."
MICHLER'S KETONE,9,"AHR, ALDH1A1, APOBEC3F, APOBEC3G, AR..."
MINAPRINE,9,"ACHE, CHRM1, DRD1, DRD2, HTR2A..."
MINAPRINE HYDROCHLORIDE,9,"ACHE, CHRM1, DRD1, DRD2, HTR2A..."
MODAFINIL,9,"ABCB1, ADRA1D, CYP1A2, CYP2C19, CYP2C9..."
MOMETASONE,9,"ANXA1, AR, BDM, CCL11, CD44..."
CLOBENPROPIT,9,"AMD1, AMD1P2, AMELX, CYP1A2, CYP2C19..."
MK-2206,9,"AKT1, AKT2, AKT3, AR, CSTF3..."
CANNABIDIOL,9,"ABCC5, ACRV1, ACTN3, ADCY3, AOC1..."
CALCIUM CHANNEL BLOCKER,9,"CACNA1C, FGF2, KCNH2, LEP, NUMA1..."
METHYL 7-DESHYDROXYPYROGALLIN-4-CARBOXYLATE,9,"ALDH1A1, APEX1, HPGD, HSD17B10, KDM4E..."
METHYLENE BLUE,9,"ALDH1A1, AR, CYP3A4, NR1H4, RECQL..."
CHEMBL:CHEMBL421215,9,"ALDH1A1, CYP1A2, CYP2C19, CYP2C9, EHMT2..."
SPERMINE,9,"ACP5, ASGR1, ATP4B, CASP2, CASP3..."
SPHINGOSINE 1-PHOSPHATE,9,"ACTG1P10, ACTL6A, ADCY6, AEBP1, AMT..."
PACRITINIB,9,"DPYS, EGFR, EPHB1, EPHB2, EPHB3..."
CLAVULANIC ACID,9,"FOLH1, HLA-A, HLA-B, HLA-C, HLA-DQB1..."
CARUBICIN,9,"APEX1, AR, BLM, EHMT2, HTT..."
DESMOPRESSIN,9,"ABCC6, AQP9, AR, ARAF, AVPR1A..."
GUGGULSTERONE,9,"AR, BCL5, CYP3A4, ESR1, HSPB1..."
RAVULIZUMAB,9,"C5, CHRNA1, CHRNA3, CHRNA4, CHRNA5..."
GSK2646264,9,"DRD2, EEF1D, EEF1G, EPHB2, EPHX2..."
GOSERELIN ACETATE,9,"ESR1, ESR2, GNRH1, GNRHR, GSR..."
EPHEDRINE HYDROCHLORIDE,9,"ADRA1A, ADRA1B, ADRA1D, ADRA2A, ADRA2B..."
MITOTANE,9,"ATM, CPA2, CYP11A1, CYP11B1, CYP2B6..."
OXYTETRACYCLINE HYDROCHLORIDE,9,"ALDH1A1, ESR1, GLS, HPGD, HSD17B10..."
TREPROSTINIL,9,"APOB, APOBER1, APOC1, APOC1P1, APOC3..."
MIRANSERTIB,9,"AKT1, AKT2, AKT3, BRAF, CSTF3..."
OXYMETHOLONE,9,"ALDH1A1, AR, CYP3A4, EHMT2, EPO..."
NARINGENIN,9,"ATP4A, BRCA2, CYP19A1, CYP1A2, CYP1B1..."
BRL-15572,9,"A12M1, A12M2, A12M3, A12M4, A1BG..."
NECA,9,"ABAT, ABCA1, ABCA2, ABCA3, ADORA3..."
DABIGATRAN,9,"ADK, APOB, CYP3A5, F2, FRA1C..."
NOREPINEPHRINE BITARTRATE,9,"ADRA1A, ADRA1B, ADRA1D, ADRA2A, ADRA2B..."
NMDA,9,"ASS1P10, ASS1P14, EHMT2, GRIN2A, GRIN2B..."
ROXITHROMYCIN,9,"AMOT, ANTP4, CCL11, CD80, CD86..."
CHEMBL:CHEMBL581044,9,"ALOX15B, BAZ2B, GNAS, KDM4A, KDM4E..."
NICARDIPINE HYDROCHLORIDE,9,"AR, CACNA1C, CACNA1D, CACNA1F, CACNA1S..."
NERAMEXANE MESYLATE,9,"CHRNA10, CHRNA9, GRIN1, GRIN2A, GRIN2B..."
TIVOZANIB,9,"BRAF, DRD1, DRD2, DRD3, FLT1..."
[3H]MUSCIMOL,9,"ARNT, ARR3, ARRB1, ARRB2, ART4..."
[3H]GABAZINE,9,"ARNT, ARR3, ARRB1, ARRB2, BMAL1..."
CELIPROLOL,8,"ABCB1, ADRA2A, ADRA2B, ADRA2C, ADRB1..."
CEFSULODIN SODIUM,8,"FEN1, GLS, GRK2, KDM4A, PLK1..."
PASIREOTIDE,8,"AQP2, FAS, FASLG, SHROOM2, SSTR1..."
BERBERINE CHLORIDE,8,"ABCC8, AR, CYP3A4, KCNJ11, MAPT..."
BETHANIDINE,8,"ADRA1A, ADRA1B, ADRA1D, ADRA2A, ADRA2B..."
PYRILAMINE,8,"AMD1, CYP1A2, CYP2C19, CYP2C9, CYP2D6..."
THERAPEUTIC STEROID HORMONE,8,"CD9, GTF2B, MIR125B2, NOS2, PHB2..."
PUROMYCIN,8,"AGTR2, CD34, FCGR3A, FCGR3B, HSPA4..."
PYRIDOSTIGMINE,8,"ACHE, CBX1, CYP1A2, CYP2C9, CYP2D6..."
CHEMBL:CHEMBL406557,8,"NFKB1, NFKB2, NPC1, RAB9A, RELA..."
CHEMBL:CHEMBL1412489,8,"BAZ2B, CBX1, CYP1B1, GAA, KDM4A..."
CHEMBL:CHEMBL1466186,8,"BAZ2B, GLP1R, HSP90AA1, IDH1, KDM4A..."
CHEMBL:CHEMBL1448793,8,"EHMT2, FEN1, KDM4A, POLB, RACGAP1..."
CHEMBL:CHEMBL582478,8,"BAZ2B, EHMT2, GLS, KDM4A, KMT2A..."
SB-408124,8,"APBA2, APBB1, CYP1A2, CYP2C19, CYP2C9..."
EDIFOLIGIDE SODIUM,8,"E2F1, E2F2, E2F3, E2F4, E2F5..."
EDIFOLIGIDE,8,"E2F1, E2F2, E2F3, E2F4, E2F5..."
RIVOCERANIB,8,"CD274, DPT, DRD2, ELAVL1, KDR..."
CHEMBL:CHEMBL365617,8,"CDK2, CSF1R, PIM1, PRKD2, PRKD3..."
THIOPERAMIDE,8,"AMELX, CYP1A2, CYP2C19, CYP2C9, CYP2D6..."
DEFERASIROX,8,"ABCC2, AR, CYP24A1, CYP27B1, GC..."
CHLORAMPHENICOL,8,"ALDH1A1, BNIP3, BRS3, CYP2C19, CYP3A4..."
SULFATINIB,8,"CD274, CSF1R, DPYSL2, DRD2, FGFR1..."
AMINOGLUTETHIMIDE,8,"CPD, CYP11A1, CYP19A1, CYP1B1, GGT1..."
SILVER SULFADIAZINE,8,"ALOX15, CYP1A2, CYP2C19, CYP2C9, EHMT2..."
DARIFENACIN,8,"AADAC, AAMP, AANAT, AARS1, AAVS1..."
DOCOSANOL,8,"GC, GH1, GK, GNAI1, GYPC..."
DOLASETRON,8,"CYP3A4, HTR3A, HTR3B, HTR3C, HTR3D..."
CHEMBL:CHEMBL578257,8,"ATXN2, EHMT2, FEN1, HTT, KDM4A..."
CDK2 INHIBITOR IV,8,"CDK4, EEF1D, EEF1G, EGR4, EIF4A1..."
INDOLE-3-CARBINOL,8,"CDK2, EHMT2, GDF15, IFNGR1, NFE2L2..."
TFMPP,8,"A12M1, A12M2, A12M3, A12M4, A2M..."
TESTOSTERONE PROPIONATE,8,"AR, BEVI, CALCA, ESR1, LCAT..."
KAMEBANIN,8,"ATAD5, ATXN2, GMNN, HTT, IDH1..."
CHEMBL:CHEMBL260560,8,"ATAD5, NFKB1, NFKB2, NPC1, RELA..."
KAINIC ACID,8,"ALDH1A1, ASS1P5, ASS1P6, ASS1P8, ASS1P9..."
"7,8-DIHYDROXYFLAVONE",8,"ALDH1A1, ALOX15, HPGD, HSD17B10, KDM4E..."
MELOXICAM,8,"AR, CPT1B, CPT2, CYB5R3, CYP2C9..."
METAMIZOLE SODIUM,8,"ALOX12, ALOX15, ALOX15B, CYP2C19, CYP2C9..."
RO31-8220,8,"ALOX15, EHMT2, MAPK1, MAPT, POLI..."
HISTIDINE,8,"AP2M1, CA14, EHMT2, GAPDH, GLUD1P3..."
AFACIFENACIN,8,"CHRM1, CHRM2, CHRM3, CHRM4, CHRM5..."
PIP2,8,"ASLP1, ATP3, ATP4B, AZF2, AZGP1..."
CEFOXITIN SODIUM,8,"ABCC2, ABCC3, ABCC4, BAZ2B, GLS..."
AMG-900,8,"AURKA, AURKB, AURKC, CCNE1, EEF1D..."
METHSCOPOLAMINE,8,"AADAC, AAMP, AANAT, AARS1, AAVS1..."
PALIFERMIN,8,"DPYSL3, FGFR1, FGFR2, FGFR3, FGFR4..."
TRIMIPRAMINE MALEATE,8,"ADRA1A, ADRA1B, ADRA1D, DRD2, HRH1..."
CHEMBL:CHEMBL412603,8,"CASP3, NPC1, RAB9A, SENP6, SENP7..."
RO19-4603,8,"ALDH1A1, ARNT, ARRB1, BMAL1, CYP1A2..."
GW0742X,8,"BCKDHB, CYP3A4, HPGD, KAT2A, NFE2L2..."
CHEMBL:CHEMBL599098,8,"ATXN2, BAZ2B, EHMT2, HSP90AA1, KDM4A..."
ENSIFENTRINE,8,"COL10A1, COL9A2, PDE3A, PDE3B, PDE4A..."
DICUMAROL,8,"ALDH1A1, CDKN1A, CYP2C9, GCK, GSTM1..."
SB 242084,8,"A12M3, A12M4, ATXN2, CBX1, DRD1..."
ENCLOMIPHENE CITRATE,8,"AR, ATXN2, EHMT2, GMNN, IDH1..."
EMAPALUMAB-LZSG,8,"IFNG, PRF1, RAB27A, SH2D1A, STX11..."
EMETINE HYDROCHLORIDE,8,"AR, ATAD5, GMNN, KMT2A, MEN1..."
HERBIMYCIN A,8,"BCR, CD9, ERCC1, FLT3, MARCKSL1..."
GW282974X,8,"CYP1A2, CYP2C9, CYP3A4, GMNN, HPGD..."
FADROZOLE,8,"CPA3, CPB1, CPD, CYP11B1, CYP19A1..."
GALANGIN,8,"ABCA1, ABCA3, ATAD5, ATP2B1, CYP2C19..."
AGOMELATINE,8,"A12M3, A12M4, ANK2, ANK3, HTR2B..."
CHEMBL:CHEMBL584442,8,"APOBEC3F, APOBEC3G, GMNN, HTT, MAPT..."
CHEMBL:CHEMBL502774,8,"ATAD5, NFKB1, NFKB2, NPC1, RAB9A..."
GD3+,8,"ATP2A2, ATP2B1, ATP4A, BTD, FXYD2..."
GF109203X,8,"CYP1A2, CYP3A4, EHMT2, MAPK1, MAPT..."
CHEMBL:CHEMBL525103,8,"FEN1, GFER, GLS, MAPT, POLB..."
RETINYL ACETATE,8,"ALDH1A1, AR, HSD17B10, IVL, LPL..."
HOMIDIUM,8,"EHMT2, FEN1, MAPT, POLI, POLK..."
RUBOXISTAURIN,8,"BAD, CTAA1, CTAA2, CTAG1B, F10..."
"2-METHOXY-1,4-NAPHTHOQUINONE",8,"ATAD5, FEN1, GMNN, IDH1, NFE2L2..."
FLURBIPROFEN,8,"BDNF, CPT1B, CPT2, CYP2C9, PTGS1..."
RUTHENIUM RED,8,"ATP5BL2, ATP5F1A, ATP5F1BP1, ATP5MC2P1, DAGLA..."
CHEMBL:CHEMBL547833,8,"EHMT2, FEN1, KDM4A, MAPK1, NR4A1..."
S(+)-APOMORPHINE,8,"CYP1A2, HIF1A, HSD17B10, KDM4E, MAPT..."
2-MERCAPTOBENZOTHIAZOLE,8,"ALDH1A1, EHMT2, HPGD, IDO1, KAT2A..."
CHEMBL:CHEMBL29197,8,"CYP1A2, CYP2C19, CYP2C9, CYP3A4, EGFR..."
CHEMBL:CHEMBL339587,8,"BAZ2B, CBX1, EHMT2, GAA, GLS..."
"WIN 62,577",8,"AADAC, AAMP, AANAT, AARS1, ATAD5..."
CEFOPERAZONE,8,"ABCC2, ABCC3, ABCC4, CYP1A2, CYP2C19..."
PD173074,8,"ATXN2, FGFR1, FGFR2, FGFR3, HRAS..."
BENZQUINAMIDE,8,"ABCD1, CHRM1, CHRM2, CHRM3, CHRM4..."
TBBT,8,"ATAD5, ATXN2, CYP3A4, KAT2A, NFE2L2..."
PLATINUM COMPOUND,8,"AURKA, BIRC5, BRCA1, BRCA2, ERBB2..."
CHEMBL:CHEMBL602990,8,"ALDH1A1, APAF1, ATAD5, EHMT2, GMNN..."
CHEMBL:CHEMBL602807,8,"ALDH1A1, ALOX15B, EHMT2, HPGD, HSD17B10..."
VARGATEF,8,"FGFR1, FGFR2, FGFR3, FLT1, FLT4..."
SETMELANOTIDE,8,"ANCR, ANGPT1, ANGPT2, ANK1, LEPR..."
DONEPEZIL,8,"ACHE, APOE, BCHE, BDNF, CHRNA7..."
CHEMBL:CHEMBL1989853,8,"APAF1, ATAD5, BAZ2B, CBX1, EYA2..."
IZENCITINIB,8,"EPHB1, EPHB2, EPHB3, JAK1, JAK2..."
4'-METHOXYFLAVONE,8,"ATAD5, CYP3A4, HSD17B10, NLRP3, NPC1..."
CHEMBL:CHEMBL166486,8,"ALDH1A1, APEX1, EHMT2, HPGD, MAPT..."
IMMUNOTOXIN,8,"BCHE, CD22, CSF2, FOLH1, GAL..."
AZD-6482,8,"PIK3CA, PIK3CB, PIK3CD, PIK3CG, PIK3R1..."
THIETHYLPERAZINE MALATE,8,"BAZ2B, DRD2, EHMT2, GFER, IDH1..."
IRBESARTAN,8,"ACADM, AGTR1, APOB, APOE, CD40LG..."
AZD-8186,8,"F5, F7, F7R, HRAS, PIK3CB..."
IODOPHTHALEIN,8,"EHMT2, GLS, HPGD, KAT2A, MAPT..."
BIRINAPANT,8,"BIRC2, BIRC3, BIRC6, GNG10, GNG11..."
DANUSERTIB,8,"AURKA, AURKB, AURKC, EEF1D, EEF1G..."
TRANYLCYPROMINE,8,"CP, CYP1A2, FSHMD1A, FSHMD1B, GEM..."
MOLIBRESIB,8,"ARID1A, BRD2, BRD3, BRD4, BRDT..."
TONAPOFYLLINE,8,"ABAT, ABCA1, ABCA2, ABCA3, ADORA1..."
BIX-01294,8,"ATAD5, ATXN2, FEN1, GCNT2, IDH1..."
CHEMBL:CHEMBL546597,8,"ATXN2, CYP2C19, CYP2C9, CYP2D6, CYP3A4..."
BITHIONOLATE SODIUM,8,"ALOX15, ALOX15B, AR, CASP7, CYP3A4..."
RIGOSERTIB,8,"HRAS, KRAS, NRAS, PIK3CA, PIK3CB..."
FRAMYCETIN,8,"GYPA, MRPL36, MT-ND1, MT-RNR1, PIK3CG..."
ROMIPLOSTIM,8,"AHR, FGFR1, KDR, KIT, MPL..."
2-CHLORO-5-NITRO-N-PHENYLBENZAMIDE,8,"AHR, AR, CCND1, CYP1A2, CYP2C19..."
JQ1,8,"ARID1A, BRD4, CD274, FBXW7, KMT2A..."
LURASIDONE HYDROCHLORIDE,8,"ABL1, ABL2, ADRA2C, DRD2, HTR1A..."
CHEMBL:CHEMBL103583,8,"APOBEC3F, APOBEC3G, GMNN, PLK1, RACGAP1..."
BENZAMIL,8,"BST2, CYP2D6, DRD1, GAA, HIF1A..."
PEFICITINIB,8,"EPHB1, EPHB2, EPHB3, JAK1, JAK2..."
CHEMBL:CHEMBL553503,8,"EHMT2, GALR3, GFER, KCNH2, KDM4A..."
TINENGOTINIB,8,"DPYSL2, DR1, DRD1, DRD2, EEF1D..."
TRACAZOLATE,8,"ARSF, CREBBP, CYP1A2, CYP2D6, CYP3A4..."
CHEMBL:CHEMBL606167,8,"BAZ2B, CYP1A2, CYP2C19, CYP2C9, GMNN..."
CHEMBL:CHEMBL606166,8,"ALDH1A1, BAZ2B, CBX1, GMNN, HSD17B10..."
CGP74514A,8,"CDK4, EGR4, EIF4A1, EIF4E, EIF4EBP2..."
CHEMBL:CHEMBL114544,8,"BAZ2B, BRCA1, CCR6, KDM4A, NPC1..."
PROMAZINE HYDROCHLORIDE,8,"AR, DRD2, DRD3, DRD4, EHMT2..."
TETRADECYLTHIOACETIC ACID,8,"CBX1, KAT2A, MPHOSPH8, PIN1, PPARA..."
CHEMBL:CHEMBL602213,8,"ALOX15, APBA1, BAZ2B, CACNA1B, HSD17B10..."
CGS-12066,8,"A12M3, A12M4, A2M, A2MP1, CYP1A2..."
VESNARINONE,8,"CYP3A, CYP3A4, FAS, KCNH2, NT5E..."
AZD1480,8,"CSF3R, EPHB1, EPHB2, EPHB3, FLT3..."
CHEMBL:CHEMBL225513,8,"CYP2C9, CYP3A4, HPGD, HSD17B10, KDM4E..."
CHEMBL:CHEMBL591137,8,"ALDH1A1, CASP6, EHMT2, HSP90AA1, HTT..."
BEGACESTAT,8,"APH1A, APH1B, FRA6B, GLUL, NCSTN..."
GANCICLOVIR,8,"ABCC4, APOE, ELK1, ERBB2, GRM1..."
GALANTAMINE,8,"ACHE, APOE, BCHE, CHRNA7, CYP2D6..."
CHEMBL:CHEMBL1526167,8,"ALDH1A1, ATXN2, BAZ2B, KDM4A, KDM4C..."
CHEMBL:CHEMBL1481974,8,"ALOX15, CDC25B, EYA2, FEN1, HPGD..."
DL-TBOA,8,"CBLB, CBLN1, CYP2C19, CYP2C9, CYP2D6..."
(R)-PIA,8,"ABAT, ABCA1, ABCA2, ABCA3, ATAD5..."
CGS-27023A,8,"ACE, DBP, DBT, DCC, DCK..."
PIVALOYLOXYMETHYLBUTYRATE,8,"HDAC1, HDAC2, HDAC3, HDAC4, HDAC5..."
4-AMINOPHENOL,8,"AR, GLS, HSD17B10, NFE2L2, POLI..."
VASOACTIVE INTESTINAL PEPTIDE,8,"ADRA1A, ADRA1B, ADRA1D, ADRA2A, ADRA2B..."
PIMASERTIB,8,"BRAF, KRAS, MAP2K1, MAP2K2, NF1..."
KETOROLAC TROMETHAMINE,8,"COX8A, CPT1B, CPT2, CYP2C9, CYP2D6..."
DEXTRAN SULFATE SODIUM,8,"CDKN1A, CXCL2, IL18, LPO, MAPK8..."
KW-2449,8,"ABL1, AURKA, AURKB, DPYS, EEF1D..."
DESVENLAFAXINE SUCCINATE,8,"CD8B, CD8B2, CD9, CYP2D6, HTR7..."
L-NOREPINEPHRINE,8,"APEX1, BLM, CBFB, KDM4A, KDM4E..."
LYCOPENE,8,"CYP7B1, EHMT2, GMNN, GSTP1, NFE2L2..."
CISATRACURIUM BESYLATE,8,"CHR, CHRNA1, CHRNA2, CHRNB1, CHRND..."
CHEMBL:CHEMBL179611,8,"APEX1, BAZ2B, CASP6, CBX1, EHMT2..."
TRYPTOPHAN,8,"ACP5, ADH6, BAZ2B, EHMT2, ERCC8..."
TUCATINIB,8,"DXO, EGFR, EN1, ERBB2, ERBB4..."
CHEMBL:CHEMBL260342,8,"ALOX15, HSD17B10, HSP90AA1, IDH1, NPC1..."
ELTROMBOPAG,8,"F5, MPL, SERPINC1, SLC22A1, SLCO1B1..."
AVAGACESTAT,8,"APH1A, APH1B, FRA6B, GLUL, NCSTN..."
SCOPOLAMINE,8,"AADAC, AAMP, AANAT, AARS1, AAVS1..."
M-CHLOROPHENYLPIPERAZINE,8,"A12M1, A12M3, A12M4, A2MP1, CYP1A2..."
AMENTOFLAVONE,8,"ADAMTSL4-AS1, FEN1, HPGD, MAPT, POLH..."
CHEMBL:CHEMBL581225,8,"ATAD5, ERG, FEN1, HTT, IDH1..."
GLIMEPIRIDE,8,"ABCC8, ABCC9, G6PD, IRS1, KCNJ1..."
COMPOUND 19A [PMID: 30503936],8,"AXL, DPH1, DPT, DRD2, DRD4..."
SANGUINARIUM CHLORIDE,8,"EHMT2, FEN1, IDH1, MAPK1, MAPT..."
NAPORAFENIB,8,"BRAF, DPP6, DUSP1, DUSP2, EFNA2..."
SAR260301,8,"BRAF, F3, F5, F7, FKBP4..."
NIGULDIPINE,8,"ABCA4, ABCB7, ABCF1, CYP2C19, CYP2C9..."
SRIF-28,8,"AQP1, AQP2, FAS, FASLG, GRK3..."
MITONAFIDE,8,"ERG, FEN1, GLP1R, GMNN, IDH1..."
MINOCYCLINE,8,"CYP1A2, CYP2C19, CYP2C9, CYP2D6, CYP3A4..."
ANTIHYPERTENSIVE AGENT,8,"ATP2B1, CCN1, CLNK, GRK5, MMP9..."
MISOPROSTOL,8,"ABCC4, APOC1, APOC1P1, AQP8, NPSR1..."
ROSMARINIC ACID,8,"ADAMTSL4-AS1, APEX1, BAZ2B, BLM, MAPT..."
FEXAGRATINIB,8,"AKT1, AKT2, AKT3, FGFR1, FGFR2..."
CARMINIC ACID,8,"APEX1, ATXN2, FEN1, KDM4A, L3MBTL1..."
CARBACYCLIN,8,"APOB, APOBER1, APOC1, APOC1P1, APOC2..."
NABUMETONE,8,"CYP1A2, CYP2C9, CYP2J2, PTGS1, PTGS2..."
AM251,8,"ACTN3, ADCY3, CNR2, CYP2C19, CYP2C9..."
BARDOXOLONE METHYL,8,"AKT1, AR, CCND1, IKBKB, KEAP1..."
DERAZANTINIB,8,"DPYSL2, DPYSL3, DR1, FGFR1, FGFR2..."
DELGOCITINIB,8,"EPHB1, EPHB2, EPHB3, JAK1, JAK2..."
GLYCOPYRRONIUM,8,"AADAC, AAMP, AANAT, AARS1, AAVS1..."
CHEMBL:CHEMBL1342336,8,"CYP1A2, CYP2C19, CYP2C9, CYP3A4, GMNN..."
XCT790,8,"BDH1, CBX1, EHMT2, KAT2A, PIN1..."
GW405833,8,"ATAD5, ATXN2, CBX1, CNR2, CYP3A4..."
GLUFOSFAMIDE,8,"SLC2A1, SLC2A2, SLC2A3, SLC2A4, SLC2A5..."
PHENOLPHTHALEIN,8,"CYP3A4, ESR1, GPR55, KCNH2, NR1H4..."
PHENETHYLISOTHIOCYANATE,8,"CYP2E1, FKBP1A, MAPK1, MAPK3, MTOR..."
RANOLAZINE,8,"ABCB1, CYP2D6, CYP3A4, KDM4A, PLG..."
RAUWOLSCINE,8,"A12M1, A12M4, A2M, A2MP1, ABL1..."
RAUWOLFIA SERPENTINA (USP),8,"ADRA1A, ADRA1B, ADRA1D, ADRA2A, ADRA2B..."
GW-2580,8,"CSF1R, DPYD, DRD5P1, DRD5P2, DRG2..."
GSK-1059615,8,"PIK3CA, PIK3CB, PIK3CD, PIK3CG, PIK3R1..."
LISINOPRIL ANHYDROUS,8,"ACE, ACE2, AGT, BDKRB2, DAPK3..."
GW3965,8,"BAK1P2, BCL3, EHMT2, KAT2A, NR1H2..."
CROMOGLYCATE,8,"BNIP2, BPI, CYP1A2, CYP2C19, CYP2C9..."
FLAVANONE,8,"ABCA3, ALOX15, HPGD, HSD11B1, KDM4E..."
LEVOCARNITINE PROPIONATE,8,"CPT1A, CPT2, CRAT, CROT, SLC22A4..."
FILGOTINIB,8,"ALK, EML4, EPHB1, EPHB2, EPHB3..."
FLINDOKALNER,8,"ARF4P1, AZF2, AZGP1, KCNMA1, KCNQ2..."
FLAVOXATE HYDROCHLORIDE,8,"PDE4A, PDE4B, PDE4C, PDE4D, PDE7A..."
CHEMBL:CHEMBL580727,8,"ALOX12, BAZ2B, GLP1R, GMNN, KDM4E..."
NPPB,8,"ATP1B1P1, BUB1, C1QBP, CFTR, CYP2C9..."
GANETESPIB,8,"ALK, BRAF, HSP90AA1, HSP90AA2P, HSP90AB1..."
RKI-1447,8,"CDC42BPA, CTPS1, CTRB1, CTSS, DMPK..."
DIPHENYLENEIODONIUM,8,"ATAD5, CYP1A2, CYP2C19, CYP2C9, CYP2D6..."
UROKINASE,8,"PIK3CA, PIK3CB, PLAT, PLAU, PLAUR..."
URIDINE,8,"SERPINE1, SLC28A1, SLC28A2, SLC28A3, SLC29A1..."
UMECLIDINIUM BROMIDE,8,"AADAC, AAMP, AANAT, AARS1, AAVS1..."
CHEMBL:CHEMBL1367933,8,"ALOX15B, BAZ2B, GFER, KDM4A, KMT2A..."
CHEMBL:CHEMBL1210769,8,"CASP3, CASP6, CASP7, CASP8, CASP9..."
CHEMBL:CHEMBL1256191,8,"DRD1, DRD3, EHMT2, HPGD, KDM4A..."
LIF,8,"CD9, FCGR3A, FCGR3B, HCK, MYC..."
TOLBUTAMIDE,8,"ABCC8, ABCC9, ASNSP2, CYP2C19, G6PD..."
CHEMBL:CHEMBL486706,8,"FEN1, GAA, GMNN, IDH1, KMT2A..."
WX-037,8,"PIK3CA, PIK3CB, PIK3CD, PIK3CG, PIK3R1..."
NORADRENALINE,8,"ABO, ABR, ALCAM, ALDH3A1, HIF1A..."
NELIVAPTAN,8,"ABCC6, AQP9, AR, ARAF, AVPR1A..."
COMPOUND 6A [PMID: 18942826],8,"BAZ2B, EGLN1, GFRA2, GGT3P, KDM4A..."
CYCLOPENTYLADENOSINE,8,"ABAT, ABCA1, ABCA2, ABCA3, ADORA3..."
CP-459632,8,"FGFR1, FGFR2, FGFR3, FGFR4, FLT1..."
COLFORSIN,8,"AHR, AR, GLP1R, HDAC7, NR0B1..."
OBATOCLAX,8,"ADAMTSL4-AS1, BCL2, BCL2L1, BRAF, GPR21..."
COMPOUND 25B [PMID: 22564207],8,"CHEK2, CYB5A, CYB5P1, ENG, ENO1..."
CORTICOTROPIN,8,"ANCR, ANGPT1, ANGPT2, ANK1, MC2R..."
SULFAPHENAZOLE,8,"CYP1A2, CYP2C19, CYP2C9, CYP2D6, CYP3A4..."
BROMOENOL LACTONE,8,"ALDH1A1, ATAD5, ATXN2, HPGD, KCNH2..."
NAN 190,8,"A12M2, A1BG, ABCA4, ABCB7, ABCF1..."
COMPOUND 38 [PMID: 24915291],8,"DXO, EEGV1, EFNA1, EFNB2, EN1..."
CS+,8,"ADGRB2, ARL1, ARL2, ARL3, ASGR1..."
(-)-N-PORPHYNORAPOMORPHINE,8,"ABCD1, ALDH1A1, ATXN2, CBX1, DRD1..."
CHEMBL:CHEMBL410484,8,"APOBEC3G, CTNNB1, GMNN, HSD17B10, IDH1..."
ZSTK-474,8,"PIK3CA, PIK3CB, PIK3CD, PIK3CG, PIK3R1..."
"3,5-DIIODO-L-TYROSINE",8,"ALDH1A1, EHMT2, EYA2, FEN1, KDM4A..."
TESMILIFENE,8,"ABCB1, CYP2C19, CYP2C9, CYP3A4, CYP3A5..."
TERPYRIDINE,8,"ALPG, ALPI, ALPL, BAZ2B, CCR1..."
CHEMBL:CHEMBL538542,8,"CBX1, EHMT2, GFER, IDH1, KCNH2..."
TRIFLUPROMAZINE,8,"CHRM1, CHRM2, CYP1A2, CYP2D6, DRD1..."
TRICETIN,8,"ALOX15, ALOX15B, CYP3A4, GALK1, KDM4E..."
BIPERIDEN,8,"AADAC, AAMP, AANAT, AARS1, AAVS1..."
MK-886,8,"ALOX15, BAZ2B, HSD17B10, KAT2A, POLB..."
CADMIUM ACETATE,8,"ALDH1A1, ALOX15, APEX1, KDM4E, POLK..."
RALTITREXED,8,"ALB, BCL2, CDK2, CDKN1B, DHFR..."
OMECAMTIV MECARBIL,8,"MYBPC3, MYH6, MYH7, MYH7B, MYL2..."
BIS(DIMETHYLAMINETHIOCARBONYL)MONOSULFIDE,8,"ALDH1A1, AR, EHMT2, GMNN, HTT..."
MIDODRINE,8,"ADRA1A, ADRA1B, ADRA1D, CYP1A2, CYP2C19..."
RECILISIB,8,"PIK3CA, PIK3CB, PIK3CD, PIK3CG, PIK3R1..."
RECOMBINANT MONOCYTE CHEMOATTRACTANT PROTEIN-1,8,"ACTR2, ADCYAP1R1, CCL2, CCR2, PIK3C2A..."
RECOMBINANT CD40-LIGAND,8,"ADAMTSL4-AS1, CD40, CD83, CDKN1B, IL15..."
GLUTAMINE,8,"ACP3, COL18A1, DDIT3, GLS, IGF2..."
CHEMBL:CHEMBL484663,8,"BRCA1, CASP3, CYP3A4, HPGD, RAB9A..."
CHEMBL:CHEMBL1312050,8,"EHMT2, FEN1, IDH1, KMT2A, MEN1..."
DIHYDROXIDINE,8,"ALOX15B, CYP1A2, CYP2C19, CYP2D6, EHMT2..."
CHEMBL:CHEMBL473721,8,"GMNN, HSP90AA1, IDH1, NPC1, PKM..."
CHEMBL:CHEMBL336095,8,"ALDH1A1, CYP1A2, CYP2C19, CYP2C9, CYP2D6..."
DIPHENHYDRAMINE,8,"AMD1, CYP1A2, CYP2C19, CYP2C9, CYP2D6..."
HEROIN,8,"ALDH2, ANKS1B, BDNF-AS, CES1, COMT..."
LATREPIRDINE,8,"ACHE, GRIN1, GRIN2A, GRIN2B, GRIN2C..."
DOCONEXENT,8,"ABCD2, ALDH1A1, ATP5ME, EHMT2, MAPT..."
GYKI53784,8,"ASPH, ASS1, ASS1P2, CYP2C19, CYP2C9..."
ATOSIBAN,8,"ABCC6, AQP9, AR, ARAF, AVPR1A..."
ATOMOXETINE HYDROCHLORIDE,8,"CD8B, CD8B2, CD9, CYP2D6, HTR7..."
DEVIMISTAT,8,"OGDH, PDHA1, PDHA2, PDHB, PDK1..."
DOSTARLIMAB,8,"GM2A, MLH1, MSH2, MSH6, PDCD1..."
AZD8108,7,"GRIN1, GRIN2A, GRIN2B, GRIN2C, GRIN2D..."
PRAMLINTIDE,7,"ACHE, CALCR, GLP1R, RAMP1, RAMP2..."
PICLIDENOSON,7,"ABAT, ABCA1, ABCA2, ABCA3, ADORA3..."
4-PHENYLENEDIAMINE,7,"ANXA1, EHMT2, IL18, MAPT, MIF..."
CHEMBL:CHEMBL1287980,7,"ATXN2, CBX1, FEN1, KDM4A, NFE2L2..."
NAPHAZOLINE HYDROCHLORIDE,7,"ADRA1A, ADRA1B, ADRA1D, ADRA2A, ADRA2B..."
LUMINESPIB,7,"ALK, ARHGAP35, EML4, GRINA, HSP90AA1..."
TETRAHYDROZOLINE HYDROCHLORIDE,7,"ADRA1A, ADRA1B, ADRA1D, ADRA2A, ADRA2B..."
LUZINDOLE,7,"ANK2, ANK3, CYP1A2, CYP2C19, CYP3A4..."
TETROQUINONE,7,"APEX1, GLS, KDM4E, MAPT, POLK..."
ABT-737,7,"BCL2L1, FGFR2, GPR21, GPR22, LPAR4..."
TETRANDRINE,7,"ATXN2, CP, IDH1, KDM4A, SLC25A20..."
LEVOSIMENDAN,7,"KCNJ11, PDE3A, PDE3B, TNC, TNNC1..."
NS-398,7,"ALDH1A1, CPT2, CYP1A2, CYP2C19, CYP2D6..."
LANREOTIDE ACETATE,7,"AQP2, EDN1, FASLG, SHROOM2, SSTR1..."
LANICEMINE,7,"GRIN1, GRIN2A, GRIN2B, GRIN2C, GRIN2D..."
N6-PHENYLADENOSINE,7,"ATAD5, AVPR1B, CBX1, NPY1R, NPY2R..."
CHEMBL:CHEMBL586937,7,"ATXN2, EHMT2, FASN, GMNN, KDM4A..."
ROSE BENGAL,7,"APEX1, BLM, KAT2A, POLK, RECQL..."
NADOLOL,7,"ABO, ABR, ACAA1, ADRB1, ADRB2..."
PIRFENIDONE,7,"CYP1A2, HSD17B10, MAPK11, MAPK12, MAPK13..."
BRIVANIB ALANINATE,7,"FGFR1, FGFR2, FGFR3, FGFR4, FLT1..."
PMX53,7,"ACACB, AVPR1A, C5AR1, CYP3A4, MC4R..."
ROCURONIUM,7,"ABCB1, CHRM2, CHRNA2, HTR3A, IAPP..."
CHEMBL:CHEMBL1257092,7,"ADRB2, KDM4A, KDM4E, MAPT, POLB..."
APABETALONE,7,"APOA1, BRD2, BRD3, BRD4, BRDT..."
ROGARATINIB,7,"DPYSL2, DR1, EGFR, FGFR1, FGFR2..."
KETOPROFEN,7,"CD5L, CPT1B, CPT2, CYP2D6, PMP22..."
LEUCETTAMINE B,7,"CLK1, CLK2, CLK3, CLK4, DYRK1A..."
CHEMBL:CHEMBL1420370,7,"CYP1A2, CYP2C19, CYP2C9, CYP3A4, GLP1R..."
DIHYDREXIDINE,7,"CYP1A2, CYP2D6, DRD1, DRD2, HSD17B10..."
CHEMBL:CHEMBL136344,7,"APEX1, FEN1, GAA, KDM4A, KDM4E..."
LEVETIRACETAM,7,"ABCB1, CA1, CACNA1B, HLA-A, HTR3A..."
AMIKACIN,7,"B2M, CSF2, IFNG, IL2, MRPL36..."
CILNIDIPINE,7,"AR, CACNA1B, CACNA1C, CACNA1D, CACNA1F..."
AMINACRINE HYDROCHLORIDE,7,"FEN1, GMNN, NFE2L2, POLI, RAD52..."
TACRINE,7,"ACHE, ALOX15, CYP1A2, CYP2D6, CYP3A4..."
DIHYDROXANTHOHUMOL,7,"GLP1R, GMNN, MAPT, NFE2L2, SENP6..."
RICOLINOSTAT,7,"GAPDHP1, GARS1, GART, GAS1, GDF2..."
AR-AO-14418,7,"AURKB, CDK2, CDK5, GSK3A, GSK3B..."
APIMOSTINEL,7,"GRIN1, GRIN2A, GRIN2B, GRIN2C, GRIN2D..."
CHEMBL:CHEMBL1303948,7,"ATAD5, NPC1, PKM, RAB9A, SMN1..."
LOFEXIDINE,7,"ABL1, ABL2, ADRA2A, ADRA2B, ADRA2C..."
2-CHLOROADENOSINE-5-TRIPHOSPHATE,7,"APBB2, APP, DRD1, EHMT2, PIN1..."
TAZEMETOSTAT,7,"ARID1A, EZH2, FLT3, IDH1, KDM6A..."
CHEMBL:CHEMBL1546228,7,"ATXN2, BAZ2B, EHMT2, HSP90AA1, KDM4A..."
CIGLITAZONE,7,"CCND1, KAT2A, PPARA, PPARD, PPARG..."
PF-3758309,7,"CTSV, EXT3, EXTL1, EXTL2, EXTL3..."
FRUQUINTINIB,7,"DRD1, DRD2, DRD3, FLT1, FLT4..."
CHEMBL:CHEMBL578504,7,"APOBEC3F, APOBEC3G, EHMT2, HTT, MAPT..."
LCL161,7,"BIRC2, BIRC3, BIRC6, GNG10, GNG11..."
PH-797804,7,"CTNNB1, CTNND1, MAPK11, MAPK12, MAPK13..."
CHEMBL:CHEMBL1490332,7,"DNMT1, GMNN, HTT, IDH1, MITF..."
DIETHYLDITHIOCARBAMATE,7,"FH, GGT1, GNRH1, GSTP1, IFNA1..."
CHEMBL:CHEMBL122355,7,"APOBEC3G, BAZ2B, EHMT2, KDM4A, PLK1..."
FRENTIZOLE,7,"AR, NFKB1, NFKB2, RAB9A, RELA..."
FUSARIC ACID,7,"BAZ2B, CBFB, EHMT2, HIF1A, KDM4E..."
DEMECLOCYCLINE HYDROCHLORIDE,7,"BAZ2B, EHMT2, KDM4A, MRPL36, POLB..."
CHEMBL:CHEMBL546170,7,"BAZ2B, CASP3, NPSR1, OPRK1, SENP6..."
BITHIONOLOXIDE,7,"EYA2, GMNN, RAPGEF3, RAPGEF4, SUMO1..."
NVP-TAE 226,7,"ACSL1, ACSL3, ALK, BRAF, DPEP1..."
WB 4101,7,"ABCA4, ABCB7, ABCF1, ABL1, ABL2..."
LINOPIRDINE,7,"AZF2, AZGP1, CYP2C19, CYP2C9, CYP3A4..."
CEVIMELINE,7,"AADAC, AAMP, AANAT, AARS1, CHRM1..."
BREXPIPRAZOLE,7,"ABCD1, CYP2D6, CYP3A4, DRD2, HTR1A..."
NEZULCITINIB,7,"EPHB1, EPHB2, EPHB3, JAK1, JAK2..."
MAPROTILINE HYDROCHLORIDE,7,"AR, CYP2D6, CYP3A4, EHMT2, IDH1..."
DIENESTROL,7,"ADRB2, ALOX15, ALOX15B, CYP3A4, ESR1..."
BENSERAZIDE,7,"CBX1, CNTFR, CSH2, DDC, EHMT2..."
PERZINFOTEL,7,"GRIN1, GRIN2A, GRIN2B, GRIN2C, GRIN2D..."
ETHOPROPAZINE HYDROCHLORIDE,7,"ALOX12, ALOX15, ALOX15B, CHRM1, MAPT..."
BREMELANOTIDE,7,"ANCR, ANGPT1, ANGPT2, ANK1, MC1R..."
BREFELDIN A,7,"GMNN, IDH1, NFE2L2, NR0B1, PAX8..."
CHEMBL:CHEMBL1701915,7,"ATXN2, CBX1, FEN1, KDM4A, PLK1..."
[3H]GBR12935,7,"ALOX15, CBX1, CD8B2, CYP2C9, CYP2D6..."
BMS-582949,7,"AHSA1, CTNNB1, MAP3K20, MAPK11, MAPK12..."
TASURGRATINIB,7,"DPYSL2, DPYSL3, DR1, FGFR1, FGFR2..."
KU-0060648,7,"ATM, F5, F7, F7R, GOLGA1..."
BMS493,7,"BCHE, BCHEL1, BCHEL3, NR2E1, RARA..."
NEMIRALISIB,7,"AHSA1, BAD, F5, F7, F7R..."
NEMTABRUTINIB,7,"BTK, EEGV1, EFNA1, EFNB2, FKBP1AP3..."
RIZATRIPTAN BENZOATE,7,"A12M1, A12M2, A1BG, A2M, A2MP1..."
CHEMBL:CHEMBL1333049,7,"ATAD5, NPC1, PKM, RAB9A, SMN1..."
SILMITASERTIB,7,"CSNK2A1, CYP2A7, CYP2A7P1, ELK3, EPB41..."
ETRETINATE,7,"GMNN, RARA, RARB, RARG, RXRA..."
CHEMBL:CHEMBL581872,7,"ALDH1A1, EHMT2, GLP1R, IDH1, MAPK1..."
WX-554,7,"MAP2K1, MAP2K2, MAP2K3, MAP2K4, MAP2K5..."
DOMIPHEN BROMIDE,7,"ALDH1A1, AR, ESR1, GBA1, KCNH2..."
DOMPERIDONE,7,"ABCB1, ABCD1, ALDH1A1, ATAD5, CYP2D6..."
EZOGABINE,7,"AZF2, AZGP1, KCNQ1, KCNQ2, KCNQ3..."
LINSITINIB,7,"DPEP1, DPH1, DPH2, IGF1R, IGF2..."
KERACYANIN,7,"BAK1, BAX, BCL2L11, MAPK11, MAPK12..."
"5,7-DICHLOROKYNURENIC ACID",7,"ARVD3, ASS1P10, ASS1P14, GRIN2A, GRIN2B..."
BMS-777607,7,"AXL, DRD4, DRD5, DTNA, MET..."
ZM336372,7,"BRAF, CYP1A2, CYP3A4, EHMT2, FAH..."
BOCEPREVIR,7,"ABCB1, CYP7A1, IFNL3, IFNL4, KRAS..."
NITREFAZOLE,7,"ADH1A, ADH1B, ADH1C, ADH4, ADH5..."
"L-694,247",7,"A1BG, A2M, A2MP1, CYP1A2, CYP2C19..."
CHEMBL:CHEMBL17201,7,"ALDH1A1, ATXN2, GMNN, MAPT, POLH..."
CHLOROTHIAZIDE,7,"CA1, CA2, CA4, CD70, HMGCS2..."
NIK INHIBITOR 12F,7,"DRG2, EEF1G, EPHB1, EPHB3, EPS8..."
CHEMBL:CHEMBL1565444,7,"BAZ2B, EYA2, GMNN, IDH1, KDM4A..."
NINGETINIB,7,"AXL, DRD2, DRD4, FLT3, KDR..."
PIFEXOLE,7,"ATAD5, BRCA1, CYP1A2, CYP2C19, NFE2L2..."
FLIBANSERIN,7,"A12M3, A1BG, CYP2C19, CYP2C9, CYP2D6..."
TORIN 2,7,"ETFB, F2R, F2RL1, F2RL2, F3..."
MOSAPRIDE,7,"HTR3A, HTR3B, HTR3C, HTR3D, HTR3E..."
CGP7930,7,"CYP1A2, CYP2C19, CYP3A4, DRD1, GLP1R..."
CHEMBL:CHEMBL581574,7,"ATAD5, GNAS, IDH1, MAPK1, MAPT..."
AG1478,7,"ATAD5, CYP1A2, DXO, EGFR, HSD17B10..."
LY2874455,7,"DPYSL2, DPYSL3, DR1, DRD2, FGFR2..."
CHEMBL:CHEMBL1333386,7,"DUSP3, GMNN, NPC1, RAB9A, SMN1..."
DOXACURIUM CHLORIDE,7,"CHRM2, CHRNA1, CHRNA2, CHRNB1, CHRND..."
LY341495,7,"ANOP1, ANPEP, ANTP2, GRM8, SLC25A4..."
PHENELZINE SULFATE,7,"AR, CYP3A4, EHMT2, GFER, KDM4A..."
THERAPEUTIC GONADOTROPIN,7,"AMH, BDNF, MAPK10, MDH2, PIK3CG..."
FEDRATINIB,7,"EFNA4, EPHB1, EPHB2, EPHB3, FLT3..."
CHEMBL:CHEMBL1320453,7,"CYP1A2, CYP2C19, CYP3A4, MAPT, NPC1..."
CHEMBL:CHEMBL1287983,7,"ATXN2, CBX1, FEN1, HSP90AA1, KDM4A..."
DIPHENIDOL,7,"BPI, CHRM1, CHRM2, CHRM3, CHRM4..."
RIVASTIGMINE,7,"ACHE, APOE, BCHE, CHRNA7, FRA17A..."
CHEMBL:CHEMBL146525,7,"ATAD5, ERG, GAA, IDH1, POLB..."
CGS 21680,7,"ABAT, ABCA1, ABCA2, ABCA3, ADORA2A..."
NSC-663284,7,"BLM, CASP1, CDC25B, CYP3A4, MAPT..."
BUSPIRONE,7,"A1BG, ALDH1A1, DRD2, EHMT2, HTR1A..."
UBENIMEX,7,"ANPEP, CRHR2, FCGR3A, GNRH1, LTA4H..."
RACEPINEPHRINE,7,"ABL2, ABO, ACAA1, AOC1, DRD1..."
VILDAGLIPTIN,7,"DAPK1, DPP4, FPGS, FPR1, GLP1R..."
CDK INHIBITOR 4.35,7,"CDK4, CHEK2, EGR4, EIF4A1, EIF4E..."
AM404,7,"ALOX15, CYP2C9, CYP3A4, GAA, HPGD..."
CNS-5161,7,"GRIN1, GRIN2A, GRIN2B, GRIN2C, GRIN2D..."
DESMETRAMADOL,7,"CYP2D6, HCN1, ICA1, RFPL4B, RGL4..."
DELUCEMINE,7,"GRIN1, GRIN2A, GRIN2B, GRIN2C, GRIN2D..."
GLIQUIDONE,7,"ABCC8, CYP2C9, CYP3A4, HSD17B10, KCNJ10..."
RASAGILINE,7,"ABCB1, ABCC2, COMT, DRD2, FSHMD1B..."
GW468816,7,"GRIN1, GRIN2A, GRIN2B, GRIN2C, GRIN2D..."
GUSACITINIB,7,"EPHB2, FDX1, JAK1, JAK2, JAK3..."
AEE788,7,"DRD2, DXO, EGFR, EN1, ERBB2..."
SCH442416,7,"ABAT, ABCA1, ABCA2, ABCA3, ADORA1..."
RAPASTINEL,7,"GRIN1, GRIN2A, GRIN2B, GRIN2C, GRIN2D..."
ASM-024,7,"CHRM1, CHRM2, CHRM3, CHRNA3, CHRNA4..."
AG 9,7,"ALDH1A1, CYP1A2, CYP3A4, DXO, MAPT..."
GLATIRAMER,7,"CCR5, CLEC16A, EOMES, HLA-DRB1, IFNAR1..."
VITAMIN B12,7,"ABCB1, AGER, DHFR, GNMT, MTHFR..."
GLIPIZIDE,7,"ABCC8, G6PD, KCNJ1, KCNJ10, KCNJ11..."
GLAFENINE,7,"CYP1A2, CYP2C19, CYP2C9, CYP2D6, CYP3A4..."
ZAK INHIBITOR 6P,7,"ABL1, CLN8, EEGV1, EPHX2, FKBP5..."
SB 228357,7,"A12M3, A12M4, CYP1A2, CYP2C9, CYP3A4..."
SAPONARIN,7,"PRKAA1, PRKAA2, PRKAB1, PRKAB2, PRKAG1..."
SAPITINIB,7,"BRAF, DPAGT1, DXO, EGFR, EN1..."
XEVINAPANT,7,"BIRC2, BIRC3, BIRC7, GNG10, GNG11..."
EPIRUBICIN HYDROCHLORIDE,7,"ATXN2, IDH1, NFE2L2, POLI, SMAD3..."
AFURESERTIB,7,"AKT1, AKT2, AKT3, CSTF3, CSTP1..."
ACALISIB,7,"F5, F7, F7R, PIK3CA, PIK3CB..."
TILARGININE,7,"ADA, BDNF, IL2, NOS1, NOS2..."
6-CL-MLT,7,"ANK2, ANK3, CYP1A2, CYP2C19, CYP2C9..."
TRICLOCARBAN,7,"AR, HTT, NLRP3, PPARD, RXRA..."
PARDOPRUNOX,7,"ADRA1A, ADRA2A, DRD2, DRD3, DRD4..."
PAMIPARIB,7,"ARID1A, GNAI2, GNAI2P1, IDH1, PARP1..."
R547,7,"CDK1, CDK2, CDK4, EGR4, EIF4A1..."
AHPN,7,"ALOX15B, BCHEL3, CYP3A4, HSD17B10, MAPK1..."
CHEMBL:CHEMBL600694,7,"ATAD5, GMNN, HSP90AA1, MAPT, POLH..."
CHEMBL:CHEMBL600692,7,"APOBEC3A, APOBEC3F, APOBEC3G, EHMT2, GFER..."
CHEMBL:CHEMBL591834,7,"AGTR1, ATXN2, GLP1R, HTT, IDH1..."
SB 222200,7,"ALDH1A1, AQP5, CYP2C19, CYP2C9, CYP3A4..."
CHEMBL:CHEMBL457504,7,"ALDH1A1, ALOX15B, CYP3A4, EHMT2, MAPT..."
RAMATROBAN,7,"APOBEC1, APOC4, KMT2A, MBNL1, MEN1..."
ESKETAMINE HYDROCHLORIDE,7,"GRIN1, GRIN2A, GRIN2B, GRIN2C, GRIN2D..."
ESKETAMINE,7,"GRIN1, GRIN2A, GRIN2B, GRIN2C, GRIN2D..."
CHEMBL:CHEMBL592316,7,"ATXN2, FEN1, IDH1, POLB, POLI..."
TEMUTERKIB,7,"BRAF, FGFR2, HRAS, MAP2K1, MAPK1..."
CHEMBL:CHEMBL516616,7,"CASP7, EYA2, FEN1, HPGD, HSD17B10..."
RECOMBINANT INTERLEUKIN,7,"ADA, BCL2, CD5, LPL, MAPK14..."
RECOMBINANT LYMPHOKINE,7,"FGF2, HLA-DQA1, ITGAL, ITGB2, LPL..."
RECOMBINANT HEREGULIN,7,"FST, GFAP, GPI, GRB2, MAPK14..."
GLUCARPIDASE,7,"ABCC4, ADAMTSL4-AS1, ARID5B, GATA3, INSRR..."
MIBEFRADIL DIHYDROCHLORIDE,7,"AR, CACNA1G, CACNA1H, CACNA1I, HTT..."
MG-132,7,"ALDH1A1, CFL1, EHMT2, FRA6F, PSMB1..."
CANERTINIB,7,"BMX, DXO, EGFR, EN1, ERBB2..."
"3,4-DIDESMETHYL-5-DESHYDROXY-3'-ETHOXYSCLEROIN",7,"ALDH1A1, ALOX15, HPGD, HSD17B10, KDM4E..."
GSI-136,7,"APH1A, APH1B, GLUL, NCSTN, PSEN1..."
COMPOUND 8H [PMID: 21561767],7,"ABL1, ATN1, DPP4, DSC1, ECM2..."
SULFORAPHANE,7,"BAX, GCLM, GSTM1, GSTP1, NFE2L2..."
&ALPHA;-METHYL-5-HT,7,"A12M1, A12M2, A12M3, A12M4, A2MP1..."
CYCLOVALONE,7,"ATXN2, EHMT2, GMNN, IDH1, KDM4A..."
{4-[3-(4-ACETYL-3-HYDROXY-2-PROPYLPHENOXY)PROPOXY]PHENOXY}ACETIC ACID,7,"BCKDHB, CYP2C9, NFE2L2, PPARA, PPARD..."
COMPOUND 13A [PMID: 23639540],7,"DNCM, DNM2, DNMT1, DNMT3B, DOCK2..."
SU-014813,7,"FLT1, FLT3, FLT4, KDR, KIT..."
COMPOUND 30 [PMID: 37057760],7,"EPHB1, EPHB2, EPHB3, GAPDHL17, GARS1..."
ALL-TRANS-RETINAL,7,"ALDH1A1, AR, CXCL8, ESR1, NFE2L2..."
CUCURBITACIN B,7,"ATAD5, ATXN2, BOK, IDH1, SMAD3..."
COMPOUND 13D [PMID: 23639540],7,"DNCM, DNM2, DNMT1, DNMT3A, DNMT3B..."
TOLAZAMIDE,7,"ABCC8, EHMT2, G6PD, KCNJ1, KCNJ10..."
LEVONORGESTREL,7,"ADAMTS10, BDNF, CYP2B6, ESR1, PGR..."
ERGOTAMINE TARTRATE,7,"ADRA1A, ADRA1B, ADRA1D, ADRA2A, ADRA2B..."
PERHEXILINE,7,"CPT1A, CPT1B, CPT2, CYP1A2, CYP2C19..."
PERGOLIDE MESYLATE,7,"DRD1, DRD2, DRD3, DRD4, DRD5..."
LUMATEPERONE,7,"A12M3, ABCD1, CD9, DRD2, HTR2A..."
CHEMBL:CHEMBL1256740,7,"CYP2C19, CYP2C9, CYP2D6, KCNH2, TACR1..."
CHEMBL:CHEMBL119878,7,"CBX1, KDM4A, PLK1, POLH, POLI..."
CHEMBL:CHEMBL1198140,7,"ALPG, APOBEC3F, APOBEC3G, BAZ2B, CYP1A2..."
CHEMBL:CHEMBL122701,7,"ALOX15, ALOX15B, HSD17B10, KDM4E, MAPT..."
CHEMBL:CHEMBL1214274,7,"ALDH1A1, CYP1A2, CYP2C19, CYP2C9, CYP2D6..."
LPA,7,"ACVRL1, ADFN, ADH1A, AEBP1, AMPH..."
"(7S)-2-(2-AMINOPYRIMIDIN-4-YL)-7-(2-FLUOROETHYL)-1,5,6,7-TETRAHYDRO-4H-PYRROLO[3,2-C]PYRIDIN-4-ONE",7,"EGR3, EGR4, EIF4A1, EIF4G1, FECH..."
COMPOUND 82 [PMID: 21332118],7,"ETFB, F3, F5, F7, F7R..."
COMPOUND 8E [PMID: 24432909],7,"DRD5P2, DTNB, DTX1, ENG, ENO1..."
(+)-BUTACLAMOL,7,"A12M3, A1BG, ABCD1, ALCAM, ALDH1A1..."
CHEMBL:CHEMBL1343568,7,"ATXN2, CYP1A2, CYP2C19, IDH1, MITF..."
GNE-616,7,"BAK1, BARD1, BAX, BBS1, BBS2..."
CHEMBL:CHEMBL477936,7,"CTDSP1, FEN1, KDM4A, POLH, POLI..."
TRILACICLIB,7,"CDK4, CDK6, EIF4A1, EIF4EBP1, EIF4EBP2..."
TROLEANDOMYCIN,7,"COX6A1, CYP1A2, CYP2C9, CYP2D6, MRPL36..."
7-NITROINDAZOLE,7,"APEX1, CYP1A2, HPGD, HSD17B10, KDM4E..."
MITOGEN-ACTIVATED PROTEIN KINASE INHIBITOR,7,"AGER, CCND1, CDKN1A, DDIT3, FOS..."
MK-212,7,"A12M3, A12M4, CYP1A2, CYP2C9, HSD17B10..."
CARBARIL,7,"ACE, AHR, AR, GAA, HSD17B10..."
MILNACIPRAN,7,"ADRA2A, CD8B, CD9, HTR1A, MDGA2..."
TINZAPARIN SODIUM,7,"F10, F2R, GBE1, SERPINC1, SERPIND1..."
ACE INHIBITOR,7,"APOE, CAST, CCN2, CXCL8, FASLG..."
ACADESINE,7,"PRKAA1, PRKAA2, PRKAB1, PRKAB2, PRKAG1..."
CHEMBL:CHEMBL585622,7,"BAZ2B, FEN1, KDM4A, POLB, RAD52..."
[3H]SYM2081,7,"ASS1P5, ASS1P6, ASS1P8, ASS1P9, CBLB..."
TELATINIB,7,"DRD2, FLT1, FLT4, KDR, KIT..."
CRISABOROLE,7,"COL11A1, COL13A1, COL7A1, PDE4A, PDE4B..."
CTS-1027,7,"MMP12, MMP13, MMP14, MMP2, MMP3..."
CYPROTERONE,7,"AR, CYP1A2, CYP2C19, CYP2C9, CYP2D6..."
BROMOCRIPTINE MESYLATE,7,"AR, DRD2, DRD3, DRD4, EHMT2..."
SULFOBROMOPHTHALEIN,7,"KAT2A, POLK, SLCO1B1, SLCO1B3, SLCO2B1..."
NEBOGLAMINE,7,"GRIN1, GRIN2A, GRIN2B, GRIN2C, GRIN2D..."
COMPOUND 12E [PMID: 18605714],7,"CRYBB2P1, CRYBB3, CRYGA, CRYGB, CRYGC..."
CYPROTERONE ACETATE,7,"ADRA1D, AR, BEVI, NFE2L2, NR3C1..."
NORSTICTIC ACID,7,"HPGD, KAT2A, MAPT, POLK, TDP1..."
XL228,7,"ABL1, AURKA, FGFR1, FGFR2, FGFR3..."
WZ4002,7,"DXO, EEGV1, EFNB2, EPHA8, ERBB4..."
"2,6-DIMETHOXYQUINONE",7,"HKDC1, IDH1, MAPT, PLK1, TP53..."
CHEMBL:CHEMBL590186,7,"BAZ2B, CBX1, EHMT2, GMNN, KDM4A..."
VELDOREOTIDE,7,"AQP1, AQP2, FASLG, SSTR1, SSTR2..."
VECURONIUM BROMIDE,7,"ABCB1, CHRNA1, CHRNA2, CHRNB1, CHRND..."
MECLOFENAMATE SODIUM,7,"ALOX5, CYP2C9, CYP3A4, GMNN, HIF1A..."
MECLIZINE,7,"BCL9, CYP1A2, CYP2C9, CYP2D6, HPN..."
CERTOLIZUMAB PEGOL,7,"ALPL, ATP5F1E, CERS6, EYA4, HLA-E..."
ZUCAPSAICIN,7,"ALDH1A1, ATP5F1BP1, CYP1A2, CYP2C19, CYP2C9..."
CLIOXANIDE,7,"GMNN, GNAS, IDH1, NFE2L2, NLRP3..."
SOFALCONE,7,"BLM, GMNN, HPGD, KAT2A, NFE2L2..."
SOY PROTEIN ISOLATE,7,"APOE, CYP27B1, KLK3, LDLR, NOS1..."
AMCINONIDE,7,"ANXA1, AR, GMNN, HIF1A, IDH1..."
CLEVIDIPINE,7,"CACNA1B, CACNA1C, CACNA1D, CACNA1F, CACNA1S..."
CISAPRIDE,7,"BAD, CYP3A4, HTR4, KCNH2, NAT1..."
OXOGLAUCINE,7,"BAZ2B, CREBBP, CYP3A4, FEN1, HPGD..."
CHEMBL:CHEMBL239439,7,"ALDH1A1, CYP1A2, CYP2C19, CYP2C9, HIF1A..."
CHEMBL:CHEMBL601146,7,"ATAD5, GMNN, HTT, MITF, NFE2L2..."
CHEMBL:CHEMBL601385,7,"BAZ2B, EHMT2, MAPT, NPC1, RAB9A..."
COMPOUND 2 [PMID: 15546730],7,"EEGV1, ENO2, ENUR2, EPHB3, EPHX2..."
DYPHYLLINE,7,"PDE3A, PDE4A, PDE4B, PDE4C, PDE4D..."
IBUTILIDE,7,"BAD, C18orf21, CACNA1C, CACNA2D1, CACNB1..."
DUVELISIB,7,"F5, F7, F7R, PIK3CB, PIK3CD..."
ADP,7,"AIRE, APBB2, APEH, APEX1, ATP4B..."
PROPANTHELINE,7,"AADAC, AAMP, AANAT, AARS1, CHRM1..."
ICI-199441,7,"APOF, CYP2C19, CYP2C9, CYP2D6, CYP3A4..."
SCH 58261,7,"ABAT, ABCA1, ABCA2, ABCA3, ALOX15..."
INAVOLISIB,7,"F5, F7, F7R, FGFR2, PIK3CA..."
CHEMBL:CHEMBL235891,7,"BAZ2B, CBX1, EHMT2, GMNN, HTT..."
CIS-RESVERATROL,7,"CYP1A2, CYP3A4, HIF1A, HSD17B10, MAPT..."
MOTEXAFIN GADOLINIUM,7,"PRDX5, RRM1, RRM2, RRM2B, TXNRD1..."
TRANSPLATIN,7,"ALDH1A1, APEX1, FEN1, KAT2A, KDM4E..."
BIRABRESIB,7,"BRD2, BRD3, BRD4, BRDT, DNER..."
MUROMONAB-CD3,7,"CD247, CD3D, CD3E, CD3G, CD40LG..."
"N,N'-DIPHENYL-P-PHENYLENEDIAMINE",7,"ALOX12, ALOX15, ALOX15B, AR, BAZ2B..."
VAPREOTIDE,7,"AQP2, FASLG, SHROOM2, SSTR2, SSTR3..."
CHEMBL:CHEMBL1814509,7,"BAZ2B, EHMT2, KDM4A, L3MBTL1, MAPK1..."
ACETALDEHYDE,7,"ADH1A, ADH1B, ALDH2, AR, ATP1B1P1..."
"5-(N,N-HEXAMETHYLENE)-AMILORIDE",7,"ABL1, ATAD5, CYP1A2, CYP2C19, EHMT2..."
PD166285,7,"DPP6, DPYSL2, DXO, FABP4, FIM1..."
BENZO[B]FLUORANTHENE,7,"AHR, HIF1A, HSD17B10, JUN, NFE2L2..."
MEDROXYPROGESTERONE,7,"BAX, CYP1B1, CYP3A5, ESR1, MMP1..."
MECLOFENAMATE,7,"ALOX5, ATP4B, COX8A, CPT1B, CPT2..."
IPRONIAZID,7,"CYP1A2, CYP2C19, CYP2C9, CYP2D6, CYP3A4..."
PENTAZOCINE,7,"ABCB1, APAF1, APOF, NUDT2, OPRK1..."
PENICILLAMINE,7,"CP, DDIT3, GCG, PGD, PTH..."
MELAGATRAN,7,"F10, F2, FRA1C, LRRC59, PLG..."
ANDROGRAPHOLIDE,7,"AKT1, ATP5IF1, BNIP3, NFKB1, RELA..."
SIB-1757,7,"ATAD5, CBX1, EHMT2, MPHOSPH8, NPC1..."
ANACARDIC ACID,7,"ALOX5, AURKA, GLI1, GLI3, KAT2A..."
SEROTONIN,7,"CYP1A2, EHMT2, ERICH3, KAT2A, MAOB..."
AMUVATINIB,7,"FLT3, KIT, MET, PDGFRA, PDGFRB..."
PRINOMASTAT,7,"DCR, MMP13, MMP14, MMP2, MMP3..."
PROPACHLOR,7,"ALDH1A1, AR, ESR1, IDH1, NFE2L2..."
PRN1371,7,"DPYSL2, DPYSL3, DR1, FGFR1, FGFR2..."
PRN694,7,"EEGV1, EFNA1, EFNB2, EPHA8, EPHB3..."
PRALSETINIB,7,"CCDC6, DRD2, EML4, HRAS, KIF5B..."
CEMIPLIMAB-RWLC,7,"ALK, CD274, CDK12, EGFR, GM2A..."
TENALISIB,7,"F5, F7, F7R, JAK2, PIK3CB..."
ANLOTINIB,7,"CD274, FGFR3, FLT4, KDR, KIT..."
SB-242235,7,"CSNK1A1, CSNK1D, MAP4K4, MAP4K5, MINK1..."
1-NAPHTHYLPIPERAZINE,7,"A12M1, A12M2, A12M4, A1BG, A2M..."
E6201,7,"BRAF, EREG, FLT3, HRAS, MAP2K1..."
ZAPA,7,"ALDH1A1, CYP2C9, EHMT2, HPGD, HSD17B10..."
VISTUSERTIB,7,"ETFB, FGFR1, MTOR, PIK3CA, PTEN..."
QUERCETIN DIHYDRATE,7,"APEX1, BLM, POLB, POLH, POLI..."
PSORALEN,7,"CYP2C19, CYP2C9, CYP2D6, CYP3A4, HSD17B10..."
PSORA-4,7,"ATP7B, CYP1A2, CYP2C19, CYP2C9, CYP2D6..."
AVELUMAB,7,"ATM, CD274, MLH1, MSH2, MSH6..."
CHEMBL:CHEMBL343002,7,"EHMT2, KAT2A, MAPT, POLK, RECQL..."
CHEMBL:CHEMBL530733,7,"CYP1A2, CYP2B6, CYP2C19, CYP2C8, CYP2C9..."
IGURATIMOD,7,"ABCB1, ABCG2, CYP2C19, MIF, NAT2..."
CHEMBL:CHEMBL527585,7,"ATAD5, BAZ2B, EHMT2, GAA, GMNN..."
CHEMBL:CHEMBL528181,7,"ATG4B, GBA1, GLP1R, MAPT, NFE2L2..."
CHEMBL:CHEMBL530291,7,"GALR3, GNAS, HTT, IDH1, NFE2L2..."
RG-4733,7,"APH1A, APH1B, GLUL, NCSTN, PSEN1..."
GALLIUM NITRATE,7,"IL1B, IL6, PTH, RRM1, RRM2..."
GATIFLOXACIN ANHYDROUS,7,"CCL18, CLK2, CLK4, HSD17B10, PRKD3..."
FLUORESCEIN,7,"APEX1, BLM, HTT, POLK, RECQL..."
SALMETEROL XINAFOATE,7,"ADRB2, EHMT2, HSD17B10, IDH1, KCNH2..."
HEXESTROL,7,"ALOX15B, AR, BCYRN1P2, CYP2C9, CYP3A4..."
I-BET151,7,"BRD3, BRD4, DNMT3A, EFNA3, EFNA4..."
BI-D1870,7,"CYB5A, CYB5P1, RPS6KA1, RPS6KA2, RPS6KA3..."
OXOTREMORINE,7,"AADAC, AAMP, AANAT, AARS1, CYP2C19..."
OXOPURPUREINE,7,"ATAD5, BAZ2B, FEN1, GMNN, HKDC1..."
TAXIFOLIN,7,"CBX1, FEN1, KDM4E, POLB, POLH..."
AVATROMBOPAG,7,"CYP2C9, F2, F5, MPL, PROC..."
PROROXAN HYDROCHLORIDE,7,"ALDH1A1, EHMT2, IDH1, KDM4E, NFE2L2..."
ESCULETIN,7,"CORD4, ERAP1, ERAP2, GAA, HIF1A..."
BI-2536,7,"BRAF, EFNA4, FABP1, FABP2, FABP3..."
BIMIRALISIB,7,"ETFB, F5, F7, F7R, MTOR..."
BICUCULLINE,7,"ARF5, ARNT, ARR3, ARRB1, ARRB2..."
DEBRISOQUIN,7,"ADRA1A, ADRA1B, ADRA1D, ADRA2A, ADRA2B..."
SUCCIMER,7,"DUSP3, G6PD, KDM4A, PLK1, PTPN11..."
STANOLONE,7,"AR, BEVI, ESR1, NFE2L2, NR3C1..."
ALPHA-NAPHTHOFLAVONE,7,"CYP1B1, CYP2C19, CYP3A4, HSD17B10, MAPK1..."
DANICAMTIV,7,"MYH6, MYH7, MYH7B, MYL2, MYL3..."
DAPHNORIN,7,"DNMT1, GLS, L3MBTL1, POLH, POLI..."
MOXISYLYTE,7,"ADRA1A, ADRA1B, ADRA1D, ADRA2A, ADRA2B..."
ZERANOL,7,"AR, ATAD5, CYP3A4, ESR1, HSP90AA1..."
STILONIUM IODIDE,7,"APOBEC3A, APOBEC3G, AR, BAZ2B, CTDSP1..."
CHEMBL:CHEMBL578905,7,"ALDH1A1, APAF1, BAZ2B, KDM4A, MAPT..."
CHEMBL:CHEMBL578675,7,"BAZ2B, EHMT2, GMNN, KDM4A, L3MBTL1..."
IDRONOXIL,7,"CASP3, CFLAR, SPHK1, SPHK2, TOP2A..."
IL-4,7,"BAX, CDKN2D, MATK, NOP2, PIK3CG..."
METARAMINOL,7,"ADRA1A, CYP1A2, CYP2C19, CYP2C9, CYP2D6..."
MELEVODOPA,7,"ARSA, DRD1, DRD2, DRD3, DRD4..."
BETHANECHOL,7,"AADAC, AAMP, AANAT, AARS1, AAVS1..."
AV-101,7,"GRIN1, GRIN2A, GRIN2B, GRIN2C, GRIN2D..."
HEXAMETHYLENE BISACETAMIDE,7,"CD5, HRAS, MUC1, PMEL, RARA..."
HU-210,7,"ACRV1, ADCY3, ARVD3, ARVD4, CNR2..."
CHEMBL:CHEMBL602127,7,"FEN1, GMNN, MTOR, POLB, RAD52..."
CHEMBL:CHEMBL601110,7,"CYP1A2, CYP2C19, CYP2C9, CYP2D6, CYP3A4..."
MOXONIDINE,7,"ABL1, ABL2, ADRA2A, ADRA2B, ADRA2C..."
ABCIXIMAB,6,"FGA, FGB, FGG, ITGA2B, ITGAV..."
CORTISTATIN-14,6,"AQP1, AQP2, FAS, FASLG, GRK3..."
COMPOUND 25 [PMID: 31260299],6,"EEGV1, EFNB2, ENO2, EPHA8, MS4A2..."
COMPOUND 13R [PMID: 23639540],6,"DNCM, DNM2, DNMT1, DNMT3A, DNMT3B..."
STROPHANTHIDIN,6,"GLP1R, GMNN, IDH1, NFE2L2, PAX8..."
NELFINAVIR,6,"ABCB1, AKT1, CYP2C19, IL6, TFAP2A..."
NEFAZODONE HYDROCHLORIDE,6,"AR, HTR2A, HTR2C, NFE2L2, SLC6A2..."
NEOLYMPHOSTIN A,6,"EPHX2, ETFB, F5, F7, F7R..."
DACOMITINIB ANHYDROUS,6,"DXO, EGFR, EN1, ERBB2, ERBB3..."
NEBIVOLOL HYDROCHLORIDE,6,"ABO, ABR, ACAA1, ADRB1, ADRB2..."
BOS172722,6,"CTNNA1P1, CTNNA2, CTNS, EPS8, FGFR4..."
NORETHINDRONE ACETATE,6,"APOE, AR, EDN1, G6PD, PGR..."
COMPOUND 4 [PMID: 24432870],6,"EXT3, EXTL1, EXTL2, EXTL3, EYA1..."
TRABECTEDIN,6,"ABCB1, ABCC2, CD274, FGFR2, PARP1..."
CHEMBL:CHEMBL8483,6,"CHUK, MAPK11, MAPK12, MAPK13, MAPK14..."
CHEMBL:CHEMBL85194,6,"CYP1A2, CYP2C19, CYP2D6, CYP3A4, MAPT..."
CHEMBL:CHEMBL1390716,6,"AGTR1, APOBEC3G, GLP1R, MAPT, OPRK1..."
CHEMBL:CHEMBL1388703,6,"APOBEC3A, APOBEC3G, BAZ2B, GMNN, KDM4A..."
LOXAPINE SUCCINATE,6,"DRD2, DRD3, DRD4, HTR2A, HTR2C..."
LUSUTROMBOPAG,6,"F2, F5, MPL, PROC, PROS1..."
PERFOSFAMIDE,6,"CSF2, DHFR, GSTP1, IL2, MMP2..."
PERINDOPRIL,6,"ACE, AGTR1, BDKRB1, DAPK3, G6PD..."
PGD2,6,"APOB, APOBEC1, APOBER1, APOC1, APOC2..."
CHEMBL:CHEMBL126804,6,"ALDH1A1, ALOX15, CYP3A4, MAPK1, MAPT..."
CHEMBL:CHEMBL1255936,6,"ALDH1A1, EHMT2, GMNN, HPGD, MPHOSPH8..."
LEUCINE,6,"CYP1A2, CYP2C19, CYP2C9, CYP2D6, CYP3A4..."
CHEMBL:CHEMBL1306556,6,"ATXN2, HSP90AA1, KDM4A, PLK1, POLH..."
CHEMBL:CHEMBL1307453,6,"BAZ2B, BLM, EHMT2, GMNN, KDM4A..."
CHEMBL:CHEMBL1310701,6,"CYP2C19, CYP3A4, EHMT2, GMNN, PLK1..."
PHENPROCOUMON,6,"CYP2C19, EPHX1, GCK, PPARA, STX4..."
BDNF,6,"BGLAP, EBVS1, NTF4, PIK3CG, STAR..."
NAMODENOSON,6,"ABAT, ABCA1, ABCA2, ABCA3, ADORA3..."
NEFLAMAPIMOD,6,"CTNNB1, CTNND1, MAP2K6, MAPK12, MAPK14..."
NAPROXCINOD,6,"COX8A, CPT1B, CPT2, GUCY1A2, PTGS1..."
CHEMBL:CHEMBL583558,6,"APOBEC3F, EHMT2, FEN1, GFER, IDH1..."
CHEMBL:CHEMBL581880,6,"ATAD5, GMNN, HTT, NFE2L2, SMAD3..."
CHEMBL:CHEMBL581910,6,"ATAD5, BRCA1, POLB, RAB9A, SMN1..."
CHEMBL:CHEMBL581929,6,"BRCA1, CYP1A2, CYP3A4, HPGD, NPC1..."
ROFLUMILAST,6,"CFTR, COL11A1, PDE4A, PDE4B, PDE4C..."
NAFTOPIDIL,6,"ADRA1A, ADRA1D, CACNA1H, CBX1, EHMT2..."
OBATOCLAX MESYLATE,6,"ADAMTSL4-AS1, BCL2, BCL2A1, BCL2L1, BCL2L10..."
ODEVIXIBAT,6,"ABCB11, ATP8B1, CD44, JAG1, NOTCH2..."
BML-281,6,"GAPDHL17, GAPDHP1, GARS1, GART, GAS1..."
BISPECIFIC ANTIBODY,6,"CD28, CD40LG, CTLA4, FAS, KLK3..."
BISPHENOL A,6,"AR, BEVI, ESR1, ESR2, NFE2L2..."
BRUCINE,6,"AADAC, AAMP, AANAT, AARS1, AAVS1..."
NAVTEMADLIN,6,"BRAF, CYP3A4, HLA-H, MDM2, NR1I2..."
DEMETHOXYCURCUMIN,6,"DNMT1, GMNN, SMAD2, SMAD3, TLR9..."
BUTAPROST (FREE ACID FORM),6,"APOB, APOC1, APOC1P1, APOC3, APOC4..."
MRS1523,6,"ABAT, ABCA1, ABCA2, ABCA3, CYP3A4..."
BUDIODARONE,6,"ADRB1, CACNA2D2, CALCA, KCNH2, SLC25A20..."
BLONANSERIN,6,"A12M3, ABCD1, CYP3A4, DRD2, DRD3..."
BS-194,6,"EGR4, EIF4A1, EIF4E, EIF4EBP2, EIF4G1..."
N-OLEOYLETHANOLAMIDE,6,"ADCY3, ADH1C, BCKDHA, CYP1A2, HSP90AA1..."
BUCINDOLOL HYDROCHLORIDE,6,"ADRA1A, ADRA1B, ADRA1D, ADRA2C, ADRB1..."
RO15-4513,6,"ARNT, ARR3, ARRB1, ARRB2, BMAL1..."
RO 40-6055,6,"AR, BCHE, BCHEL1, BCHEL3, NFE2L2..."
CHEMBL:CHEMBL579837,6,"BAZ2B, GAA, GBA1, GMNN, MAPT..."
CHEMBL:CHEMBL580076,6,"DNMT1, EHMT2, GLP1R, RAD52, RAD54L..."
APIXABAN,6,"APOB, CES1, CYP3A5, F10, FPR3..."
FIDUXOSIN HYDROCHLORIDE,6,"ACP1, AR, EHMT2, GLP1R, MPHOSPH8..."
CHEMBL:CHEMBL580340,6,"ATXN2, EHMT2, GLP1R, MAPK1, NR2F2..."
DEMECOLCINE,6,"AR, GFAP, GMNN, NR0B1, PAX8..."
L701324,6,"ASS1P14, CYP2D6, GRIN2A, GRIN2B, GRIN2C..."
KINASE INHIBITOR 2 [PMID: 30199702],6,"EGR4, EIF4A1, EIF4E, EIF4G1, ELAVL2..."
B-RAF/VEGFR-2 INHIBITOR RAF265,6,"BRAF, HRAS, KDR, KRAS, NRAS..."
PIRETANIDE,6,"AR, CD68, CD69, EHMT2, HIF1A..."
DROLOXIFENE,6,"ABCC1, ESR1, ESR2, GSTP1, IGFBP1..."
PP1,6,"CTNNB1, DXO, ELAVL1, ENO2, EPHX2..."
PRASUGREL,6,"CYP2B6, CYP2C19, CYP2C9, CYP3A5, NTRK1..."
CHEMBL:CHEMBL1902074,6,"ATXN2, CXCL8, IDH1, PAX8, SMAD3..."
CHEMBL:CHEMBL1170485,6,"ATAD5, GLP1R, GMNN, HTT, JAK2..."
BENAZEPRIL,6,"ACE, AGT, AGTR1, DAPK3, PRCP..."
CHEMBL:CHEMBL118678,6,"APOBEC3G, GLS, KDM4A, PLK1, VDR..."
AZELNIDIPINE,6,"AR, CACNA1C, CACNA1D, CACNA1F, CACNA1S..."
DUBERMATINIB,6,"AXL, EEF1D, EEF1G, FLT3, IDH2..."
JAK3 INHIBITOR II,6,"ALK, DXO, EPHB1, EPHB2, EPHB3..."
L-CCG-I,6,"ANPEP, ANTP2, APEX1, GRM6, GRM8..."
CHEMBL:CHEMBL1574420,6,"BRCA1, FGF22, IDE, MAPT, SMN1..."
CHEMBL:CHEMBL1527,6,"GLS, KDM4A, POLH, POLI, POLK..."
CHEMBL:CHEMBL1492017,6,"AGTR1, ATAD5, HIF1A, MDM2, NFE2L2..."
PEPTIDE YY,6,"ANXA2P3, ANXA3, ANXA4, ANXA5, NPY2R..."
PF-06651600,6,"BMX, BTK, ITK, JAK3, TEC..."
CHEMBL:CHEMBL1098875,6,"APAF1, ATAD5, HSP90AA1, MITF, NFE2L2..."
MALATHION,6,"ACE, ACHE, CYP3A4, HSD17B10, NFE2L2..."
MANNITOL,6,"CTSG, DDIT3, GGT1, IL17A, PIK3CG..."
MARTINOSTAT,6,"GAPDHP1, GARS1, GART, GDF2, HDAC4..."
KARANJIN,6,"CYP2C19, CYP2C9, CYP2D6, CYP3A4, HSD17B10..."
PIRINIXIC ACID,6,"ALDH1A1, BCKDHA, CYP2D6, CYP3A4, HPGD..."
AZTREONAM,6,"CYP19A1, CYP1A2, CYP2C19, CYP2C9, CYP2D6..."
SINTILIMAB,6,"BRAF, CD274, FGFR3, GM2A, NRAS..."
SIBUTRAMINE HYDROCHLORIDE,6,"ALOX15, CYP3A4, SLC6A2, SLC6A3, SLC6A4..."
DOLUTEGRAVIR SODIUM,6,"ABCG2, CYP3A4, CYP3A5, ERVW-4, NR1I2..."
CHLORDANE,6,"AR, CXCL8, CYP3A4, NFE2L2, RORC..."
AMINOPURVALANOL A,6,"CYP1A2, CYP2C9, CYP3A4, EGR4, EIF4A1..."
SERALUTINIB,6,"CSF1R, DPP4, DPP6, KIT, PDGFRA..."
SENREBOTASE,6,"ADRA1A, ADRA1B, ADRA1D, ADRA2A, ADRA2B..."
SERABELISIB,6,"ETFB, F5, F7, F7R, PIK3CA..."
IVABRADINE,6,"ARL1, ARL2, ARL3, CYP3A4, HCN4..."
CHEMBL:CHEMBL84685,6,"AHR, CYP3A4, NFE2L2, RAB9A, SMN1..."
INTEGRIN RECEPTOR ANTAGONIST GLPG0187,6,"ITGA5, ITGAV, ITGB1, ITGB3, ITGB5..."
CHEMBL:CHEMBL233194,6,"ATAD5, NPC1, RAB9A, SMN1, SMN2..."
INDACATEROL,6,"ABO, ABR, ADRB1, ADRB2, CHRM1..."
PELABRESIB,6,"BRD2, BRD3, BRD4, BRDT, DNER..."
PEMIGATINIB,6,"DPYSL2, DPYSL3, DR1, FGFR1, FGFR2..."
SEMAPIMOD,6,"GRIN2B, MAPK11, MAPK12, MAPK13, MAPK14..."
SELITRECTINIB,6,"DRD5P1, DRD5P2, DRG2, NTRK1, NTRK2..."
SETANAXIB,6,"GZMA, GZMB, GZMM, H1-0, NOX1..."
"SERINE, D-",6,"ASS1P10, ASS1P14, EHMT2, GRIN2A, GRIN2B..."
AMINODIMETHOXYQUINAZOLINYLPIPERAZINE,6,"APAF1, FEN1, RACGAP1, RAD54L, RAPGEF4..."
DROPERIDOL,6,"CYP2D6, DRD2, DRD3, DRD4, HTR2A..."
URAPIDIL,6,"ADRA1D, CYP2C19, CYP2C9, EHMT2, HTR1A..."
CHLORZOXAZONE,6,"ARG2, CYP1A2, CYP3A4, CYP3A43, KCNMA1..."
CHLORHEXIDINE HYDROCHLORIDE,6,"AR, CYP3A4, KMT2A, MAPK1, MEN1..."
CHMFL-KIT-64,6,"DPP4, DPP6, DPT, DPYD, DRD3..."
PECTOLINARIGENIN,6,"ATAD5, NFKB1, NFKB2, NPC1, RAB9A..."
PEGPLERANIB SODIUM,6,"FLT1, FLT4, KDR, PDGFB, PDGFRA..."
ACETYLCHOLINE,6,"AADAC, AAMP, AANAT, AARS1, AAVS1..."
BENZYL ISOTHIOCYANATE,6,"ALDH1A1, CYP3A4, NFE2L2, TRPA1, TRPV1..."
CHEMBL:CHEMBL1989750,6,"BAZ2B, HTT, KDM4A, KDM4E, L3MBTL1..."
ACTH,6,"BDNF, CYP2D6, LDLR, NR5A1, THBS1..."
TGX-221,6,"BRAF, F7, JAK2, PIK3CA, PIK3CB..."
4SC-202,6,"FLT3, HDAC1, HDAC2, HDAC3, HDAC8..."
PLICAMYCIN,6,"BIRC5, CYP1A2, CYP2C19, CYP2C9, CYP2D6..."
PLERIXAFOR,6,"ACTG1, ACTG1P8, CCR2, CXCR4, KMT2A..."
AZD8835,6,"F5, F7, F7R, PIK3CA, PIK3CB..."
JNJ1661010,6,"ATAD5, CRMP1, CRP, GNAS, NFE2L2..."
SCH51866,6,"COL15A1, COL7A1, COL8A1, COL8A2, PDE5A..."
SCH772984,6,"BRAF, CTNNA1, HRAS, KRAS, MAP2K1..."
SCH-23390,6,"ALCAM, ALDH3A1, ASGR1, ASL, RGS4..."
TETRAHYDRODEOXYCORTICOSTERONE,6,"ARNT, ARR3, ARRB1, ARRB2, BMAL1..."
CHEMBL:CHEMBL2094833,6,"GMNN, HTT, KDM4A, KDM4E, SNCA..."
PURVALANOLA,6,"CYP1A2, CYP2C9, CYP3A4, HIF1A, HSD17B10..."
VERNAKALANT HYDROCHLORIDE,6,"KCNA5, KCND3, KCNH2, KCNJ3, KCNJ5..."
VEGF RECEPTOR TYROSINE KINASE INHIBITOR III,6,"DRD1, DRD2, DRD3, FLT1, FLT4..."
DEXTRAN SULFATE,6,"CYP4B1, F11, F9, IL2RA, LPL..."
CITARINOSTAT,6,"GAPDHP1, GARS1, GART, GAS1, GDF2..."
SOFPIRONIUM BROMIDE,6,"CHR, CHRM1, CHRM2, CHRM3, CHRM4..."
SONIDEGIB,6,"ALOX12, FLT3, MYCN, PTCH1, SMO..."
6-HYDROXYMELATONIN,6,"ANK2, ANK3, APEX1, ARSA, EHMT2..."
CLOFOCTOL,6,"ATXN2, CYP3A4, GMNN, IDH1, TP53..."
SCOPOLETIN,6,"ERAP1, ERAP2, GFER, GMNN, HSD17B10..."
SCOULERINE,6,"APAF1, APOBEC3G, GLP1R, IDH1, POLI..."
4-DAMP,6,"AADAC, AAMP, AANAT, AARS1, AAVS1..."
VER-3323,6,"A12M3, A12M4, ATXN2, CYP1A2, CYP2D6..."
MB-28767,6,"APOBER1, APOC1, APOC1P1, APOC2, APOC4..."
CERALASERTIB,6,"ATM, ATR, FBXW7, IDH1, IDH2..."
MECHLORETHAMINE HYDROCHLORIDE,6,"AR, HTT, JUN, NFE2L2, RORC..."
MEDETOMIDINE,6,"ADRA1A, ADRA1B, ADRA1D, ADRA2A, ADRA2B..."
DESOXIMETASONE,6,"ANXA1, AR, BDM, HIF1A, NFE2L2..."
DEZAPELISIB,6,"F5, F7, F7R, PIK3CB, PIK3CD..."
ACYCLOVIR,6,"ABL1, DNTT, IL10, NUDT15, RECQL..."
ISOBOLDINE,6,"CASP1, CYP2C19, CYP2D6, HSD17B10, MAPT..."
ISOQUERCETIN,6,"ALPI, ALPL, EHMT2, GAA, KDM4E..."
THIOINOSINE,6,"ATAD5, EHMT2, HBB, KDM4A, NFE2L2..."
POZIOTINIB,6,"DXO, EGFR, EN1, ERBB2, ERBB3..."
AZD1305,6,"CACNA1C, CACNA1D, CACNA1F, CACNA1S, KCNH2..."
PREXASERTIB,6,"CHEK1, CHEK2, EIF5AP3, MYC, PIK3CA..."
3-HYDROXYANTHRANILIC ACID,6,"CASP6, CASP7, CD28, KDM4A, PDK1..."
ANISINDIONE,6,"CNR1, F2, GGCX, SMN1, SMN2..."
ZINC SULFATE ANHYDROUS,6,"ANPEP, BDNF, MTHFR, PIK3CA, PIK3CB..."
CHEMBL:CHEMBL261123,6,"ATAD5, HPGD, NPC1, RAB9A, TDP1..."
CHEMBL:CHEMBL259784,6,"ALDH1A1, MITF, NFE2L2, NPC1, RAB9A..."
ALDOSTERONE,6,"ABCB1, AR, NR3C1, NR3C2, SCNN1B..."
EMDT,6,"A12M1, A1BG, A2MP1, NAT2, NATP..."
VITAMIN B6,6,"CBS, DDC, HP, NTRK1, TNF..."
VIDOFLUDIMUS,6,"DHODH, IL17A, IL17B, IL17C, IL25..."
CCT241161,6,"BRAF, EFNA2, EPHX2, FAH, MS4A2..."
CDK1/5 INHIBITOR,6,"CYP1A2, CYP2C19, CYP2C9, EGR4, EIF4E..."
PANCURONIUM BROMIDE,6,"CHRNA1, CHRNB1, CHRND, CHRNE, CHRNG..."
PAPAVERINE HYDROCHLORIDE,6,"AR, CASP6, CYP3A4, HPGD, NFE2L2..."
BERGAMOTTIN,6,"BACE1, CYP2C19, CYP2C9, CYP2D6, CYP3A4..."
HONOKIOL,6,"ATXN2, CNR2, CREB1, GAA, RXRA..."
TERAZOSIN HYDROCHLORIDE,6,"ADRA1A, ADRA1B, ADRA1D, GAA, HSD17B10..."
CHEMBL:CHEMBL600738,6,"BAZ2B, EHMT2, GLS, KDM4A, KDM4E..."
MEPENZOLATE,6,"AAMP, AANAT, AARS1, CHRM5, HCAR2..."
TUBASTATIN A,6,"BRAF, GART, GAS1, GDF2, HDAC1..."
5-METHOXYPSORALEN,6,"ALDH1A1, BOK, CYP2C19, CYP2C9, CYP2D6..."
METHACHOLINE CHLORIDE,6,"CHRM2, CHRM3, CHRM4, GALR3, NFE2L2..."
METHIOTHEPIN MESYLATE,6,"ATXN2, IDH1, KCNH2, KDM4A, MPHOSPH8..."
METHOCARBAMOL,6,"CA1, CYP1A2, CYP2C9, CYP2D6, CYP3A4..."
CD24FC,6,"HMGB1, HSP90AA1, HSP90AB1, HSPA1A, HSPA1B..."
PARTHENOLIDE,6,"BNIP3, FOXL2, IKBKB, NFKB1, NFKB2..."
2MESATP,6,"AIRE, APBB2, APEH, BIRC2, DRD1..."
VINBURNINE,6,"AADAC, AAMP, AANAT, AARS1, AR..."
CHEMBL:CHEMBL238624,6,"ALOX15, ALOX15B, CYP1A2, CYP2C19, CYP2C9..."
ILGINATINIB,6,"EPHB1, EPHB2, EPHB3, JAK2, JAK3..."
CHEMBL:CHEMBL247471,6,"APH1A, APH1B, NCSTN, PSEN1, PSEN2..."
IMETIT,6,"AMELX, CYP2D6, CYP3A4, EHMT2, HRH3..."
PROSTAGLANDIN A2,6,"ALDH1A1, BAZ2B, EHMT2, HPGD, POLB..."
CHEMBL:CHEMBL260213,6,"ATAD5, NPC1, RAB9A, SMN1, SMN2..."
ERGOT ALKALOIDS,6,"BDNF, COMT, DBH, DRD2, HTR2A..."
CHEMBL:CHEMBL461193,6,"ATXN2, FEN1, GMNN, PAX8, RAD52..."
HEMATOXYLIN,6,"APEX1, HPGD, KDM4E, MAPT, RECQL..."
ATX-II,6,"BAK1, BARD1, BAX, BBS1, BBS2..."
"PYRROLIDINE DITHIOCARBAMIC ACID, AMMONIUM SALT",6,"ALDH1A1, EHMT2, HPGD, KCNH2, MAPT..."
QUINOLINIC ACID,6,"BAZ2B, CBFB, EHMT2, KDM4A, KDM4E..."
HARMAN,6,"ATAD5, CYP1A2, CYP2D6, CYP3A4, HSD17B10..."
HALOFUGINONE,6,"EPRS1, IL2, PTP4A1, SMAD3, TNF..."
METHYSERGIDE MALEATE,6,"CASP6, EHMT2, HTR1A, HTR2B, HTR2C..."
CHEMBL:CHEMBL444376,6,"ATAD5, NPC1, RAB9A, SMN1, SMN2..."
CHEMBL:CHEMBL408653,6,"MITF, NPC1, RAB9A, SMN1, SMN2..."
CHEMBL:CHEMBL388823,6,"ATAD5, NFE2L2, NPSR1, RAB9A, SMN1..."
CHEMBL:CHEMBL388979,6,"EHMT2, IDH1, KDM4A, NFE2L2, PLK1..."
ENOXIMONE,6,"ATAD5, COL9A2, DRD1, EHMT2, PDE3A..."
EPCORITAMAB,6,"CD3D, CD3E, CD3G, GATM, GLRA2..."
CHEMBL:CHEMBL597035,6,"ATAD5, BAZ2B, MAPK1, MAPT, NFE2L2..."
DIDEOXYADENOSINE,6,"ADA, ADK, ALPP, CGB5, DCK..."
CEFOTIAM HYDROCHLORIDE,6,"BAZ2B, EHMT2, KDM4A, L3MBTL1, POLI..."
TIRATRICOL,6,"BCGF1, CYP2C9, HIF1A, NFE2L2, THRA..."
BETULINIC ACID,6,"ACADVL, ANPEP, GLI1, GSK3B, SAE1..."
9-OH-RISPERIDONE,6,"A12M1, A12M3, A1BG, A2M, A2MP1..."
8-AZAGUANINE,6,"ACHE, APOBEC3F, GDA, HBB, HIF1A..."
OZANIMOD,6,"AMT, AMY1A, AMY1B, AMY1C, AMY2A..."
PAMAPIMOD,6,"CTNNA1P1, CTNNA2, CTNNB1, CTNND1, CTNS..."
CHEMBL:CHEMBL259421,6,"HSD17B10, NPC1, RAB9A, SMN1, SMN2..."
CHEMBL:CHEMBL338115,6,"BAZ2B, CYP1A2, CYP2D6, EHMT2, FEN1..."
CHEMBL:CHEMBL271023,6,"ALDH1A1, CYP1A2, HPGD, TP53, USP1..."
CHEMBL:CHEMBL300389,6,"ATAD5, CDK5, CDK5R1, HTT, SMAD3..."
TENELIGLIPTIN,6,"CYP3A4, DAPK1, DPP4, FMO3, FPGS..."
(S)-DIMETINDENE,6,"AADAC, AAMP, AANAT, AARS1, AAVS1..."
DIAMIDE,6,"CBX1, EHMT2, MAPT, MPHOSPH8, RGS4..."
DIBUCAINE,6,"CYP1A2, GMNN, KDM4E, MYO9B, SCN10A..."
AEE-788,6,"EGFR, ERBB2, FGFR2, FGFR3, FLT1..."
CHEMBL:CHEMBL483206,6,"FEN1, NSD2, POLH, POLI, POLK..."
RAFOXANIDE,6,"HTT, KAT2A, KDM4A, POLK, RAPGEF3..."
RAMIPRIL,6,"ACE, ADRB2, CCN2, DAPK3, MMP2..."
ARTESUNATE,6,"ATP2A1, CYP2A6, IKBKG, NFKB1, NFKB2..."
2-ARACHIDONOYLGLYCEROL,6,"ADCY3, ALDH1A1, CNR1, CNR2, HPGD..."
VOCLOSPORIN,6,"GLUD1P5, NGFR, PPIA, PPP3CA, PPP3CB..."
SB 216641,6,"A12M3, A12M4, A1BG, A2M, A2MP1..."
DENILEUKIN DIFTITOX,6,"EEF2, IL12RB1, IL12RB2, IL2RA, IL2RB..."
RAMUCIRUMAB,6,"ALK, DRD2, EGFR, KDR, KRAS..."
GLYCYRRHETINIC ACID,6,"BGLAP, GMFA, HMAA, MYOD1, SERPINE1..."
GNE-3511,6,"CTNNA1P1, CTNNA2, CXADR, ERCC4, ERCC5..."
GLYCEROL PHENYLBUTYRATE,6,"ARG1, ASL, ASS1, CPS1, NAGS..."
CHEMBL:CHEMBL473735,6,"ATAD5, NPC1, RAB9A, SMN1, SMN2..."
GSK2334470,6,"BRAF, CTSO, EEF1D, EEF1G, PIK3CA..."
AFT-II,6,"BAK1, BARD1, BAX, BBS1, BBS2..."
SR59230A,6,"ABO, ABR, ACAA1, CYP1A2, TP53..."
SS-208,6,"GART, GAS1, GDF2, GDF9, LRRC32..."
DEXANABINOL,6,"GRIN1, GRIN2A, GRIN2B, GRIN2D, GRIN3A..."
CLORGILINE,6,"CYP1A2, CYP2C19, CYP2D6, FSHMD1A, MAOA..."
SPERMIDINE,6,"ASGR1, CYP1A2, CYP2C9, EHMT2, THPO..."
SPIRAMIDE,6,"A12M3, A12M4, AR, CYP2D6, HTR2C..."
AMARANTH,6,"EHMT2, EYA2, FEN1, POLI, POLK..."
DERRUBONE,6,"CYP3A4, HPGD, HSP90AA1, HSP90AB1, MAPK1..."
CHEMBL:CHEMBL392068,6,"APH1A, APH1B, NCSTN, PSEN1, PSEN2..."
ATRACURIUM,6,"ATD, ATF4, CHRNA2, CHRNA3, CHRNA4..."
ATRACURIUM BESYLATE,6,"AR, CHRNA1, CHRNB1, CHRND, CHRNE..."
METHYLTESTOSTERONE,6,"AR, BEVI, ESR1, NOS1, NR3C1..."
METHOCTRAMINE,6,"AADAC, AAMP, AANAT, AARS1, AAVS1..."
METHOXAMINE,6,"ABCA4, ABCB7, ABCF1, ADRA1A, ADRA1B..."
METHYLBENZETHONIUM CHLORIDE,6,"APAF1, HSP90AA1, RAD52, TP53, UBE2N..."
CCT196969,6,"BRAF, EFNA2, EPHX2, FAH, MS4A2..."
GANITUMAB,6,"HRAS, IGF1R, IGF2, NRAS, PIK3CA..."
CHEMBL:CHEMBL533082,6,"FEN1, GLP1R, GMNN, MITF, POLB..."
GAMMA-LINOLENIC ACID,6,"CASP6, KAT2A, POLH, POLI, POLK..."
VOXELOTOR,6,"CORT, COX6A1, HBA1, HBA2, HBB..."
AG 1295,6,"ATAD5, FLT3, NPC1, RAB9A, SMN1..."
RECOMBINANT EOTAXIN,6,"CCL22, CD9, FCGR3A, MAPK8, PLG..."
RECOMBINANT INTERFERON ALFA,6,"CXCL8, DNTT, EPO, HNF4A, MYC..."
REGADENOSON ANHYDROUS,6,"ABAT, ABCA1, ABCA2, ABCA3, ADORA2A..."
MILADEMETAN,6,"ALK, BRAF, EML4, HLA-H, MDM2..."
MIGALASTAT,6,"GAA, GAPDHP69, GBA1, GLA, HNRNPH2..."
MILTEFOSINE,6,"ABCB1, CSF2, CSTF3, PIK3CA, PLA2G1B..."
MILRINONE,6,"COL9A1, COL9A2, COL9A3, PDE3A, PDE4A..."
BIFEPRUNOX,6,"DRD2, DRD3, HTR1A, HTR2A, HTR2C..."
REMOXIPRIDE,6,"CYP1A2, CYP2C19, CYP2C9, CYP2D6, CYP3A4..."
ETICLOPRIDE,6,"ABCD1, ALDH1A1, ALDH2, CYP1A2, CYP2D6..."
CHEMBL:CHEMBL585628,6,"ALDH1A1, BAZ2B, EHMT2, HPGD, MAPK1..."
XILIERTINIB,6,"DXO, EPHX2, EPS15, ERBB4, FGD1..."
DEOXIEPINEPHRINE,6,"DRD1, EHMT2, FEN1, HIF1A, HSD17B10..."
P505-15,6,"CBL, FDX1, FGR, FLT3, MAP3K9..."
TRILOSTANE,6,"AR, ESR2, HSD3B1, HSD3B2, NFE2L2..."
METHYLNALTREXONE,6,"APAF1, APOF, MC4R, NUDT2, OPN4..."
METOCURINE IODIDE,6,"CHRNA1, CHRNA2, CHRNB1, CHRND, CHRNE..."
CARBETAPENTANE CITRATE,6,"CYP2D6, CYP3A4, KCNH2, KDM4A, PLIN1..."
MITOGEN-ACTIVATED PROTEIN KINASE KINASE INHIBITOR,6,"BRAF, EGFR, KRAS, MET, NRAS..."
2'-HYDROXYCHALCONE,6,"ABCB1, CRYZ, EHMT2, GMNN, NFE2L2..."
ERGOCORNINE,6,"CBFB, EHMT2, NPSR1, POLI, RUNX1..."
ZANDELISIB,6,"ETFB, F5, F7, F7R, PIK3CB..."
ZALCITABINE,6,"DNTT, ERVW-4, GNRH1, HSPA4, MAPK1..."
CHEMBL:CHEMBL590706,6,"APOBEC3A, APOBEC3G, EHMT2, HTT, NFE2L2..."
SAPPANONE A DIMETHYL ETHER,6,"ALDH1A1, CYP3A4, HPGD, KDM4E, MAPT..."
GR 89696,6,"CYP2C19, CYP2C9, CYP3A4, EHMT2, KCNH2..."
CHEMBL:CHEMBL494668,6,"FEN1, IDH1, POLB, POLI, RAD54L..."
GAMBOGIC AMIDE,6,"AKT1, MAPK1, MAPK3, NTRK1, NTRK2..."
GEDUNIN,6,"ATXN2, GMNN, HSP90AA1, HSP90AB1, NPSR1..."
GDC-0152,6,"GNG10, GNG11, GNGT1, GNL1, PTEN..."
REMIFENTANIL HYDROCHLORIDE,6,"CACNA2D2, COMT, OPN4, OPRM1, PGAP6..."
CHEMBL:CHEMBL565893,6,"EHMT2, GMNN, HSP90AA1, KDM4A, PLK1..."
"2,4-DIHYDROXYBENZOPHENONE",6,"NFE2L2, PLK1, RAPGEF3, RAPGEF4, TSG101..."
2-HYDROXYESTRADIOL,6,"EHMT2, GAA, GLS, GMNN, KDM4A..."
ESMIRTAZAPINE MALEATE,6,"ADRA2A, ADRA2B, ADRA2C, HRH1, HTR2A..."
TRICLOSAN,6,"AR, HPGD, HSP90AA1, NFE2L2, RXRA..."
AGERAFENIB,6,"BRAF, EFNA2, EGFR, EML4, FAH..."
CHEMBL:CHEMBL531322,6,"ADRB2, BAZ2B, EHMT2, GAA, MAPK1..."
GERONTOXANTHONE H,6,"ATXN2, GLP1R, IDH1, KDM4A, RARA..."
CHEMBL:CHEMBL512908,6,"CYP1A2, CYP2C19, CYP2C9, CYP2D6, CYP3A4..."
CHEMBL:CHEMBL527271,6,"CYP1A2, CYP2C9, CYP2D6, CYP3A4, NPSR1..."
REVEFENACIN,6,"AADAC, AAMP, AANAT, AARS1, AAVS1..."
CHEMBL:CHEMBL530280,6,"BLM, EHMT2, IDH1, MAPK1, RECQL..."
CAMBINOL,6,"CBX1, HSD17B10, RGS4, SIRT1, TSHR..."
OMEGA-CHLOROACETOPHENONE,6,"ALDH1A1, ATP1B1P1, NFE2L2, NR3C1, RORC..."
OPHIOBOLIN O,6,"MAPK1, MAPK11, MAPK12, MAPK13, MAPK14..."
MK-8353,6,"BRAF, CTNNA1, EPHB2, MAPK1, MAPK3..."
MOFAROTENE,6,"RARA, RARB, RARG, RXRA, RXRB..."
TRICLABENDAZOLE,6,"GLP1R, GMNN, HSP90AA1, IDH1, MAPT..."
TRIFLUPROMAZINE HYDROCHLORIDE,6,"BAZ2B, DRD2, GMNN, IDH1, JUN..."
CALCITONIN,6,"BGLAP, BIRC5, CALCR, PCSK1, PTH..."
REL-CISAPRIDE,6,"CYP1A2, CYP2C19, CYP2C9, CYP2D6, CYP3A4..."
"2-TERT-BUTYL-9-FLUORO-1,6-DIHYDROBENZO[H]IMIDAZO[4,5-F]ISOQUINOLIN-7-ONE",6,"CRLF2, CSF3R, EPHB2, EPHB3, JAK1..."
REBASTINIB,6,"ABL1, FKBP1AP3, FLT3, PDGFRB, TEK..."
REBIMASTAT,6,"MMP1, MMP13, MMP14, MMP2, MMP8..."
RECOMBINANT RANTES,6,"CCL14, CCL22, CXCR4, ITGB2, PLAU..."
ACARBOSE,6,"AMY2A, GAA, LPL, MGAM, SI..."
CARBIMAZOLE,6,"CYP1A2, CYP2C19, CYP2C9, HLA-B, HLA-DRB1..."
MOLINDONE,6,"A12M3, AMD1, DRD1, DRD2, EHMT2..."
CHEMBL:CHEMBL578294,6,"ATAD5, EHMT2, IDH1, KCNH2, MAPT..."
CHEMBL:CHEMBL533954,6,"EHMT2, FEN1, GMNN, HSD17B10, IDH1..."
FUNAPIDE,6,"BBS1, BBS2, BBS4, NKX3-2, SCN9A..."
CHEMBL:CHEMBL546865,6,"ATAD5, BRCA1, CASP3, NPC1, RAB9A..."
RG3487,6,"CHRNA7, HTR3A, HTR3B, HTR3C, HTR3D..."
ARRY-371797,6,"AHSA1, CTNNB1, MAPK11, MAPK12, MAPK13..."
TEGASEROD MALEATE,6,"ATXN2, HTR4, IDH1, PAX8, RAD52..."
ARECOLINE,6,"AADAC, AAMP, AANAT, AARS1, AAVS1..."
[35S]TBPS,6,"ARNT, ARR3, ARRB1, ARRB2, BMAL1..."
[18F]FLUOROETHYLFLUMAZENIL,6,"ARNT, ARR3, ARRB1, ARRB2, BMAL1..."
COMPOUND 1 [PMID: 20005102],6,"CSTF3, CSTP1, CTSO, CXADR, EXT3..."
DDP-225,6,"HTR3A, HTR3B, HTR3C, HTR3D, HTR3E..."
MOZAVAPTAN,6,"ABCC6, AQP9, AR, AVPR1A, AVPR1B..."
TAMIBAROTENE,6,"BCHE, BCHEL1, BCHEL3, PML, RARA..."
FLAVONE,6,"ABCA1, ABCA3, AHR, ATAD5, HPGD..."
CHEMBL:CHEMBL56542,6,"BAZ2B, EHMT2, KDM4A, POLH, PSMD14..."
GALLIC ACID METHYL ESTER,6,"APEX1, BAZ2B, EHMT2, GFER, KDM4A..."
CHEMBL:CHEMBL536166,6,"EHMT2, GALR3, IDH1, KDM4E, NFE2L2..."
GALUNISERTIB,6,"DNMT3A, DNMT3B, DOCK3, TGFB1, TGFBR1..."
TRICHLORMETHIAZIDE,6,"CA1, CA2, CA4, KCNMA1, SLC12A1..."
ORTHO-PHTHALALDEHYDE,6,"AR, POLK, TDP1, THRB, USP1..."
OXAPROZIN,6,"COX8A, CPT1B, CPT2, GTF2IP1, PTGS1..."
OXATOMIDE,6,"CACNA1H, CYP2D6, CYP3A4, HIF1A, HRH1..."
SULFADOXINE,6,"CYP1A2, CYP2C19, CYP2C9, CYP2D6, CYP3A4..."
ESOMEPRAZOLE SODIUM,6,"ATP4A, ATP4B, CATHL1L, CYP2C19, CYP3A5..."
ETHER,6,"CYP3A, GYPA, MAPK1, NPPC, NPY..."
CHEMBL:CHEMBL590927,6,"ADRB2, APOBEC3F, BAZ2B, HSP90AA1, KDM4A..."
CHEMBL:CHEMBL590949,6,"ALDH1A1, BAZ2B, EHMT2, GAA, KDM4A..."
CHEMBL:CHEMBL590691,6,"APAF1, ATAD5, EHMT2, GMNN, KDM4E..."
SAMIDORPHAN,6,"APAF1, APOF, NUDT2, OPRD1, OPRK1..."
S33084,6,"A12M3, A12M4, A2M, A2MP1, ALDH1A1..."
CHEMBL:CHEMBL531268,6,"ATAD5, ATXN2, KDM4A, NFE2L2, PAX8..."
XANTHINE AMINE CONGENER,6,"ABAT, ABCA1, ABCA2, ABCA3, CYP3A4..."
RT3,6,"BCGF1, KAT2A, POLK, THRB, USP1..."
FLUORODEOXYGLUCOSE F18,6,"CD34, GCG, GPI, PIK3CG, SLC2A4..."
CHEMBL:CHEMBL548615,6,"BAZ2B, EHMT2, GMNN, HSP90AA1, HTT..."
CHEMBL:CHEMBL585240,6,"APOBEC3F, APOBEC3G, EHMT2, FEN1, NFE2L2..."
XL820,6,"FLT1, FLT4, KDR, KIT, PDGFRA..."
XL-820,6,"FLT1, FLT4, KDR, KIT, PDGFRA..."
CHEMBL:CHEMBL582722,6,"APAF1, BAZ2B, EHMT2, KDM4A, MITF..."
OLVEREMBATINIB,6,"ABL1, BCR, FGFR1, FGFR2, FLT3..."
ROCURONIUM BROMIDE,6,"AR, CHRNA1, CHRNB1, CHRND, CHRNE..."
ROPINIROLE,6,"ABCD1, ALDH1A1, CYP2D6, DRD2, DRD3..."
CHEMBL:CHEMBL584514,6,"APOBEC3A, APOBEC3F, APOBEC3G, GFER, KDM4A..."
FAGARONINE,6,"FEN1, POLI, POLK, RACGAP1, RAD52..."
FAMOTIDINE,6,"AMD1P2, BRAFPS1, FGF2, HRH2, KDM4A..."
FADRACICLIB,6,"CCNE1, CDK2, CDK9, EIF4A1, EIF4G1..."
XANTHOHUMOL,6,"MAPK1, MAPK11, MAPK12, MAPK13, MAPK14..."
TREBANANIB,6,"ANGPT1, ANGPT2, CHRNA7, GLUL, MC4R..."
BUTAMBEN,6,"AR, BMP2, CYP1A2, CYP3A4, TRPA1..."
OLVANIL,6,"ADH1C, ATP5F1BP1, CYP2D6, CYP3A4, GMNN..."
ONATASERTIB,6,"DPYD, DRD3, ETFB, MTOR, PIK3CA..."
BW373U86,6,"APAF1, APOF, CYP2C9, CYP3A4, HPGD..."
MUSCARINIC TOXIN 3,6,"AADAC, AAMP, AANAT, AARS1, AAVS1..."
MTOR INHIBITOR,6,"EIF4E, MTOR, PIK3CG, PTEN, TSC1..."
MURAGLITAZAR,6,"ADRB1, EDN1, PPARA, PPARD, PPARG..."
RIMCAZOLE,6,"CYP1A2, CYP2C19, CYP2C9, CYP3A4, SIGMAR1..."
OPIATE,6,"BDNF, CCR2, CYP19A1, GRM2, NOS2..."
MOSUNETUZUMAB,6,"CD3D, CD3E, CD3G, GATM, GLRA2..."
MOLIDUSTAT,6,"EGLN1, EGLN2, EGLN3, NPBWR2, PRLHR..."
MOCLOBEMIDE,6,"AR, CYP2C19, FSHMD1A, FSHMD1B, MAOA..."
TP0556351,6,"ACE, DBT, DCK, DCR, DCT..."
A68930,6,"ALCAM, ALDH3A1, CYP2C19, CYP2C9, DRD1..."
A77636,6,"ALCAM, ATXN2, DRD1, KDM4E, THPO..."
[3H]CGS8216,6,"ARNT, ARR3, ARRB1, ARRB2, BMAL1..."
COMPOUND 1D [PMID: 21493067],6,"DR1, DRD5P1, DUSP5, EPHB2, EPHB3..."
CONTELTINIB,6,"ACSL1, ACSL3, ALK, IGF1R, PTK2..."
COTININE,6,"CHRNA4, CHRNB4, CYP2A6, CYP2B6, NAT1..."
COMPOUND E22 [PMID: 31298542],6,"CSTF3, CSTP1, CTPS1, CXADR, FKBP2..."
COMPOUND 9 [PMID: 26006010],6,"EEGV1, EFNA1, EFNB2, ERBB4, FGR..."
ABIVERTINIB,6,"BTK, DXO, EFNB2, EGFR, EPHB3..."
BC-III,6,"BAK1, BARD1, BAX, BBS1, BBS2..."
NIFUROXAZIDE,6,"ALDH1A1, IDH1, MAPT, MITF, NFE2L2..."
ABITUZUMAB,6,"ITGAV, ITGB1, ITGB3, ITGB5, ITGB6..."
NORTRIPTYLINE HYDROCHLORIDE,6,"AR, GLP1R, IDH1, KCNH2, SLC6A2..."
TIZANIDINE HYDROCHLORIDE,6,"ABL1, ADRA2A, ADRA2B, ADRA2C, AOC1..."
NORGESTREL,6,"AR, ESR1, HSPA5, NFE2L2, PGR..."
BRETAZENIL,6,"ARNT, ARR3, ARRB1, ARRB2, BMAL1..."
NELFINAVIR MESYLATE,6,"AR, ATXN2, CYP3A4, ERVW-4, NFE2L2..."
BMS-986158,6,"BRD2, BRD3, BRD4, BRDT, DNER..."
TAPENTADOL,6,"APOF, CD8B, NPIPB8, OPRM1, SLC6A2..."
NALMEFENE,6,"APAF1, APOF, NUDT2, OPRD1, OPRK1..."
N-[2-(2-IODO-5-METHOXY-1H-INDOL-3-YL)ETHYL]ACETAMIDE,6,"ANK2, ANK3, CYP1A2, CYP2C19, CYP2D6..."
NADA,6,"ALDH1A1, ATP5F1BP1, EHMT2, KAT2A, TRPM8..."
O-F-AMIDINE,6,"GPX2, GRID1, PADI1, PADI2, PADI3..."
OBTUSAQUINONE,6,"ALDH1A1, HPGD, HSD17B10, KDM4E, MAPT..."
OCAPERIDONE,6,"A1BG, A2M, A2MP1, CCN2, DRD2..."
ABROCITINIB,6,"CYP2C19, CYP2C9, EPHB1, EPHB2, JAK1..."
CHEMBL:CHEMBL584635,6,"APOBEC3F, APOBEC3G, EHMT2, KDM4A, NFE2L2..."
CHEMBL:CHEMBL584668,6,"CASP3, NPC1, RAB9A, SENP6, SENP7..."
FEXOFENADINE HYDROCHLORIDE,6,"ABCB1, ALOX15, AMD1, CCL17, HRH1..."
CHEMBL:CHEMBL581152,6,"ATXN2, BAZ2B, EHMT2, GLP1R, GMNN..."
CHEMBL:CHEMBL581677,6,"ALDH1A1, BAZ2B, GMNN, HTT, KDM4A..."
ROXADUSTAT,6,"EGLN1, EGLN2, EGLN3, NPBWR2, P4HTM..."
TANSHINONE IIA SULFONATE,6,"BLM, BRCA1, CYP3A4, HSD17B10, POLK..."
TANZISERTIB,6,"CTNNA1P1, CTNNA2, CTNS, MAPK10, MAPK8..."
PICROTOXININ,6,"ARVD3, ARVD4, ASAH1, FOXL2, GLRA1..."
LANIFIBRANOR,6,"BCKDHA, BCKDHB, CCND1, PPARA, PPARD..."
CHEMBL:CHEMBL1546223,6,"ATAD5, ATXN2, BAZ2B, GMNN, SMAD3..."
LAVENDUSTIN C,6,"EHMT2, FEN1, KDM4A, POLI, POLK..."
THIABENDAZOLE,6,"AHR, BRCA1, CYP1A2, HSPA4, SMN1..."
5-HYDROXYTRYPTOPHAN,6,"ALDH1A1, EHMT2, ERCC8, MAPT, RGS4..."
CHEMBL:CHEMBL1459280,6,"ALDH1A1, BAZ2B, HPGD, HSD17B10, PLK1..."
PI3K/BET INHIBITOR LY294002,6,"BRAF, FGFR3, KIT, MTOR, PIK3CA..."
BELZUTIFAN,6,"CYP2C19, EPAS1, HMGB2, PBRM1, UGT2B17..."
BELVARAFENIB,6,"ARAF, BRAF, EFNA2, FAH, NRAS..."
PHENAMIL METHANESULFONATE,6,"BRCA1, GMNN, NFKB1, SMN1, SMN2..."
DIFLORASONE DIACETATE,6,"ANXA1, AR, BDM, NFE2L2, NR3C1..."
DIHYDROSPHINGOSINE,6,"ATP4A, CYP2D6, IDH1, IL6, UBE2N..."
LUMIRACOXIB,6,"CPT2, CYP2C9, HLA-DQA1, HLA-DQB1, HLA-DRB1..."
U0126,6,"BRAF, FGFR3, MAP2K1, PIK3CA, PTEN..."
DIZOCILPINE,6,"ASS1P14, CBX1, GRIN1, GRIN2A, GRIN2B..."
SIPONIMOD,6,"AMT, AMY1B, AMY1C, AMY2A, CYP2C9..."
SL422,6,"DCK, DCR, DCTN1, ECI1, MMP16..."
SKF96365,6,"ATP2A2, ATP2A3, ATP2B1, ATP5BL2, ATP5F1AP2..."
ALCURONIUM,6,"AADAC, AAMP, AANAT, AARS1, CHRM2..."
LEVOFLOXACIN ANHYDROUS,6,"ABCB1, ABCG2, CCL18, GSR, IL6..."
LEVOMILNACIPRAN,6,"CD8B, CD8B2, CD9, HTR2A, SLC6A2..."
CHEMBL:CHEMBL1270169,6,"BAZ2B, CBX1, EHMT2, KDM4A, L3MBTL1..."
LISDEXAMFETAMINE DIMESYLATE,6,"ADRA1A, ADRA1B, SLC18A2, SLC6A2, SLC6A3..."
CHEMBL:CHEMBL1363249,6,"ALDH1A1, BAZ2B, EHMT2, GMNN, KDM4A..."
CHEMBL:CHEMBL609438,6,"APOBEC3F, APOBEC3G, ATAD5, IDH1, NFE2L2..."
CHEMBL:CHEMBL1543865,6,"ADAMTSL4-AS1, BAZ2B, GLP1R, MAPT, POLB..."
THIOTHIXENE,6,"A12M3, AMD1, ATXN2, DRD2, HTR2A..."
ALBENDAZOLE,6,"ATAD5, CYP1A2, CYP2J2, GMNN, HSPB1..."
DITHIOLETHIONE,6,"ALDH1A1, ALOX15, HPGD, KAT2A, PTPN1..."
DITHIAZANINE,6,"FEN1, HTT, POLI, POLK, SMAD3..."
DIPYRITHIONE,6,"AR, EHMT2, HTT, KAT2A, NFE2L2..."
[3H]CGS19755,5,"ASS1P10, ASS1P14, GRIN2A, GRIN2B, GRIN2C"
COMPOUND R-16 [PMID: 21967808],5,"DRD4, DTYMK, EPHA5, FH, FOXG1"
COMPOUND 31 [PMID: 24915291],5,"EEGV1, EFNA1, EFNB2, FGR, TEC"
[3H]BSP,5,"GSTA1, SLCO1A2, SLCO1B3, SLCO1C1, SLCO2B1"
[L-TYR8]CYN 154806,5,"AQP1, AQP2, FAS, FASLG, SHROOM2"
CHEMBL:CHEMBL452954,5,"BRCA1, HPGD, RAB9A, SMN1, SMN2"
CHEMBL:CHEMBL408563,5,"NPC1, RAB9A, SMN1, SMN2, TP53"
GW559768X,5,"KDR, LYN, SRC, TEK, YES1"
GSK-J1,5,"GGTA1, GGTL1, GGTL2, KDM5A, KDM5C"
GSK126,5,"ARID1A, EZH2, MYCN, PBRM1, PIK3CA"
CHEMBL:CHEMBL469309,5,"ALDH1A1, CYP1A2, CYP2C19, HPGD, HSD17B10"
CHEMBL:CHEMBL452157,5,"SSTR1, SSTR2, SSTR3, SSTR4, SSTR5"
R-(+)-METHANANDAMIDE,5,"ALDH1A1, ATP5MC2P1, ATP5PB, TDP1, VDR"
GUANABENZ,5,"ABL1, ABL2, ADRA2A, AOC1, TAAR1"
GTP-14564,5,"DPP6, DPT, DPYD, DPYS, FLT3"
COMPOUND 33 [PMID: 19364658],5,"CTPS1, EIF5AP3, ELF3, ERVT4, TEX28"
CHEMBL:CHEMBL399530,5,"LTK, MAPT, MET, PIM1, YES1"
RACLOPRIDE,5,"A1BG, ABCD1, ALDH1A1, CYP2C19, CYP2D6"
CHEMBL:CHEMBL429335,5,"NPC1, PKM, SMN1, SMN2, TP53"
COMPOUND 43 [PMID: 26751273],5,"AMT, AMY1A, AMY1B, AMY1C, AMY2A"
BMY-7378,5,"A1BG, ABCA4, ABCB7, ABCF1, KCNH2"
NILVADIPINE,5,"AR, CACNA1C, CACNA1D, CACNA1F, CACNA1S"
NOR-BINALTORPHIMINE,5,"APAF1, APOF, EHMT2, NUDT2, OPRK1"
BRADANICLINE,5,"ATF4, CHRNA7, CYP2C19, CYP2E1, CYP3A4"
COMPOUND 15A [PMID: 32069401],5,"ETFB, F5, F7, F7R, PIK3CB"
COMPOUND 14K [PMID: 21982499],5,"DPYS, ELF5, F10, F11, F9"
TOMIVOSERTIB,5,"ELAVL2, ESRRG, FCGR3A, MKNK1, MKNK2"
TORIPALIMAB-TPZI,5,"BRAF, CD274, KIT, NRAS, PIK3CA"
TOLAZOLINE,5,"ABL1, ABL2, ADRA1A, AOC1, DRD2"
CORDYCEPIN,5,"ADA, CCNA2, DNTT, GCG, PRIM1"
NIALAMIDE,5,"CYP3A4, EHMT2, KDM4E, MAOA, MAOB"
NICORANDIL,5,"ABCC9, ASNSP2, CYP2C19, CYP2C9, G6PD"
NILE RED,5,"ATAD5, BRCA1, GPR55, NPC1, RAB9A"
COMPOUND 17 [PMID: 23642479],5,"CELA1, ELANE, ELAVL2, EMD, EML1"
HARMALINE,5,"ATAD5, CYP2D6, HSD17B10, HTT, RECQL"
ATACIGUAT,5,"GUCY1A1, GUCY1A2, GUCY1B1, GUCY1B2, NPR1"
HARMINE HYDROCHLORIDE,5,"ATAD5, CXCL8, EHMT2, NFE2L2, RAD54L"
HARMOL,5,"CYP2D6, EHMT2, HSD17B10, RACGAP1, RAD54L"
RAVOXERTINIB,5,"BRAF, CTNNA1, MAP2K1, MAPK1, MAPK3"
RAPACURONIUM BROMIDE,5,"CHRNA1, CHRNB1, CHRND, CHRNE, CHRNG"
VINCAMINE,5,"AADAC, AAMP, AANAT, AARS1, ATAD5"
CHEMBL:CHEMBL478754,5,"CASP6, FEN1, POLI, RAD52, TDP2"
GSK1070916,5,"AURKB, AURKC, EEF1D, EEF1G, EEF2"
AS101,5,"ABCA2, BIRC5, DAZ1, FAS, IL1R1"
NORGESTIMATE,5,"AR, ATP2A2, ATP2B2, ESR1, PGR"
NOVOBIOCIN,5,"ABCC1, HSP90AA1, HSP90AB1, MYC, TOP2A"
NONIVAMIDE,5,"ALOX15, AR, CYP1A2, CYP2C9, CYP3A4"
CST-17,5,"AQP1, AQP2, FAS, FASLG, SHROOM2"
CU2+,5,"ARVD3, ARVD4, ATP1B1P1, BCAT2, GLRA1"
CPX,5,"ABCA1, ABCA2, AMPD3, AMPH, BIN1"
NEUROPEPTIDE Y,5,"ANXA2P3, ANXA3, ANXA4, ANXA5, APOA4"
NG-25,5,"ELAVL1, EPS15, ERPL1, ERV3-1, MS4A2"
COMPOUND 13AC [PMID: 33256400],5,"DPYS, EPHB1, EPHB2, EPHB3, TYK2"
TOCILIZUMAB,5,"CD69, FCGR3A, GALNT18, HLA-DRB1, IL6R"
TIROFIBAN,5,"FGA, FGB, FGG, ITGA2B, ITGB3"
TIVOZANIB HYDROCHLORIDE,5,"FLT1, FLT4, KDR, KIT, PDGFRB"
TOL-101,5,"TRAC, TRAV29DV5, TRBV20OR9-2, TRBV7-9, TRGV3"
BRILLIANT GREEN OXALATE,5,"CYP1A2, CYP2C19, CYP2C9, EHMT2, USP1"
GSK-1838705A,5,"ALK, DPEP1, DPH1, HBEGF, TEX28"
CHEMBL:CHEMBL460508,5,"ATAD5, NPC1, RAB9A, SMN1, SMN2"
GS9667,5,"ABAT, ABCA1, ABCA2, ABCA3, ADORA1"
"3,4-DIHYDROXYPHENYLACETIC ACID",5,"APEX1, EHMT2, HSD17B10, KDM4A, KDM4E"
"3,5-DINITROCATECHOL (OR-486)",5,"ARSA, CYP2C9, EHMT2, KDM4E, POLK"
QUINESTROL,5,"ATXN2, ESR1, ESR2, GMNN, IDH1"
CHEMBL:CHEMBL483633,5,"ATAD5, NPC1, RAB9A, SMN1, SMN2"
QUESTIOMYCIN B,5,"AHR, AR, CXCL8, IDH1, NFE2L2"
VIPADENANT,5,"ABAT, ABCA1, ABCA2, ABCA3, ADORA2A"
VISILIZUMAB,5,"CD3D, CD3E, CD3G, CTLA4, ITGB2"
GRINIMIBINE,5,"MAPT, NPC1, RAB9A, TARDBP, XBP1"
TEROXIRONE,5,"AR, GMNN, HSPB1, NFE2L2, TP53"
RAMOSETRON HYDROCHLORIDE,5,"HTR3A, HTR3B, HTR3C, HTR3D, HTR3E"
ASNUCICLIB,5,"EGR4, EIF4A1, EIF4EBP2, EIF4G1, KMT2A"
GNE-131,5,"BAK1, BBS1, BBS2, NKX3-2, SCN9A"
BRUCINE N-OXIDE,5,"AADAC, AAMP, AANAT, AARS1, AAVS1"
SU-14813,5,"DPP6, DPT, DPYSL2, DRD1, DRD2"
SUVECALTAMIDE,5,"ATP6AP1, ATP6V0A1, CACNA1G, CACNA1H, CACNA1I"
SUPRASTAT,5,"GAPDHP1, GARS1, GART, GAS1, GDF2"
NAVARIXIN,5,"ACTBP8, ACTBP9, CXCR1, CXCR2, MADCAM1"
NEOSTIGMINE BROMIDE,5,"CYP1A2, CYP2C19, CYP2C9, CYP2D6, CYP3A4"
NEOVASTAT,5,"FGF2, KDR, MMP12, MMP2, MMP9"
BROXYQUINOLINE,5,"HSP90AA1, IDH1, KDM4A, KDM4E, TP53"
BMS-599626,5,"DXO, EGFR, EN1, ERBB2, ERBB4"
NORDEFRIN,5,"APEX1, KDM4E, MAPT, POLK, RECQL"
NOMIFENSINE MALEATE,5,"KCNH2, SENP1, SLC6A2, SLC6A3, SLC6A4"
BREPOCITINIB,5,"EPHB1, EPHB2, EPHB3, JAK1, TYK2"
NECROSTATIN-1,5,"CYP3A4, FANCG, SMN1, SMN2, XCR1"
GLOFITAMAB,5,"CD3D, CD3E, CD3G, GATM, MS4A1"
RASBURICASE,5,"CYB5R1, CYB5R2, CYB5R3, CYB5R4, G6PD"
HIMBACINE,5,"AADAC, AAMP, AANAT, AARS1, AAVS1"
HEXAHYDROSILADIFENIDOL,5,"AADAC, AAMP, AANAT, AARS1, AAVS1"
CHEMBL:CHEMBL405914,5,"ATAD5, GLP1R, MITF, RAB9A, TP53"
CHEMBL:CHEMBL362863,5,"CYP1A2, CYP2C19, CYP2C9, CYP2D6, CYP3A4"
HESPERIDIN,5,"APBA1, BAZ2B, CACNA1B, CTDSP1, HPSE"
CHEMBL:CHEMBL398363,5,"BAZ2B, CYP3A4, HSD17B10, NFE2L2, RACGAP1"
PUMOSETRAG,5,"HTR3A, HTR3B, HTR3C, HTR3D, HTR3E"
HOMOQUINOLINIC ACID,5,"ASS1P10, ASS1P14, GRIN2A, GRIN2B, GRIN2C"
CHEMBL:CHEMBL375563,5,"CASP3, CASP7, CASP8, CASP9, SIRT1"
CHEMBL:CHEMBL375673,5,"ATM, GAA, HPSE, RACGAP1, RAD54L"
CHEMBL:CHEMBL362223,5,"CYP1A2, CYP2C19, CYP2C9, HIF1A, HSD17B10"
AFAMELANOTIDE,5,"ANCR, ANGPT1, ANGPT2, ANK1, MC1R"
AFLIBERCEPT,5,"PGF, PIGF, VEGFA, VEGFB, VEGFC"
CHEMBL:CHEMBL515617,5,"ATXN2, GMNN, IDH1, NFE2L2, SMAD3"
TELITHROMYCIN,5,"AR, CYP3A4, KCNH2, MRPL36, RPSA"
PYRACLOSTROBIN,5,"AR, NFE2L2, RXRA, THRB, TP53"
TENOXICAM,5,"BAZ2B, CYP2C9, KDM4A, PTGS1, PTGS2"
TELAPREVIR,5,"CELA1, CYP24A1, CYP7A1, IFNL3, KRAS"
TELENZEPINE,5,"CYP2C19, CYP2C9, CYP2D6, CYP3A4, EHMT2"
CHEMBL:CHEMBL27768,5,"ATAD5, PRKCA, PRKCD, PRKCE, RASGRP3"
VOLINANSERIN,5,"A12M3, A12M4, HTR2A, HTR2C, KCNH2"
CYSTEAMINE HYDROCHLORIDE,5,"CFTR, EHMT2, MAPT, SST, VDR"
CYTISINE,5,"CHRNA2, CHRNA4, CHRNA7, CHRNB2, CHRNB4"
NVP-AEW541,5,"BRAF, DDIT3, DPH1, PIK3CA, PTEN"
CYCLIC GMP,5,"ARHGAP5, ARHGDIA, COL9A1, COL9A2, COL9A3"
ABATACEPT,5,"CD80, CD86, CTLA4, GLRX, GLS"
NAPHTHOQUINONE,5,"AHR, CASP3, MAOA, MAOB, NFE2L2"
ALLITINIB,5,"DXO, EGFR, EN1, ERBB2, ERBB4"
NS1619,5,"ARF4P1, CYP1A2, CYP2C19, CYP2C9, RHOA"
CHEMBL:CHEMBL261693,5,"AGTR1, GLP1R, KCNH2, PKM, TP53"
VOLASERTIB,5,"EML4, FABP1, PLK1, PML, RET"
HYMECROMONE,5,"AR, CYP1A2, HSD17B10, HSPB1, PPARD"
RECOMBINANT NEUROTROPHIC FACTOR,5,"CXCL2, DDIT3, HMOX1, NOS1, SREBF1"
VMIP-II,5,"ACTA1, ACTA2, ACTBP2, ACTBP5, ACTG1"
RECOMBINANT HUMAN STEM CELL FACTOR,5,"CDKN1A, FCGR3A, MATK, NOP2, RPS19"
VTX-11E,5,"BRAF, CTNNA1, EEF1D, EIF4A1, MAP2K1"
VU0001171,5,"BRCA1, GAA, MAPT, RACGAP1, SLC25A5"
PROTEIN KINASE INHIBITOR,5,"BDNF, DDIT3, PLAU, PTH, PTPRC"
PROTEIN PHOSPHATASE INHIBITOR,5,"APOA1, BAX, CDK2, NFE2L2, SPP1"
2-PHENYLPHENOL,5,"ALDH1A1, HSD17B10, NFE2L2, PPARG, RXRA"
2-BENZOYL-5-METHOXYBENZOQUINONE,5,"HPGD, HSD17B10, MAPT, USP1, VDR"
PSB1115,5,"ABAT, ABCA2, ABCA3, CYP2D6, HSD17B10"
ICA-105665,5,"KCNQ1, KCNQ2, KCNQ3, KCNQ4, KCNQ5"
CHEMBL:CHEMBL260028,5,"NPC1, RAB9A, SMN1, SMN2, TP53"
CHEMBL:CHEMBL258465,5,"CYP1A2, CYP2C19, CYP2C9, CYP2D6, HSD17B10"
GLICLAZIDE,5,"ABCC8, G6PD, KCNJ1, KCNJ11, KDM4A"
CHEMBL:CHEMBL525826,5,"ATAD5, HTT, KCNH2, SMAD3, TAAR1"
PTC299,5,"ALOX5, FLT1, FLT4, KDR, VEGFA"
HYPERBARIC OXYGEN,5,"BAX, BCL2, BDNF, HIF1A, RTN4"
HYDROXYSTILBAMIDINE ISETHIONATE,5,"KDM4E, POLB, RACGAP1, RAD52, UBE2N"
ARISTOLOCHIC ACID,5,"BRAFPS1, FOXL2, MAPT, NFE2L2, ZFP36L2"
GINKGO BILOBA EXTRACT,5,"ABCB1, APOE, CYP2D6, NOS1, THBD"
BMS-911543,5,"EPHB1, EPHB2, EPHB3, JAK2, TYK2"
DAPIPRAZOLE,5,"ABCA4, ADRA1A, ADRA1B, ADRA1D, DRD2"
DAROTROPIUM BROMIDE,5,"CHRM1, CHRM2, CHRM3, CHRM4, CHRM5"
DASOLAMPANEL,5,"GRIA1, GRIA2, GRIA3, GRIA4, GRIK1"
ALVERINE CITRATE,5,"CYP1A2, CYP2D6, KDM4A, KDM4E, PLIN1"
ODRONEXTAMAB,5,"CD3D, CD3E, CD3G, GATM, MS4A1"
COMPOUND 11 [PMID: 26431428],5,"CTNNA1P1, CTNNA2, ERBB3, ERCC2, ERCC4"
NAPHAZOLINE,5,"ABCB7, ABL1, ABL2, CYP2D6, DRD2"
NAFRONYL OXALATE,5,"BAZ2B, CYP3A4, JUN, KDM4A, KDM4E"
RESINIFERATOXIN,5,"ALDH7A1P2, ATP5F1BP1, ITGAL, NOS1, TRPV1"
CHEMBL:CHEMBL528791,5,"GLP1R, GMNN, IDH1, SLC5A7, SMAD3"
ARTEMETHER,5,"ATP1A1, CYP2A6, CYP2B6, CYP3A4, CYP3A5"
3-HYDROXYBENZYLHYDRAZINE,5,"CNTFR, CYP1A2, CYP3A4, KDM4E, PKM"
3-[(3-(2-CARBOXYETHYL)-4-METHYLPYRROL-2-YL)METHYLENE]-2-INDOLINONE,5,"DPP6, DPYSL2, DRD2, FGFR3, IGF2"
RETASPIMYCIN HYDROCHLORIDE,5,"ALK, GRIN2C, HSP90AA1, HSP90AA2P, HSP90AB1"
CHEMBL:CHEMBL530361,5,"ATAD5, HTT, IDH1, NFE2L2, TSHR"
VERICIGUAT,5,"GUCY1A1, GUCY1A2, GUCY1B1, GUCY1B2, GUCY2D"
CHEMBL:CHEMBL530609,5,"ATAD5, GLP1R, IDH1, NPC1, RAB9A"
RESCINNAMINE,5,"ACE, EHMT2, GMNN, KDM4A, SLC18A2"
RECOMBINANT TRANSFORMING GROWTH FACTOR-BETA-2,5,"COL1A2, CSF2, MAPK14, PTH, TGFBR3"
CHEMBL:CHEMBL260451,5,"ATAD5, GLP1R, NPC1, NR0B1, TP53"
VINPOCETINE,5,"COL7A1, COL8A2, DRD1, EHMT2, KCNH2"
TETRABENAZINE,5,"ABCB1, CDH12P2, CDH13, CYP2D6, SLC18A2"
GALUTEOLIN,5,"KDM4A, L3MBTL1, POLH, POLI, POLK"
GDC-0879,5,"BRAF, EFNA2, MAP2K1, NRAS, PTEN"
IL-5,5,"ADAMTSL4-AS1, CD9, DFNB14, FCGR2B, MYC"
IL-10,5,"ALK, CYB5R3, HSPB2, OSM, PTGER1"
PROPYLPARABEN,5,"ALDH1A1, AR, ESR1, NFE2L2, PPARG"
TAS-117,5,"AKT1, AKT2, AKT3, PIK3CA, PTEN"
AVAPRITINIB,5,"CBL, DPT, FLT3, KIT, PDGFRA"
ALVIMOPAN ANHYDROUS,5,"APAF1, APOF, NUDT2, OPN4, OPRM1"
ALOSETRON HYDROCHLORIDE,5,"CASP6, HTR3A, SENP8, SLC5A7, USP1"
SRIF-14,5,"AQP1, AQP2, FAS, FASLG, SHROOM2"
N-ETHYLMALEIMIDE,5,"ANXA2, EHMT2, GMNN, SENP2, THPO"
N-CHLOROMETHYL-BRUCINE,5,"AADAC, AAMP, AANAT, AARS1, AAVS1"
BUPRANOLOL,5,"ABO, ABR, ACAA1, ADRB1, ADRB2"
COBICISTAT,5,"CYP3A, CYP3A4, CYP3A43, CYP3A5, CYP3A7"
DEBIO-1347,5,"DPP6, DPYSL2, DPYSL3, DR1, SLC26A3"
DAPRODUSTAT,5,"EGLN1, EGLN2, EGLN3, P4HTM, RAB4B-EGLN2"
TRANDOLAPRIL,5,"ACE, CES1, DAPK3, GRK5, PTPRD"
TOVORAFENIB,5,"ARAF, BRAF, EFNA2, RAF1, ZHX2"
CHEMBL:CHEMBL535307,5,"IDH1, NFE2L2, PAX8, RACGAP1, SMAD3"
CHEMBL:CHEMBL532160,5,"ATXN2, EHMT2, GMNN, IDH1, NTSR1"
FURAMIDINE,5,"FEN1, HSD17B10, POLI, POLK, PRMT1"
FURIN INHIBITOR PEPTIDE,5,"FRA1G, FRA3A, FRA3C, FRA3D, PCSK5"
TARLOXOTINIB,5,"DXO, EGFR, ERBB2, ERBB3, ERBB4"
AGROCLAVINE,5,"CYP2D6, DRD3, EHMT2, MAPT, VDR"
AFDX384,5,"AADAC, AAMP, AANAT, AARS1, AAVS1"
CHEMBL:CHEMBL538104,5,"BAZ2B, EHMT2, KDM4A, MAPT, TRPC5"
INDIGO,5,"APEX1, EHMT2, MAPT, NFE2L2, POLI"
IH636 GRAPE SEED PROANTHOCYANIDIN EXTRACT,5,"CALCA, NOS1, PIK3CB, PIK3CG, WT1"
FRAXETIN,5,"ALOX15, FEN1, HSD17B10, KDM4A, POLK"
PROCARBAZINE,5,"ALOX15, BAX, CSF2, CYP1A2, EPM2AIP1"
INDAPAMIDE,5,"APEX1, KCNE1, KCNQ1, SLC12A3, TRIB3"
CHEMBL:CHEMBL546649,5,"APBA1, BRCA1, CACNA1B, KDM4A, RECQL"
CHEMBL:CHEMBL547269,5,"EHMT2, KCNH2, NFE2L2, POLB, RECQL"
PROPANTHELINE BROMIDE,5,"APEX1, CHRM1, CHRM2, CHRM3, NFE2L2"
CHEMBL:CHEMBL544115,5,"DRD3, GFER, KCNH2, KDM4E, MPHOSPH8"
G&OUML; 6983,5,"CTAA1, CTAA2, CTAG1B, CTH, NKX2-5"
CHEMBL:CHEMBL2094652,5,"ALPG, ALPI, ALPL, ATAD5, KDM4E"
FROVATRIPTAN,5,"A1BG, A2M, A2MP1, HTR1B, HTR1D"
FUROXAN,5,"ALDH1A1, CYP1A2, CYP3A4, THPO, TP53"
REVAMILAST,5,"COL10A1, PDE4A, PDE4B, PDE4C, PDE4D"
VU0255035,5,"AADAC, AAMP, AANAT, AARS1, AAVS1"
NABIXIMOLS,5,"ABCB1, FAAH, OPRM1, TRPV1, UGT2B7"
MUSCARINIC TOXIN 7,5,"AADAC, AAMP, AANAT, AARS1, AAVS1"
BW723C86,5,"A12M3, A12M4, ATXN2, HTR2C, MTOR"
DECAMETHONIUM BROMIDE,5,"CHRNA1, CHRNB1, CHRND, CHRNE, CHRNG"
OLANZAPINE PAMOATE,5,"DRD2, DRD3, DRD4, HTR2A, HTR2C"
"(1S,3R)-ACPD",5,"ANPEP, ANTP2, GRM6, GRM8, SLC25A4"
ST-1535,5,"ABAT, ABCA1, ABCA2, ABCA3, ADORA2A"
SR9011,5,"BCL2, BCL2A1, HRAS, NR1D1, NR1H3"
DEFERIPRONE,5,"BAZ2B, EHMT2, GTF2E1, KDM4A, KDM4E"
[125I]TYR10-CST14,5,"AQP1, AQP2, FAS, FASLG, SHROOM2"
[125I]LTT-SRIF-28,5,"AQP1, AQP2, FAS, FASLG, SHROOM2"
RIPRETINIB,5,"CYP3A4, DPT, KIT, PDGFRA, PDGFRB"
FORMOTEROL FUMARATE,5,"ABO, ABR, ADRB2, CYP2C19, CYP2D6"
AZASERINE,5,"AR, KDM4A, NTS, SMOX, VIP"
"4-HYDROXY-3,5-DIMETHYL-5-(2-METHYL-BUTA-1,3-DIENYL)-5H-THIOPHEN-2-ONE",5,"APEX1, MPHOSPH8, POLB, POLH, RECQL"
VBY-825,5,"CTSF, FNTBL1, FOLR2L, FOLR3, FOS"
CHEMBL:CHEMBL2094567,5,"BAZ2B, NFE2L2, OPRK1, SNCA, TARDBP"
CHEMBL:CHEMBL577660,5,"ALDH1A1, ATAD5, NFE2L2, NOD2, TSHR"
PRAMIPEXOLE,5,"ABCD1, ALDH1A1, DRD2, DRD3, DRD4"
CHEMBL:CHEMBL546493,5,"ATAD5, ATXN2, IDH1, NPSR1, SMAD3"
PRELADENANT,5,"ABAT, ABCA1, ABCA2, ABCA3, ADORA2A"
PRALICIGUAT,5,"GUCY1A1, GUCY1A2, GUCY1B1, GUCY1B2, UGCG"
AZD1208,5,"F10, F11, F9, JAK2, PIM2"
CHEMBL:CHEMBL547483,5,"BAZ2B, CBX1, EHMT2, KCNH2, KDM4A"
FLUOCINOLONE ACETONIDE,5,"AR, BDM, NR3C1, PLA2G4A, TNF"
IRL 2500,5,"ALDH1A3, CASP7, CYP2C19, KAT2A, USP1"
PREGNENOLONE SULPHATE,5,"ARVD3, ASAH1, ATP2B4, ATP4A, GLRA1"
RIMEXOLONE,5,"ANXA1, ESRRA, NFE2L2, NR3C1, SERPINA6"
ARASERTACONAZOLE,5,"CYP1A2, CYP2C19, CYP2C9, CYP2D6, CYP3A4"
IPEROXO,5,"AADAC, AAMP, AANAT, AARS1, AAVS1"
IPH-2101,5,"KIR2DL1, KIR2DL2, KIR2DL3, KIR2DS1, KIR2DS2"
IPA-3,5,"CBX1, EHMT2, EXT3, RGS4, VDR"
CHEMBL:CHEMBL1984884,5,"BAZ2B, EHMT2, KDM4E, L3MBTL1, MAPT"
ISOCONAZOLE,5,"BAZ2B, EHMT2, GMNN, IDH1, PPARD"
MRS3558,5,"ABAT, ABCA1, ABCA2, ABCA3, ADORA3"
[3H]CGP61594,5,"ASS1P10, ASS1P14, GRIN2A, GRIN2B, GRIN2C"
[3H]CPP,5,"ASS1P10, ASS1P14, GRIN2A, GRIN2B, GRIN2C"
MS023,5,"CMTX3, CNA1, CNC2, CNGA1, PRMT1"
DEMETHYLWEDELOLACTONE,5,"MAPK1, MAPK3, MMP2, MMP9, NFKBIA"
MPDT,5,"A1BG, A2MP1, NAT2, NATP, SERPINA3"
[3H]CGP39653,5,"ASS1P10, ASS1P14, GRIN2A, GRIN2B, GRIN2C"
DERENOFYLLINE,5,"ABAT, ABCA1, ABCA2, ABCA3, ADORA1"
DEQUALINIUM CHLORIDE,5,"AR, CYP3A4, EHMT2, MPHOSPH8, POLB"
DELAVIRDINE,5,"ABCB1, ABCC1, ABCC2, ABCC3, ABCG2"
BUTAPROST,5,"PTGER1, PTGER2, PTGER3, PTGER4, PTGFR"
N-BENZYL BRUCINE,5,"AADAC, AAMP, AANAT, AARS1, AAVS1"
OMACETAXINE MEPESUCCINATE,5,"ABL1, BCR, BIRC5, FLT3, TERT"
OLEANOLIC ACID,5,"ACADVL, AKR1B10, GSK3B, HOXD1, PTPN1"
DECAVANADATE,5,"ATP1B3P1, ATP4B, ITPR1, MPPED2, MYRF"
DECERNOTINIB,5,"EPHB1, EPHB2, EPHB3, JAK1, JAK3"
FLUNARIZINE DIHYDROCHLORIDE,5,"ATM, CACNA1H, GMNN, HIF1A, RCE1"
THIOGUANOSINE,5,"EHMT2, IDH1, KDM4A, PAX8, PLK1"
AQ-RA 741,5,"AADAC, AAMP, AANAT, AARS1, AAVS1"
RIVICICLIB,5,"CDK1, CDK4, CDK9, EGR4, EIF4G1"
RO3280,5,"AR, ENG, FABP1, FGFR4, PPARD"
PONESIMOD,5,"AMT, AMY1B, AMY1C, AMY2A, S1PR1"
AZD3463,5,"ALK, DPH1, EML4, HBEGF, ROS1"
CHEMBL:CHEMBL1998001,5,"ATAD5, BRCA1, GMNN, IDH1, RAB9A"
CHEMBL:CHEMBL563919,5,"NPC1, RAB9A, SMN1, SMN2, TP53"
FLUAZINAM,5,"AR, EYA2, NR1H4, SMAD3, VDR"
CHEMBL:CHEMBL548017,5,"GMNN, IDH1, MAPT, RGS4, UBE2N"
POTASSIUM DICHROMATE,5,"APEX1, NR3C1, RECQL, RORC, TP53"
FINGOLIMOD LAURYL SULFATE,5,"S1PR1, S1PR2, S1PR3, S1PR4, S1PR5"
FINGOLIMOD-PHOSPHATE,5,"AMT, AMY1A, AMY1B, AMY1C, AMY2A"
BIM 23052,5,"AQP1, AQP2, FAS, FASLG, SHROOM2"
ONONIN,5,"ATAD5, BRCA1, NPC1, RAB9A, TP53"
BIM 23627,5,"AQP1, AQP2, FAS, FASLG, SHROOM2"
ORPHENADRINE,5,"GRIN1, GRIN2D, GRIN3A, GRIN3B, HRH1"
ONVANSERTIB,5,"DPYS, FABP1, FABP2, FABP3, PLK1"
C-1311,5,"FLT3, NQO2, TOP1, TOP2A, TOP2B"
BX-912,5,"CTSO, DRD2, EIF4A1, EIF5AP3, SLC29A1"
MONOMETHYL FUMARATE,5,"ANXA13, CSF2, ITGAL, ITGB2, KEAP1"
SPARSENTAN,5,"ACADM, AGTR1, AGTR2, ALDH1B1, EDNRA"
ONTERNABEZ,5,"ARVD3, ARVD4, CNR2, GLRA1, GLRA2"
(-)-U-50488,5,"CYP2C19, CYP2D6, CYP3A4, EHMT2, TSHR"
CADONILIMAB,5,"CD274, CTLA4, GLRB, GM2A, PDCD1"
BZATP,5,"APEH, ATP1A3, ATP1A4, ATP1B1, ATP1B3P1"
ISTIRATUMAB,5,"DPAGT1, DPH1, ERBB3, IGF1R, MTOR"
ISTRADEFYLLINE,5,"ABAT, ABCA1, ABCA2, ABCA3, ADORA2A"
FINGOLIMOD HYDROCHLORIDE,5,"S1PR1, S1PR2, S1PR3, S1PR4, S1PR5"
CHEMBL:CHEMBL198759,5,"ATAD5, CYP3A4, SMN1, SMN2, TP53"
FK-453,5,"ABAT, ABCA1, ABCA2, ABCA3, ADORA1"
CHEMBL:CHEMBL580183,5,"ATAD5, EHMT2, IDH1, MAPK1, MAPT"
CHEMBL:CHEMBL580155,5,"BAZ2B, CBX1, GAA, KDM4A, MAPT"
JNJ-28312141,5,"DPT, DPYD, DPYS, DRD5P1, EPHX2"
RIPASUDIL,5,"CSTB, CTPS1, CTRB1, ROCK1, ROCK2"
RISEDRONIC ACID,5,"BLVRA, EHMT2, FDPS, IL1B, TNFRSF11B"
RIOCIGUAT,5,"GUCY1A1, GUCY1A2, GUCY1B1, GUCY1B2, GUCY2D"
VACTOSERTIB,5,"CD274, DNMT3A, TGFB1, TGFBR1, TRDMT1"
URB597,5,"ATP1B1P1, CRMP1, CRP, FAAH, MGLL"
JWH015,5,"ADCY3, CNR2, CYP1A2, CYP2C19, TSHR"
UZANSERTIB,5,"F10, F11, F9, JAK2, PIM1"
K-252A,5,"AADAC, BDNF, CTSV, DRD5P1, NPY"
AZD7648,5,"ATM, F5, F7R, GOLGA1, TP53"
AZD7762,5,"CHEK1, CHEK2, EIF5AP3, FBXW7, TP53"
FERULIC ACID,5,"APP, CA1, CA12, CA2, CA6"
FENOTEROL,5,"ABO, ABR, ACAA1, ADRB2, SLC22A1"
FEPRAZONE,5,"AR, GMNN, HSPB1, NFE2L2, VDR"
FENOFIBRIC ACID,5,"BTS1, FABP1, PPARA, PPARD, PPARG"
APRATASTAT,5,"ADAM17, DBP, DCR, DDX10, MMP13"
RO4929097,5,"FRA6B, NOTCH1, NOTCH2, NOTCH3, NOTCH4"
CLOROPHENE,5,"AR, HPGD, NFE2L2, RXRA, TARDBP"
MK-0752,5,"APH1A, APH1B, GLUL, NOTCH1, NOTCH2"
AM-630,5,"ALDH1A1, CNR2, CYP1A2, CYP3A4, TSHR"
CITRIC ACID,5,"ALDH1A1, KDM4A, NFE2L2, PKD2L1, PLIN1"
CLOPROSTENOL,5,"APOB, APOBER1, APOC1P1, APOC2, APOC4"
SOLCITINIB,5,"EPHB1, EPHB2, EPHB3, JAK1, TYK2"
AM-6120,5,"BAX, BBS1, BBS2, BBS4, SCN9A"
CANERTINIB DIHYDROCHLORIDE,5,"AKT1, CXCL8, EGFR, ERBB2, ERBB4"
ML381,5,"AADAC, AAMP, AANAT, AARS1, AAVS1"
MK-571,5,"ABCC1, ABCC2, AMHR2, USP1, VDR"
CLOFAZIMINE,5,"CBX1, CYP2D6, EHMT2, EYA2, KDM4A"
CLOCORTOLONE,5,"ANXA1, AR, NFE2L2, NR3C1, PLA2G1B"
CLOBETASOL PROPIONATE,5,"AR, BDM, ITGAL, NPSR1, NR3C1"
CHEMBL:CHEMBL579919,5,"ATAD5, FEN1, KDM4A, POLB, TAAR1"
ROEMERINE,5,"APAF1, CASP6, CASP7, POLB, RAB9A"
CHEMBL:CHEMBL581251,5,"BAZ2B, EHMT2, FEN1, GNAS, KDM4A"
CHEMBL:CHEMBL581194,5,"ATAD5, IDH1, KCNH2, MAPK1, TSHR"
CHEMBL:CHEMBL580819,5,"ATXN2, GMNN, POLB, POLH, PTK2B"
4-(3-PYRIDIN-2-YL-1H-PYRAZOL-4-YL)QUINOLINE,5,"CSNK1D, CSNK1E, DNMT3A, GAK, TGFBR1"
VADADUSTAT,5,"CXCR3, EGLN1, EGLN2, EGLN3, NPBWR2"
FENOLDOPAM BROMIDE,5,"BLM, EHMT2, KCNH2, POLI, RECQL"
FENOPROFEN,5,"CD5L, COX8A, CPT1B, PTGS1, PTGS2"
CHEMBL:CHEMBL583578,5,"ATAD5, NPC1, RAB9A, SMN1, SMN2"
"4-{2-[(7-AMINO-2-FURAN-2-YL[1,2,4]TRIAZOLO[1,5-A][1,3,5]TRIAZIN-5-YL)AMINO]ETHYL}PHENOL",5,"ABAT, ABCA1, ABCA2, ABCA3, CYP3A4"
PPADS,5,"AIRE, APBB2, APCS, ATP1B1, BIRC2"
POLYETHYLENE GLYCOL 4000,5,"AFP, CYP2E1, GUCA2B, TG, UOX"
FESOTERODINE,5,"CHRM1, CHRM2, CHRM3, CYP2D6, CYP3A4"
BINODENOSON,5,"ABAT, ABCA1, ABCA2, ABCA3, ADORA2A"
BINTRAFUSP ALFA,5,"CD274, PDCD1, TGFB1, TGFB2, TGFB3"
BINETRAKIN,5,"CXCL8, DOCK10, IL6, PTGER1, SLAMF6"
SOMATOSTATIN,5,"SSTR1, SSTR2, SSTR3, SSTR4, SSTR5"
SOTRASTAURIN ACETATE,5,"GNA11, GNAQ, PRKCA, PRKCB, PRKCQ"
SORBINIL,5,"AKR1B1, GNA12, NFKB1, NFKB2, RELA"
CALMODULIN,5,"COL7A1, COL8A1, COL8A2, CYP2A13, MYLK"
TRICIRIBINE,5,"AKT1, AKT2, AKT3, CTNNB1, NFE2L2"
CLINDAMYCIN,5,"CYP3A5, HLA-B, MRPL36, NR1I2, RPSA"
SOTAGLIFLOZIN,5,"CD3D, CD3E, SLC5A1, SLC5A2, SLC5A4"
BIM 23454,5,"AQP1, AQP2, FAS, FASLG, SHROOM2"
DEXPROPRANOLOL,5,"CD40LG, CYP1A2, CYP2C9, CYP2D6, TSHR"
DEXRAZOXANE,5,"CP, DPYS, MAPK8, TOP2A, TOP2B"
(RS)-(TETRAZOL-5-YL)GLYCINE,5,"ASS1P10, ASS1P14, GRIN2A, GRIN2B, GRIN2C"
OSPEMIFENE,5,"BCYRN1P2, CYP2B6, CYP2C9, ESR1, ESR2"
OSAJIN,5,"ALDH1A1, ATXN2, EHMT2, MAPT, SMAD3"
SPLITOMICIN,5,"CYP1A2, CYP2C19, CYP2C9, GJB3, HSD17B10"
ZOXAZOLAMINE,5,"CYP1A2, CYP2C19, CYP2C9, CYP2D6, CYP3A4"
KE 108,5,"AQP1, AQP2, FAS, FASLG, SHROOM2"
KO-947,5,"BRAF, EPHB2, MAPK1, MAPK3, NRAS"
FENDILINE HYDROCHLORIDE,5,"AR, ATXN2, CYP3A4, GMNN, GPR55"
AZD7325,5,"ANK2, ARNT, BMAL1, GABRA2, GABRA3"
L 755507,5,"ACAA1, ALOX15, CYP3A4, GBA1, MAPT"
CHEMBL:CHEMBL584269,5,"ATAD5, GLP1R, IDH1, KDM4A, NFE2L2"
PITAVASTATIN,5,"CYP2C9, CYP3A4, CYP3A5, HLA-DRB1, HMGCR"
PITOLISANT,5,"AMD1, AMD1P2, AMELX, CYP2D6, HRH3"
PIRACETAM,5,"ASPH, ASS1, ASS1P2, GRIA1, GRIA3"
"2,3-DIHYDROXY-6,7-DICHLOROQUINOXALINE",5,"CYP1A2, GBA1, HSD17B10, SMN1, SMN2"
ROPIVACAINE,5,"BBS1, CYB5R3, CYP3A4, G6PD, SCN10A"
FARNESYL DIPHOSPHATE,5,"ACVRL1, ADH1A, AMPH, BIN1, BLK"
CHEMBL:CHEMBL1569494,5,"ATAD5, GLP1R, GMNN, MAPT, TARDBP"
CHEMBL:CHEMBL1549738,5,"ALDH1A1, ATXN2, GLP1R, GMNN, VDR"
MK-0873,5,"COL10A1, PDE4A, PDE4B, PDE4C, PDE4D"
MK-5108,5,"AURKA, AURKB, EEF1D, EEF1G, EEF2"
[125I]CGP 23996,5,"AQP1, AQP2, FAS, FASLG, SHROOM2"
TRIBUTYLTIN-OXIDE,5,"AR, NFE2L2, PPARD, RXRA, VDR"
TRIBUTYRIN,5,"ANPEP, FOXL2, LDLR, RARA, XRCC5"
DIFENOCONAZOLE,5,"AR, NFE2L2, NR1H4, PPARD, RXRA"
DIETHYLCARBAMAZINE CITRATE,5,"AR, EHMT2, KDM4A, KDM4E, NFE2L2"
"DIBENZ[A,H]ANTHRACENE",5,"AHR, HIF1A, NFE2L2, THRB, TP53"
TREQUINSIN HYDROCHLORIDE,5,"AR, CYP3A4, EHMT2, MAPK1, MPHOSPH8"
7-HYDROXY ISOFLAVONE,5,"BRCA1, NPC1, RAB9A, SMN1, SMN2"
DICHLORPHENAMIDE,5,"CA1, CA12, CA2, CA4, GAPDH"
SOYBEAN SEED OIL,5,"APOE, GHRH, LEP, SLC2A4, UCP2"
DIFAMILAST,5,"COL12A1, PDE4A, PDE4B, PDE4C, PDE4D"
DIBUCAINE HYDROCHLORIDE,5,"GMNN, KDM4E, NFE2L2, SCN10A, SCN5A"
DIBUTYLDICHLOROSTANNANE,5,"AR, NFE2L2, NR3C1, PPARD, RXRA"
DIDS,5,"BUB1B, BVR1, BYSL, C1QBP, TSPO"
L-TRP-TRP-TRP,5,"BMPR2, BRCA2, FOXL2, POLR3D, TAS2R46"
XANTHOANGELOL B,5,"CASP3, GMNN, SENP6, SENP7, SENP8"
X-82,5,"FLT1, FLT4, KDR, PDGFRA, PDGFRB"
XL-418,5,"AKT1, AKT2, AKT3, RPS6KB1, RPS6KB2"
CHEMBL:CHEMBL1520346,5,"APOBEC3F, APOBEC3G, GMNN, HCRTR1, TLR9"
CHEMBL:CHEMBL1522984,5,"ATAD5, NPC1, RAB9A, TARDBP, TP53"
"L-732,138",5,"AQP3, CYP2C19, CYP2C9, CYP3A4, USP1"
ALANINE,5,"ABAT, ACP3, SLC38A1, SLC38A2, SLC38A4"
TANUXICICLIB,5,"CDK4, EGR4, EIF4A1, EIF4E, EIF4EBP1"
TALABOSTAT,5,"CSF3, DAPK1, FAP, FPGS, FPR1"
"L-362,855",5,"AQP1, AQP2, FAS, FASLG, SHROOM2"
CHEMBL:CHEMBL1588679,5,"GMNN, HIF1A, HTT, IDH1, MAPT"
CHEMBL:CHEMBL151797,5,"ALDH1A1, ALOX15, HSD17B10, KDM4A, PLK1"
EXARAFENIB,5,"BRAF, EEF1B2, EFNA2, FAH, NRAS"
EVANS BLUE,5,"ALB, GLS, KAT2A, POLK, USP1"
PIK-75,5,"F5, F7, F7R, GOLGA1, PIK3CB"
ROVELIZUMAB,5,"FRA12D, FRA13D, ITGAL, ITGAM, ITGB2"
ROLOFYLLINE,5,"ABAT, ABCA1, ABCA2, ABCA3, ADORA1"
MIRABEGRON,5,"ABO, ABR, ACAA1, ADRB3, CYP2D6"
CILENGITIDE,5,"BCL2, ITGA5, ITGAV, ITGB3, ITGB5"
CIRAZOLINE,5,"ABCA4, ABCB7, ABCF1, CYP2D6, THRB"
OTENZEPAD,5,"AADAC, AAMP, AANAT, AARS1, AAVS1"
AMBRISENTAN,5,"ALDH1A3, ALDH1B1, CYP2C19, EDNRA, EDNRB"
AMBUNOL,5,"ALDH1A1, CBX1, HPGD, KDM4A, PLK1"
AMIFOSTINE ANHYDROUS,5,"ALPG, GSR, MYC, SMAD2, TGFB1"
MIVACURIUM CHLORIDE,5,"CHRNA1, CHRNB1, CHRND, CHRNE, CHRNG"
MIVAVOTINIB,5,"DPYS, DRD2, EPHB3, FDX1, FKBP1AP4"
TAK-593,5,"FLT1, FLT4, KDR, PDGFRA, PDGFRB"
PIPERTRAMINE,5,"CHRM1, CHRM2, CHRM3, CHRM4, CHRM5"
PIPERTRAMINE AMIDE,5,"CHRM1, CHRM2, CHRM3, CHRM4, CHRM5"
PIPAMPERONE,5,"A12M3, A1BG, A2M, A2MP1, AMD1"
S 16924,5,"A12M3, A12M4, A1BG, HTR1A, HTR2C"
L689560,5,"ASS1P14, CYP2D6, GRIN2A, GRIN2B, GRIN2C"
BALOVAPTAN,5,"A12M4, ABCC6, AQP9, ARAF, AVPR1A"
FALNIDAMOL,5,"DXO, EGFR, EN1, GMNN, YES1"
17-OCTADECYNOIC ACID,5,"CYP1A2, CYP2C9, CYP4F2, HSD17B10, KAT2A"
PIPECURONIUM BROMIDE,5,"CHRNA1, CHRNB1, CHRND, CHRNE, CHRNG"
LANSOPRAZOLE SULFIDE,5,"CYP1A2, CYP2C19, CYP2C9, CYP2D6, CYP3A4"
LAPACHOL,5,"MAPT, SMN1, SMN2, USP1, VDR"
ETRASIMOD,5,"AMT, AMY1C, AMY2A, CYP2C9, S1PR1"
ETHYLISOPROPYLAMILORIDE,5,"ABL1, BST2, CYP1A2, PAX8, PKD2L1"
THYMIDINE,5,"ABCC1, CHEK1, SLC28A1, SLC28A2, SLC2A1"
CHEMBL:CHEMBL1530911,5,"ATAD5, CREBBP, GMNN, IDH1, SMAD3"
WNY0824,5,"BRD3, EFNA3, EFNA4, FABP1, GCLC"
CATUMAXOMAB,5,"CD3D, CD3E, CD3G, EPCAM, GLRA2"
CARNOSIC ACID,5,"ALDH1A1, EHMT2, HPGD, MAPT, VDR"
SODIUM NITROPRUSSIDE,5,"GUCY1A1, GUCY1A2, GUCY1B1, GUCY1B2, UGCG"
MILTIRONE,5,"ABCB1, MAPK11, MAPK12, MAPK13, MAPK14"
METHYLFURMETHIDE,5,"AADAC, AAMP, AANAT, AARS1, KAT2A"
CILOBRADINE,5,"ARL1, ARL2, ARL3, MALAT1, PHOX2A"
CARIPRAZINE,5,"ABCD1, ALDH1A1, CYP2D6, DRD2, DRD3"
BILIRUBIN,5,"HSD17B10, MAPT, SOD2, UGT1A, UGT1A1"
DIFLUNISAL,5,"DHFR, HSD17B10, NFE2L2, PTGS1, PTGS2"
PICIBANIL,5,"CD80, FCGR3A, FCGR3B, PLG, TNF"
CHEMBL:CHEMBL587856,5,"ATAD5, BLM, EHMT2, SMN1, SMN2"
CHEMBL:CHEMBL585654,5,"GMNN, MAPT, PLK1, TRHR, TSG101"
ETRAVIRINE,5,"ABCB1, ABCC3, ABCG2, CYP2C19, ERVW-4"
CHEMBL:CHEMBL1489812,5,"ALDH1A1, EHMT2, KDM4C, PLK1, VDR"
CHEMBL:CHEMBL1509103,5,"FEN1, GLP1R, GMNN, RAD52, RAD54L"
CHEMBL:CHEMBL1442783,5,"ALDH1A1, BAZ2B, EHMT2, KDM4A, MITF"
BAFETINIB,5,"ABCB1, ABL1, EPS15, LYN, PDGFRB"
ANTINEOPLASTIC VACCINE,5,"BIRC5, CD40LG, CD80, EPCAM, MLANA"
CHEMBL:CHEMBL586000,5,"BAZ2B, CBX1, GMNN, KDM4A, MAPT"
BATRACHOTOXIN,5,"BAK1, BARD1, BBS2, BBS4, SCN9A"
CHEMBL:CHEMBL1397308,5,"CYP3A4, HSD17B10, MAPT, THRB, TP53"
ETONOGESTREL,5,"AR, CYP3A7, ESR1, NR1I2, PGR"
LERCANIDIPINE HYDROCHLORIDE,5,"AR, CACNA1C, CACNA1D, CACNA1F, CACNA1S"
LAVENDUSTIN A,5,"EHMT2, MAPT, POLK, SRC, VDR"
CHEMBL:CHEMBL587259,5,"CYP1A2, CYP2C19, CYP2D6, CYP3A4, HSD17B10"
CHEMBL:CHEMBL590168,5,"ATXN2, EHMT2, IDH1, RAD52, RAD54L"
LAZERTINIB,5,"DRD2, DXO, EGFR, EPHB3, FDX1"
CHEMBL:CHEMBL1477383,5,"CYP1A2, HSD17B10, RAB9A, SMN1, SMN2"
ETILEVODOPA,5,"DRD1, DRD2, DRD3, DRD4, DRD5"
ETHOSUXIMIDE,5,"CACNA1G, CACNA1H, CACNA1I, CYP3A4, SCN1A"
LB-100,5,"PPP2CA, PPP2CB, PPP5C, PTPA, TP53"
CHEMBL:CHEMBL587620,5,"BRCA1, MAPT, MTOR, RAD52, TP53"
9-ANTHROIC ACID,5,"BTS1, C1QBP, CYP1A2, HSD17B10, JUN"
TIZATERKIB,5,"BRAF, CTNNA1, KRAS, MAP2K1, NRAS"
CHLORPYRIFOS,5,"CYP3A4, NFE2L2, PLK1, TDP1, VDR"
P-F-HHSID,5,"AADAC, AAMP, AANAT, AARS1, AAVS1"
CICLOPIROX OLAMINE,5,"AR, BAZ2B, HSP90AA1, IDH1, KDM4E"
CHRYSOPHANOL,5,"ALDH1A1, APEX1, NFE2L2, RECQL, VDR"
DIHYDROTANSHINONE I,5,"MAPK11, MAPK12, MAPK13, MAPK14, VDR"
DILAZEP,5,"ATAD5, CHI3L2, CYP3A4, NFE2L2, THPO"
TIRBANIBULIN,5,"FLT3, LCK, MS4A2, PTEN, SRC"
TIMOLOL,5,"ABO, ABR, ADRB1, ADRB2, CYP2D6"
METYRAPONE,5,"CPA3, CPB1, CYP11B1, CYP3A4, NR1I2"
METRELEPTIN,5,"AGPAT2, BSCL2, LEP, LEPR, LMNB2"
ETHACRIDINE LACTATE,5,"HSD17B10, MAPT, POLK, USP1, VDR"
4-NONYLPHENOL,5,"ALDH1A1, ESR1, KCNH2, NFE2L2, RORC"
SALMETEROL,5,"ABR, ADRB1, ADRB2, AR, CYP3A5"
ACENOCOUMAROL,5,"CALU, CYP2C18, GATA4, STX4, VKORC1"
SAPONIN,5,"BCL2, CYP7B1, FOS, TH, TP53"
BAY-985,5,"DPYS, FCGR3A, FEN1, RPS6KA6, STOM"
4-METHYLDAPHNETIN,5,"HSPA5, KDM4A, KDM4E, RACGAP1, VDR"
CHEMBL:CHEMBL591370,5,"BAZ2B, GMNN, KDM4A, MITF, NFE2L2"
PHOSMET,5,"EHMT2, HPGD, MAPT, PLK1, VDR"
"PHOSPHATIDYL (3,5) INOSITOL BISPHOSPHATE",5,"ALDH7A1, ARHGAP1, ARHGAP4, MCOLN2, MCOLN3"
PHYSOSTIGMINE,5,"ACHE, ALDH1A1, EHMT2, FRA17A, FRA20A"
CHEMBL:CHEMBL591412,5,"ATAD5, BAZ2B, KDM4A, KDM4E, NFE2L2"
CHEMBL:CHEMBL589245,5,"ATXN2, BAZ2B, EHMT2, GLP1R, KDM4A"
CHEMBL:CHEMBL1415851,5,"ALDH1A1, ATXN2, GMNN, SMAD3, TARDBP"
CHEMBL:CHEMBL1426508,5,"ALDH1A1, EHMT2, MAPT, PLK1, VDR"
CHEMBL:CHEMBL1364172,5,"ADAMTSL4-AS1, BLM, GMNN, POLI, POLK"
CHEMBL:CHEMBL589694,5,"ATXN2, EHMT2, GMNN, IDH1, KDM4A"
CHEMBL:CHEMBL589711,5,"APOBEC3A, APOBEC3G, EHMT2, NFE2L2, PABPC1"
CHEMBL:CHEMBL1406948,5,"BAZ2B, CDK5, CDK5R1, NPC1, SMAD3"
CHEMBL:CHEMBL1437888,5,"GLP1R, GMNN, IDH1, KCNH2, RAD52"
CHEMBL:CHEMBL1389794,5,"NPC1, RAB9A, SMN1, SMN2, TP53"
CHEMBL:CHEMBL1335833,5,"ALDH1A1, EHMT2, MAPT, NSD2, RXFP1"
5-FLUOROURIDINE,5,"ATAD5, GMNN, HBB, IDH1, NFE2L2"
CHEMBL:CHEMBL1420181,5,"BRCA1, NPC1, RAB9A, SMN1, SMN2"
CHIGLITAZAR,5,"BCKDHA, CCND1, PPARA, PPARD, PPARG"
CHIR-265,5,"BRAF, EFNA2, KDR, RAF1, YES1"
CCL13,5,"ACTA1, ACTA2, ACTB, ACTBP2, ACTC1"
DIMETHYL GAMBOGATE,5,"CYP3A4, MAPT, TP53, USP1, VDR"
CHLOROTRIANISENE,5,"AR, ESR1, ESR2, NPSR1, RORC"
METHOXYCHLOR,5,"ALDH1A1, AR, NFE2L2, PPARG, RORC"
DIMERCAPROL,5,"ALDH1A1, EHMT2, G6PD, GMNN, TDP1"
DIHYDROTESTOSTERONE,5,"AR, BGLAP, CHAT, FOLH1, KCNA5"
SKIMMIANINE,5,"ACHE, CYP1A2, CYP2C19, CYP3A4, HSD17B10"
SARCOLYSIN,5,"ALDH1A1, CBX1, EHMT2, KDM4E, MAPT"
SARPOGRELATE,5,"A12M3, A12M4, GMNN, HTR2A, HTR2C"
LEVOBUNOLOL,5,"ABO, ABR, ACAA1, ADRB1, ADRB2"
LICOGLIFLOZIN,5,"CD3D, CD3E, SLC5A1, SLC5A2, SLC5A4"
YUANHUADINE,5,"EGFR, MAPK1, MAPK3, MET, MTOR"
LEVOKETOCONAZOLE,5,"CPB2, CYP11A1, CYP11B1, CYP11B2, CYP17A1"
CHEMBL:CHEMBL1305393,5,"APEX1, ATAD5, POLB, POLH, RECQL"
LIDOFLAZINE,5,"CYP2D6, KCNH2, SCN3A, SLC29A1, XK"
LOPINAVIR,5,"ABCB1, ERVW-4, NFE2L2, SMAD3, ZSCAN25"
CHEMBL:CHEMBL1269022,5,"CYP1A2, CYP2C19, CYP2C9, CYP2D6, CYP3A4"
PHENSERINE,5,"ACHE, ALDH1A1, BCHE, EHMT2, MAPT"
CHEMBL:CHEMBL1326164,5,"ATAD5, NPC1, RAB9A, SMN1, SMN2"
PHENYLSTIBONIC ACID,5,"FEN1, POLI, POLK, TDP1, VDR"
SAPROPTERIN,5,"CMKLR1, NOS3, PAH, TH, TPH1"
BAY1125976,5,"AKT3, CSTF3, CSTP1, PIK3CA, PTEN"
LIFIRAFENIB,5,"BRAF, DXO, EEF1B2, EFNA2, NRAS"
CHEMBL:CHEMBL599100,5,"GLP1R, NFE2L2, SMAD3, SNCA, TP53"
CHEMBL:CHEMBL598477,5,"ACP1, APEX1, CTDSP1, POLB, PTPN22"
CHEMBL:CHEMBL592068,5,"EYA2, GMNN, HTT, KDM4A, NPSR1"
CHEMBL:CHEMBL591613,5,"CYP1A2, CYP2C19, CYP2D6, RAD54L, SMAD3"
LITHIUM CARBONATE,5,"GSK3A, GSK3B, IMPA1, NCAN, SLC29A1"
CCL5,5,"ACTA1, ACTB, ACTBP2, ACTC1, ADCY9"
ALAZANINE,5,"BLM, HTT, POLK, USP1, VDR"
METHIONINE,5,"ALDH1L1, CBS, CPS1, GNMT, PSPH"
ALK INHIBITOR TAE684,5,"ALK, EML4, MDM2, ROS1, TP53"
METHIXENE,5,"CHRM1, CHRM2, CHRM3, CHRM4, CHRM5"
DIMETHYLCURCUMIN,5,"AR, EGFR, ERBB2, ERBB3, ERBB4"
OXYQUINOLINE,5,"AR, BAZ2B, NFE2L2, RORC, SMAD3"
METHYL ROBUSTONE,5,"ALDH1A1, CYP3A4, SMN1, SMN2, TP53"
EPALRESTAT,5,"AKR1B1, CYP4A11, MAPT, SLC5A7, VDR"
ENOTICUMAB,5,"DLL4, NOTCH1, NOTCH2, NOTCH3, NOTCH4"
EPTIFIBATIDE,5,"FGA, FGB, FGG, ITGA2B, ITGB3"
CHEMBL:CHEMBL591618,5,"BAZ2B, KDM4A, MTOR, SMAD3, TP53"
CHEMBL:CHEMBL591628,5,"ALDH1A1, EHMT2, GPR55, MAPT, POLH"
EPICATECHIN GALLATE,5,"ALB, ARNT, BRCA2, HIF1A, MET"
PF-9363,5,"GDI1, GDI2, GDI2P1, GDNF, KAT6B"
BAZEDOXIFENE,5,"BCYRN1P2, ESR1, ESR2, IL6R, IL6ST"
TAK-733,5,"BRAF, MAP2K1, MAP2K2, NRAS, PIK3CA"
PHA-665752,5,"DRD4, FGFR1, FGFR2, KRAS, MET"
PHANQUONE,5,"AR, BLM, POLK, USP1, VDR"
LOMETREXOL,5,"FOLR1, FOLR2, GART, PRPS1, SLC19A1"
AKT INHIBITOR VIII,5,"ACP1, AKT1, CSTF3, CSTP1, FKBP2"
TAFETINIB,5,"DPP6, DPYS, DRD2, DRD3, PTK2B"
CHEMBL:CHEMBL120806,5,"ALDH1A1, CYP1A2, CYP2C19, CYP2C9, HPGD"
ENPIROLINE,5,"ATM, ATXN2, GMNN, PAX8, SMAD3"
ENTACAPONE,5,"COMT, FRA20B, H1-1, H4F3, POLK"
ENDO-ATROPINE,5,"CHRM2, CYP1A2, CYP2C9, CYP2D6, CYP3A4"
PERMETHRIN,5,"ATM, GFAP, GMNN, NR1I2, XK"
LOMITAPIDE MESYLATE,5,"APOB, LDLR, MTTP, P4HB, PCSK9"
LONIDAMINE,5,"EHMT2, H1-1, H4F3, NFE2L2, TSHR"
CHEMBL:CHEMBL598270,5,"AR, CYP2D6, IDH1, KCNH2, NFE2L2"
SB 215505,5,"A12M3, A12M4, CYP1A2, CYP3A4, HTR2C"
LOXAPINE HYDROCHLORIDE,5,"DRD2, DRD3, DRD4, HTR2A, HTR2C"
LORNOXICAM,5,"COX8A, CYP2C9, POLI, PTGS1, PTGS2"
DNA VACCINE,5,"CD80, EPCAM, IL7, MAGEA3, TP53"
CCL7,5,"ACTA1, ACTA2, ACTB, ACTBP2, ACTC1"
BERBERINE,5,"COX5B, CYP1A2, CYP2D6, SLC6A4, TERT"
CDK12 INHIBITOR 2,5,"CDK13, EIF2S1, EIF4EBP2, EIF4EP1, EIF4G1"
AMPRENAVIR,5,"ABCB1, CYP3A5, ERVW-4, SLCO1B1, TFAP2A"
BETAINE,5,"BHMT, BHMT2, CBS, MMADHC, MTHFR"
PARP/TANKYRASE INHIBITOR 2X-121,5,"ATM, ATR, BRCA1, BRCA2, POLD1"
SYM2081,5,"ASS1P5, ASS1P6, ASS1P8, ASS1P9, CBLN1"
CCL8,5,"ACTA1, ACTA2, ACTB, ACTBP2, ACTBP5"
MESULERGINE,5,"A12M3, A12M4, HTR2C, NATP, SERPINA3"
PEVONEDISTAT,5,"NAE1, NEDD8, SAE1, UBA2, UBA3"
CHEMBL:CHEMBL600103,5,"ATAD5, NPC1, RAB9A, SMN1, SMN2"
CHEMBL:CHEMBL600306,5,"APOBEC3A, APOBEC3F, APOBEC3G, EHMT2, NFE2L2"
LY-2780301,5,"AKT1, AKT2, AKT3, RPS6KB1, RPS6KB2"
LUTETIUM DOTATATE LU-177,5,"SSTR1, SSTR2, SSTR3, SSTR4, SSTR5"
LUTETIUM LU 177 DOTATATE,5,"SSTR1, SSTR2, SSTR3, SSTR4, SSTR5"
ENDOSULFAN,5,"AR, CXCL8, ESR1, NFE2L2, RORC"
ENCLOMIPHENE,5,"ATXN2, ESR1, GLP1R, KDM4A, PPARD"
BELATACEPT,5,"CD28, CD80, CD86, GLRX, GLS"
CHEMBL:CHEMBL1232076,5,"EHMT2, KDM4A, PLK1, TRPC5, VDR"
EHNA,5,"ALOX15, CCR1, COL9A1, CYP3A4, KDM4E"
ACETOCHLOR,5,"ALDH1A1, AR, CYP3A4, ESR1, NFE2L2"
CHEMBL:CHEMBL123904,5,"CYP1A2, CYP2C19, CYP2C9, CYP2D6, KDM4E"
BENZOQUINONE,5,"APEX1, APOBEC3G, ATP1B1P1, NFE2L2, TDP1"
BENZODIAZEPINE,5,"CCKBR, CYP2E1, NOS1, NOS2, XDH"
CHEMBL:CHEMBL599943,5,"NFE2L2, POLB, RAD52, RAD54L, TP53"
PERICIAZINE,5,"ADRA1A, ADRA1B, ADRA1D, ALCAM, AR"
PERIFOSINE,5,"AKT1, AKT2, AKT3, PIK3CA, PIK3CG"
EMETINE,5,"AR, ATAD5, ATXN2, HIF1A, MTOR"
TIOXOLONE,5,"ALPG, ALPI, AR, NFE2L2, VDR"
THYROTROPIN,5,"FGF2, GRP, KCNJ3, MYC, TSHR"
BENIDIPINE,5,"ATP6V1E1, CACNA1C, CACNA1D, CACNA1F, CACNA1S"
PENTAERYTHRITOL TETRANITRATE,5,"ALDH1A1, GUCY1A1, GUCY1A2, GUCY1B1, GUCY1B2"
6-AMINONICOTINAMIDE,5,"ACHE, GPI, IDH1, MT1H, TRH"
6-AZAURIDINE,5,"GLP1R, JAK2, SMN1, SMN2, SNCA"
"5-QUINOXALIN-6-YLMETHYLENE-THIAZOLIDINE-2,4-DIONE",5,"F5, F7, F7R, MTOR, PIK3CB"
CHEMBL:CHEMBL601137,5,"EHMT2, FEN1, GMNN, NFE2L2, POLB"
CHEMBL:CHEMBL609628,5,"CYP1A2, CYP2D6, HTT, KCNH2, KDM4A"
CHEMBL:CHEMBL95704,5,"EYA2, FEN1, IDH1, MITF, RACGAP1"
SIB-1893,5,"ATAD5, NPC1, RAB9A, SLC25A5, SLC25A6"
TRYPAN BLUE,5,"HTT, KAT2A, KMT2A, POLK, USP1"
TRIPHENYLSTANNANOL,5,"AR, ESR1, KAT2A, RXRA, VDR"
SITAGLIPTIN,5,"DAPK1, DPP4, GLP1R, GPR119, KCNQ1"
DORZOLAMIDE,5,"CA14, CA2, CYP3A4, GAPDH, GLUD1P3"
5-MEO-DMT,5,"A12M1, A12M2, CYP1A2, HTR1A, HTR2C"
CELASTROL,5,"GOLGA2, HSP90AA1, HSP90AB1, IL1B, TNF"
TRIPITRAMINE,5,"AADAC, AAMP, AANAT, AARS1, AAVS1"
(S)-ROSCOVITINE,5,"ATXN2, CYP1A2, CYP2D6, CYP3A4, NFE2L2"
DNQX,5,"ARSA, FASN, GBA1, GMNN, HPGD"
U73122,5,"ALDH1A1, ALOX15, CBX1, CYP2D6, EHMT2"
ANISOMYCIN,5,"ATAD5, IDH1, NFE2L2, PAX8, SMAD3"
ZILURGISERTIB,5,"DNCM, DNM2, DNMT1, DNMT3A, DNMT3B"
ZINC CHLORIDE,5,"ANPEP, CD2, G6PD, HMOX1, TP53"
U50488,5,"CYP2D6, CYP3A4, NUDT2, OPRK1, TP53"
LYSERGIDE,5,"A12M3, A12M4, A1BG, HTR2C, NATP"
CHEMBL:CHEMBL600968,5,"NPC1, POLB, RAB9A, SMN1, SMN2"
EGANELISIB,5,"F5, F7, F7R, PIK3CB, PIK3CG"
EDARAVONE,5,"ALDH1A1, BCL2, CYP1A2, CYP3A4, VDR"
CHEMBL:CHEMBL600747,5,"ATXN2, BAZ2B, EHMT2, KDM4A, MAPT"
PB2+,5,"ATP2B1, ATP6V0B, ATP6V1E1, ATP6V1G2, BST2"
CEPHALEXIN ANHYDROUS,5,"ABCC2, ABCC3, ABCC4, EHMT2, NR1I2"
CEPHALOTHIN SODIUM,5,"BAZ2B, EHMT2, POLB, PTPN7, TDP1"
TUBOCURARINE CHLORIDE,5,"CHRNA1, CHRNB1, CHRND, CHRNE, CHRNG"
TRYPTANTHRIN,5,"GMNN, HTT, NFE2L2, TOP1, XCR1"
DPCPX,5,"ABAT, ABCA1, ABCA2, ABCA3, CYP1A2"
BENZIODARONE,5,"CALM1, GMNN, KAT2A, USP1, VDR"
DOMOIC ACID,5,"ASS1P5, ASS1P6, ASS1P8, ASS1P9, KDM4A"
DOI,5,"A12M1, A12M2, A12M3, A12M4, HTR2C"
AMISELIMOD HYDROCHLORIDE,5,"S1PR1, S1PR2, S1PR3, S1PR4, S1PR5"
SERTACONAZOLE NITRATE,5,"ATXN2, BAZ2B, EHMT2, HSP90AA1, KDM4A"
SELINEXOR,5,"FLT3, H2AX, TET2, TP53, XPO1"
EDOXABAN,5,"APOB, CES1, CYP3A5, F10, FPR3"
ZD7288,5,"ARL1, ARL2, ARL3, MALAT1, PHOX2A"
TALAROZOLE,5,"CLDN7, CYP26A1, CYP26B1, CYP26C1, TACR2"
M826,5,"BRINP1, CASP3, DAZ1, DBH, DBIP2"
CGS8216,5,"ARNT, ARRB1, ARRB2, BMAL1, GABRA1"
CHARYBDOTOXIN,5,"ALDH7A1P3, ARF4P1, ARG2, ATP7B, ATR"
TALQUETAMAB,5,"AMCN, CD3D, CD3E, CD3G, GPRC5D"
ANAZOLENE,5,"KAT2A, POLK, THRB, USP1, VDR"
MARGETUXIMAB-CMKB,5,"ERBB2, ERBB3, FCGR2A, FCGR2B, FCGR3A"
MAZINDOL,5,"CD8B, CD8B2, SLC6A2, SLC6A3, SLC6A4"
SELETALISIB,5,"F5, F7, F7R, PIK3CB, PIK3CD"
CGP 23996,5,"AQP1, AQP2, FAS, FASLG, SHROOM2"
PENTOSAN POLYSULFATE,5,"CTSC, FGF1, FGF2, FGF4, VEGFA"
CETRIMONIUM BROMIDE,5,"AR, ESR1, KMT2A, MEN1, USP1"
MEK INHIBITOR RO4987655,5,"BRAF, FGFR1, FGFR2, FGFR3, MAP2K1"
AC55649,5,"BCHEL1, KAT2A, RARB, RGS4, USP1"
AC710,5,"DPP4, DPP6, DPT, DPYD, DPYS"
CERIVASTATIN,5,"CYP2C8, HMGCR, PRDM1, RYR2, SLCO1B1"
CHEMBL:CHEMBL602776,5,"ALDH1A1, EHMT2, GMNN, IDH1, KDM4A"
MEBENDAZOLE,5,"CYP1A2, GMNN, TUBA1A, TUBB, TUBB4B"
BETA-ADRENERGIC ANTAGONIST,5,"ALPP, CYP2D6, GRP, PRL, SLC2A4"
[3H]ACETYLCHOLINE,5,"AADAC, AAMP, AANAT, AARS1, AAVS1"
[3H]AMPA,5,"ASPH, ASS1, ASS1P2, EHMT2, GRIA3"
CONBERCEPT,5,"KDR, PGF, VEGFA, VEGFB, VEGFC"
"COMPOUND 7 [NGUYEN ET AL., 2023]",5,"DNM2, DPYSL2, DPYSL3, DR1, SLC26A3"
COMPOUND 7 [PMID: 31381331],5,"FRA13C, FRA14B, FRA15A, FRA16C, ITGB6"
(+)-JQ1,5,"BRD4, BRDT, DNER, EFNA4, GCLC"
COMPOUND 6 [PMID: 34333981],5,"AAK1, BMP2K, FCGR2B, FEN1, TYK2"
CHEMBL:CHEMBL471225,5,"CYP1A2, CYP2C19, CYP2C9, HIF1A, HSD17B10"
[D-TYR8]CYN 154806,5,"AQP1, AQP2, FAS, FASLG, SHROOM2"
[3H]QNB,5,"AADAC, AAMP, AANAT, AARS1, AAVS1"
[3H]IPEROXO,5,"AADAC, AAMP, AANAT, AARS1, AAVS1"
COMPOUND 25C [PMID: 36649216],5,"CTNNA1P1, CTNNA2, CTNS, DRD3, FGB"
[3H]DIZOCILPINE,5,"ASS1P10, ASS1P14, GRIN2A, GRIN2B, GRIN2C"
NNC 11-1607,5,"AADAC, AAMP, AANAT, AARS1, AAVS1"
COMPOUND 41 [PMID: 31855425],5,"F3, F5, F7, F7R, PIK3CB"
[3H]L689560,5,"ASS1P10, ASS1P14, GRIN2A, GRIN2B, GRIN2C"
NNC 11-1314,5,"AADAC, AAMP, AANAT, AARS1, AAVS1"
NNC 11-1585,5,"AADAC, AAMP, AANAT, AARS1, AAVS1"
(-)-(S)-BAYK8644,4,"ATP6V1C1, ATP6V1E1, CACNA1D, CACNA1F"
&ALPHA;-MSH,4,"ANCR, ANGPT1, ANGPT2, ANK1"
&ALPHA;5IA,4,"ARNT, ARRB1, BMAL1, GABRA1"
&ALPHA;3IA,4,"ARNT, ARRB1, BMAL1, GABRA1"
&ALPHA;&BETA;-MEATP,4,"ATP1A3, ATP1A4, ATP1B1, EHMT2"
BOSENTAN ANHYDROUS,4,"ALDH1A3, EDNRA, EDNRB, NR1I2"
BOMEDEMSTAT,4,"DNASE1L3, JAK2, KDM1A, TP53"
"COMPOUND 5 [TOMASSI ET AL., 2020]",4,"GNAI2, GNAI2P1, HLA-DMA, HLA-DMB"
"COMPOUND 51 [CROSIGNANI ET AL., 2011]",4,"APOBEC1, CORT, CYP2C19, MAP3K8"
COMPOUND 30 [PMID: 22902653],4,"CLN8, GPC4, STX2, TESK2"
COMPOUND 3 [PMID: 23849879],4,"FRA2C, FRA2E, FRA8A, GPR42"
[3H]LSD,4,"A12M4, HTR2C, NATP, SERPINA3"
[3H]LY341495,4,"ANPEP, ANTP2, GRM6, SLC25A4"
"(2S,4S)-KETOCONAZOLE",4,"CPA2, CPA3, CPD, CYP7A1"
NNC55-0396,4,"RHOB, RHOC, RHOG, RND3"
COMPOUND 3 [PMID: 8410973],4,"FNZ, FOLH1, FRA4C, FRA4D"
VIDUPIPRANT,4,"APOB, APOBEC1, PTGDR, PTGDR2"
COMPOUND 27 [PMID: 35834807],4,"F5, F7, F7R, PIK3CB"
COMPOUND 23 [PMID: 35816678],4,"CTAG1B, CTRB1, CUX1, CX3CR1"
COMPOUND 31 [PMID: 22902653],4,"CLN8, GPC4, STX2, TESK2"
COMPOUND 35 [PMID: 22902653],4,"CLN8, GPC4, STX2, TESK2"
CORTICOTROPIN-RELEASING FACTOR,4,"ALAS2, ALB, CRHR1, CRHR2"
COMPOUND 18E [PMID: 31670517],4,"DPYS, EPHB1, EPHB2, EPHB3"
COMPOUND 17D [PMID: 23099093],4,"ERPL1, ESR1, FEN1, STOM"
ATRASENTAN,4,"ALDH1A3, ALDH1B1, EDNRA, SLCO1B1"
RALIMETINIB,4,"CTNNB1, CTNND1, DXO, MAPK14"
HALOPERIDOL LACTATE,4,"DRD2, DRD3, DRD4, HTR2A"
HARMALOL,4,"BLM, BRCA1, HSD17B10, MAPT"
"3,5-DIPHENYLISOXAZOLE",4,"ATAD5, NPC1, PLK1, RAB9A"
VISMODEGIB,4,"ALOX12, PTCH1, SHH, SMO"
VITAMIN B2,4,"BRCA1, CYP1A2, EHMT2, USP1"
VIGABATRIN,4,"ABAT, CHRM5, FRA16E, GABBR1"
REACTIVE BLUE-2,4,"AIRE, APC, APEH, BIRC2"
GSK269962A,4,"CTPS1, CTRB1, ROCK1, ROCK2"
"3,6-DIMETHOXYFLAVONE",4,"CYP2C9, CYP3A4, HSD17B10, TSHR"
2-OLEOYL-LPA,4,"ADAM10, AMPD3, AMPH, BIN1"
H3B-8800,4,"SF3B1, SRSF2, U2AF1, ZRSR2"
HALOPROGIN,4,"AR, GMNN, KAT2A, VDR"
AT-076,4,"APAF1, APBA1, APOF, NUDT2"
RAMELTEON,4,"ANK2, ANK3, MTNR1A, MTNR1B"
NORFLOXACIN,4,"CCL18, EHMT2, G6PD, KDM4E"
TOFIMILAST,4,"PDE4A, PDE4B, PDE4C, PDE4D"
CRIDANIMOD,4,"AR, GMNN, HSPB1, JUN"
GR-389988,4,"DPYD, DRD5P1, DRD5P2, DRG2"
GRAVEOLINE,4,"CYP1A2, CYP2D6, CYP3A4, HSD17B10"
GRISEOFULVIN,4,"AR, CYP3A4, HSD17B10, NR1I2"
GSK163090,4,"HTR1A, HTR1B, HTR1D, SLC6A4"
AE9C90CB,4,"AAMP, AANAT, AARS1, AAVS1"
MEDI-500,4,"TRAC, TRAV29DV5, TRBV7-9, TRGV3"
SELADELPAR,4,"BCKDHA, BCKDHB, CCND1, PPARD"
SCH221510,4,"APAF1, APBA1, APOF, NUDT2"
EBIO,4,"ARF5, ARF6, ARG1, ARG2"
E4031,4,"BAAT, BAD, CYP2C19, CYP2D6"
CHEMBL:CHEMBL602923,4,"EHMT2, GLP1R, PIP4K2A, SMAD3"
CHEMBL:CHEMBL602970,4,"NPC1, RAB9A, SMN1, SMN2"
SELFOTEL,4,"ASS1P14, GRIN2A, GRIN2B, GRIN2C"
CENEGERMIN-BKBJ,4,"NGFR, NTRK1, NTRK2, NTRK3"
CETRELIMAB,4,"CD274, FGFR2, FGFR3, PDCD1"
CHEMBL:CHEMBL77387,4,"ALDH1A1, EHMT2, HPGD, MAPT"
CHEMBL:CHEMBL77675,4,"AHR, AR, NFE2L2, SMAD3"
CHEMBL:CHEMBL70582,4,"AHR, NFE2L2, SMN1, SMN2"
THIORPHAN,4,"DAP, HPGD, KAT2A, NFE2L2"
PEPTIDE 18 [PMID: 24350995],4,"FRA1G, FRA2K, FRA3C, FRA3D"
PELITINIB,4,"DXO, EGFR, ERBB2, ERBB4"
MEDRONIC ACID,4,"BAZ2B, CA1, EHMT2, KDM4E"
MELANOMA VACCINE,4,"CSF2, MLANA, PMEL, TYR"
MEASLES VACCINE,4,"HLA-B, HLA-DQA1, HLA-DRB1, TLR3"
MECASERMIN,4,"DPH1, GCG, IGF1R, SCGB1A1"
CHEMBL:CHEMBL602363,4,"BAZ2B, GMNN, HSP90AA1, KDM4A"
D[LEU4]AVP,4,"ABCC6, AQP9, AR, ARAF"
ACETAZOLAMIDE SODIUM,4,"CA1, CA12, CA2, CA4"
CENDERITIDE,4,"DLX3, DLX4, NPR1, NPR2"
BENZTHIAZIDE,4,"BAZ2B, CA2, CYP3A4, SLC12A3"
DUTASTERIDE,4,"AR, SRD5A1, SRD5A2, SRD5A3"
CHEMBL:CHEMBL604664,4,"FASN, GLP1R, HTR1E, S1PR3"
ECHINACEA PREPARATION,4,"CYP1A2, IL1B, IL6, PRL"
D[CHA4]AVP,4,"ABCC6, AQP9, AR, ARAF"
ECADOTRIL,4,"CYP1A2, CYP2C19, CYP2D6, CYP3A4"
ECF309,4,"ETFB, F5, F7, F7R"
CHEMBL:CHEMBL601547,4,"EHMT2, HTT, NFE2L2, SMAD3"
SB-649868,4,"APBA2, APBB1, HCRTR1, HCRTR2"
TALAMPANEL,4,"GRIA1, GRIA2, GRIA3, GRIA4"
ZANUBRUTINIB,4,"BTK, EFNB2, MYD88, TP53"
MACROLIDE ANTIBIOTIC,4,"CYP3A4, F2RL1, IL10, IL2"
CHELERYTHRINE CHLORIDE,4,"EHMT2, MAPK1, MAPT, POLB"
CETYLPYRIDINIUM CHLORIDE,4,"AR, CASP2, RAD52, USP1"
ALDRIN,4,"CXCL8, CYP3A4, NFE2L2, RORC"
(S)-NIMODIPINE,4,"CYP1A2, CYP2C19, CYP2C9, CYP3A4"
MAFENIDE,4,"CA12, CA2, CA6, G6PD"
MAFOSFAMIDE,4,"FCGR3A, FCGR3B, IL1B, MGMT"
MARAVIROC,4,"ACTBP2, CCR5, CYP3A5, OPRM1"
CEPHARANTHINE,4,"ATXN2, EHMT2, IDH1, KDM4A"
CEPHRADINE,4,"ABCC2, ABCC3, ABCC4, NR1I2"
TADALAFIL,4,"COMP, CYP3A5, PDE4A, PDE5A"
SC-560,4,"CPT1B, CPT2, CYP1A2, CYP2C19"
SB-334867,4,"APBA2, APBB1, CYP1A2, CYP2D6"
MANIDIPINE,4,"CACNA1C, CACNA1D, CACNA1F, CACNA1S"
MARALIXIBAT,4,"CD44, JAG1, SLC10A1, SLC10A2"
MANNOSE-BINDING LECTIN,4,"C1S, CD40, CD59, CXCL8"
MC2050,4,"GNAI2, GNAI2P1, HLA-DMA, HLA-DMB"
MCN-A-343,4,"AADAC, AANAT, AARS1, AAVS1"
CGP 12177,4,"ABO, ABR, ACAA1, EHMT2"
CHEMBL:CHEMBL601550,4,"APOBEC3F, APOBEC3G, NFE2L2, USP1"
MARIJUANA,4,"ABCB1, BDNF, CSH1, IL2"
CGP37849,4,"ASS1P14, GRIN2A, GRIN2B, GRIN2C"
PENICILLIN,4,"FCGR3A, FCGR3B, G6PD, NOS1"
PEGILODECAKIN,4,"CD274, IL10, IL10RA, IL10RB"
ANCROD,4,"FGA, FGB, FGG, PROC"
ANETHOLE TRITHIONE,4,"AR, NFE2L2, PTPN1, VDR"
SELECTIVE CYTOKINE INHIBITORY DRUG CC-1088,4,"PDE4A, PDE4B, PDE4D, VEGFA"
SECRETIN,4,"ARCN1, ARCN2, SCT, SCTR"
MASLIMOMAB,4,"TRAC, TRAV29DV5, TRBV7-9, TRGV3"
PEFLOXACIN,4,"CCL18, IFNG, IL2, TOP2A"
PCC0105003,4,"ESB3, ESD, ESR1, ESR2"
CEP-37440,4,"ACSL1, ALK, HBEGF, PTK2"
BENZYDAMINE,4,"CYP1A2, CYP2D6, PTGS1, PTGS2"
MEDICATION,4,"BDNF, CAMK2G, CRH, HNF4A"
Z-PRO-PROLINAL,4,"ALDH1A1, EHMT2, MAPT, VDR"
EDASALONEXENT,4,"NFKB1, NFKB2, RELA, SCYL1"
CHEMBL:CHEMBL601618,4,"ALDH1A1, HPGD, MAPT, VDR"
"BENZO(A)PYRENE-7,8-DIOL 9,10-EPOXIDE",4,"APOE, GSTP1, GSTT1, PIK3CG"
AMODIAQUINE,4,"CYP1A1, CYP1B1, G6PD, HNMT"
AMLODIPINE MALEATE,4,"CACNA1C, CACNA1D, CACNA1F, CACNA1S"
SERIBANTUMAB,4,"DPAGT1, EGFR, ERBB3, NRG1"
SELPERCATINIB,4,"CCDC6, KIF5B, PTK2B, RET"
AMINOQUINURIDE,4,"KMT2A, MEN1, POLK, USP1"
BENZTROPINE,4,"CD27, CHRM1, COMT, SLC6A3"
PD123319,4,"ACADS, AGTR2, CYP2C19, CYP2C9"
DOXIFLURIDINE,4,"IFNG, MAPK1, TYMP, TYMS"
SHO-SAIKO-TO,4,"CYP3A43, HGF, IL10, IL2RA"
SHU9119,4,"ANCR, ANGPT1, ANGPT2, ANK1"
SETOGEPRAM,4,"ABCD2, ADD3, FFAR1, GPR84"
DOXYCYCLINE CALCIUM,4,"MMP1, MMP13, MMP7, MMP8"
DYDROGESTERONE,4,"AR, BDNF, NFE2L2, PGR"
DUVOGLUSTAT,4,"GAA, GAPDHP69, GLA, MGAM"
CEFDINIR,4,"ACP1, CTDSP1, KDM4A, SUMO1"
M8891,4,"CYP2J2, METAP2, TP53, VHL"
MACITENTAN,4,"ALDH1A3, ALDH1B1, EDNRA, EDNRB"
M4205,4,"DPP4, DPP6, DPT, DPYD"
M-CSF,4,"ACP5, BAX, DPYD, ITGA5"
CHEMBL:CHEMBL1091971,4,"ALDH1A1, ALOX15B, HPGD, HSD17B10"
CH-5132799,4,"PIK3CA, PIK3CB, PIK3CD, PIK3CG"
MAGNESIUM SULFATE ANHYDROUS,4,"FOS, NTS, PTHLH, TNF"
EDICOTINIB,4,"CSF1R, DPT, DPYD, DPYS"
6-O-BENZYLGUANINE,4,"CYP1A2, CYP2C19, CYP3A4, MGMT"
"6-PHENYL[5H]PYRROLO[2,3-B]PYRAZINE",4,"EGR4, EIF4A1, EIF4E, ENSA"
TUBERCIDIN,4,"ATXN2, IDH1, NFE2L2, SMAD3"
DOVRAMILAST,4,"PDE4A, PDE4B, PDE4C, PDE4D"
MEPIRODIPINE,4,"CACNA1C, CACNA1D, CACNA1F, CACNA1S"
MENTHOFURAN,4,"CYP1A2, CYP2C9, CYP2D6, CYP3A4"
MEDRYSONE,4,"AR, NFE2L2, NR3C1, PLA2G4A"
TRIPHENYLSTANNYL ACETATE,4,"AR, ATAD5, KAT2A, VDR"
ZATEBRADINE,4,"ARL1, ARL2, ARL3, PHOX2A"
1-NAPHTHYLISOTHIOCYANATE,4,"AHR, AR, HSD17B10, NFE2L2"
UBP141,4,"ASS1P14, GRIN2A, GRIN2B, GRIN2C"
ZK-93423,4,"GABRA1, GABRB2, GABRG2, MAPT"
(S)-PIA,4,"ABAT, ABCA1, ABCA2, ABCA3"
"6-HYDROXY-5,7-DIMETHOXYFLAVONE",4,"COL10A1, COL11A1, COL11A2, COL12A1"
6-HYDROXYFLAVONE,4,"ATAD5, BRCA1, NPC1, RAB9A"
"7,3'-DIMETHOXYFLAVONE",4,"CYP3A4, HSD17B10, SMN1, SMN2"
ZONAMPANEL,4,"GRIA1, GRIA2, GRIA3, GRIA4"
ZICRONAPINE,4,"DRD1, DRD2, DRD4, HTR2A"
LY392098,4,"ASPH, ASS1, ASS1P2, GRIA3"
LY404187,4,"ASPH, ASS1, ASS1P2, GRIA3"
LY233053,4,"ASS1P14, GRIN2A, GRIN2B, GRIN2C"
LY3410738,4,"GPX1P2, GRB2, IDH1, IDH2"
CHEMBL:CHEMBL118417,4,"NFE2L2, PPARA, PPARD, RXRA"
CHEMBL:CHEMBL101815,4,"ATAD5, BAZ2B, GMNN, KDM4A"
CHEMBL:CHEMBL602150,4,"BAZ2B, GAA, KDM4A, TP53"
CHEMBL:CHEMBL601933,4,"ATAD5, ATM, GALR3, NFE2L2"
CHEMBL:CHEMBL600778,4,"BAZ2B, KDM4A, RAPGEF4, TARDBP"
CHEMBL:CHEMBL602135,4,"BAZ2B, KDM4A, RAD52, RAD54L"
ELRANATAMAB,4,"CD3D, CD3E, CD3G, TNFRSF17"
ELAFIBRANOR,4,"BCKDHA, CCND1, PPARA, PPARD"
LYSOPHOSPHATIDYLCHOLINE,4,"ATP2B1, ATP2B2, ATP5ME, BTD"
CHEMBL:CHEMBL601135,4,"CYP1A2, CYP2C19, CYP2D6, MCOLN3"
ELIPRODIL,4,"CYP3A4, GRIN1, GRIN2B, KCNH2"
EGLUMEGAD,4,"ANPEP, GRM6, GRM8, SLC25A4"
"5,7-DIHYDROXY-4-METHYLCOUMARIN",4,"CYP3A4, HSD17B10, NFE2L2, TNF"
ANGUIDIN,4,"ATAD5, HTT, NFE2L2, SMAD3"
ANGIOTENSIN II,4,"ACADM, ACADS, AGTR1, AGTR2"
TAK-020,4,"BTK, EFNB2, EPHX2, MS4A2"
SB 204070,4,"CYP1A2, CYP2D6, KCNH2, NAT1"
SB 218795,4,"AQP5, CYP1A2, CYP3A4, TSHR"
552-02,4,"SCNN1A, SCNN1B, SCNN1D, SCNN1G"
EMICIZUMAB,4,"F10, F9, FPR3, FRA1E"
"5,7-DIMETHOXYISOFLAVONE",4,"CYP3A4, HSD17B10, SMN1, SMN2"
LY-255283,4,"ALOX15, CYP3A4, HPGD, TSHR"
THYMOSIN BETA-4,4,"ACTA1, ACTG1, NFKB1, NFKB2"
BENZOTHIAZYL DISULFIDE,4,"ALDH1A1, HPGD, HSD17B10, NFE2L2"
EGIS-11150,4,"A12M3, ABCD1, ABL2, SERPINA3"
CHEMBL:CHEMBL601351,4,"GLP1R, GMNN, IDH1, MITF"
CHEMBL:CHEMBL601167,4,"DUSP3, PTPN12, PTPN22, PTPN7"
CHEMBL:CHEMBL600908,4,"ALDH1A1, ATXN2, IDH1, NFE2L2"
CHEMBL:CHEMBL601140,4,"BLM, MAPT, MITF, TP53"
EMPAGLIFLOZIN,4,"CD3D, CD3E, SLC5A2, SLC5A4"
EMZELTRECTINIB,4,"DRD5P1, DRD5P2, DRG2, EPHB2"
ENASIDENIB,4,"FLT3, GRB2, IDH1, IDH2"
EMTRICITABINE,4,"ABCC1, ABCC2, ABCC3, ERVW-4"
PENTYLTHIO-TZTP,4,"AADAC, AAMP, AANAT, AARS1"
AMG319,4,"F5, F7, F7R, PIK3CB"
DROSPIRENONE,4,"AR, CYP2C19, NR3C2, PGR"
DROTAVERIN,4,"PDE4A, PDE4B, PDE4C, PDE4D"
DOXORUBICIN LIPOSOME,4,"BRAF, CD274, PIK3CA, TP53"
SIGNAL TRANSDUCTION INHIBITOR,4,"IL2, IL6, MAPK3, MAPK8"
SILAHEXOCYCLIUM,4,"AAMP, AANAT, AARS1, AAVS1"
SILODOSIN,4,"ABCA4, ABCB7, ABCF1, ADRA1A"
LY503430,4,"ASPH, ASS1, ASS1P2, GRIA3"
PASIREOTIDE PAMOATE,4,"SSTR1, SSTR2, SSTR3, SSTR5"
DMCM,4,"ARNT, ARRB1, BMAL1, GABRA1"
BERAPROST,4,"APOC1P1, APOC3, AQP8, PTGIR"
CEFUROXIME AXETIL,4,"ABCC2, ABCC3, ABCC4, NR1I2"
CEFUROXIME SODIUM,4,"CTDSP1, KDM4A, POLH, POLI"
PANCREATIC POLYPEPTIDE,4,"ANXA1, ANXA4, ANXA5, NPFFR1"
PANCREATIC PROTEOLYTIC ENZYMES,4,"CDH1, HGF, ITGB2, PTHLH"
ZK93423,4,"ARNT, ARRB1, BMAL1, GABRA1"
CELGOSIVIR,4,"GAA, MGAM, MGAM2, SI"
AMORFRUTIN A,4,"GLP1R, PLK1, PPARG, RAPGEF4"
CHINESE HERBS,4,"IL1B, IL2RA, IL6, XDH"
CHLORFENAPYR,4,"AR, PPARG, RXRA, TP53"
PAN-HER KINASE INHIBITOR AC480,4,"EGFR, ERBB2, ERBB3, ERBB4"
BERBERRUBINE,4,"ABCC8, KCNJ11, RAPGEF4, WRN"
PAXILLINE,4,"BCL3, EHMT2, GMNN, TARDBP"
PASIREOTIDE DIASPARTATE,4,"SSTR1, SSTR2, SSTR3, SSTR5"
PF-00477736,4,"BRAF, CDKN2A, CHEK1, TP53"
BENOXINATE,4,"CYP1A2, CYP2D6, SCN10A, XK"
ELUXADOLINE,4,"APOF, OPN4, OPRD1, OPRM1"
CHEMBL:CHEMBL600554,4,"NPC1, RAB9A, SMN1, SMN2"
SY-5609,4,"BRAF, EIF2S1, EIF4EBP2, EIF4G1"
DISOPYRAMIDE,4,"BAD, CYP2D6, KCNH2, SCN5A"
DIOSMIN,4,"KDM4A, POLB, POLH, POLK"
MELK-TI,4,"CYP2C8, DPYS, MELK, MKNK2"
SAXITOXIN,4,"BAK1, BARD1, BBS2, SCN9A"
ANTI-ANDROGEN,4,"AKR1C3, AR, FST, PIK3CG"
BENPERIDOL,4,"ABCD1, ALDH2, CYP2D6, DRD2"
LUXEPTINIB,4,"EFNB2, FLT3, IDH1, TP53"
LUSPATERCEPT-AAMT,4,"HBB, TGFB1, TGFB2, TGFB3"
LY-2874455,4,"FGFR1, FGFR2, FGFR3, FGFR4"
ENDRIN,4,"KCNH2, NFE2L2, RORC, TSHR"
PESAMPATOR,4,"GRIA1, GRIA2, GRIA3, GRIA4"
PHENAMIL,4,"DRD1, PKD2L1, SMN1, SMN2"
PF-670462,4,"CTNNB1, DXO, ELF1, ELF2"
PF-4708671,4,"CXADR, NRAS, PIK3CA, RPS6KB1"
XD14,4,"BRD3, EFNA3, EFNA4, GCLC"
XE991,4,"AZF1, AZF2, AZGP1, KCNQ5"
XL019,4,"EPHB1, EPHB2, EPHB3, JAK2"
XL418,4,"AKT1, AKT2, AKT3, RPS6KB1"
EPTINEZUMAB,4,"CALCA, CALCB, MICU1, S100A12"
LOTEPREDNOL,4,"ANXA1, AR, NFE2L2, NR3C1"
LP-12,4,"A12M3, A1BG, ABCD1, SERPINA3"
AKT INHIBITOR LY2780301,4,"AKT3, PIK3CA, PTEN, RPS6KB1"
AH6809,4,"APOB, APOBER1, APOC1, APOC1P1"
TAK-653,4,"GRIA1, GRIA2, GRIA3, GRIA4"
CHEMBL:CHEMBL592611,4,"BAZ2B, KDM4A, SMAD3, TARDBP"
ENTOSPLETINIB,4,"CBL, FDX1, FLT3, SYK"
PF-956980,4,"EPHB1, EPHB2, EPHB3, TYK2"
LTB4,4,"AMFR, AMH, LTB4R, LTB4R2"
LOMERIZINE,4,"CACNA1B, GMNN, SCN5A, XK"
CHEMBL:CHEMBL1256660,4,"ATXN2, KCNH2, KDM4A, RAD52"
CHEMBL:CHEMBL1256484,4,"EHMT2, GFER, KDM4E, POLI"
CHEMBL:CHEMBL1214407,4,"BRCA1, HPGD, PKM, TP53"
LUMEFANTRINE,4,"ABCC2, ATP1A1, CYP3A, CYP3A4"
ENPROSTIL,4,"APOBER1, APOC1P1, APOC2, AQP8"
LP-44,4,"A12M3, A1BG, ABCD1, SERPINA3"
ZK93426,4,"ARNT, ARRB1, BMAL1, GABRA1"
ZETOMIPZOMIB,4,"FRA6E, FRA6F, FRA7B, PSMB8"
ENNIATIN B,4,"ATXN2, IDH1, NFE2L2, SMAD3"
ENDOSTATIN,4,"PRLR, VEGFA, VEGFB, VEGFC"
LUF5981,4,"ABAT, ABCA1, ABCA2, ABCA3"
LOTAMILAST,4,"PDE4A, PDE4B, PDE4C, PDE4D"
LORPUCITINIB,4,"EPHB1, EPHB2, EPHB3, TYK2"
PERAMPANEL,4,"GRIA1, GRIA2, GRIA3, GRIA4"
DIOXYBENZONE,4,"CYP1A2, CYP2C19, HIF1A, HPGD"
DIOA,4,"CD72, CD74, CD79A, CD79B"
CEE321,4,"EPHB1, EPHB2, EPHB3, TYK2"
CDP840,4,"COL10A1, COL11A1, COL11A2, COL12A1"
CCPA,4,"ABAT, ABCA1, ABCA2, ABCA3"
CCT244747,4,"CHEK1, EFNA5, EFNB1, EIF5AP3"
ALCLOMETASONE,4,"ANXA1, AR, NR3C1, SERPINA6"
ALDAFERMIN,4,"FGF1, FGFR4, KLB, SLC26A3"
DITIOCARB,4,"BCL2, BDNF, CSF2, NOS1"
"(R,S)-4-PPG",4,"ANTP2, GRM6, GRM8, SLC25A5"
METHIXENE HYDROCHLORIDE,4,"ATXN2, CHRM1, HTR2C, IDH1"
METAPHIT METHANESULFONATE,4,"EHMT2, GLP1R, IDH1, MITF"
METENKEFALIN,4,"OGFR, OPN4, OPRD1, OPRM1"
METHYLCURCUMIN,4,"EGFR, ERBB2, ERBB3, ERBB4"
CCG-50014,4,"CHRM3, GOLGA3, GP1BA, GP2"
CCG-63802,4,"FEN1, GP1BA, POLH, POLK"
CHEMBL:CHEMBL598263,4,"IDH1, NFE2L2, SMAD3, TARDBP"
DINITRO CRESOL,4,"AR, CXCL8, NFE2L2, RORC"
DIPHENHYDRAMINE HYDROCHLORIDE,4,"HRH1, JUN, KCNH2, MAPK1"
DIPHYLLIN,4,"GMNN, IDH1, NR2E3, TOP2A"
DOBUTAMINE HYDROCHLORIDE,4,"ADRB1, ADRB2, KCNH2, SLC5A7"
DIPROPYL-5-CT,4,"A12M2, A2M, A2MP1, SERPINA3"
DIPYRIDYL,4,"BAZ2B, CBFB, EHMT2, RUNX1"
DIQUAFOSOL TETRASODIUM,4,"P2RY1, P2RY2, P2RY4, P2RY6"
BEMARITUZUMAB,4,"DPYSL3, FGF2, FGFR2, H2BC5"
BCG VACCINE,4,"CSF2, IL2, KLK3, PIK3CB"
ENOXAPARIN SODIUM,4,"F2, GBE1, ITGA2B, SERPINC1"
EPOPROSTENOL,4,"APOBER1, APOC3, AQP8, PTGIR"
CHEMBL:CHEMBL59532,4,"ADORA1, CYP1A2, USP1, VDR"
CHEMBL:CHEMBL596839,4,"ATAD5, NFE2L2, NPC1, RAB9A"
EPINASTINE,4,"AMD1, DRD1, HRH1, HRH2"
ENSARTINIB,4,"ALK, DRD4, EML4, HBEGF"
LITHOCHOLYLCHOLINE,4,"AAMP, AANAT, AARS1, AAVS1"
BECAMPANEL,4,"GRIA1, GRIA2, GRIA3, GRIA4"
PHENOL,4,"CA1, CA12, CA2, NFE2L2"
PHENFORMIN HYDROCHLORIDE,4,"AR, NFE2L2, PPARA, RORC"
CHEMBL:CHEMBL592558,4,"EHMT2, PLK1, RAD52, RAD54L"
ERGONOVINE,4,"A12M1, AR, DRD2, HSD17B10"
ERGOCALCIFEROL,4,"AR, EHMT2, NFE2L2, VDR"
ZALEPLON,4,"GABRA1, GABRB1, GABRG2, TSPO"
PHENCYCLIDINE,4,"ASS1P14, GRIN2A, GRIN2B, GRIN2C"
PHENDIMETRAZINE,4,"ADRA1A, ADRA1B, SLC6A2, SLC6A3"
LINTITRIPT,4,"CCKAR, NFE2L2, USP1, VDR"
CHEMBL:CHEMBL127579,4,"GLP1R, NFE2L2, NPC1, RAB9A"
CHEMBL:CHEMBL1255656,4,"DRD3, EHMT2, KDM4A, MPHOSPH8"
PHENMEDIPHAM,4,"CYP3A4, FAAH, MAPK1, NFE2L2"
PGF1&ALPHA;,4,"RHOB, RHOC, RHOG, RND3"
LOMUSTINE,4,"ADK, EGFR, IDH1, MGMT"
LIFITEGRAST,4,"FRA12D, ICAM1, ITGAL, ITGB2"
CHEMBL:CHEMBL1256876,4,"DRD3, EHMT2, KDM4E, MPHOSPH8"
CHEMBL:CHEMBL1317986,4,"CYP1A2, CYP2C19, HIF1A, HSD17B10"
PF-06263276,4,"EPHB1, EPHB2, EPHB3, TYK2"
CHEMBL:CHEMBL1276446,4,"CDK5, CDK5R1, GSK3A, GSK3B"
PHENYLALANINE,4,"ADH6, ESR1, NFE2L2, TH"
PHENYLEPHRINE HYDROCHLORIDE,4,"ADRA1A, ADRA1B, ADRA1D, ADRB2"
PHENETHYL ISOTHIOCYANATE,4,"DDIT3, GSTP1, MAPK8, VEGFA"
"SYNTHETIC CONJUGATED ESTROGENS, A",4,"ESR1, PROC, PROS1, SERPINC1"
LOFEPRAMINE,4,"CD8B, CD9, GMNN, VDR"
LIRILUMAB,4,"GEM, KIR2DL1, KIR2DL2, KIR2DL3"
SAPPANONE A TRIMETHYL ETHER,4,"CYP3A4, MAPK1, MAPT, VDR"
SAR-20347,4,"EPHB1, EPHB2, EPHB3, TYK2"
Y27632,4,"CTBS, CTPS1, CTRB1, CTSW"
SATAVAPTAN,4,"ABCC6, AQP9, AR, AVPR2"
PHENYLACETYL-ARG-VAL-ARG-4-AMIDINOBENZYLAMIDE,4,"FRA1G, FRA2J, FRA3C, PCSK5"
CCL11,4,"ACTA2, ACTB, ACTBP2, ACTC1"
CCL19,4,"ACKR4, ACTBP4, ACTC1, ACTG1P6"
METHYL PARATHIONE,4,"ALDH1A1, CYP3A4, THRB, VDR"
DIMETHYLPHENYLPIPERAZINIUM IODIDE,4,"APOBEC3A, APOBEC3G, EHMT2, KDM4A"
CHIDAMIDE,4,"HDAC1, HDAC10, HDAC2, HDAC3"
DIPHENADIONE,4,"GMNN, NFE2L2, USP1, VDR"
PALMITOYL-CARNITINE,4,"DRD1, EHMT2, RGS4, USP1"
DIMETHYL YELLOW,4,"AHR, BRCA1, EYA2, NFE2L2"
SIMPINICLINE,4,"CHRNA3, CHRNA4, CHRNB2, CHRNB4"
AMLODIPINE BENZOATE,4,"CACNA1C, CACNA1D, CACNA1F, CACNA1S"
DIOCTANOYLGLYCEROL PYROPHOSPHATE,4,"ADFN, AEBP1, AMPD3, BIN1"
SYROSINGOPINE,4,"AR, EHMT2, IDH1, P4HB"
SKA-31,4,"ARF5, ARF6, ARG1, ARG2"
P53-HDM2 INTERACTION INHIBITOR MI-773,4,"BRAF, MDM2, NRAS, TP53"
PARABEN,4,"CA1, CA12, CA2, CA6"
PALOVAROTENE,4,"BCHEL3, RARA, RARB, RARG"
CHEMBL:CHEMBL1372046,4,"APBA1, CACNA1B, KDM4E, MAPT"
CHEMBL:CHEMBL1330352,4,"NPC1, RAB9A, SMN1, SMN2"
SAREDUTANT,4,"AQP3, AQP4, AQP5, TACR2"
SAMURACICLIB,4,"EGR4, EIF4A1, EIF4EBP2, EIF4G1"
CHLORPHENIRAMINE POLISTIREX,4,"AMD1, CYP2D6, CYP3A5, HRH1"
CICLESONIDE,4,"AR, BDM, NR3C1, SERPINA6"
METHOXYVONE,4,"ATAD5, CYP3A4, SMN1, SMN2"
METHSCOPOLAMINE BROMIDE,4,"AADAC, AANAT, CHRM1, CHRM3"
CHEMBL:CHEMBL1306524,4,"BAZ2B, EHMT2, GMNN, MAPT"
LIAROZOLE,4,"CLDN7, CYP19A1, CYP26A1, ITGAM"
CHEMBL:CHEMBL1288013,4,"CYP1A2, CYP2C19, CYP2D6, CYP3A4"
CHEMBL:CHEMBL1304363,4,"BAZ2B, HTT, KDM4A, NFE2L2"
"2',4'-DIHYDROXYCHALCONE",4,"ABCB1, ALOX15, HPGD, VDR"
XMD8-92,4,"ELN, ERVT3, FABP5, FGD1"
CHEMBL:CHEMBL1383812,4,"BAZ2B, EHMT2, L3MBTL1, POLB"
CHEMBL:CHEMBL1371696,4,"CYP1A2, CYP2C19, CYP2D6, HSD17B10"
CHEMBL:CHEMBL591363,4,"EYA2, HSP90AA1, PAX8, RAPGEF4"
PHOSPHATIDYLINOSITIDE 3-KINASE INHIBITOR,4,"ADAMTSL4-AS1, CD28, MAPK1, PIK3CA"
ACELLULAR DERMAL MATRIX,4,"BAX, BIRC5, GSTP1, SRI"
THIOCHROME,4,"AADAC, AAMP, AANAT, AARS1"
THIOCOLCHICOSIDE,4,"GABRA1, GABRB2, GABRG2, GLRA1"
BAY-8400,4,"ATR, EEF1B2P2, GOLGA1, PIK3CB"
5-HYDROXYINDOLEACETIC ACID,4,"EHMT2, HPGD, RGS4, VDR"
UNC4203,4,"AXL, DPYS, DTNA, SLC26A2"
CHEMBL:CHEMBL591598,4,"GLP1R, NPC1, RAB9A, TAAR1"
URIDINE 5'-TRIPHOSPHATE,4,"AIRE, APC, APCS, APEH"
EQUILIN,4,"APEX1, AR, RACGAP1, TARDBP"
ESFLURBIPROFEN,4,"CPT2, PTGS1, PTGS2, TARDBP"
CHEMBL:CHEMBL591876,4,"EYA2, HSP90AA1, NFE2L2, TARDBP"
CHEMBL:CHEMBL592600,4,"GMNN, HSP90AA1, KDM4A, PAX8"
CHEMBL:CHEMBL592123,4,"BAZ2B, KCNH2, KDM4A, TP53"
CHEMBL:CHEMBL591361,4,"BAZ2B, HSP90AA1, NFE2L2, RAPGEF4"
LEMBOREXANT,4,"APBA2, APBB1, HCRTR1, HCRTR2"
CHEMBL:CHEMBL1405979,4,"BRCA1, NFKB1, NFKB2, RELA"
UMBRALISIB,4,"ELF2, F7, PIK3CD, PIK3CG"
UROFOLLITROPIN,4,"ALS3, FSHB, FSHR, LHCGR"
ULOTARONT,4,"A1BG, AQP7, HTR1A, TAAR1"
CHEMBL:CHEMBL1415258,4,"GMNN, RAD52, RAD54L, SMAD3"
CHEMBL:CHEMBL589715,4,"ATXN2, EHMT2, GMNN, MITF"
CHEMBL:CHEMBL588859,4,"CYP1A2, CYP3A4, GSK3A, GSK3B"
CHLORTETRACYCLINE HYDROCHLORIDE,4,"BAZ2B, KDM4A, MRPL36, RPSA"
CHLOROFORM,4,"ATP4A, ATP5F1E, ATP6V1B1, ATP6V1B2"
DINALINE,4,"AR, ATAD5, NPC1, RAB9A"
SAR407899,4,"CTPS1, CTRB1, ROCK1, ROCK2"
SARAKALIM,4,"ABCC8, ABCC9, KCNJ11, KCNJ8"
SARIZOTAN HYDROCHLORIDE,4,"DRD2, DRD3, DRD4, HTR1A"
"1R,9S-HYDRASTINE",4,"CYP2C19, CYP2C9, CYP3A4, TSHR"
LEVAMLODIPINE MALEATE,4,"CACNA1C, CACNA1D, CACNA1F, CACNA1S"
CIBINETIDE,4,"CSF2RB, DHCR24, EPO, EPOR"
ACAA,4,"ATP2A2, ATP2B2, ATP3, TRPM8"
TRIPARANOL,4,"AR, DHCR24, GMNN, PPARD"
OXYBENZONE,4,"ALDH1A1, CYP1A2, HPGD, HTT"
CINACIGUAT,4,"GUCY1A1, GUCY1A2, GUCY1B1, GUCY1B2"
CICAPROST,4,"APOBER1, APOC1P1, APOC3, AQP8"
CHLORQUINALDOL,4,"AR, GMNN, HSPA5, SMAD3"
ERTUGLIFLOZIN,4,"CD3D, CD3E, SLC5A2, SLC5A4"
TRIHEXYPHENIDYL,4,"AADAC, ADRB3, CHRM1, COMT"
DINOSEB,4,"AR, NFE2L2, PPARD, TP53"
DIMIRACETAM,4,"GRIN2A, GRIN2B, GRIN2C, GRIN2D"
TIRAPAZAMINE,4,"CYP7B1, NOS1, TOP2A, TP53"
8-CYCLOPENTYLTHEOPHYLLINE,4,"ABAT, CYP1A2, CYP3A4, NFE2L2"
BEZAFIBRATE,4,"BCKDHA, PPARA, PPARD, PPARG"
OXOTREMORINE-M,4,"AADAC, AAMP, AANAT, AARS1"
OXYCODEGOL,4,"APAF1, APOF, OPN4, OPRM1"
RUNCACIGUAT,4,"GUCY1A1, GUCY1A2, GUCY1B1, GUCY1B2"
RUPATADINE,4,"AMD1, APLP2, HRH1, PTAFR"
RX821002,4,"ABL1, ABL2, ADRA2A, AOC1"
METRONIDAZOLE,4,"ALDH1A1, CYP3A4, IL6, TSPO"
METOLAZONE,4,"CD70, HSD17B10, SLC12A1, SLC12A3"
OXYPHENCYCLIMINE,4,"CHRM1, CHRM2, CHRM3, CHRM5"
TROSPIUM,4,"CHRM1, CHRM2, CHRM3, CHRM5"
TRIMETHADIONE,4,"CACNA1G, CACNA1H, CACNA1I, CYP3A4"
PHOSALONE,4,"AR, CYP3A4, NFE2L2, VDR"
RUSERONTINIB,4,"ABL1, DPYS, EGFR, FLT3"
SALAGEN,4,"CYP2C19, CYP2C9, CYP3A4, RGS4"
SALVINORIN A,4,"NUDT2, OPN4, OPRD1, OPRK1"
SALINAZID,4,"AR, BAZ2B, KDM4A, PPARD"
ETARACIZUMAB,4,"ITGA5, ITGAV, ITGB1, ITGB3"
ESOXYBUTYNIN,4,"CYP1A2, CYP2C19, CYP2D6, CYP3A4"
RV6153,4,"F5, F7, F7R, PIK3CB"
CHEMBL:CHEMBL1510164,4,"ADAMTSL4-AS1, EHMT2, GMNN, MAPT"
RS67506,4,"CYP2C19, CYP2C9, CYP2D6, RGS4"
TANGERETIN,4,"ABCB1, ALDH1A1, CYP3A4, RAPGEF4"
RS-25344,4,"COL10A1, COL11A1, COL11A2, COL12A1"
RYANODINE,4,"DAGLA, RYR1, RYR2, RYR3"
PHYTOESTROGEN,4,"BRCA1, CYP19A1, EPHA8, LDLR"
BATOPROTAFIB,4,"ALK, HOXA6, PTPN11, ROS1"
BAY 60-6583,4,"ABAT, ABCA1, ABCA2, ABCA3"
LENIOLISIB,4,"F5, F7, PIK3CD, PIK3R1"
PHOSPHODIESTERASE INHIBITOR,4,"HSPA4, PCSK1, PLAU, PRL"
5-(N-METHYL-N-ISOBUTYL)AMILORIDE,4,"CYP1A2, CYP2D6, KCNH2, MPHOSPH8"
THIAMYLAL,4,"GABRA1, GABRG3, KCNJ11, KCNJ8"
ACIVICIN,4,"AR, CRH, MYC, TGM2"
ACETAMINOPHEN/TRAMADOL,4,"G6PD, MIR107, MIR23B, OPRM1"
CHEMBL:CHEMBL1412710,4,"ALDH1A1, BACE1, CYP3A4, TDP1"
LDN-214117,4,"DNCM, DNM2, DNMT1, DNMT3A"
LERCANIDIPINE,4,"CACNA2D1, CACNG1, CBX1, GMNN"
UH-AH 37,4,"AAMP, AANAT, AARS1, AAVS1"
LEVAMISOLE,4,"ALPL, CYP2B6, GSTP1, TGM2"
CHEMBL:CHEMBL589421,4,"APOBEC3A, APOBEC3G, EHMT2, SLC5A7"
CHEMBL:CHEMBL589924,4,"EHMT2, FEN1, POLB, RAD52"
CHEMBL:CHEMBL1456848,4,"GNAS, NOD2, SMAD3, TSHR"
CHEMBL:CHEMBL145725,4,"CYP2C19, CYP2C9, CYP3A4, RGS4"
CHEMBL:CHEMBL1412002,4,"BAZ2B, EHMT2, KDM4A, PLK1"
ESTRIOL,4,"AR, BCYRN1P2, ESR1, ESR2"
SABCOMELINE,4,"AADAC, AANAT, AARS1, AAVS1"
S18986,4,"ASPH, ASS1, ASS1P2, GRIA3"
CHEMBL:CHEMBL590184,4,"GMNN, HSP90AA1, NFE2L2, NPC1"
ETHAMBUTOL HYDROCHLORIDE,4,"CYP2B6, NR1I2, SLCO1B1, TNF"
ETODOLAC,4,"CPT2, NFE2L2, PTGS1, PTGS2"
ETHYNODIOL DIACETATE,4,"AR, ESR1, NFE2L2, PGR"
CHEMBL:CHEMBL588683,4,"BRCA1, GLP1R, NPC1, RAB9A"
MEXILETINE,4,"BAX, CYP2D6, SCN5A, TAC1"
CATEQUENTINIB,4,"DPYSL2, DRD1, DRD2, DRD3"
CC-115,4,"MTOR, PIK3CA, PRKDC, PTEN"
CC-401,4,"MAPK10, MAPK8, MAPK9, MELK"
DIHYDRODAPHNODORIN B,4,"ALPG, ALPI, ALPL, P4HB"
DIHYDROERGOCRISTINE,4,"ADRA2C, AR, DRD1, MAPT"
SODIUM DICHLOROACETATE,4,"PDK1, PDK2, PDK3, PDK4"
CHEMBL:CHEMBL1439833,4,"GLP1R, HSP90AA1, HTT, IDH1"
CILOMILAST,4,"PDE4A, PDE4B, PDE4C, PDE4D"
CARPHENAZINE,4,"DRD1, DRD2, DRD5, GMNN"
METIZOLINE,4,"CYP1A2, DRD1, EHMT2, HSD17B10"
MIGLITOL,4,"GAA, GAPDHP69, GATA6, MGAM"
MILVEXIAN,4,"F11, FNTAP2, FRA1A, FRA2G"
MILAMELINE,4,"AADAC, AANAT, AARS1, AAVS1"
MIBAMPATOR,4,"GRIA1, GRIA2, GRIA3, GRIA4"
MEVASTATIN,4,"AR, IDH1, NPSR1, PRDM1"
CILOSTAMIDE,4,"COL9A2, COL9A3, CYP3A4, HSD17B10"
BIFEMELANE,4,"CYP1A2, CYP3A4, FSHMD1A, FSHMD1B"
BIIB021,4,"CNA1, GRIN2C, HSP90AA1, HSP90AB1"
DIHYDROCAPSAICIN,4,"CYP1A2, CYP2C19, CYP2C9, CYP3A4"
DIFLUPREDNATE,4,"AR, BDM, NPSR1, NR3C1"
DILTIAZEM MALATE,4,"CACNA1C, CACNA1D, CACNA1F, CACNA1S"
DIGITOXIGENIN,4,"GLP1R, IDH1, NFE2L2, PAX8"
DIGOXIGENIN,4,"IDH1, NFE2L2, PAX8, SMAD3"
LAROTRECTINIB,4,"DRD5P1, NTRK1, NTRK2, NTRK3"
CHEMBL:CHEMBL1503190,4,"ATXN2, HKDC1, MAPT, SMAD3"
BATIMASTAT,4,"CXCL2, DBP, DCC, DCR"
BALAMAPIMOD,4,"FAH, MAP2K1, MAP2K2, MS4A2"
PI3K/MTOR KINASE INHIBITOR PF-04691502,4,"PIK3CA, PIK3CB, PIK3CD, PIK3CG"
PICLAMILAST,4,"COL10A1, PDE4A, PDE4B, PDE4D"
PI3K INHIBITOR BGT226,4,"MTOR, PIK3CA, PIK3CG, PTEN"
ETONITAZENE,4,"APAF1, APOF, AR, NUDT2"
DIHYDROERGOCRISTINE MESYLATE,4,"BAZ2B, GMNN, MAPT, NPSR1"
DIENOCHLOR,4,"APEX1, POLK, THRB, VDR"
DICYCLOHEXYLCARBODIIMIDE,4,"AR, CXCL8, NFE2L2, RORC"
SNC80,4,"APAF1, CYP2D6, CYP3A4, OPRD1"
SJ988497,4,"EPHB1, EPHB2, EPHB3, TYK2"
BIIB068,4,"BTK, EFNB2, EPHB2, ERCM1"
OXYCARBOXIN,4,"AR, GLP1R, NFE2L2, THRB"
OTELIXIZUMAB,4,"CD3D, CD3E, CD3G, GLRA2"
CAMRELIZUMAB,4,"CD274, KEAP1, PDCD1, STK11"
SUVOREXANT,4,"APBA2, APBB1, HCRTR1, HCRTR2"
SM-122,4,"GNG10, GNG11, GNGT1, XIAP"
AMILORIDE HYDROCHLORIDE,4,"HSD17B10, SCNN1A, SCNN1B, SCNN1G"
DIHYDREXIDINE HYDROCHLORIDE,4,"EHMT2, HPGD, KDM4E, MPHOSPH8"
ABX-1431,4,"CRKL, CXCL1, MAPK14, MGLL"
MINOCYCLINE HYDROCHLORIDE,4,"APEX1, AR, MRPL36, RPSA"
CARBONYL CYANIDE M-CHLOROPHENYLHYDRAZONE,4,"AR, CYP3A4, MAPT, TSHR"
PICOTAMIDE,4,"COX11, CYP3A4, TBXA2R, TBXAS1"
BALSALAZIDE,4,"ALOX5, PPARG, PTGS1, PTGS2"
BALSALAZIDE DISODIUM,4,"ALOX5, PPARG, PTGS1, PTGS2"
BAMINERCEPT ALFA,4,"LTA, LTB, LTBR, TNFSF14"
RS-100329,4,"ABCA4, ABCB7, CYP2C9, CYP3A4"
FAM-TRASTUZUMAB DERUXTECAN-NXKI,4,"ERBB2, ESR1, ESR2, TOP1"
EZETIMIBE,4,"GBA1, NPC1L1, NPSR1, SLCO1B1"
MIPSAGARGIN,4,"ATP2A1, ATP2A2, ATP2A3, FOLH1"
CHEMBL:CHEMBL1520837,4,"CYP1A2, CYP2D6, IDH1, XBP1"
"WIN 51,708",4,"AADAC, AAMP, AANAT, AARS1"
2-(PHENOXYMETHYL)BENZOTHIAZOLE,4,"NPC1, RAB9A, SMN1, SMN2"
13-CIS-RETINAL,4,"CXCL8, ESR1, NFE2L2, OPN1LW"
PICROTIN,4,"ARVD3, ARVD4, ASAH1, GLRA1"
PIROMELATINE,4,"HTR1A, HTR1D, MTNR1A, MTNR1B"
LASW1393,4,"EPHB1, EPHB2, EPHB3, TYK2"
LACTULOSE,4,"CSF2, FCGR3A, FCGR3B, TNF"
DEXIBUPROFEN,4,"COX8A, PTGS1, PTGS2, TARDBP"
DEXKETOPROFEN,4,"MAPT, POLK, PTGS1, PTGS2"
[125I]EPIBATIDINE,4,"ATD, ATF4, CHRNA3, ZFHX3"
TRIBROMSALAN,4,"AR, MAPT, PPARD, VDR"
TRIBUTYLCHLOROSTANNANE,4,"AR, NFE2L2, NR1H4, RXRA"
MK-0767,4,"BCKDHA, CCND1, PPARA, PPARG"
TRIDIHEXETHYL,4,"CHRM1, CHRM2, CHRM3, CHRM5"
(S)-FELODIPINE,4,"CYP2C19, CYP2C9, CYP3A4, HSD17B10"
L-AP4,4,"ANTP2, GRM6, GRM8, SLC25A5"
L-783483,4,"BAK1P2, BCKDHB, BCL3, CCND1"
FBT-A05,4,"CD3D, CD3E, CD3G, MS4A1"
SP600125,4,"CTNNA1P1, CTNNA2, CTNS, TP53"
SOTORASIB,4,"GPM6B, HRAS, KRAS, NRAS"
DEXTROTHYROXINE,4,"BCGF1, CYP2C9, THRA, THRB"
DIBENZOYLMETHANE,4,"AR, NFE2L2, SMN1, SMN2"
DICHLORVOS,4,"AR, CXCL8, GMNN, NFE2L2"
TAKINIB,4,"ELANE, EPHA3, EPHA7, ERPL1"
LACIDIPINE,4,"CACNA1C, CACNA1D, CACNA1F, CACNA1S"
PIM447,4,"F10, F11, F9, PIM1"
L838417,4,"ARNT, ARRB1, BMAL1, GABRA1"
KU-60019,4,"ATM, EEF1B2P2, PTEN, TP53"
CHEMBL:CHEMBL16751,4,"CYP2C19, CYP3A4, KMT2A, MEN1"
CHEMBL:CHEMBL1523215,4,"ESR1, NFE2L2, RACGAP1, TARDBP"
CHEMBL:CHEMBL1517542,4,"NPC1, RAB9A, SMN1, SMN2"
OSUGACESTAT,4,"APC, APH1A, APH1B, CTNNB1"
ABT-510,4,"CD36, CD47, FGF2, THBS1"
ABT702,4,"ATAD5, CCR2, SNCA, YES1"
CIPROFIBRATE,4,"BCKDHA, JUN, MPHOSPH8, PPARA"
CIPROXIFAN,4,"AMD1, AMD1P2, AMELX, HRH3"
CHEMBL:CHEMBL585827,4,"BAZ2B, GMNN, HSP90AA1, PAX8"
LACTOSE,4,"CYP1A2, GUCA2A, PIK3CG, TSHB"
L-765314,4,"ABCF1, CYP3A4, HSD17B10, THPO"
DEXFOSFOSERINE,4,"ANTP2, GRM6, GRM8, SLC25A5"
DESOXYCORTICOSTERONE,4,"AR, BDM, CYP2C19, NR3C2"
ZUCLOPENTHIXOL,4,"CYP1A2, DRD1, DRD2, DRD5"
(S)-ALAPROCLATE,4,"CYP1A2, CYP2C19, CYP2D6, CYP3A4"
ORTHOTOLIDINE,4,"ALDH1A1, ESR1, NFE2L2, RACGAP1"
CANTHARIDIC_ACID,4,"ATAD5, ATXN2, CBX1, MTOR"
CALCIPOTRIENE,4,"AR, BCL7A, NFE2L2, VDR"
TRIFAROTENE,4,"BCHE, BCHEL1, BCHEL3, RARG"
PIRTOBRUTINIB,4,"BTK, EFNB2, IGH, TP53"
FARAMPATOR,4,"GRIA1, GRIA2, GRIA3, GRIA4"
CHEMBL:CHEMBL585045,4,"CYP2C19, CYP2C9, CYP2D6, CYP3A4"
CHEMBL:CHEMBL584883,4,"ATAD5, GFER, HTT, NFE2L2"
CHEMBL:CHEMBL585030,4,"ATAD5, EHMT2, FASN, GMNN"
SQUALAMINE,4,"CDH17, FGF2, PDGFA, VEGFA"
CLESACOSTAT,4,"ACACA, ACACB, CNN1, PLK3"
DES-AA5-[D-TRP8]SRIF,4,"AQP1, AQP2, FAS, SHROOM2"
PLASMIN,4,"FGA, FGB, FGG, PLG"
KDM5 INHIBITOR N71,4,"GFRA2, GGTA1, GGTL1, KDM5A"
KETANSERIN TARTRATE,4,"CYP2D6, HPGD, KCNH2, NPSR1"
FARGLITAZAR,4,"BCKDHA, CCND1, PPARG, SCNN1B"
AZD8154,4,"F5, F7, F7R, PIK3CB"
AZD6605,4,"ACE, DBT, DCK, DCR"
PIRENOXINE,4,"GLS, KMT2A, MEN1, POLK"
PIRENPERONE,4,"ARSA, DRD1, KCNH2, SERPINA3"
CANAGLIFLOZIN,4,"CD3D, CD3E, SLC5A2, SLC5A4"
MIZORIBINE,4,"EHMT2, GMPS, IMPDH1, IMPDH2"
MK-0249,4,"AMD1, AMD1P2, AMELX, HRH3"
WX-UK1,4,"FRA1C, FRA5A, FRA5B, PLAU"
KF26777,4,"ABAT, ABCA1, ABCA2, ABCA3"
KYNURENIC ACID,4,"ADAM10, CBX1, EHMT2, HSD17B10"
KINETIN RIBOSIDE,4,"IDH1, NFE2L2, PAX8, TP53"
KI-20227,4,"DPP6, DPT, DPYD, DRD2"
SODIUM SALICYLATE,4,"CDKN1A, CSF2, HSPA4, NGB"
CLOBETASOL,4,"ANXA1, AR, NR3C1, PLA2G1B"
SOLRIAMFETOL,4,"CD8B, CD8B2, SLC6A2, SLC6A4"
SOLABEGRON,4,"ABO, ABR, ACAA1, ADRB3"
MK-0359,4,"COL10A1, COL11A1, COL11A2, COL12A1"
MK-8777,4,"GRIA1, GRIA2, GRIA3, GRIA4"
MK-912,4,"ABL1, ABL2, ADRA2A, AOC1"
ML315,4,"CELA1, ELANE, ELAVL2, EML1"
THEAFLAVIN,4,"BRCA2, PIK3CA, PIK3CG, SLC2A4"
CHEMBL:CHEMBL582099,4,"EYA2, HSP90AA1, KDM4A, SMAD3"
FIRSOCOSTAT,4,"ACACA, ACACB, CNN1, PLK3"
CHEMBL:CHEMBL582983,4,"HSP90AA1, IDH1, NFE2L2, SMAD3"
CHEMBL:CHEMBL580918,4,"IDH1, NFE2L2, PAX8, SMAD3"
CLOMIPHENE,4,"BCYRN1P2, ESR1, PRL, PTH"
CLOMIPHENE CITRATE,4,"CP, ESR1, LIF, PTH"
CALCIUM GLUCONATE,4,"CEACAM5, CTSC, PRL, PTH"
KC706,4,"MAPK11, MAPK12, MAPK13, MAPK14"
VANILLIN,4,"ALDH1A1, BPI, BRCA2, FOXL2"
PINACIDIL,4,"ABCC9, CALCA, CYP3A4, KCNJ11"
KETOTIFEN FUMARATE,4,"AMD1, CYP2D6, DRD1, HRH1"
KEYHOLE LIMPET HEMOCYANIN,4,"EPCAM, MAPK8, NOS2, TGFB1"
POLY IC,4,"CCL17, CYP2B6, FCGR3A, FCGR3B"
POMALIDOMIDE,4,"CRBN, CUL4A, DDB1, RBX1"
4SC-203,4,"FLT1, FLT3, FLT4, KDR"
DESOGESTREL,4,"AR, ESR1, GMNN, PGR"
BIMATOPROST,4,"APOC2, PTGER1, PTGER3, PTGFR"
SOLITOMAB,4,"CD3D, CD3E, CD3G, EPCAM"
FERROUS SULFATE,4,"CYP1A2, CYP2C9, CYP2D6, CYP3A4"
FENCLONINE,4,"CMKLR1, EHMT2, LTB4R, TPH2"
FENBENDAZOLE,4,"CYP1A2, GLP1R, GMNN, IDH1"
TEZAMPANEL ANHYDROUS,4,"ASPH, ASS1, ASS1P2, GRIA3"
POZANICLINE,4,"CHRNA4, CHRNA5, CHRNA6, CHRNB2"
CHEMBL:CHEMBL1707907,4,"GLS, HKDC1, PLK1, WRN"
CHEMBL:CHEMBL1606,4,"AR, ATXN2, IDH1, PPARD"
CHEMBL:CHEMBL1609016,4,"BAZ2B, KDM4A, L3MBTL1, MAPT"
JNJ16259685,4,"ANOP1, CYP3A4, SMN1, SMN2"
JNJ-39758979,4,"AMD1, AMD1P2, AMELX, HRH3"
JAK INHIBITOR 17B,4,"EPHB1, EPHB2, EPHB3, TYK2"
FLAVOXATE,4,"CHRM1, CHRM2, CHRM5, CYP2D6"
CHEMBL:CHEMBL579742,4,"EHMT2, FEN1, IDH1, RAD54L"
APOLIZUMAB,4,"HLA-DRB1, HLA-DRB3, HLA-DRB4, HLA-DRB5"
APADENOSON,4,"ABAT, ABCA1, ABCA3, ADORA2A"
JAK INHIBITOR 20A,4,"EPHB1, EPHB2, EPHB3, TYK2"
K777,4,"FNTBL1, FOLR2, FOLR2L, FOS"
JNJ-64264681,4,"EEGV1, EFNA1, EFNB2, TEC"
CHEMBL:CHEMBL184074,4,"CYP3A4, HSD17B10, MAPK1, MAPT"
KBP5209,4,"EGFR, ERBB2, ERBB3, ERBB4"
KHELLIN,4,"CYP1A2, CYP3A4, HPGD, USP1"
ROCILETINIB,4,"DXO, EGFR, ERBB2, MET"
RO4938581,4,"ARNT, ARRB1, BMAL1, GABRA1"
FIPEXIDE,4,"CYP1A2, CYP2C19, CYP2D6, CYP3A4"
FGF-1,4,"FGFR1, MAPK10, NFE2L2, PIK3CG"
ROSIGLITAZONE MALEATE,4,"NFE2L2, PPARD, PPARG, UCP2"
ROPEGINTERFERON ALFA-2B,4,"IFNA2, IFNAR1, IFNAR2, JAK2"
AZELASTINE HYDROCHLORIDE,4,"CYP3A4, HRH1, IDH1, JUN"
PLX-7486,4,"CSF1R, NTRK1, NTRK2, NTRK3"
MM-111,4,"DPAGT1, EN1, ERBB2, ERBB3"
CLIDINIUM,4,"AAMP, AANAT, CHRM1, CHRM3"
CLOFILIUM,4,"ALDH7A1P2, BAAT, KCNT1, KCNT2"
ML 10302,4,"CBX1, CYP3A4, FEN1, NAT1"
MK-0893,4,"ADCYAP1R1, ALPG, ALPI, GCGR"
SPARTALIZUMAB,4,"BRAF, CD274, GM2A, PDCD1"
AM966,4,"ACVRL1, AMPD3, AMPH, BIN1"
ST-1006,4,"AMD1, AMD1P2, AMELX, HRH3"
OPC-14523,4,"HTR1A, PGRMC1, SIGMAR1, SLC6A4"
SPICLOMAZINE,4,"CYP1A2, CYP2D6, EHMT2, GMNN"
DESERPIDINE,4,"ACE, AR, SLC18A2, VDR"
DERSALAZINE,4,"PTAFR, PTGS1, PTGS2, TNF"
DESLORATADINE,4,"AMD1, CYP3A4, HRH1, PPARD"
DESMOSTEROL,4,"BAK1P2, BCL3, NR1H2, NR1H3"
DESIRUDIN,4,"F2, F2R, FRA1C, PLG"
COLCHICEINE,4,"GMNN, IDH1, KDM4A, KDM4E"
(R)-NITRENDIPINE,4,"CYP2C19, CYP2C9, CYP3A4, NFKB1"
MOXIFLOXACIN,4,"CCL18, G6PD, KCNH2, UGT1A1"
MRE 2029F20,4,"ABAT, ABCA1, ABCA2, ABCA3"
CAELYX,4,"ABCB1, BCL2, LRP1B, TOP2A"
CAFFEIC ACID,4,"EHMT2, GAA, HSD17B10, KDM4E"
ONAPRISTONE,4,"BDM, BDNF, NR3C2, PGR"
OMEPRAZOLE MAGNESIUM,4,"ATP4A, ATP4B, EHMT2, KDM4A"
BISACODYL,4,"AR, CYP3A4, GPR55, TSHR"
ISOETHARINE,4,"ADRB1, ADRB2, EHMT2, VDR"
ISOETHARINE MESYLATE,4,"ADRB2, EHMT2, HIF1A, KDM4E"
CHEMBL:CHEMBL199592,4,"BAZ2B, GLS, KDM4A, NFE2L2"
CHEMBL:CHEMBL1889303,4,"ATXN2, IDH1, PAX8, TARDBP"
ISOXSUPRINE HYDROCHLORIDE,4,"ADRA1A, ADRA1B, ADRA1D, ADRB2"
ROPINIROLE HYDROCHLORIDE,4,"DRD2, DRD3, DRD4, KCNH2"
FILOREXANT,4,"APBA2, APBB1, HCRTR1, HCRTR2"
FLOTETUZUMAB,4,"CD3D, CD3E, CD3G, IL3RA"
CHEMBL:CHEMBL1910971,4,"PADI1, PADI2, PADI3, PADI4"
CHEMBL:CHEMBL1939691,4,"GMNN, IDH1, MAPK1, MAPT"
CHEMBL:CHEMBL192626,4,"APOBEC3F, APOBEC3G, GMNN, IDH1"
CHEMBL:CHEMBL177809,4,"CYP1A2, CYP2D6, CYP3A4, TP53"
CHEMBL:CHEMBL176599,4,"CASP6, CBX1, CTDSP1, KDM4A"
JAK3 INHIBITOR 32,4,"EPHB1, EPHB2, EPHB3, TYK2"
JAK3 INHIBITOR 34,4,"EPHB1, EPHB2, EPHB3, TYK2"
ITACITINIB,4,"EPHB1, EPHB2, JAK1, TYRO3"
MT-II,4,"ANCR, ANGPT1, ANGPT2, ANK1"
MSX-2,4,"ABAT, ABCA1, ABCA2, ABCA3"
OCLACITINIB,4,"EPHB1, EPHB2, EPHB3, TYK2"
MUNDULONE,4,"CYP3A4, HPGD, MAPK1, TP53"
MULTI-NEO-EPITOPE VACCINE OSE 2101,4,"ERBB2, MAGEA2, MAGEA3, TP53"
MRE 3008F20,4,"ABAT, ABCA1, ABCA2, ABCA3"
CAFFEINE CITRATE,4,"ADORA1, ADORA2A, ADORA2B, ADORA3"
CALCIFEDIOL ANHYDROUS,4,"AR, CYP2R1, GMNN, VDR"
CHEMBL:CHEMBL578928,4,"GBA1, GLP1R, GMNN, SMAD3"
FLUMETHASONE PIVALATE,4,"ANXA1, AR, NFE2L2, NR3C1"
THAL-SNS-032,4,"EGR4, EIF4A1, EIF4EBP2, EIF4G1"
THAPSIGARGIN,4,"ATP2A1, ATXN2, HSPA5, MTOR"
RO 31-8220,4,"ABCB1, CXCL8, DDIT3, EZR"
OGLEMILAST,4,"PDE4A, PDE4B, PDE4C, PDE4D"
[3H]CNQX,4,"ASPH, ASS1, ASS1P2, GRIA3"
"[3H]AVP (HUMAN, MOUSE, RAT)",4,"ABCC6, AQP9, AR, ARAF"
FLUOXYMESTERONE,4,"AR, BEVI, NR3C1, PRL"
FLUORO-WILLARDIINE,4,"ASPH, ASS1, ASS1P2, GRIA3"
FLUOXASTROBIN,4,"AR, NFE2L2, NR1H4, PPARG"
CHEMBL:CHEMBL578929,4,"GMNN, IDH1, NFE2L2, PAX8"
ISOORIENTIN,4,"KDM4A, POLI, POLK, RACGAP1"
PP-242,4,"ETFB, EYA2, PIK3CA, PTEN"
PRATOSARTAN,4,"AGTR1, SLC22A12, SLC22A6, SLC22A8"
AZD3458,4,"F5, F7, F7R, PIK3CB"
CM-082,4,"FLT3, KDR, KIT, PDGFRB"
DESMETHOXYYANGONIN,4,"AHR, CYP3A4, SMN1, SMN2"
DEOXYCYTIDINE,4,"CDA, CDKN1A, DCK, TK1"
FIRATEGRAST,4,"FRA11F, ITGA4, ITGB1, ITGB7"
FINGOLIMOD,4,"AMT, AMY2A, KMT2A, S1PR1"
CHEMBL:CHEMBL2002849,4,"BAZ2B, GMNN, HTT, KDM4A"
ISOPROPAMIDE IODIDE,4,"CHRM1, CHRM3, CTDSP1, KDM4A"
FLUOCINONIDE,4,"AR, BDM, NR3C1, PLA2G4A"
FORMESTANE,4,"AR, CYP19A1, CYP1B1, TARDBP"
TECLISTAMAB-CQYV,4,"CD3D, CD3E, CD3G, TNFRSF17"
CHEMBL:CHEMBL546344,4,"NPC1, RAB9A, SMAD3, TAAR1"
CHEMBL:CHEMBL538965,4,"AHR, CYP3A4, HSD17B10, NFE2L2"
CHEMBL:CHEMBL541585,4,"EHMT2, KCNH2, KDM4E, MPHOSPH8"
FOSPROPOFOL,4,"GABRB2, GABRB3, SCN2A, SCN4A"
FOMEPIZOLE,4,"ADH1A, ADH1B, ADH1C, EHMT2"
FREMANEZUMAB,4,"CALCA, CALCB, CALCRL, MICU1"
IRUPLINALKIB,4,"ALK, EML4, HBEGF, ROS1"
2-HEXYNYL-NECA,4,"ABAT, ABCA1, ABCA2, ABCA3"
"2,3,4-TRIHYDROXY-4'-ETHOXYBENZOPHENONE",4,"ALDH1A1, KDM4E, MAPT, POLK"
2-MERCAPTONICOTINIC ACID,4,"BAZ2B, EHMT2, KDM4A, KDM4E"
PREDNICARBATE,4,"ANXA1, AR, NFE2L2, NR3C1"
FLUOROMETHOLONE,4,"AR, BDM, NR3C1, PLA2G4A"
"2,4-DINITROPHENOL",4,"AR, GPR35, NFE2L2, RORC"
VPC03090-P,4,"AMT, AMY1B, AMY1C, AMY2A"
CHEMBL:CHEMBL578915,4,"ALDH1A1, ATXN2, GMNN, NFE2L2"
RIFAMYCIN SV,4,"SLCO1A2, SLCO1B1, SLCO1B3, SLCO2B1"
RILAPLADIB,4,"MAPK14, PLA2G1B, PLA2G7, TK1"
APROCITENTAN,4,"ALDH1A3, ALDH1B1, EDNRA, EDNRB"
IOX1,4,"CXCR3, GFPT1, GGCX, GGTL2"
PROCAINAMIDE,4,"BNIP3L, COP1, NAT2, SCN5A"
PROCAINE,4,"DAGLA, HTR3A, RYR2, SCN10A"
PROCYCLIDINE,4,"CHRM1, CHRM2, CHRM4, CHRM5"
MRK016,4,"ARNT, ARRB1, BMAL1, GABRA1"
MRS1191,4,"ABAT, ABCA1, ABCA2, ABCA3"
MRS1754,4,"ABAT, ABCA1, ABCA2, ABCA3"
(R)-NFPS,4,"CD24P1, CYP2C19, CYP2C9, SLC6A9"
(R)-FLECAINIDE,4,"CYP2C19, CYP2C9, CYP2D6, TSHR"
RO-6870810,4,"BRD2, BRD3, BRD4, BRDT"
RO20-1724,4,"COL10A1, COL11A1, COL11A2, COL12A1"
CHEMBL:CHEMBL578719,4,"FEN1, IDH1, RAD52, SMAD3"
"N-DOCOSATETRA-7,10,13,16-ENOYLETHANOLAMINE",4,"ALDH1A1, EHMT2, TDP1, VDR"
OLESOXIME,4,"TSPO, VDAC1, VDAC2, VDAC3"
BIOFLAVONOID,4,"CXCL8, CYP19A1, MBP, PIK3CB"
BIRICODAR,4,"ABCB1, ABCC1, CA9, CACNA1S"
OMALIZUMAB,4,"FCER1A, GLRA1, IGHE, MS4A2"
OLSALAZINE SODIUM,4,"ALOX5, PPARG, PTGS1, PTGS2"
OLTIPRAZ,4,"APEX1, CALR, PTPN1, PTPN11"
ONALESPIB,4,"ALK, BCL6, HSP90AA1, HSP90AB1"
DEGUELIN,4,"CYP2C19, CYP2D6, CYP3A4, TSHR"
[125I]NDP-MSH,4,"ANCR, ANGPT1, ANGPT2, ANK1"
(R)-PINOCEMBRIN,4,"CYP2C19, CYP2C9, CYP2D6, CYP3A4"
[3H]2-DEOXYGLUCOSE,4,"CBS, CCA1, SLC2A2, SLC2A3"
OLMESARTAN MEDOXOMIL,4,"ACADM, AGTR1, ALB, SLCO1B1"
ONC201,4,"DRD2, HRG, PTEN, TP53"
OLOMOUCINE,4,"CDK2, CDK5, CYP1A2, CYP2D6"
OLINCIGUAT,4,"GUCY1A1, GUCY1A2, GUCY1B1, GUCY1B2"
IODOFORM,4,"ALDH1A1, EHMT2, NFE2L2, VDR"
IODOPHENPROPIT,4,"AMELX, CYP1A2, CYP3A4, HRH3"
VER-246608,4,"GRM5, PDK2, PDK3, PDK4"
VARESPLADIB,4,"CRYBB3, PLA2G10, PLA2G2A, PLA2G5"
APROTININ,4,"FRA5B, KLKB1, PLG, TFF2"
ARECAIDINE PROPARGYL ESTER,4,"AADAC, AAMP, AANAT, AARS1"
SU11274,4,"CBL, DRD4, MAPK14, MET"
STK16-IN-1,4,"ETFB, F7, F7R, FCGR2B"
IPRAGLIFLOZIN,4,"CD3D, CD3E, SLC5A2, SLC5A4"
CHEMBL:CHEMBL2094549,4,"CYP1A2, CYP2C19, CYP2C9, CYP3A4"
CHEMBL:CHEMBL2094573,4,"NPC1, RAB9A, SMN1, SMN2"
CHEMBL:CHEMBL2170369,4,"GABRA1, GABRB1, GABRB2, GABRG2"
AZ628,4,"BRAF, EFNA2, NRAS, YES1"
PRAMLINTIDE ACETATE,4,"CALCR, RAMP1, RAMP2, RAMP3"
"4,4'-DIMETHOXYDALBERGIONE",4,"ALOX15, CYP3A4, MAPT, VDR"
VB-201,4,"CD14, PTGS1, PTGS2, TLR2"
G&OUML; 6976,4,"CTF1, DPYS, JAK2, NKX2-5"
G&OUML; 7874,4,"AADAC, AAMP, AANAT, AARS1"
FURTRETHONIUM IODIDE,4,"AADAC, AAMP, AANAT, AARS1"
FRAX597,4,"EXT3, EXTL1, EXTL2, PAK4"
INCB-38579,4,"AMD1, AMD1P2, AMELX, HRH3"
PROADIFEN HYDROCHLORIDE,4,"AR, ATXN2, CYP3A4, KCNH2"
GALETERONE,4,"AR, BEVI, CPB2, CYP17A1"
CHEMBL:CHEMBL536151,4,"ATAD5, FLT3, KDR, POLK"
ADL5859,4,"APAF1, APOF, NUDT2, OPRD1"
ACY-738,4,"GAPDHP1, GARS1, GART, GDF2"
CHEMBL:CHEMBL2094484,4,"AGTR1, BAZ2B, KDM4A, SMAD3"
INFIGRATINIB PHOSPHATE,4,"FGFR1, FGFR2, FGFR3, FGFR4"
FRAX486,4,"EXT3, EXTL1, EXTL2, PAK4"
CHEMBL:CHEMBL547285,4,"BAZ2B, GMNN, HSP90AA1, KDM4A"
CHEMBL:CHEMBL534535,4,"ATXN2, GMNN, MITF, PLK1"
FP-1039,4,"FGFR1, FGFR2, FGFR3, FGFR4"
VALSPODAR,4,"ABCB1, ABCC1, CA9, VDR"
INTERFERON ALFA-N1,4,"IFNAR1, IFNAR2, IFNL3, IFNL4"
INTERFERON BETA,4,"CP, IFNAR1, IFNAR2, MMP1"
REV-5901,4,"HPGD, IDH1, RECQL, TARDBP"
AROMATICIN,4,"GMNN, MAPT, NFE2L2, SMAD3"
AZARIBINE,4,"AR, SMN1, SMN2, UMPS"
TESTOLACTONE,4,"AR, CPD, CYP19A1, PRL"
ADP&BETA;S,4,"APBB2, APEH, APEX1, BIRC2"
NA+,4,"ASIP, ASL, ATP4A, KCNJ5"
N1-DANSYL-SPERMINE,4,"ASS1P14, GRIN2A, GRIN2B, GRIN2C"
NAB-PACLITAXEL,4,"BRAF, CD274, PIK3CA, SPARC"
VULOLISIB,4,"F5, F7, F7R, PIK3CB"
WAY-100135,4,"A1BG, ALDH1A1, ALOX15, CYP3A4"
VU0119498,4,"AADAC, AANAT, AAVS1, CHRM5"
INOTUZUMAB OZOGAMICIN,4,"ABL1, BCR, CD22, GNG4"
VANIPREVIR,4,"CYP2C9, CYP2D6, CYP3A4, KRAS"
"ALUM, POTASSIUM",4,"EPCAM, IL17F, IL1R1, IL7"
ALMOTRIPTAN,4,"A2M, A2MP1, HTR1B, HTR1D"
ALLYL ISOTHIOCYANATE,4,"ATP1B1P1, PTPN1, TRPA1, TRPV1"
ALFENTANIL HYDROCHLORIDE,4,"COMT, JAK2, OPN4, OPRM1"
ALOE-EMODIN,4,"EGFR, EPHX2, ESR1, NFE2L2"
ALFUZOSIN HYDROCHLORIDE,4,"ADRA1A, ADRA1B, ADRA1D, NFE2L2"
DAVALINTIDE,4,"ACHE, CALCR, CALCRL, RAMP1"
COMPOUND 1 [PMID: 24793884],4,"EGR3, EIF4EP1, ERCM1, FECH"
TP003,4,"ARNT, ARRB1, BMAL1, GABRA1"
TRIAPINE,4,"G6PD, RRM1, RRM2, RRM2B"
TRANIMILAST,4,"PDE4A, PDE4B, PDE4C, PDE4D"
DCG-IV,4,"ANPEP, ANTP2, GRM8, SLC25A4"
DCLK1-IN-1,4,"ELK4, ELN, EPS8, ERVT3"
ALMOREXANT,4,"APBA2, APBB1, HCRTR1, HCRTR2"
TPA023,4,"ARNT, ARRB1, BMAL1, GABRA1"
BU08028,4,"APAF1, APBA1, APOF, NUDT2"
AFD(R),4,"AMT, AMY1B, AMY1C, AMY2A"
FURAFYLLINE,4,"CYP1A2, KMT2A, MEN1, NFKB1"
IMC-GP100,4,"CD3D, CD3E, CD3G, PMEL"
TCPA,4,"ABAT, ABCA1, ABCA2, ABCA3"
DACLATASVIR,4,"CYP24A1, IFNL3, IFNL4, VDR"
DACLIZUMAB,4,"IL2, IL2RA, IL2RB, IL2RG"
DAGLUTRIL,4,"DAP, DARS1, ECE1, MME"
TRAFERMIN,4,"FGFR1, FGFR2, FGFR3, FGFR4"
CHEMBL:CHEMBL528734,4,"ACP1, CTDSP1, KMT2A, MEN1"
CHEMBL:CHEMBL242172,4,"CYP2C19, CYP2C9, CYP3A4, HPGD"
CHEMBL:CHEMBL223575,4,"ATXN2, FEN1, PLK1, TSG101"
CHEMBL:CHEMBL252417,4,"GNAS, KDM4A, KDM4E, MAPT"
IMIQUIMOD,4,"GMNN, IFNA1, SARDH, TLR7"
IMIDAPRIL,4,"ACE, AGT, BDKRB2, DAPK3"
IMARADENANT,4,"ABAT, ABCA1, ABCA2, ADORA2A"
IMPROMIDINE,4,"AMD1, AMD1P2, AMELX, HRH3"
CHEMBL:CHEMBL532849,4,"ATAD5, GMNN, HSD17B10, MAPK1"
RESACTIN A,4,"NFE2L2, NR2F2, PAX8, SMAD3"
CHEMBL:CHEMBL526776,4,"ATAD5, NPC1, RAB9A, RACGAP1"
"3,4-DICHLOROBENZAMIL",4,"CYP1A2, CYP2D6, HSD17B10, TP53"
CHEMBL:CHEMBL259805,4,"GLP1R, NPC1, RAB9A, TP53"
VIMSELTINIB,4,"CSF1R, DPP4, DPT, DPYD"
VINDESINE,4,"ABCB1, CYP3A4, TUBB, TUBB1"
IDRA-21,4,"ASPH, ASS1, ASS1P2, GRIA3"
GDC-0214,4,"EPHB1, EPHB2, EPHB3, TYK2"
TG6-129,4,"APOB, APOC1, APOC3, AQP8"
TEZACITABINE,4,"DCK, RRM1, RRM2, RRM2B"
TG-100-115,4,"F5, F7, F7R, PIK3CB"
TG100-115,4,"MTOR, PIK3CD, PIK3CG, RPS6KB1"
TETOMILAST,4,"PDE4A, PDE4B, PDE4C, PDE4D"
GARCINOL,4,"EP300, GLI1, GLI3, STAT1"
GARCINOLIC ACID,4,"HSD17B10, KAT2A, USP1, VDR"
IL-13,4,"ANPEP, CXCL2, LIF, TLR3"
TESOFENSINE,4,"INSR, SLC6A2, SLC6A3, SLC6A4"
PROPIONYLPROMAZINE HYDROCHLORIDE,4,"GLP1R, IDH1, KCNH2, RAD52"
PROPOXYPHENE,4,"CYP3A5, OPRD1, OPRK1, OPRM1"
PROROXAN,4,"AR, EHMT2, GMNN, VDR"
PROFENAMINE,4,"CBX1, CHRM1, EHMT2, HRH1"
IL-2/9/15 GAMMA CHAIN RECEPTOR INHIBITOR BNZ-1,4,"IL15RA, IL2, IL2RA, IL9"
IDOXIFENE,4,"AGTR1, ESR1, ESR2, NOS1"
ALEXIDINE DIHYDROCHLORIDE,4,"AR, GMNN, TP53, USP1"
TAREXTUMAB,4,"GPR35, GPR36, NOTCH2, NOTCH3"
TASIMELTEON,4,"ANK2, ANK3, MTNR1A, MTNR1B"
RILMENIDINE,4,"ADRA2C, CYP2D6, CYP3A4, NISCH"
PROPARGITE,4,"AR, NFE2L2, RXRA, TP53"
AZ2,4,"F5, F7, F7R, PIK3CB"
AZ1366,4,"GNAI2, GNAI2P1, HLA-DMA, HLA-DMB"
CHEMBL:CHEMBL227959,4,"EHMT2, KDM4A, MAPT, TP53"
NALIDIXIC ACID,4,"BAZ2B, EHMT2, G6PD, TOP2A"
NALDEMEDINE,4,"APAF1, APOF, OPN4, OPRM1"
NALED,4,"AR, NFE2L2, PPARG, VDR"
DARIDOREXANT,4,"APBA2, APBB1, HCRTR1, HCRTR2"
DAPAGLIFLOZIN PROPANEDIOL,4,"CD3D, CD3E, SLC5A2, SLC5A4"
DAMNACANTHAL,4,"ALDH1A1, EHMT2, MAPT, VDR"
NSC 780521,4,"GZMA, GZMB, GZMH, H1-0"
BLU-9931,4,"DPYSL2, DPYSL3, DR1, SLC26A3"
BROMOXYNIL,4,"AR, NFE2L2, PPARA, RXRA"
BUFEXAMAC,4,"CYP1A2, EHMT2, GAPDHL17, GART"
BUFOGENIN,4,"AR, GMNN, NFE2L2, SMAD3"
ALVESPIMYCIN,4,"GRIN2C, HSP90AA1, HSP90AB1, TP53"
BISMUTH SUBSALICYLATE,4,"EHMT2, PTGS1, PTGS2, TDP1"
BISOPROLOL,4,"ABO, ACY3, ADRB1, KCNH2"
ODANACATIB,4,"CTSK, FOLR2, FOS, FOSB"
OCTOTROPINE METHYLBROMIDE,4,"CHRM1, CHRM2, CHRM3, CHRM5"
GDC-0623,4,"MAP2K1, MAP2K2, MAP2K7, NRAS"
ARV-771,4,"BRD3, EFNA3, EFNA4, VHL"
ARTEMOTIL,4,"CYP2A6, CYP2B6, CYP3A4, CYP3A5"
ARGIPRESTOCIN,4,"ABCC6, AQP9, AR, ARAF"
CT-1578,4,"CSF1R, CYP3A4, FLT3, JAK2"
COMPOUND 11J [PMID: 23021994],4,"ETFB, F5, F7R, FBN2"
CYC116,4,"AURKA, AURKB, AURKC, KDR"
N-OXALYLGLYCINE,4,"EGLN1, KDM4A, KDM4C, KDM4D"
VEROSUDIL,4,"CTPS1, CTRB1, ROCK1, ROCK2"
IBERDOMIDE,4,"CRBN, CUL4A, DDB1, RBX1"
IAP INHIBITOR HGS1029,4,"BIRC2, BIRC3, BIRC5, XIAP"
VERATRIDINE,4,"BAK1, BARD1, BBS2, SCN9A"
3-METHYLCHOLANTHRENE,4,"AHR, MAPT, NFE2L2, THRB"
RELENOPRIDE,4,"A12M3, A12M4, HTR4, NAT1"
ARBACLOFEN,4,"CYP2C19, CYP2D6, GABBR1, GABBR2"
GERONTOXANTHONE I,4,"GMNN, HSP90AA1, KDM4A, SMAD3"
PROTON PUMP INHIBITOR,4,"IL10, NRG1, TNF, TRPM6"
PROPICONAZOLE,4,"AR, HSP90AA1, NFE2L2, VDR"
2-PICOLINIC ACID,4,"BAZ2B, EHMT2, KDM4A, L3MBTL1"
RELAXIN-3,4,"APP, APPL1, APRT, KLK3"
VU0080241,4,"NPC1, NPSR1, RAB9A, SLC25A5"
HYDROXYPROGESTERONE CAPROATE (USP),4,"ABCB11, NFE2L2, NPSR1, PGR"
HUMAN C1-ESTERASE INHIBITOR,4,"C1S, F11, F12, KLKB1"
CHEMBL:CHEMBL265686,4,"KLF5, SMN1, SMN2, TP53"
CHEMBL:CHEMBL277148,4,"APOBEC3F, APOBEC3G, GMNN, HPGD"
CHEMBL:CHEMBL257158,4,"AKT1, HEXA, HEXB, PDK1"
AVOBENZONE,4,"APEX1, KAT2A, RECQL, TDP1"
AVORALSTAT,4,"FRA2G, KLK2, KLKB1, KNG1"
PROSTAGLANDIN B1,4,"POLH, POLI, POLK, RECQL"
PURVALANOL B,4,"CDK4, EIF4A1, EIF4E, YES1"
PSB603,4,"ABAT, ABCA1, ABCA2, ABCA3"
IDEBENONE,4,"AR, BAZ2B, PPARD, VDR"
GINGKOLIC ACID,4,"ALOX15, SAE1, UBA2, USP1"
GLAUCINE METHIODIDE,4,"APOBEC3A, APOBEC3G, EHMT2, POLB"
CHEMBL:CHEMBL527586,4,"BAZ2B, EHMT2, GNAS, MPI"
PTEROSTILBENE,4,"GFER, MAPT, RAB9A, TARDBP"
CHEMBL:CHEMBL274921,4,"APBA1, CACNA1B, MAPT, PLK1"
CHEMBL:CHEMBL267160,4,"GAA, HSD17B10, POLH, TP53"
CHEMBL:CHEMBL275260,4,"ALDH1A1, HSD17B10, JUN, NFE2L2"
CHEMBL:CHEMBL505209,4,"ATAD5, BAZ2B, KDM4A, KDM4E"
D(CH2)5[TYR(ME)2]AVP,4,"ABCC6, AQP9, AR, ARAF"
D-AP5,4,"ASS1P14, GRIN2A, GRIN2B, GRIN2C"
DANTHRON,4,"EHMT2, HPGD, NFE2L2, RXRA"
ARGIOTOXIN,4,"ASPH, ASS1, ASS1P2, GRIA3"
RESIQUIMOD,4,"DMP1, SARDH, TLR7, TLR8"
RELUTRIGINE,4,"BAK1, BBS1, BBS2, NKX3-2"
GINKGOLIDE B,4,"ARVD3, ARVD4, ASAH1, GLRA1"
GINSENOSIDE RG3,4,"BAD, NFE2L2, NR1I2, SIRT1"
TMP269,4,"GAS2, GDF9, HDAC4, MSTN"
BRINZOLAMIDE,4,"CA14, CA2, GAPDH, GLUD1P3"
NANOPARTICLE ALBUMIN-BOUND THIOCOLCHICINE DIMER NAB-5404,4,"HGF, TOP1, TUBB, VEGFA"
CYCLOFENIL,4,"ESR1, ESR2, HSPB1, NFE2L2"
CYCLOSERINE,4,"AKR1A1, EHMT2, GRIN1, HIF1A"
CYAMEMAZINE,4,"A12M3, A1BG, HTR2C, SERPINA3"
CYCLOOXYGENASE INHIBITOR,4,"APLN, BDNF, IL2, ITGB2"
ABEDITEROL,4,"ABO, ABR, ACAA1, ADRB2"
D-CCPENE,4,"ASS1P14, GRIN2A, GRIN2B, GRIN2C"
"D(CH2)5[TYR(ME)2,THR4,PHE(3I,4N3)-NH29]OVT",4,"ABCC6, AQP9, AR, ARAF"
"D(CH2)5[TYR(ME)2,THR4,TYR-NH29]OVT",4,"ABCC6, AQP9, AR, ARAF"
COMPOUND 12B [PMID: 31465220],4,"ETFB, F3, F5, PIK3CB"
CYSTAMINE DIHYDROCHLORIDE,4,"EHMT2, MAPT, MPHOSPH8, VDR"
DALANTERCEPT,4,"ACVRL1, ALK, BMP10, GDF2"
NALTRIBEN,4,"APAF1, APOF, ATP5A2, NUDT2"
TOLVAPTAN,4,"ABCC6, AQP9, AR, AVPR2"
CHEMBL:CHEMBL261692,4,"CDK5, CDK5R1, NFE2L2, PTK2B"
CHEMBL:CHEMBL527336,4,"APAF1, EHMT2, GMNN, KDM4A"
VORAPAXAR,4,"APOD, F2R, F2RL2, F2RL3"
VORASIDENIB,4,"GPX1P2, GRB2, IDH1, IDH2"
ALPHA-TERTHIENYL,4,"AR, HSPB1, NFE2L2, PPARD"
ALLITRIDIN,4,"ALDH1A1, HPGD, KAT2A, VDR"
ALLOXAN,4,"MAPT, USP1, USP2, VDR"
NVP-CLR457,4,"F5, F7, F7R, PIK3CB"
CHEMBL:CHEMBL275177,4,"BAZ2B, CBX1, EHMT2, KDM4A"
RECOMBINANT INTERLEUKIN-8,4,"FCGR3A, FCGR3B, GYPA, TGM2"
VOLOCIXIMAB,4,"FRK, ITGA5, ITGAV, ITGB1"
VON WILLEBRAND FACTOR,4,"F10, F8, F9, VWF"
HS024,4,"ANCR, ANGPT1, ANGPT2, ANK1"
HYDRAMETHYLNON,4,"AR, ESR1, NR1H4, PPARD"
HSP90 INHIBITOR XL888,4,"BRAF, HSP90AA1, HSP90AB1, NRAS"
CHEMBL:CHEMBL317115,4,"BAZ2B, GLP1R, L3MBTL1, NR2E3"
VOGLIBOSE,4,"GAA, MGAM, MGAM2, SI"
CHEMBL:CHEMBL521171,4,"FEN1, POLH, POLI, POLK"
ATROPINE SULFATE,4,"CHRM1, CHRM2, CHRM3, GRP"
ATRIAL NATRIURETIC PEPTIDE,4,"DLX3, NPR1, NPR2, NPR3"
HEXAMETHONIUM,4,"ATD, ATF3, CHRNA3, ZFHX3"
CHEMBL:CHEMBL372629,4,"NPC1, POLB, RAB9A, SUMO1"
GONADORELIN ACETATE,4,"CDC42, GNRHR, H2AC25, INHBE"
CHEMBL:CHEMBL472656,4,"CYP1A2, CYP2C9, CYP3A4, HPGD"
HMG-COA REDUCTASE INHIBITOR,4,"HMGCR, IL6, LDLR, MAPK14"
TELAGLENASTAT,4,"GLS, GRIA2, KEAP1, VHL"
PYRAZOLE,4,"FGF2, GCG, NFE2L2, TSPO"
PYRIDABEN,4,"AR, GALR3, NFE2L2, NR2F2"
PYRANTEL PAMOATE,4,"GALK1, MAPT, USP1, VDR"
HEXOCYCLIUM,4,"AAMP, AANAT, AARS1, AAVS1"
ADL5747,4,"APAF1, APOF, NUDT2, OPRD1"
TEPOTINIB,4,"ALK, DRD4, EGFR, MET"
AG 112,4,"ALDH1A1, CYP1A2, DXO, MAPK1"
ASP4058,4,"AMT, AMY1B, AMY1C, AMY2A"
TENOFOVIR DISOPROXIL FUMARATE,4,"CYP24A1, CYP27B1, ERVW-4, SLC28A2"
TENONITROZOLE,4,"IDH1, NPC1, RAB9A, SLC5A7"
ATN-161,4,"ITGA5, ITGAV, ITGB1, ITGB3"
CHEMBL:CHEMBL296407,4,"CYP1A2, HSD17B10, KDM4E, POLK"
HS665,4,"ABCD1, ALDH1A1, APOF, NUDT2"
HT-0712,4,"PDE4A, PDE4B, PDE4C, PDE4D"
CX1739,4,"GRIA1, GRIA2, GRIA3, GRIA4"
CX516,4,"ASPH, ASS1, ASS1P2, GRIA3"
CX-6258,4,"F10, F11, F9, PTEN"
CX-717,4,"GRIA1, GRIA2, GRIA3, GRIA4"
GLASDEGIB,4,"ALOX12, FLT3, MTOR, SMO"
GITOXIGENIN,4,"GMNN, IDH1, NFE2L2, SMAD3"
2-AMINOANTHRACENE,4,"ALDH1A1, HSD17B10, NFE2L2, TP53"
TEBENTAFUSP,4,"CD3G, HLA-A, PMEL, TRBV20OR9-2"
SUBSTANCE P,4,"AQP3, AQP4, AQP5, GRK3"
CRYPTOLEPINE HYDROCHLORIDE,4,"MAPK11, MAPK12, MAPK13, MAPK14"
COMPOUND 16 [PMID: 18945615],4,"DRD4, EEF1D, ERVT4, ESAT"
COMPOUND 16 [PMID: 31498617],4,"APAF1, APOF, GRK2, NUDT2"
COMPOUND 13 [PMID: 34333981],4,"AAK1, BMP2K, FCGR2B, TYK2"
ALPHA-ADRENERGIC AGONIST,4,"FST, MAPK14, PRL, PTH"
NALOXONE BENZOYLHYDRAZONE,4,"APOF, EHMT2, KCNH2, NUDT2"
SULINDAC SULFIDE,4,"GDF15, MAPK14, PTGS2, VDR"
CX546,4,"ASPH, ASS1, ASS1P2, GRIA3"
CURCUMIN PYRAZOLE,4,"MMP9, PTGES, PTGS1, PTGS2"
BROMPERIDOL,4,"ABCB1, CYP2D6, CYP3A4, DRD2"
BRL50481,4,"ALDH1A1, ALOX15, COL13A1, COL15A1"
NARINGIN,4,"EHMT2, HPSE, SLCO1A2, UBE2N"
NATALIZUMAB,4,"FRA11F, ITGA4, ITGB1, ITGB7"
NAMINIDIL,4,"ABCC8, ABCC9, KCNJ11, KCNJ8"
BRL-54443,4,"A12M1, A12M2, EHMT2, KCNH2"
HEMICHOLINIUM-3,4,"ALDH1A1, CD2, CLNS1AP1, EHMT2"
HEMADO,4,"ABAT, ABCA1, ABCA2, ABCA3"
HENATINIB,4,"DPP6, DPT, DRD2, KDR"
RECOMBINANT FAS LIGAND,4,"CTLA4, ITGB2, PRL, TXNIP"
RAS INHIBITOR,4,"BIRC5, E2F1, PIK3CA, PIK3CG"
BMS-536924,4,"COX6A1, DPEP1, DPH1, IGF1R"
NETARSUDIL,4,"CTPS1, CTRB1, ROCK1, SLC6A2"
NEMONAPRIDE,4,"ALDH1A1, ALDH2, ANKK1, DRD2"
HEXAHYDRODIFENIDOL,4,"AAMP, AANAT, AARS1, AAVS1"
CHEMBL:CHEMBL401844,4,"ADCY1, ADCY2, ADCY5, ADCY9"
CHEMBL:CHEMBL316589,4,"BAZ2B, EHMT2, KDM4A, L3MBTL1"
HEXYLRESORCINOL,4,"AR, CYP3A4, NFE2L2, USP1"
GMQ,4,"BTD, FEN1, RAD52, SMAD3"
GLYCYRRHIZIC ACID,4,"AR, HSD11B1, SLCO1B1, SLCO1B3"
CHEMBL:CHEMBL405317,4,"IDH1, KLF5, RAB9A, TP53"
HELIOMYCIN,4,"BLM, HTT, MAPT, RECQL"
SUFENTANIL CITRATE,4,"KDM4A, NFE2L2, OPRM1, PLIN1"
SU-11652,4,"DPP6, DPT, DPYSL2, DRD2"
TIRZEPATIDE,4,"ALPI, ALPL, GIPR, GLP1R"
NS309,4,"ARF5, ARF6, ARG1, ARG2"
NESIRITIDE,4,"DLX3, NPR1, NPR2, NPR3"
BPR1R024,4,"DPP4, DPP6, DPT, DPYD"
BP 897,4,"ALDH1A1, CYP2D6, DRD1, KCNH2"
NOSCAPINE,4,"CYP2C19, CYP2C9, CYP3A4, HIF1A"
GRAMINE,4,"CYP2D6, CYP3A4, HSD17B10, TSHR"
COMPOUND 4E [PMID: 35546685],4,"CTNNB1, CTNND1, CTNND2, MAPK13"
COMPOUND 5D [PMID: 31335136],4,"F5, F7, F7R, PIK3CB"
COMPOUND 2 [PMID: 22560567],4,"CELA1, EGR3, F9, SLC29A1"
NETUPITANT,4,"AQP3, CYP2D6, HTR3A, TACR1"
BRIMAPITIDE,4,"CTNNA1P1, MAPK10, MAPK8, MAPK9"
SUPROFEN,4,"CPT1B, CPT2, PTGS1, PTGS2"
SUFENTANIL,4,"APOF, OPRD1, OPRK1, OPRM1"
2-METHYL-5-HT,4,"A12M1, A12M2, A2M, A2MP1"
CHEMBL:CHEMBL476501,4,"CYP1A2, CYP2C19, CYP2D6, CYP3A4"
CHEMBL:CHEMBL47875,4,"ATAD5, NPC1, RAB9A, TARDBP"
CHEMBL:CHEMBL458094,4,"ATXN2, GMNN, KDM4A, MAPT"
CHEMBL:CHEMBL480626,4,"AR, CYP1A2, HSPA5, VDR"
GSK-256066,4,"PDE4A, PDE4B, PDE4C, PDE4D"
GS-9256,4,"ABCB11, KRAS, SLC22A6, SLC22A7"
GNE-7883,4,"HP, HPCAL1, HPD, TEAD4"
GOLVATINIB,4,"DRD2, DRD4, KDR, MET"
PYROTINIB,4,"DXO, EGFR, EN1, ERBB2"
AURORA KINASE INHIBITOR AMG 900,4,"AURKA, AURKB, AURKC, TP53"
ATICAPRANT,4,"APAF1, APOF, NUDT2, OPRK1"
2X-121,4,"PARP1, PARP2, TNKS, TNKS2"
VIP,4,"ADCYAP1R1, ARCN1, ARCN2, SCTR"
TERTATOLOL,4,"ACAA1, ADRB1, ADRB2, HTR1A"
TERIPARATIDE,4,"BIRC5, PTH, PTH1R, XIAP"
GW305074X,4,"FEN1, POLI, SNCA, YES1"
GUANABENZ ACETATE,4,"ADRA2A, ADRA2B, ADRA2C, KCNH2"
GW501516,4,"BCKDHB, PPARA, PPARD, PPARG"
GSK-J4,4,"GGTA1, GGTL1, GGTL2, KDM5C"
COMPOUND 1A [PMID: 24900749],4,"CYP2A7, EMP1, EPAS1, F11"
&ALPHA;-BUNGAROTOXIN,4,"ATF4, ATF4P1, ATHS, SERPINC1"
[3H]5-CT,4,"A2MP1, NAT2, NATP, SERPINA3"
COMPOUND 29 [PMID: 36356320],4,"DPYSL2, DPYSL3, DR1, SLC26A3"
COMPOUND 3B [PMID: 23454515],4,"EMD, EML1, EMP1, MARK2"
COMPOUND 4 [PMID: 12408711],4,"CASP3, DAZL, DBIP1, DBIP2"
(+)-EPITAXIFOLIN,4,"ALOX15, CYP3A4, HSD17B10, NFKB1"
GV196771A,4,"ASS1P14, GRIN2A, GRIN2B, GRIN2C"
CHEMBL:CHEMBL398765,4,"ALDH1A1, EHMT2, SMN1, SMN2"
GYKI53655,4,"ASPH, ASS1, ASS1P2, GRIA3"
ASTX029,4,"BRAF, CTNNA1, FLT3, NRAS"
ATPO,4,"ASPH, ASS1, ASS1P2, GRIA3"
NM-702,4,"ALDH7A1, PDE3A, PDE3B, TBXAS1"
COMPOUND 5A [PMID: 31287314],4,"CA4, GAPDH, HCK, HIP1"
COMPOUND 4D [PMID: 25489658],4,"FRA2C, FRA2E, FRA8A, GPR42"
RACEMENTHOL,4,"ATP1B1P1, TRPA1, TRPM8, TRPV3"
QUIPAZINE,4,"A12M3, A12M4, CYP1A2, HTR2C"
ATL802,4,"ABAT, ABCA1, ABCA2, ABCA3"
QUISQUALIC ACID,4,"CCNH, EHMT2, KDM4A, KDM4E"
COMPOUND 9B [PMID: 18986805],4,"CDK4, EGR4, EIF4A1, EIF4G2"
CP-195543,4,"AMFR, AMH, LTB4R, LTB4R2"
CP-339818,4,"CYP2C19, CYP2C9, CYP2D6, TSHR"
CORONOPILIN,4,"CXCL8, GLP1R, GMNN, PAX8"
NIK SMI1,4,"CTF1, EPS8, ERCC6, ERVT1"
[3H]MDL105519,4,"ASS1P14, GRIN2A, GRIN2B, GRIN2C"
NI2+,4,"ATP2A2, ATP5F1AP2, ATP6V1G2, CACNA1H"
BOLDINE,4,"CYP1A2, CYP2D6, HIF1A, HSD17B10"
NIMUSTINE,4,"CDKN1A, EHMT2, IL1B, MGMT"
CONESSINE,4,"AMD1, AMD1P2, AMELX, HRH3"
COMPOUND 23 [PMID: 17600705],4,"EPHX2, EPS15, FDX1, FGR"
SULFISOXAZOLE,4,"AR, G6PD, NR1I2, TSHR"
CONATUMUMAB,4,"CASP8, CNR1, SCN10A, TNFRSF10B"
COMPOUND 9 [PMID: 20718420],4,"DAPK1, FPGS, FPR1, FRA1F"
CONIVAPTAN,4,"ABCC6, AQP9, AVPR1A, AVPR2"
BETA-CARBOLINE,4,"AURKA, IKBKB, PIM1, XCR1"
BETA-CCM,4,"CYP1A2, CYP2C19, CYP3A4, HSD17B10"
COMPOUND 7C [PMID: 22041175],4,"GZMA, GZMB, GZMM, H1-0"
COMPOUND 5B  [PMID: 31287314],4,"CA4, GAPDH, HCK, HIP1"
COMPOUND 38 [PMID: 20817473],4,"EEF1D, EEF1G, EEF2, STK4"
COMPOUND 7 [PMID: 22464456],4,"EPHA8, EPHX2, FDX1, FGR"
"COMPOUND 6LI [CHAN ET AL., 2022]",4,"AXL, DPT, DPYS, DTYMK"
CORTISONE,4,"HEXB, KCNA1, PLA2G2A, PPY"
CORTISTATIN A,4,"CDK19, CTPS1, CTRB1, EIF4EP1"
CONANTOKIN-G,4,"ASS1P14, GRIN2A, GRIN2B, GRIN2C"
CHEMBL:CHEMBL471005,4,"ALDH1A1, CYP2C19, HPGD, HSD17B10"
CHEMBL:CHEMBL466465,4,"ARSA, EHMT2, NFKB1, USP1"
GUAIFENESIN,4,"CYP1A2, CYP2C9, CYP2D6, CYP3A4"
"[ALA31,AIB32]NPY (PIG)",4,"ANXA2P3, ANXA3, ANXA4, ANXA5"
[3H]RAUWOLSCINE,4,"A12M4, ABL1, ABL2, AOC1"
COMPOUND 36 [PMID: 21958547],4,"EFNB2, EPHX2, EPS15, MS4A2"
(+)-TAXIFOLIN,4,"EHMT2, KDM4E, POLB, POLI"
COMPOUND 35 [PMID: 20684608],4,"CTPS1, CTRB1, CTSLP2, LATS2"
COMPOUND 22 [PMID: 20462760],4,"CTPS1, CTRB1, EVC, MECOM"
COMPOUND 3 [PMID: 14640538],4,"ADAM3B, CPN1, CYP27A1, CYP27B1"
(4-CHLOROPHENYL)(MORPHOLINO)METHANETHIONE,4,"EHMT2, HPGD, HSD17B10, PLK1"
(+)-LSD,4,"A12M3, A12M4, HTR2C, SERPINA3"
[3H]KAINATE,4,"ASS1P5, ASS1P8, ASS1P9, GRIK3"
COMPOUND 3 [PMID: 23134120],4,"ABCD1, ALDH1A1, APOF, NUDT2"
COMPOUND 2Q [PMID: 30986068],4,"F5, F7, F7R, PIK3CB"
COMPOUND 26 [PMID: 16190743],4,"AMT, AMY1B, AMY1C, AMY2A"
&ALPHA;-CONOTOXIN MII,3,"ATF1, ATF3, CHRNA3"
(+)-HA966,3,"ASS1P10, GRIN2A, GRIN2B"
(-)-CYCLAZOCINE,3,"APAF1, APOF, NUDT2"
(-)-BREMAZOCINE,3,"APAF1, APOF, NUDT2"
"[LEU31,PRO34]NPY",3,"ANXA2P3, ANXA3, ANXA4"
"[LEU31,PRO34]PYY (HUMAN)",3,"ANXA2P3, ANXA3, ANXA5"
[3H]WAY100635,3,"A1BG, ALDH2, CYP3A4"
[ARG16]CHICKEN SECRETIN,3,"ADCYAP1R1, ARCN1, ARCN2"
"[ALA11,22,28]VIP",3,"ADCYAP1R1, ARCN1, ARCN2"
COMPOUND 36 [PMID: 24000170],3,"BRD3, EFNA3, EFNA4"
COMPOUND 38 [PMID: 24000170],3,"BRD3, EFNA3, EFNA4"
COMPOUND 7 [PMID: 31955578],3,"ETFB, F5, F7"
COMPOUND 74 [PMID: 24793884],3,"CYLC1, EGR3, EXT2"
COMPOUND 5N [PMID: 20483621],3,"ELNL1, ERG, HBEGF"
COMPOUND 61 [PMID: 36221183],3,"FRA9D, HOXA13, HPCA"
COMPOUND 5B [PMID: 24900464],3,"EPAS1, MARK2, SLC29A1"
COMPOUND 5E [PMID: 28580438],3,"DPP6, DPYS, EPHB1"
COMPOUND 20 [PMID: 22136433],3,"CTSS, F11, F9"
COMPOUND 19A [PMID: 24359159],3,"EPHB1, EPHB2, EPHB3"
COMPOUND 4G [PMID: 22595175],3,"FOLR1, FPR2, FRA6A"
COMPOUND 50 [PMID: 24313754],3,"GLC3B, GLE1, GLG1"
NORELGESTROMIN,3,"AR, ESR1, PGR"
NORENDOXIFEN,3,"BCYRN1P2, CPD, ESR2"
TOLMETIN,3,"MPO, PTGS1, PTGS2"
TOLMETIN SODIUM,3,"HPGD, PTGS1, PTGS2"
ABBV-3373,3,"BDM, NR3C1, TNF"
ABBV-744,3,"BRD2, BRD3, BRD4"
ABSCISIC ACID,3,"HGF, NFE2L2, POLR3D"
ABICIPAR PEGOL,3,"FLT1, KDR, VEGFA"
ABIETIC ACID,3,"GLS, PPARG, RARA"
ABRILUMAB,3,"FRA11F, ITGA4, ITGB7"
BRAFV600/PI3K INHIBITOR ASN003,3,"BRAF, PIK3CA, PTEN"
BRAIN-DERIVED NEUROTROPHIC FACTOR,3,"HTT, NR5A1, PIK3CG"
BNTX,3,"APAF1, APOF, NUDT2"
NIACINAMIDE,3,"PARP1, SIRT1, SIRT3"
NI-57,3,"GCLM, GLC1D, GLDC"
TOPOISOMERASE INHIBITOR,3,"DDIT3, GSTP1, TOP1"
TOSITUMOMAB,3,"GATM, MAPK14, MS4A1"
TOSUFLOXACIN TOSYLATE,3,"KDM4A, NFE2L2, PLK1"
COMPOUND 15 [PMID: 24900237],3,"DPEP1, FHL1, HBEGF"
COMPOUND 14N [PMID: 25589934],3,"CYB561, CYBA, CYBB"
CORYNANTHINE,3,"CYP1A2, CYP2D6, EHMT2"
CORTICOSTERONE,3,"AR, NFE2L2, NR3C2"
COTADUTIDE,3,"GCG, GCGR, GLP1R"
[3H]LY334370,3,"A12M2, A1BG, HTR1F"
NITROFURAZONE,3,"AR, G6PD, NFE2L2"
NIHYDRAZONE,3,"AR, HTT, NFE2L2"
QUINAPRIL HYDROCHLORIDE,3,"ACE, GMNN, JUN"
QUERCITRIN,3,"P4HB, POLI, POLK"
QUINALDINE BLUE,3,"BLM, THRB, USP1"
QUINELORANE,3,"ABCD1, ALDH1A1, EHMT2"
AUTOANTIGEN,3,"IL1B, PDHX, TNFSF13B"
ATIPAMEZOLE,3,"ABL1, ABL2, AOC1"
TERLIPRESSIN,3,"AVPR1A, AVPR1B, AVPR2"
TERBINAFINE,3,"CYP2D6, HLA-A, NR1I2"
R-SPONDIN-4,3,"ADRA1A, ADRA1B, LGR6"
RALTEGRAVIR POTASSIUM,3,"ERVW-4, UGT1A1, UGT1A9"
R-SPONDIN-1,3,"ADRA1A, ADRA1B, LGR6"
R1295,3,"ITGA4, ITGB1, ITGB7"
ATP&GAMMA;S,3,"APBB2, APEH, BIRC2"
VISNAGIN,3,"ABCA1, ABCA3, CYP3A4"
"3,4-DIMETHOXYDALBERGIONE",3,"HPGD, MAPT, VDR"
QUINAPRIL,3,"ACE, AGT, MYC"
HALCINONIDE,3,"AR, NFE2L2, NR3C1"
GW9578,3,"BCKDHA, BCKDHB, CCND1"
GW841819X,3,"BRD3, EFNA3, EFNA4"
CHEMBL:CHEMBL422942,3,"CYP3A4, NPY1R, TP53"
CHEMBL:CHEMBL42355,3,"NFE2L2, SMN1, SMN2"
CHEMBL:CHEMBL411085,3,"EHMT2, NPC1, TP53"
R-SPONDIN-2,3,"ADRA1A, ADRA1B, LGR6"
R-SPONDIN-3,3,"ADRA1A, ADRA1B, LGR6"
RASDEGAFUSP ALFA,3,"CTAG1A, CTAG1B, LY75"
RASGRP ACTIVATOR 1,3,"CTBS, NKX2-5, RASGRP1"
RAGAGLITAZAR,3,"BCKDHA, CCND1, PPARA"
RADICICOL,3,"HSP90AA1, HSP90AB1, NTRK1"
AT-13148,3,"MAPKAPK2, ROCK1, ROCK2"
ATABECESTAT,3,"BACE1, FMO5, FMOD"
HALOBETASOL,3,"ANXA1, AR, NR3C1"
HALOFANTRINE HYDROCHLORIDE,3,"CYP2D6, HSP90AA1, IDH1"
CHEMBL:CHEMBL344127,3,"EHMT2, GMNN, KCNH2"
HEMOKININ 1,3,"AQP3, AQP4, AQP5"
HEAT (BE2254),3,"ABCA4, ABCB7, ABCF1"
GNF-5837,3,"DRD5P1, DRD5P2, DRG2"
GOLIDOCITINIB,3,"EPHB1, EPHB2, TYK2"
GNE-064,3,"GLI4, GLO1, GLP1R"
GMI-1359,3,"CXCR4, FLT3, SELE"
RANIBIZUMAB,3,"CCT3, CXCL8, VEGFA"
CHEMBL:CHEMBL378903,3,"CASP3, SENP6, SENP7"
CHEMBL:CHEMBL320361,3,"NFE2L2, RORC, TP53"
HINOKININ,3,"SLC6A1, SLC6A2, SLC6A3"
HEPATITIS B VACCINE,3,"HP, IL2RA, MARCHF8"
HEPTACHLOR,3,"ATM, CXCL8, CYP3A4"
HISPIDULIN,3,"ATAD5, GFER, NR0B1"
CHEMBL:CHEMBL394883,3,"GPR35, GPR55, IDH1"
CHEMBL:CHEMBL353764,3,"IDH1, RAD52, RAD54L"
GR-55562,3,"A2M, CYP2D6, EHMT2"
GRASSYSTATIN A,3,"DBN1, FNZ, FOLH1"
GREEN TEA LEAF EXTRACT,3,"CYP1A2, NOS1, SLC2A4"
GP100 ANTIGEN,3,"CSF2, HMGB1, NPTN"
CHEMBL:CHEMBL472004,3,"ADM, PTPN6, PTPN7"
GPR15L,3,"ACTN1, GRK2, GRK3"
GNF362,3,"CSN2, CSN3, ITPKC"
HEXAMETHYLENEBISACETAMIDE,3,"HMGB1, HOXB1, TG"
TERBUTALINE,3,"ABO, ABR, ADRB2"
"3',4'-DIMETHOXYFLAVONE",3,"CYP3A4, HSD17B10, KAT2A"
GSK-2018682,3,"AMT, AMY2A, S1PR1"
GSK-356278,3,"PDE4A, PDE4B, PDE4D"
GROSHEIMIN,3,"GMNN, TAS2R46, ZFP36L2"
GROWTH ARREST SPECIFIC PROTEIN 6,3,"AXL, DTNA, SLC26A2"
CHEMBL:CHEMBL476025,3,"EHMT2, KDM4A, PIM1"
GS39783,3,"CYP1A2, CYP2C19, CYP2C9"
GIVOSIRAN,3,"CPOX, HMBS, PPOX"
GKT136901,3,"GZMA, GZMB, GZMM"
GLABRANIN,3,"CYP2C19, CYP2C9, CYP3A4"
VOSORITIDE,3,"DLX4, NPPC, NPR2"
VOXILAPREVIR,3,"IFNL3, IFNL4, KRAS"
VPC44116,3,"AMT, AMY1B, AMY2A"
"2-O, 3-O DESULFATED HEPARIN",3,"F10, HPSE, SERPINC1"
22R-HYDROXYCHOLESTEROL,3,"BAK1P2, BCL3, BCL5"
AUY922,3,"HSP90AA1, HSP90AA2P, HSP90AB1"
PYRAZOLOPYRIMIDINE 4N,3,"ATP2A2, ATP2B2, ATP2B3"
PYRIDOXAL PHOSPHATE ANHYDROUS,3,"ABAT, CYP2E1, F2"
PUERARIN,3,"ESR1, HTR2C, TRPV4"
HG-9-91-01,3,"FAU, FAUNA@, FBLN2"
CHEMBL:CHEMBL524376,3,"GLP1R, HSPA5, TAAR1"
CHEMBL:CHEMBL52030,3,"BRD2, BRD3, BRD4"
CHEMBL:CHEMBL484662,3,"CYP3A4, MAPK1, RGS4"
HTERT VACCINE V934/V935,3,"DKC1, TEP1, TERT"
HIV-TAT,3,"ACTA2, ACTB, ACTG1"
HMPL-453,3,"FGFR1, FGFR2, FGFR3"
TEPLIZUMAB,3,"CD3E, CD3G, GLRA2"
TEPROTUMUMAB-TRBW,3,"IGF1R, KRAS, PTPRD"
QUADAZOCINE,3,"APAF1, APOF, NUDT2"
QUARFLOXIN,3,"BRCA1, BRCA2, NCL"
PYRAZINOIC ACID,3,"BAZ2B, EHMT2, KDM4A"
ASTEGOLIMAB,3,"IL1RAP, IL1RL1, IL33"
AS1409,3,"FN1, IL12RB1, IL12RB2"
TEGOPRAZAN,3,"ATP4A, ATP4B, CATHL1L"
TELOTRISTAT ETHYL,3,"LTB4R, TPH1, TPH2"
TEMEFOS,3,"AR, NFE2L2, VDR"
TEBUFENOZIDE,3,"AR, CYP3A4, NFE2L2"
AG 1296,3,"JAK2, SMN1, SMN2"
CHEMBL:CHEMBL333177,3,"AR, HSPB1, PPARD"
HPTE,3,"AR, ESR2, NFE2L2"
CHEMBL:CHEMBL316796,3,"ALDH1A1, BRCA1, EHMT2"
CHEMBL:CHEMBL287689,3,"CYP1A2, CYP2C19, HIF1A"
REBOXETINE,3,"CD8B, CYP3A4, SLC6A2"
REBAMIPIDE,3,"FGF2, FPR1, MAPK1"
REBEMADLIN,3,"MDM2, RB1, TP53"
RECOMBINANT FLT3 LIGAND,3,"BAX, CBL, FCGR3A"
VODOBATINIB,3,"ABL1, BCR, SRC"
HYDROCODONE POLISTIREX,3,"OPRD1, OPRK1, OPRM1"
CHEMBL:CHEMBL300662,3,"OPN4, OPRD1, OPRK1"
CHEMBL:CHEMBL269881,3,"CLK1, MAPK3, NFE2L2"
HYDROXYCAMPTOTHECIN,3,"CYP3A4, HBB, TOP1"
HYDROXYFLUTAMIDE,3,"AR, BEVI, NFE2L2"
HYDROXYPROGESTERONE,3,"AR, CYP2C19, ESR1"
HYALURONIC ACID,3,"CD44, HMMR, ICAM1"
HS014,3,"ANCR, ANGPT1, ANGPT2"
CHEMBL:CHEMBL259327,3,"AR, ESR1, PPARA"
HYPOXANTHINE,3,"BCL2, MYC, XDH"
HYPERFORIN,3,"ATP2B2, KAT2A, NBEAP1"
HYPEROSIDE,3,"EHMT2, GAA, KDM4E"
HYDROCORTISONE SODIUM SUCCINATE,3,"AR, NFE2L2, NR3C1"
HYDROCORTISONE VALERATE,3,"AR, NFE2L2, NR3C1"
HYDROFLUMETHIAZIDE,3,"KDM4E, SLC12A1, SLC12A3"
HYDROCODONE BITARTRATE,3,"OPRD1, OPRK1, OPRM1"
RELAXIN,3,"APP, APPL1, APRT"
RECOMBINANT HUMAN INTERLEUKIN-15,3,"IL15RA, IL2RB, IL2RG"
ASARININ,3,"CYP2C19, CYP2C9, CYP2D6"
RECOMBINANT PROTHYMOSIN ALPHA,3,"ADA, IFNA1, NFE2L2"
RECOMBINANT INTERLEUKIN-17,3,"CCL17, IL17F, IL17RC"
RECOMBINANT INTERLEUKIN-2,3,"IL2RA, IL2RB, IL2RG"
CHEMBL:CHEMBL257748,3,"CREBBP, EP300, KAT2B"
CHEMBL:CHEMBL27508,3,"ADORA1, ADORA2A, ADORA2B"
CHEMBL:CHEMBL260980,3,"POLH, POLI, POLL"
CHEMBL:CHEMBL261118,3,"SMN1, SMN2, TP53"
VERUBECESTAT,3,"BACE1, FMO5, FMOD"
2MESADP,3,"APBB2, APEX1, BIRC2"
25-HYDROXYCHOLESTEROL,3,"ACTN4, BAK1P1, NPC1"
27-HYDROXYCHOLESTEROL,3,"ACTN4, BAK1P2, BCL3"
ICILIN,3,"CYP2C19, CYP2C9, EHMT2"
I-CBP112,3,"GLG1, GLI1, KMT2A"
PSB-10,3,"ABAT, ABCA1, ABCA3"
PSB-11,3,"ABAT, ABCA1, ABCA3"
PROTOCATECHUALDEHYDE,3,"BAZ2B, KDM4A, KDM4E"
PROSTAGLANDIN D2,3,"PPARA, PPARD, PPARG"
CHEMBL:CHEMBL272005,3,"CYP2C19, CYP2C9, CYP3A4"
IDASANUTLIN,3,"ALK, MDM2, TP53"
IDAZOXAN HYDROCHLORIDE,3,"ADRA2C, EHMT2, GMNN"
IDREVLORIDE,3,"SCNN1A, SCNN1B, SCNN1G"
IBOCTADEKIN,3,"IL18, IL18R1, IL18RAP"
IBUFENAC,3,"EHMT2, PTGS1, PTGS2"
CHEMBL:CHEMBL273103,3,"ATAD5, GMNN, HTT"
PURVALANOL A,3,"CDK4, EIF4A1, EIF4E"
PSB36,3,"ABCA1, ABCA2, ABCA3"
PSN357,3,"PYGB, PYGL, PYGM"
PRU-10,3,"ALDH7A1, MCOLN2, MCOLN3"
PRU-12,3,"ALDH7A1, MCOLN2, MCOLN3"
VITAMIN A PALMITATE,3,"IL6, RBP3, SFTPA1"
GITOXIN,3,"GMNN, IDH1, NFE2L2"
GIV3727,3,"BRAFPS1, BRDT, ZFP36L2"
GLEMANSERIN,3,"A12M3, A12M4, HTR2C"
CHEMBL:CHEMBL527620,3,"ATAD5, MAPT, MTOR"
GINKGOLIDE X,3,"ARVD3, ASAH1, GLRA1"
GIRENTUXIMAB,3,"CA9, GYPA, GYPB"
GC-376,3,"CAPN1, FOLR2, FOLR2L"
PROFLAVINE,3,"EHMT2, HTT, POLK"
PROGUANIL,3,"CYP2C19, CYP3A4, PDF"
TG11-77,3,"APOB, APOC1, AQP8"
REPARIXIN,3,"ACTBP9, CXCR1, CXCR2"
GDC-0339,3,"F10, F11, F9"
GALLOPAMIL,3,"ACE, ATP2A2, MME"
CHEMBL:CHEMBL533542,3,"CYP1A2, CYP2C19, CYP3A4"
CHEMBL:CHEMBL532452,3,"GLP1R, RAD52, UBE2N"
ARGIPRESSIN TANNATE,3,"AVPR1A, AVPR1B, AVPR2"
CHEMBL:CHEMBL221300,3,"CYP1A2, CYP3A4, HSD17B10"
CHEMBL:CHEMBL221721,3,"HSD17B10, SMN1, SMN2"
IL-18,3,"CGA, FCGR3A, FCGR3B"
IDALOPIRDINE,3,"HTR2C, HTR6, NATP"
ICOTINIB,3,"CYP2C19, DXO, EGFR"
PROTRIPTYLINE HYDROCHLORIDE,3,"IDH1, SLC6A2, SLC6A4"
PROSAVIN,3,"DDC, GCH1, TH"
CHEMBL:CHEMBL525106,3,"EHMT2, IDH1, KCNH2"
CHEMBL:CHEMBL530499,3,"GMNN, HSP90AA1, NFE2L2"
ARBACLOFEN PLACARBIL,3,"GABBR1, GABBR2, GABRG3"
RESOKAEMPFEROL,3,"CYP2C19, CYP2C9, HSD17B10"
RETASPIMYCIN,3,"HSP90AA1, HSP90AA2P, HSP90AB1"
RETIFANLIMAB,3,"CD274, GM2A, PDCD1"
RELDESEMTIV,3,"TNNC2, TNNI2, TNNT3"
ARUNDINE,3,"EHMT2, MAPT, VDR"
IBANDRONATE,3,"BLVRA, FDPS, PTH"
IBIPINABANT,3,"ACRV1, CNR1, CNR2"
CHEMBL:CHEMBL530149,3,"HSD17B10, KCNH2, PLK1"
CHEMBL:CHEMBL528807,3,"MAPT, MTOR, TP53"
CHEMBL:CHEMBL52884,3,"ATAD5, NPC1, RAB9A"
CHEMBL:CHEMBL530664,3,"EHMT2, HSD17B10, STAT3"
CHEMBL:CHEMBL530682,3,"IDH1, NFE2L2, SMAD3"
CHEMBL:CHEMBL529918,3,"ATAD5, GNAS, NFE2L2"
INCB13739,3,"GMFA, HSD11B1, SLC25A3"
IMIDOCARB DIPROPIONATE,3,"PAX8, POLH, UBE2N"
IMIGLITAZAR,3,"BCKDHA, PPARA, PPARG"
ILEPCIMIDE,3,"BRCA1, NPC1, RAB9A"
IL-9,3,"CCN2, IL9R, MYC"
IMAZODAN,3,"CYP1A2, CYP2D6, CYP3A4"
CHEMBL:CHEMBL242385,3,"CYP2C19, CYP2C9, CYP3A4"
CHEMBL:CHEMBL252151,3,"RAB9A, SMN1, SMN2"
INCOMPLETE FREUND'S ADJUVANT,3,"EPCAM, MAGEA3, MLANA"
INDIUM CHLORIDE,3,"NFE2L2, POLI, TDP1"
INDEGLITAZAR,3,"PPARA, PPARD, PPARG"
INDOMETHACIN MORPHOLINYLAMIDE,3,"CYP2C9, CYP3A4, TSHR"
CHEMBL:CHEMBL224032,3,"ALDH1A1, EHMT2, KDM4A"
CHEMBL:CHEMBL224318,3,"AR, LTA4H, NFE2L2"
CHEMBL:CHEMBL219557,3,"ABL1, EGFR, SRC"
INCLISIRAN,3,"APOB, LDLR, PCSK9"
GALANIN(2-29) (PIG),3,"ALOX12P1, ALOX12P2, GALR2"
GALANIN(3-29) (PIG),3,"ALOX12P1, ALOX12P2, GALR2"
GALLAMINE,3,"EHMT2, KAT2A, MPHOSPH8"
GALANIN(D-TRP2) (PIG),3,"ALOX12P1, ALOX12P2, GALR2"
GALANIN-LIKE PEPTIDE,3,"ALOX12P1, ALOX12P2, GALR2"
CHEMBL:CHEMBL534288,3,"BAZ2B, EHMT2, KDM4A"
PROCATEROL,3,"ABR, ADRB2, RGS4"
INDINAVIR SULFATE,3,"AR, ERVW-4, KDM4A"
CHEMBL:CHEMBL528712,3,"ATXN2, MTOR, TP53"
CHEMBL:CHEMBL528724,3,"FEN1, GMNN, RAD52"
GALANIN(2-11),3,"ALOX12P1, ALOX12P2, GALR2"
GANDOTINIB,3,"EPHB2, EPHB3, JAK2"
GANGALEOIDIN,3,"CYP3A4, USP1, VDR"
GALANIN(7-29) (PIG),3,"ALOX12P1, ALOX12P2, GALR2"
GALANIN(1-16) (RAT/MOUSE/PIG),3,"ALOX12P1, ALOX12P2, GALR2"
GALCANEZUMAB,3,"CALCA, CALCB, CALCRL"
ADOPRAZINE,3,"DRD2, DRD3, HTR1A"
ACT-709478,3,"ATP6AP1, ATP6V0A1, CACNA1H"
TETANUS TOXOID,3,"CD40, CR1, CSF2"
PRL-2915,3,"AQP1, AQP2, SHROOM2"
AZD-1208,3,"PIM1, PIM2, PIM3"
AZD-1480,3,"JAK2, STAT3, STAT5A"
AXOMADOL,3,"OPRD1, OPRK1, OPRM1"
AZD-4017,3,"AGTR2, CCKBR, HSD11B1"
VALSARTAN,3,"ACADM, AGTR1, SLCO1B1"
INTERFERON ALFA-N3,3,"IFNA2, IFNAR1, IFNAR2"
INDORAMIN,3,"ABCA4, ABCB7, ABCF1"
INDOXIMOD,3,"MLST8, MTOR, RPTOR"
CHEMBL:CHEMBL2094456,3,"EHMT2, MAPT, NPC1"
"INHIBITOR 1 [COLOMBO ET AL., 2012]",3,"FRA8A, FRA8D, FRDA2"
ADRIFORANT,3,"AMELX, HRH3, HRH4"
ADRIXETINIB,3,"AXL, DPYD, DTNA"
AFATINIB DIMALEATE,3,"EGFR, ERBB2, ERBB4"
TARANABANT,3,"ACRV1, CNR1, CNR2"
TAS-106,3,"POLR1A, POLR2A, POLR3A"
RGFP109,3,"GARS1, GDF2, HDAC3"
ARRY-300,3,"MAP2K1, MAP2K2, MET"
ARN-3236,3,"FAU, FAUNA@, FBLN2"
VE-821,3,"ARID1A, ATR, ATRX"
VANITIOLIDE,3,"ALDH1A1, EHMT2, PLK1"
CHEMBL:CHEMBL534353,3,"BAZ2B, KDM4E, SNCA"
CHEMBL:CHEMBL531269,3,"ERAP1, GMNN, HSD17B10"
CHEMBL:CHEMBL536375,3,"ATXN2, MAPT, MITF"
GALANIN,3,"ALOX12P1, ALOX12P2, GALR2"
TEGAFUR-URACIL,3,"AFP, DPYD, FGF2"
AGOUTI-RELATED PROTEIN,3,"ANGPT1, ANGPT2, ANK1"
AGN193109,3,"BCHE, BCHEL1, BCHEL3"
AFM13,3,"E4F1, H2BC5, TNFRSF8"
VCE-004.3,3,"ACRV1, CCND1, CNR2"
FOLATE ANTAGONIST,3,"ABCB1, DHFR, TYMS"
FONDAPARINUX,3,"F10, GBE1, SERPINC1"
VU0364770,3,"GRM4, GRM6, SLC25A5"
RISVODETINIB,3,"ABL1, ABL2, DPT"
RITLECITINIB,3,"EPHB1, EPHB3, JAK3"
RIDAFOROLIMUS,3,"ETFB, MTOR, PIK3CA"
RISOVALISIB,3,"F5, PIK3CA, PTEN"
INTERLEUKIN-8,3,"CCN1, CD55, NRG1"
INTETUMUMAB,3,"ITGAV, ITGB3, ITGB5"
VARESPLADIB METHYL,3,"PLA2G10, PLA2G2A, PLA2G5"
VASOPRESSIN TANNATE,3,"AVPR1A, AVPR1B, AVPR2"
"4-AMINO-[1,2]NAPHTHOQUINONE",3,"NSD2, USP1, VDR"
"3-HYDROXY-3',4'-DIMETHOXYFLAVONE",3,"CYP3A4, HSD17B10, KAT2A"
4-BENZYLOXYANILINE,3,"EHMT2, SMN1, SMN2"
3-ISOBUTYL-1-METHYL-7H-XANTHINE,3,"ABAT, CYP3A4, PDE7A"
FR139317,3,"ALDH1B1, EDNRA, TACR1"
FORALUMAB,3,"CD3D, CD3E, CD3G"
AZA-THIP,3,"ART4, ARVCF, GABRR3"
AZD1390,3,"ATM, EEF1B2P2, TP53"
PRANLUKAST,3,"AMHR2, AMPD1, CYSLTR1"
IOX2,3,"CXCR3, GFER, KDM5C"
IPCONAZOLE,3,"AR, NFE2L2, PPARD"
IOBENGUANE,3,"CYP2D6, NFE2L2, SLC6A2"
CHEMBL:CHEMBL547304,3,"EHMT2, RAD52, RAD54L"
FUTUXIMAB/MODOTUXIMAB MIXTURE,3,"BRAF, EGFR, NRAS"
FURAZOLIDONE,3,"G6PD, NFE2L2, TP53"
FRESOLIMUMAB,3,"TGFB1, TGFB2, TGFB3"
CHEMBL:CHEMBL548540,3,"ALDH1A1, HSP90AA1, SNCA"
CHEMBL:CHEMBL560296,3,"GNAS, NPC1, RAB9A"
CHEMBL:CHEMBL549208,3,"ALDH1A1, ATXN2, KCNH2"
CHEMBL:CHEMBL552439,3,"CYP2C19, CYP2C9, CYP2D6"
PROCHLORAZ,3,"AR, NFE2L2, PPARG"
PRENYLAMINE,3,"CALM1, KCNH2, SCN5A"
PRALATREXATE,3,"DHFR, PDF, RFC1"
AZD1332,3,"DRD5P1, DRD5P2, DRG2"
"2,3,4'-TRIHYDROXY-4-METHOXYBENZOPHENONE",3,"KDM4E, POLK, RECQL"
"2,3,4,4'-TETRAMETHOXYBIPHENYL",3,"APOBEC3F, APOBEC3G, GMNN"
2-MERCAPTOBENZIMIDAZOLE,3,"AR, CYP3A4, EHMT2"
"2,4-DIACETYLPHLOROGLUCINOL",3,"IDH1, NR2E3, TSHR"
ISOCARBOXAZID,3,"CYP1A2, MAOA, MAOB"
IRETOL,3,"APEX1, POLK, TDP1"
IROFULVEN,3,"BRCA1, MAPK1, NFE2L2"
IRALUKAST,3,"AMHR2, AMPD1, CYSLTR1"
IRX-4204,3,"RXRA, RXRB, RXRG"
IOXYNIL,3,"NFE2L2, PPARA, TP53"
IP3,3,"ITPR1, MPPED2, MYRF"
PREDNISOLONE ACETATE,3,"AR, NFE2L2, NR3C1"
RILONACEPT,3,"HLA-DRB1, IL1A, IL1B"
RIMEGEPANT,3,"CALCRL, CYP2C9, S100A12"
TECADENOSON,3,"ADORA1, SLC29A1, SLC29A2"
TEGASEROD,3,"A12M4, HTR4, NAT1"
ISOPROPYL ALCOHOL,3,"CYP19A1, CYP1B1, CYP3A5"
IRX4310,3,"RARA, RARB, RARG"
CHEMBL:CHEMBL2059711,3,"AR, NR3C1, PGR"
ISO-IANTHERAN A,3,"P2RY1, P2RY11, P2RY2"
RIFAPENTINE,3,"AR, NAT2, NR1I2"
RIGOSERTIB SODIUM,3,"HRAS, PIK3CA, PTEN"
ARCHEXIN,3,"AKT1, AKT2, AKT3"
ARCITUMOMAB,3,"CEACAM1, CEACAM3, CEACAM5"
ARFORMOTEROL,3,"ADRB2, CYP2D6, UGT1A1"
ARGATROBAN,3,"F2, F2R, FRA1C"
ARC-239,3,"ABL1, ABL2, AOC1"
APRINDINE,3,"CALM1, SCN5A, SNAP91"
POSIPHEN,3,"APP, BACE1, BACE2"
PQR620,3,"ETFB, F3, F5"
ISOGRANULATIMIDE,3,"CHEK2, EIF5AP3, SLC29A1"
ISOPROTERENOL SULFATE,3,"ADRB1, ADRB2, ADRB3"
ISOQUINE,3,"CYP2D6, CYP3A4, KCNH2"
ISOPENTENYL PYROPHOSPHATE,3,"ATP5F1C, BLK, BLVRA"
CHEMBL:CHEMBL579045,3,"ATXN2, HSD17B10, RAD54L"
FLUDIOXONIL,3,"AR, PPARG, RXRA"
POSTSTATIN,3,"FNTBL1, FPR2, FXN"
AZD5991,3,"ADAMTSL4-AS1, MCHR1, PTEN"
AZD-7451,3,"NTRK1, NTRK2, NTRK3"
AZD5582,3,"GNG10, GNG11, GNGT1"
AZD0156,3,"ATM, EEF1B2P2, PIK3CA"
AZD-5423,3,"BDM, FAP, NR3C1"
AZD-6918,3,"NTRK1, NTRK2, NTRK3"
POSELTINIB,3,"BTK, EFNB2, EPHB3"
FLUOROSALAN,3,"AR, GMNN, HTT"
CHEMBL:CHEMBL578878,3,"BAZ2B, GNAS, KDM4A"
CHEMBL:CHEMBL578890,3,"MAPT, SMAD3, TP53"
CHEMBL:CHEMBL191611,3,"GMNN, IDH1, SMAD3"
CHEMBL:CHEMBL187216,3,"CYP1A2, CYP2D6, CYP3A4"
CHEMBL:CHEMBL1873684,3,"AHR, AR, NFE2L2"
PRAMIPEXOLE DIHYDROCHLORIDE,3,"DRD2, DRD3, DRD4"
PORFIROMYCIN,3,"EHMT2, POLH, POLI"
FORMONONETIN,3,"HSD17B10, SMN1, SMN2"
FLUPROSTENOL,3,"APOC1P1, APOC2, APOC4"
FLURANDRENOLIDE,3,"AR, NR3C1, PLA2G4A"
CHEMBL:CHEMBL576412,3,"ALDH1A1, GMNN, HTT"
FLUORESCEIN DIACETATE,3,"HTT, PLK1, RAPGEF4"
FMET-LEU-PHE,3,"ALDH3B2, ALDH9A1, FPR2"
FMET-MET-TYR-ALA-LEU-PHE,3,"ALDH3A2, ALDH3B2, ALDH9A1"
FLUORODIFEN,3,"AR, NFE2L2, PPARG"
CHEMBL:CHEMBL1990783,3,"BAZ2B, GMNN, NFE2L2"
CHEMBL:CHEMBL577851,3,"BAZ2B, EHMT2, KDM4E"
FIPAMEZOLE,3,"ADRA2A, ADRA2B, ADRA2C"
FIPEXIDE HYDROCHLORIDE,3,"AR, CYP3A4, NFE2L2"
ROMILKIMAB,3,"IL13, IL4, IL4R"
RO5028442,3,"ABCC6, AQP9, ARAF"
ROBINETIN,3,"APEX1, POLK, RECQL"
ROBUSTIC ACID,3,"CYP3A4, TP53, USP2"
IVOSIDENIB,3,"GPX1P2, IDH1, IDH2"
ISOSILYBIN B,3,"SLCO1B1, SLCO1B3, SLCO2B1"
ISOSPAGLUMIC ACID,3,"APEX1, SLC25A4, TDP1"
ISORHAMNETIN,3,"NFKB1, NFKB2, RELA"
ISOSILYBIN A,3,"PPARG, SLCO1B1, SLCO2B1"
ISPAGHULA HUSK,3,"CHRM5, GHRL, SLC2A4"
ISOFLAVONE,3,"BGLAP, CP, CYP2E1"
ISRAPAFANT,3,"APLP2, AR, PTAFR"
RINETERKIB,3,"BRAF, CTNNA1, NRAS"
J27644,3,"GART, GAS1, GDF2"
JAK3 INHIBITOR IV,3,"EPHB1, EPHB3, H2AZ1"
ITOPRIDE,3,"ACHE, DRD2, FMO3"
JI-101,3,"EPHB4, KDR, PDGFRB"
ITACNOSERTIB,3,"DNM2, EPHB2, FLT3"
CHEMBL:CHEMBL1797708,3,"CREBBP, EP300, KAT2B"
IVERMECTIN,3,"ABCB1, ATF4, ATP1B3P1"
FLUMBATINIB,3,"ABL1, DPP6, DPT"
RO-5045337,3,"HLA-H, MDM2, TP53"
RO-70-0004,3,"ABCA4, ABCB7, ABCF1"
RITODRINE,3,"ADRB2, KCNMB2, PDE4B"
AR-M1000390,3,"APAF1, APOF, NUDT2"
APINOCALTAMIDE,3,"CACNA1G, CACNA1H, CACNA1I"
RIVIPANSEL,3,"SELE, SELL, SELP"
RO 04-6790,3,"CYP2C9, CYP3A4, NATP"
JTC-801,3,"APBA1, OPRL1, SMAD3"
VALZIFLOCEPT,3,"FCGR2A, FCGR2B, MAPK12"
VABICASERIN HYDROCHLORIDE,3,"HTR2A, HTR2B, HTR2C"
VADIMEZAN,3,"HIPK2, KDR, PIM3"
ACIFRAN,3,"ANXA13, AOAH, HCAR2"
PNU-37883,3,"CYP2D6, KCNH2, TSHR"
POLMACOXIB,3,"CA1, CA2, PTGS2"
POLYESTRADIOL PHOSPHATE,3,"AFP, ESR1, NOS1"
CHEMBL:CHEMBL1797707,3,"CREBBP, EP300, KAT2B"
JNK-IN-8,3,"CTNNA1P1, CTNNA2, CTNS"
JORO SPIDER TOXIN,3,"ASPH, ASS1P2, GRIA3"
J18 (GALANIN ANALOGUE),3,"ALOX12P1, ALOX12P2, GALR2"
J20 (GALANIN ANALOGUE),3,"ALOX12P1, ALOX12P2, GALR2"
KAEMPFERIDE,3,"NFKB1, NFKB2, RELA"
CHEMBL:CHEMBL1605629,3,"EHMT2, FGF22, PLK1"
KB-R7943,3,"ATP2A2, ATP2B1, ATP2B2"
VALDECOXIB,3,"BIRC5, CPT2, PTGS2"
VALEMETOSTAT,3,"EZH1, EZH2, GPR12"
UPIDOSIN,3,"ABCA4, ABCB7, ABCF1"
JTE-013,3,"AEBP1, AMY1A, S1PR2"
KBP-7018,3,"DPP6, DPT, PTK2B"
K-604,3,"CES1, FRA10E, FRA10F"
JZL195,3,"CRKL, CRMP1, GPS1"
K-00546,3,"DRD1, EGR4, EIF4A1"
RO3306,3,"EGR4, EIF4A1, EIF4E"
APRACLONIDINE,3,"ABL1, ABL2, ADRA2A"
APREPITANT,3,"AQP3, TACR1, UGT2B7"
APRACLONIDINE HYDROCHLORIDE,3,"ADRA2A, ADRA2B, ADRA2C"
APAZONE,3,"EHMT2, PTGS1, PTGS2"
RO5508887,3,"BACE1, FMO5, FMOD"
RO 60-0175,3,"A12M3, A12M4, HTR2C"
AZD3778,3,"ACTB, AMD1, BAD"
PLASMINOGEN,3,"FGA, FGB, FGG"
PIPOBROMAN,3,"ALDH1A1, KDM4E, NFE2L2"
AZINPHOS-ETHYL,3,"AR, NFE2L2, RXRA"
FEVIPIPRANT,3,"APOBEC1, PTGDR, PTGDR2"
FENFLURAMINE HYDROCHLORIDE,3,"HTR1D, HTR2C, SIGMAR1"
FANGCHINOLINE,3,"ATXN2, GMNN, SMAD3"
CHEMBL:CHEMBL584868,3,"APOBEC3F, EHMT2, KDM4A"
CHEMBL:CHEMBL582503,3,"FEN1, GMNN, RACGAP1"
KT-109,3,"CRIP1, CRIP2, CXCL1"
KISSPEPTIN-10,3,"AMELY, NPFFR1, NPFFR2"
KI16425,3,"ADFN, AMPH, BIN1"
PLX7486,3,"CSF1R, CSF3R, NTRK1"
PLX8394,3,"BRAF, FBXW7, NRAS"
PKI-179,3,"MTOR, PIK3CA, PTEN"
PL-3994,3,"DLX3, DLX5, NPR1"
PJ34,3,"ATM, ATR, GNAI2"
CHEMBL:CHEMBL579550,3,"BAZ2B, KDM4A, TP53"
CHEMBL:CHEMBL579957,3,"HTT, IDH1, MITF"
FGFR INHIBITOR CPL304110,3,"FGFR1, FGFR2, FGFR3"
FGFR INHIBITOR DEBIO 1347,3,"FGFR1, FGFR2, FGFR3"
"FIBRINOGEN, HUMAN",3,"FGA, FGB, FGG"
CHEMBL:CHEMBL582675,3,"APOBEC3F, APOBEC3G, IDH1"
CHEMBL:CHEMBL583824,3,"KDM4E, RAD52, SMARCA2"
CHEMBL:CHEMBL580851,3,"ALOX15, EHMT2, HSD17B10"
AZD9567,3,"BDM, BDNF, NR3C2"
RO 25-1553,3,"ADCYAP1R1, ARCN1, ARCN2"
FGFR/CSF-1R INHIBITOR 3D185,3,"FGFR1, FGFR2, FGFR3"
FF-10101,3,"FLT3, KIT, NRAS"
FG-2216,3,"EGLN1, EGLN2, EGLN3"
CHEMBL:CHEMBL582030,3,"HTT, IDH1, NFE2L2"
CHEMBL:CHEMBL582287,3,"APOBEC3A, APOBEC3G, EHMT2"
CHEMBL:CHEMBL581868,3,"APAF1, IDH1, RAD52"
CHEMBL:CHEMBL1622802,3,"FEN1, POLI, SMAD3"
ANTIPSYCHOTIC AGENT,3,"CYP1A2, CYP2C9, PRL"
ROPSACITINIB,3,"EPHB1, EPHB2, TYK2"
CHEMBL:CHEMBL582507,3,"CYP1A2, NPC1, RAB9A"
CHEMBL:CHEMBL582473,3,"ATXN2, MAPT, TP53"
FASUDIL HYDROCHLORIDE,3,"ATAD5, HTT, KDM4A"
FARNESYL MONOPHOSPHATE,3,"ACVRL1, ADH1A, BIN1"
FAXELADOL,3,"OPRM1, SLC6A2, SLC6A4"
CHEMBL:CHEMBL156959,3,"GMNN, KDM4A, NFE2L2"
CHEMBL:CHEMBL1585652,3,"KDM4A, NPY1R, NPY2R"
CHEMBL:CHEMBL1513392,3,"CYP2C19, CYP2D6, CYP3A4"
L-21649,3,"FLT1, FLT4, KDR"
"L-363,301",3,"AQP2, FASLG, SHROOM2"
L-NNA,3,"NOS1, NOS2, NOS3"
KU-55933,3,"ATM, EEF1B2P2, PTEN"
KRESOXIM-METHYL,3,"AR, NFE2L2, TP53"
RONOMILAST,3,"PDE4A, PDE4B, PDE4D"
APAMIN,3,"ARF5, ARF6, ARG1"
APILIMOD,3,"GPR34, IL12A, PIKFYVE"
PILSICAINIDE,3,"AR, SCN5A, XK"
PIMECROLIMUS,3,"FKBP1A, MTOR, PPP3CA"
PIMETHIXENE MALEATE,3,"AR, GMNN, USP1"
"L-772,405",3,"A1BG, A2M, A2MP1"
"L-750,667",3,"BAZ2B, EHMT2, KDM4A"
ALACHLOR,3,"AR, ESR1, NFE2L2"
AGI-5198,3,"FLT3, GPX1P2, IDH1"
AG-24322,3,"CDK1, CDK2, CDK4"
TAPENTADOL HYDROCHLORIDE,3,"OPN4, OPRM1, SLC6A2"
TAK-779,3,"ACTA2, ACTBP2, CCR2"
TALIPEXOLE HYDROCHLORIDE,3,"DRD3, EHMT2, RAD52"
TALMAPIMOD,3,"CTNNB1, CTNND1, MAPK14"
ROVAZOLAC,3,"BAK1P2, NR1H2, NR1H3"
EXENATIDE,3,"ALPL, GLP1R, KCNQ1"
EXISULIND,3,"CBX1, CYP1A2, PDE5A"
CHEMBL:CHEMBL586670,3,"APOBEC3A, APOBEC3G, BAZ2B"
CHEMBL:CHEMBL586029,3,"EHMT2, GMNN, SMAD3"
CHEMBL:CHEMBL584626,3,"APAF1, SMAD3, USP1"
RWJ-67657,3,"MAPK11, MAPK14, PTGS2"
RS-102221,3,"A12M3, A12M4, HTR2C"
RS-39604,3,"CYP2D6, CYP3A4, TP53"
PIROTINIB,3,"DXO, EN1, ERBB4"
PIPERACETAZINE,3,"CYP1A2, CYP2D6, DRD2"
PINOMETOSTAT,3,"DNMT3A, GCNT1, KMT2A"
PIPERONYL BUTOXIDE,3,"ALDH1A1, CYP3A4, TSHR"
PIFUSERTIB,3,"CSTF3, CSTP1, FKBP2"
PIK-108,3,"F5, F7, PIK3CB"
BAFF,3,"EBR4, ECE1, TNFRSF13C"
BANTAG-1,3,"ACAT1, ACAT2, ASIC2"
WKYMVM,3,"ALDH3A2, ALDH3B2, ALDH9A1"
FALDAPREVIR,3,"IFNL3, IFNL4, KRAS"
FADOLMIDINE HYDROCHLORIDE,3,"ADRA2A, ADRA2B, ADRA2C"
LASOFOXIFENE,3,"BCYRN1P2, ESR1, ESR2"
"LACTOSE, ANHYDROUS",3,"LGALS3, LGALS8, LGALS9"
CHEMBL:CHEMBL1528359,3,"FEN1, HIF1A, RAD52"
CHEMBL:CHEMBL1481509,3,"APAF1, ATXN2, NFE2L2"
L745870,3,"ALDH2, KCNH2, USP1"
XL281,3,"ARAF, BRAF, RAF1"
2-(2'-METHOXYPHENYL)-1H-INDOLE,3,"SMN1, SMN2, TARDBP"
"2,3-DIHYDROXY-4-METHOXY-4'-ETHOXYBENZOPHENONE",3,"KDM4E, MAPT, POLK"
"2,4,6-TRIBROMOPHENOL",3,"CYP3A4, NFE2L2, PPARA"
"2,4-HEXADIENAL",3,"ALDH1A1, NFE2L2, RORC"
"16,16-DIMETHYL-PGE2",3,"PTGER2, PTGER3, PTGER4"
XANTHYLETIN,3,"HSD17B10, SMN1, SMN2"
WHILE OLIVETOL,3,"AR, CYP3A4, NFE2L2"
ETORPHINE,3,"APAF1, APOF, NUDT2"
"ETHYL 3-[(E)-2-AMINO-1-CYANOETHENYL]-6,7-DICHLORO-1-METHYL-1H-INDOLE-2-CARBOXYLATE",3,"CELA1, EML1, SERPINB1"
EUPATORIN,3,"AURKA, AURKB, KDR"
ETHYLKETOCYCLAZOCINE,3,"APAF1, APOF, NUDT2"
CHEMBL:CHEMBL587449,3,"NPC1, PLK1, RAB9A"
CHEMBL:CHEMBL587564,3,"GLP1R, IDH1, NCOA3"
CHEMBL:CHEMBL588525,3,"BRCA1, NPC1, RAB9A"
CHEMBL:CHEMBL588234,3,"KMT2A, MBNL1, MEN1"
BATEFENTEROL,3,"ADRB2, CHRM2, CHRM3"
BACITRACIN,3,"IDE, LTF, PRL"
THIOPHANATE METHYL,3,"ALDH1A1, HSD17B10, NFE2L2"
THIOTHIXENE HYDROCHLORIDE,3,"DRD2, EHMT2, HTR2A"
THUNBERGINOL A,3,"GMNN, POLH, RACGAP1"
CHEMBL:CHEMBL1451921,3,"APOBEC3F, APOBEC3G, IDH1"
CHEMBL:CHEMBL1452227,3,"ATAD5, NPC1, RAB9A"
ETRUMADENANT,3,"ABCA1, ADORA2A, ADORA2B"
CHEMBL:CHEMBL584860,3,"CYP1A2, CYP2C19, CYP2C9"
CHEMBL:CHEMBL584452,3,"EHMT2, POLB, RAD52"
LAROTRECTINIB SULFATE,3,"NTRK1, NTRK2, NTRK3"
CHEMBL:CHEMBL1507526,3,"BAZ2B, HSD17B10, KDM4A"
CHEMBL:CHEMBL1445650,3,"AGTR1, GMNN, TARDBP"
PHYTOCHEMICAL,3,"CYP1A1, GSTA1, IL2"
BASILIXIMAB,3,"IL2RA, IL2RB, IL2RG"
BAY 55-9837,3,"ADCYAP1R1, ARCN1, ARCN2"
RS-504393,3,"ACTA2, CCL2, CCR2"
ANTIMYCIN A,3,"HSD17B10, NFE2L2, TP53"
AP4A,3,"APC, APEX1, BIRC2"
RS-127445,3,"A12M3, A12M4, HTR2C"
RUCAPARIB CAMSYLATE,3,"PARP1, PARP2, PARP3"
AKN-028,3,"DPT, DPYS, FLT3"
AL-37350A,3,"A12M3, A12M4, HTR2C"
CHEMBL:CHEMBL586163,3,"GLP1R, POLB, POLI"
ACRISORCIN,3,"CYP3A4, HSD17B10, POLK"
ACROLEIN,3,"ALDH1A1, ATP1B1P1, NFE2L2"
ACECLOFENAC,3,"COX8A, CYP2C9, PTGS2"
THIAMINE,3,"CDH17, CDH18, NFE2L2"
PIBOSEROD,3,"A12M4, HTR4, NAT1"
PHOSPHONOACETIC ACID,3,"EHMT2, HPGD, POLI"
PHILANTHOTOXIN 343,3,"GRIN1, GRIN2A, GRM1"
PHOTOSENSITIZING AGENT,3,"DDIT3, FGF2, HSPA4"
CHEMBL:CHEMBL140220,3,"CYP1A2, CYP3A4, TSHR"
CHEMBL:CHEMBL1467200,3,"ATAD5, NPC1, RAB9A"
CHEMBL:CHEMBL1397270,3,"BLM, KAT2A, RECQL"
LDC1267,3,"AXL, DTNA, SLC26A2"
LEAD DIACETATE TRIHYDRATE,3,"ALDH1A1, NFE2L2, TDP1"
LAWSONE,3,"ALDH1A1, USP1, VDR"
5-ME-IAA,3,"ART4, ARVCF, GABRR3"
ACLARUBICIN,3,"CSF2, SMN1, TOP2A"
LENABASUM,3,"ACRV1, CNR2, TNF"
LEVALLORPHAN,3,"APOF, CHRNA2, OPRM1"
LEI-DAB7,3,"ARF5, ARF6, ARG1"
LEIUROTOXIN I,3,"ARF5, ARF6, ARG1"
LENVATINIB MESYLATE,3,"FLT1, FLT4, KDR"
LAVENDUSTIN B,3,"KDM4A, POLI, POLK"
CHEMBL:CHEMBL1448140,3,"ALDH1A1, BAZ2B, KDM4E"
CHEMBL:CHEMBL1448292,3,"ALDH1A1, ALOX12, ALOX15B"
ETIDRONATE DISODIUM,3,"BGLAP, GTF2E1, PLA2G2A"
ETHYLESTRENOL,3,"AR, BEVI, GMNN"
ETALOCIB,3,"AMFR, LTB4R, PPARG"
ESTRONE SULFATE,3,"PRL, SLCO1B1, STS"
ETHAMSYLATE,3,"EHMT2, HIF1A, HSD17B10"
ULINASTATIN,3,"MMP2, MMP9, PRSS1"
UFP-512,3,"APAF1, APOF, NUDT2"
UAWJ9-36-3,3,"CAPN1, FOLR2, FOLR2L"
LEUCETTINE L41,3,"EMP2, F9, MARK2"
LEROCICLIB,3,"CDK4, CDK6, EIF4EBP1"
CHEMBL:CHEMBL1431115,3,"ATAD5, NPC1, RAB9A"
CHEMBL:CHEMBL1370674,3,"CASP6, CDC25B, RCE1"
URIDINE-5'-DIPHOSPHATE,3,"ACTN2, AIRE, BIRC3"
URIC ACID,3,"BRINP3, PADI4, VEGFC"
UMBRALISIB TOSYLATE,3,"ABL1, CSNK1E, PIK3CD"
UROCORTIN 2,3,"ALAS2, ALB, CRHR2"
ERYTHRITYL TETRANITRATE,3,"GC, NPR1, NPR2"
CHEMBL:CHEMBL1390650,3,"ATAD5, NPC1, RAB9A"
CHEMBL:CHEMBL1329443,3,"ATAD5, ATM, NFE2L2"
LEVOPROPOXYPHENE NAPSYLATE ANHYDROUS,3,"CYP2D6, CYP3A4, OPN4"
LEVOMETHADYL,3,"KCNH2, OPN4, OPRM1"
LESINURAD,3,"CDKN2C, CYP2C9, SLC22A12"
LESOGABERAN,3,"ALOX5, GABBR1, GABBR2"
LEVORPHANOL,3,"APOF, GRIN2C, OPRM1"
SALICYLIC ACID,3,"BTD, PTGS1, PTGS2"
ANTI-PD-L1 MONOCLONAL ANTIBODY,3,"CTNNB1, EGFR, PBRM1"
ANTICOAGULANT AGENT,3,"FST, LEP, MPO"
ANTI-ERBB3 MONOCLONAL ANTIBODY AV-203,3,"EGFR, ERBB3, NRG1"
S-ETOMIDATE,3,"CYP1A2, CYP2C19, CYP3A4"
S-NITROSOGLUTATHIONE,3,"BAZ2B, EHMT2, KDM4A"
RUSALATIDE,3,"F2R, F2RL2, F2RL3"
RV1729,3,"F5, F7, F7R"
PHENTERMINE RESIN,3,"SLC6A2, SLC6A3, SLC6A4"
UE2343,3,"CYP2C19, GMFA, HSD11B1"
ETHINYLESTRADIOL/DROSPIRENONE/PRASTERONE,3,"AR, ESR1, PGR"
ESTRADIOL 3-METHYL ETHER,3,"ALDH7A1, MCOLN2, MCOLN3"
ESMIRTAZAPINE,3,"ADRA2A, HTR2A, HTR3A"
ERLOTINIB HYDROCHLORIDE,3,"ABCG2, EGFR, PTPRF"
SAKURANETIN,3,"ABCA1, ABCA3, BRAFPS1"
SALICYLHYDROXAMIC ACID,3,"EHMT2, HIF1A, KDM4E"
LGH-447,3,"PIM1, PIM2, PIM3"
CHEMBL:CHEMBL1373255,3,"GMNN, MITF, TARDBP"
CHEMBL:CHEMBL1392244,3,"ALDH1A1, GNAS, KDM4E"
CHEMBL:CHEMBL1332182,3,"ALDH1A1, CYP3A4, HPGD"
1D09C3,3,"HLA-DRA, HLA-DRB3, HLA-DRB4"
XYLAZINE,3,"ABL1, ABL2, AOC1"
SB 649915,3,"A1BG, A2M, A2MP1"
SB 714786,3,"A1BG, A2M, A2MP1"
LG100754,3,"CCND1, HCN2, OPN1SW"
LGB321,3,"F10, F11, F9"
LHVS,3,"FNTBL1, FOLR2L, FOS"
LIAFENSINE,3,"SLC6A2, SLC6A3, SLC6A4"
CHEMBL:CHEMBL1346025,3,"PSMD14, RACGAP1, SENP1"
CHEMBL:CHEMBL1358137,3,"CYP2C19, CYP2D6, EGFR"
CHEMBL:CHEMBL1353528,3,"ATAD5, GFER, PIP4K2A"
LGD-1550,3,"RARA, RARB, RARG"
CHEMBL:CHEMBL592314,3,"APOBEC3A, APOBEC3G, PLK1"
CHEMBL:CHEMBL590665,3,"GMNN, PLK1, TP53"
CHEMBL:CHEMBL592561,3,"CYP1A2, CYP2C19, CYP2C9"
Z944,3,"ATP6AP1, ATP6V0A1, CACNA1H"
YM 471,3,"ABCC6, AQP9, AR"
BCR-ABL INHIBITOR GNF-2,3,"ABL1, BCR, MAPT"
BECAPLERMIN,3,"PDGFB, PDGFRA, PDGFRB"
BECATECARIN,3,"TOP1, TOP2A, TOP2B"
ERK1/2 INHIBITOR ERAS-007,3,"BRAF, HRAS, NRAS"
CHEMBL:CHEMBL591404,3,"ATXN2, EHMT2, UBE2N"
CHEMBL:CHEMBL59150,3,"ALDH1A1, MAPT, VDR"
CHEMBL:CHEMBL590919,3,"GLP1R, IDH1, KCNH2"
CHEMBL:CHEMBL591178,3,"IDH1, NFE2L2, TARDBP"
ERTUMAXOMAB,3,"CD3E, CD3G, ERBB2"
CHEMBL:CHEMBL591864,3,"EHMT2, KMT2A, MEN1"
CHEMBL:CHEMBL592588,3,"BAZ2B, EHMT2, PABPC1"
PHENYLEPHRINE BITARTRATE,3,"ADRA1A, ADRA1B, ADRA1D"
PHENINDIONE,3,"EHMT2, GCK, VKORC1"
LORCASERIN,3,"A12M3, A12M4, HTR2C"
CHEMBL:CHEMBL1269845,3,"ALDH1A1, CYP1A2, HSD17B10"
CHEMBL:CHEMBL1271059,3,"ATAD5, GMNN, PLK1"
LMB-100,3,"CD274, EEF2, MSLN"
LIXIVAPTAN,3,"ABCC6, AVPR2, HDC"
PHENSUXIMIDE,3,"CACNA1G, CACNA1H, CACNA1I"
CHEMBL:CHEMBL1256835,3,"CYP2C19, CYP2D6, CYP3A4"
CHEMBL:CHEMBL1317506,3,"GMNN, IDH1, SMAD3"
CHEMBL:CHEMBL1256995,3,"EHMT2, IDH1, RAD52"
LINSIDOMINE,3,"EHMT2, HSD17B10, RGS4"
LINAGLIPTIN,3,"DAPK1, DPP4, POU2F2"
BARDOXOLONE,3,"CCND1, KEAP1, NFKB1"
BAY1217389,3,"CTNNB1, FGFR4, TTK"
BASROPARIB,3,"APC, HLA-DMA, HLA-DMB"
ANTI-EGFR/HER2/HER3 MONOCLONAL ANTIBODY MIXTURE SYM013,3,"EGFR, ERBB2, ERBB3"
ANTHRALIN,3,"ALDH1A1, EHMT2, POLK"
XMD-12,3,"EEF1D, EEF1G, EPS8"
YANGONIN,3,"AHR, CXCL8, NFE2L2"
LIPROTAMASE,3,"AMY2A, CALCR, PNLIP"
LITHIUM CITRATE,3,"GSK3A, GSK3B, IMPA1"
LIRIMILAST,3,"PDE4A, PDE4B, PDE4D"
LIT-001,3,"ABCC6, AQP9, ARAF"
SAR425899,3,"GCG, GCGR, GLP1R"
SAR7334,3,"ATP2A2, ATP2B2, ATP2B3"
SB 272183,3,"A1BG, A2M, A2MP1"
SB 277011-A,3,"A12M4, A2MP1, ALDH1A1"
SAR100842,3,"AMPD3, LPAR1, LPAR3"
SATRALIZUMAB,3,"AQP4, IL6R, IL6ST"
SANTACRUZAMATE A,3,"GAPDHP1, GART, HDAC4"
SAMIDORPHAN L-MALATE,3,"OPRD1, OPRK1, OPRM1"
CHEMBL:CHEMBL1256761,3,"GMNN, HSP90AA1, IDH1"
CHEMBL:CHEMBL1256698,3,"DRD3, EHMT2, KDM4E"
CHEMBL:CHEMBL1256735,3,"KCNH2, MPHOSPH8, RAD52"
CHEMBL:CHEMBL120580,3,"TRPC5, TRPV3, TRPV4"
LOFEXIDINE HYDROCHLORIDE,3,"ADRA2A, ADRA2B, ADRA2C"
ENPATORAN,3,"SARDH, TLR7, TLR8"
EOSIN,3,"CARM1, PRMT1, SETD7"
ENDOMORPHIN-1,3,"APAF1, APOF, OPRM1"
CHEMBL:CHEMBL598903,3,"HTT, IDH1, NFE2L2"
PEPTIDE YY (3-36),3,"NPY2R, NPY4R, NPY5R"
LTC4,3,"ACTN2, AMHR2, AMPD1"
LTD4,3,"ACTN2, AMHR2, AMPD1"
LVP,3,"ABCC6, AQP9, AR"
LSP4-2022,3,"ANTP2, GRM6, SLC25A5"
LUF7602,3,"ABAT, ABCA1, ABCA3"
LOSMAPIMOD,3,"CTNNB1, MAPK11, MAPK14"
Y-27632,3,"CYP3A4, PRKX, ROCK2"
CHEMBL:CHEMBL593211,3,"GMNN, IDH1, KDM4A"
CHEMBL:CHEMBL593254,3,"ATAD5, BRCA1, RAB9A"
CHEMBL:CHEMBL596836,3,"EHMT2, RAD52, RAD54L"
CHEMBL:CHEMBL596631,3,"EHMT2, GMNN, IDH1"
CHEMBL:CHEMBL592106,3,"ALDH1A1, CACNA1H, HPGD"
CHEMBL:CHEMBL592115,3,"APAF1, POLI, USP1"
ENOXACIN,3,"ATP6V1B2, CCL18, TOP2A"
PG-901,3,"ANGPT1, ANGPT2, ANK1"
PHENAZINE-1-CARBOXYLIC ACID,3,"EHMT2, GMNN, NFE2L2"
BAZEDOXIFENE ACETATE,3,"ESR1, ESR2, PPARD"
BAZLITORAN,3,"TLR7, TLR8, TLR9"
PG 97-269,3,"ADCYAP1R1, ARCN1, ARCN2"
PG 99-465,3,"ADCYAP1R1, ARCN1, ARCN2"
PF750,3,"CRMP1, FAAH, GTF2IP1"
YM 218,3,"ABCC6, AQP9, AR"
BENRALIZUMAB,3,"DFNB14, IL5, IL5RA"
BENFLUOREX HYDROCHLORIDE,3,"AR, CYP3A4, EHMT2"
BENTAMAPIMOD,3,"MAPK10, MAPK8, MAPK9"
PEXIDARTINIB HYDROCHLORIDE,3,"CSF1R, FLT3, KIT"
SB 207710,3,"HTR4, NAT1, SERPINA3"
ENDOXIFEN,3,"CPD, ESR1, SULT1A2"
CHEMBL:CHEMBL600334,3,"MTOR, NFE2L2, TP53"
CHEMBL:CHEMBL600572,3,"NPC1, RAB9A, SMAD3"
PF-06843195,3,"F5, F7, PIK3CB"
PF-04885614,3,"BAD, BBS2, BBS4"
PF-03882845,3,"BDNF, BEVI, NR3C2"
PF-04217903,3,"BRAF, MET, TP53"
PF-04634817,3,"ACTA2, CCR2, CCR5"
PERUVOSIDE,3,"IDH1, NFE2L2, SMAD3"
PETESICATIB,3,"CTSS, FOLR3, FOS"
PEROSPIRONE,3,"ABCD1, ALDH1A1, ALDH2"
ANILERIDINE HYDROCHLORIDE,3,"OPN4, OPRK1, OPRM1"
SB 243213,3,"A12M3, A12M4, HTR2C"
LY-3009120,3,"ARAF, BRAF, RAF1"
LUNACALCIPOL,3,"CLDN3, CYP24A1, VDR"
CHEMBL:CHEMBL121556,3,"IDH1, PLK1, SMAD3"
CHEMBL:CHEMBL1221944,3,"CXCR4, SAP130, SF3B2"
CHEMBL:CHEMBL1255647,3,"APEX1, FASN, KDM4A"
CHEMBL:CHEMBL1243244,3,"NPC1, NR1H2, NR1H3"
ALECTINIB HYDROCHLORIDE,3,"ALK, EML4, RET"
TAGRAXOFUSP-ERZS,3,"CSF2RB, EEF2, IL3RA"
SB 203186,3,"CYP1A2, CYP2C9, NAT1"
SB 221284,3,"A12M3, A12M4, HTR2C"
ANTI-CD19 CAR T CELLS AT101,3,"ADAMTSL4-AS1, BAD, BCL2"
ANHYDROUS DEXTROSE,3,"COMT, RABEP1, SLCO1B1"
ANTI-CD3 MONOCLONAL ANTIBODY,3,"CD3D, CD3E, CD3G"
ANIFROLUMAB,3,"DHODH, IFNAR1, IFNAR2"
ELTOPRAZINE,3,"HTR1A, HTR1B, HTR2C"
EICOSAPENTAENOIC ACID,3,"COX8A, GLS, VDR"
ELAFIN,3,"ELANE, HOXA4, PRTN3"
EGFR/ERBB-2/ERBB-4 INHIBITOR,3,"DXO, EN1, ERBB4"
EGIS-7625,3,"A12M3, A12M4, HTR2C"
CHEMBL:CHEMBL601970,3,"ATAD5, NFE2L2, SLC5A7"
CHEMBL:CHEMBL601605,3,"EHMT2, KDM4A, MAPT"
CHEMBL:CHEMBL601616,3,"ALOX15B, CYP1A2, CYP2C19"
TIOSPIRONE,3,"A1BG, HTR2C, NATP"
TIBOLONE,3,"AR, BCYRN1P2, NFE2L2"
THYROGLOBULIN,3,"B2M, BDNF, IL1B"
ACETOHEXAMIDE,3,"ABCC8, KCNJ1, KCNJ11"
ACETOPHENAZINE,3,"AR, DRD1, DRD2"
6-AMINOCAPROIC ACID,3,"FRA5B, PLAT, PLG"
5-BENZYLOXYTRYPTAMINE,3,"EHMT2, MAPT, TRPM8"
CHEMBL:CHEMBL600173,3,"EHMT2, IDH1, SMAD3"
PENTETIC ACID,3,"CDKN1A, GMNN, KDM4E"
BENZOFURAN,3,"AHR, AR, NFE2L2"
BENZHYDROCODONE HYDROCHLORIDE,3,"OPRD1, OPRK1, OPRM1"
BENZOCAINE,3,"CYP1A2, SCN10A, XK"
BENDAMUSTINE,3,"ATM, CD69, TP53"
PENTOSTATIN,3,"ADA, CCR1, PRKAA1"
TINLORAFENIB,3,"BRAF, EFNA2, FAH"
THYROTROPIN ALFA,3,"FSHR, GALP, TSHR"
ENDOTHELIN RECEPTOR ANTAGONIST,3,"BCL2, NPY, PTH"
ENDOTHELIN-1,3,"ALDH1B1, EDNRA, EDNRB"
EMPESERTIB,3,"CTNNB1, FGFR4, RPS27"
ELZOVANTINIB,3,"DPYD, DRD4, MS4A2"
EMACTUZUMAB,3,"CSF1, CSF1R, DPYD"
ELIMUSERTIB,3,"ATM, ATR, IDH1"
CHEMBL:CHEMBL601367,3,"EHMT2, MAPT, SMAD3"
PERILLYL ALCOHOL,3,"HSPA4, IVL, MYC"
SCH 206272,3,"AQP3, AQP4, AQP5"
SB-568849,3,"AMY2B, MCHR1, MCHR2"
TALAROFLAVONE,3,"POLH, POLI, POLL"
TALSACLIDINE,3,"CHRM1, CHRM2, CHRM3"
TAMARIXETIN,3,"NFKB1, NFKB2, RELA"
TAFASITAMAB,3,"CD19, GMFB, TNFRSF8"
TALNETANT,3,"AQP4, AQP5, TACR3"
TALOTREXIN,3,"DHFR, FOLR1, SLC19A1"
UCL1684,3,"ARF5, ARF6, ARG1"
TYRAMINE,3,"DRD1, HTR3A, TAAR1"
5H3'FPE,3,"CORD1, CYP1B1, SLC31A2"
5-METHYLURAPIDIL,3,"ABCA4, ABCB7, ABCF1"
ZIDESAMTINIB,3,"DRD5P1, DTX1, ROS1"
ZANZALINTINIB,3,"AXL, DRD4, DTNA"
ANISTREPLASE,3,"ANXA2, FGA, PLG"
ANNEXIN I-(2-26),3,"ALDH3A2, ALDH3B2, ALDH9A1"
LYSOSOMAL ALPHA-GLUCOSIDASE,3,"GAA, M6PR, MGAM"
LYSOZYME,3,"BCL2, PTPN6, THY1"
CHEMBL:CHEMBL1172911,3,"CDC25B, EYA2, POLH"
CHEMBL:CHEMBL1077391,3,"GABRA5, GABRB3, GABRG2"
LY377604,3,"ADRB1, ADRB2, ADRB3"
LY379268,3,"ANPEP, GRM6, SLC25A4"
LY2087101,3,"ATD, ATF4, ZFHX3"
LXR-623,3,"NR1H2, NR1H3, PPARA"
CHEMBL:CHEMBL602206,3,"BAZ2B, EHMT2, KDM4A"
EFINOPEGDUTIDE,3,"GCG, GCGR, GLP1R"
ZOMEPIRAC SODIUM,3,"AR, GMNN, VDR"
MACIMORELIN,3,"ALOX15, GHRL, GHSR"
LYPRESSIN,3,"AVPR1A, AVPR1B, AVPR2"
LYMPHOTOXIN-&ALPHA;,3,"E2F2, E2F3, EBVM1"
M-1095,3,"IL17A, IL17F, IL25"
LYSERGOL,3,"A12M1, A2M, A2MP1"
LYCOBETAINE,3,"TOP1, TOP2A, TOP2B"
(S)-VERAPAMIL,3,"ABCC1, CYP3A4, TSHR"
ZARDAVERINE,3,"CYP1A2, CYP2C19, HPGD"
EG5 KINESIN-RELATED MOTOR PROTEIN INHIBITOR 4SC-205,3,"ALK, KIF11, NRAS"
EFALIZUMAB,3,"FRA12D, ITGAL, ITGB2"
EFAPROXIRAL,3,"HBA1, HBA2, HBB"
EFAROXAN,3,"AR, DRD1, GMNN"
EDRECOLOMAB,3,"EPCAM, IFNG, IL2"
M1145,3,"ALOX12P1, ALOX12P2, GALR2"
CHEMBL:CHEMBL1092508,3,"FEN1, RAD52, RAD54L"
CH7057288,3,"DRD5P1, DRD5P2, DRG2"
CGP53353,3,"CTAA1, EHMT2, MAPT"
M871,3,"ALOX12P1, ALOX12P2, GALR2"
M15,3,"ALOX12P1, ALOX12P2, GALR2"
M32,3,"ALOX12P1, ALOX12P2, GALR2"
M617,3,"ALOX12P1, ALOX12P2, GALR2"
MALEIC ACID,3,"KDM4A, ME3, TLE5"
MAK683,3,"ARID1A, EED, FRZB"
M1151,3,"ALOX12P1, ALOX12P2, GALR2"
M1152,3,"ALOX12P1, ALOX12P2, GALR2"
M1153,3,"ALOX12P1, ALOX12P2, GALR2"
M1160,3,"ALOX12P1, ALOX12P2, GALR2"
M35,3,"ALOX12P1, ALOX12P2, GALR2"
M40,3,"ALOX12P1, ALOX12P2, GALR2"
ALEMTUZUMAB,3,"CD52, CXCL12, TP53"
ALDICARB,3,"AHR, NFE2L2, PPARG"
12A-HYDROXY-5-DEOXYDEHYDROMUNDUSERONE,3,"CYP3A4, HSD17B10, MAPT"
(S)-N-[1-(3-MORPHOLIN-4-YL-PHENYL)-ETHYL]-3-PHENYL-ACRYLAMIDE,3,"AZF2, AZGP1, KCNQ5"
(S)-NITRENDIPINE,3,"CYP2C19, CYP2C9, CYP3A4"
(S)-UH 301,3,"A1BG, CYP2D6, DRD1"
CHALCONE,3,"IDH1, POLI, VDR"
CHARTREUSIN,3,"FEN1, POLI, POLK"
EBVACICLIB,3,"CDK4, EIF4A1, EIF4EBP1"
DYSIHERBAINE,3,"ASS1P8, ASS1P9, GRIK3"
"D[PEN1,TYR(ME)2]AVP",3,"ABCC6, AQP9, AR"
DYNORPHIN A-(1-13),3,"APAF1, APOF, NUDT2"
DYNORPHIN A-(1-8),3,"APAF1, APOF, NUDT2"
DYNORPHIN B,3,"APAF1, APOF, NUDT2"
DYNORPHIN-(1-11),3,"APAF1, APOF, NUDT2"
CHEMBL:CHEMBL606456,3,"EHMT2, RAD52, RAD54L"
MARBOSTAT-100,3,"GAPDHP1, GART, GAS1"
MAGROLIMAB,3,"CD274, CD47, TP53"
SB590885,3,"BRAF, EFNA2, FAH"
SCUTELLARIN,3,"ABCB1, ABCC1, SLCO2B1"
CHEMBL:CHEMBL602763,3,"EHMT2, POLI, VDR"
CHEMBL:CHEMBL601744,3,"APOBEC3A, APOBEC3G, EHMT2"
CHEMBL:CHEMBL601768,3,"GMNN, HSP90AA1, SMAD3"
E927A,3,"ALDH1A1, HPGD, HSD17B10"
PEGBELFERMIN,3,"FGF1, FGF21, KLB"
PENFLURIDOL,3,"AR, CACNA1G, PPARD"
PENICILLIN G POTASSIUM,3,"FPR1, HLA-B, SLC22A8"
MECLINERTANT,3,"ANXA6, ANXA7, NTSR1"
MECYSTEINE HYDROCHLORIDE,3,"HPGD, MAPT, VDR"
CGP13501,3,"CYP2D6, CYP3A4, GLP1R"
MAVRILIMUMAB,3,"CSF2, CSF2RA, CSF2RB"
MARGATOXIN,3,"ATP5PO, ATP7A, ATP7B"
EBASTINE,3,"GMNN, HRH1, MTOR"
EBDAROKIMAB,3,"IL12A, IL12B, IL23A"
SELTOREXANT,3,"APBA2, APBB1, HCRTR2"
SDZ SER-082,3,"A12M3, A12M4, HTR2C"
SEGLITIDE,3,"AQP2, FASLG, SHROOM2"
PEPINEMAB,3,"CD274, MME, SEMA4D"
PELAREOREP,3,"HRAS, KRAS, NRAS"
PENECA,3,"ABAT, ABCA1, ABCA3"
CHEMBL:CHEMBL605084,3,"ATG4B, NPSR1, PLA2G1B"
CHEMBL:CHEMBL605747,3,"ADAMTSL4-AS1, GMNN, HSD17B10"
CHEMBL:CHEMBL603154,3,"GBA1, GLP1R, KDM4A"
DROMETRIZOLE,3,"NFE2L2, NPC1, RAB9A"
DROTRECOGIN ALFA,3,"DRD1, F5, F8"
SHP2 INHIBITOR PF-07284892,3,"ALK, BRAF, EML4"
SETIPIPRANT,3,"APOBEC1, PTGDR, PTGDR2"
SENKTIDE,3,"AQP5, ITGA4, TACR3"
TIDEGLUSIB,3,"GSK3A, GSK3B, SLC29A1"
THZ1,3,"ALK, EIF4EBP2, EML4"
TIAGABINE HYDROCHLORIDE,3,"ABAT, CD14, SLC6A1"
TIAPRIDE,3,"DRD2, DRD3, SCN10A"
DVDAVP,3,"ABCC6, AQP9, AR"
DYNORPHIN A,3,"APAF1, APOF, NUDT2"
CHEMBL:CHEMBL64239,3,"ARSA, CBX1, TARDBP"
CHEMBL:CHEMBL74852,3,"ATM, TARDBP, VDR"
CETILISTAT,3,"GALNT2, LIPF, PNLIP"
CETRORELIX,3,"GNRHR, HSPD1, SERPINE1"
CENICRIVIROC,3,"ACTBP2, CCR2, CCR5"
CETRIMIDE,3,"AR, HTT, USP1"
CENTANAFADINE,3,"SLC6A2, SLC6A3, SLC6A4"
MECLIZINE DIHCL,3,"BAZ2B, GMNN, KDM4A"
ACETOSIDE,3,"KDM4A, POLI, POLK"
TICRYNAFEN,3,"CYP1A2, CYP2D6, CYP3A4"
CHEMBL:CHEMBL606532,3,"GMNN, HTT, IDH1"
CHEMBL:CHEMBL605959,3,"ADAMTSL4-AS1, BAZ2B, EHMT2"
E-7016,3,"PARP1, PARP2, PARP3"
D[D-PAL2]AVP,3,"ABCC6, AQP9, AR"
D[D-PHE2]AVP,3,"ABCC6, AQP9, AR"
DUP-697,3,"CYP1A2, CYP2C19, CYP2C9"
DULIGOTUZUMAB,3,"EGFL7, EGFR, ERBB3"
MEK1/2 INHIBITOR,3,"CYP3A4, MAPK1, NR2F6"
TTA-A2,3,"ATP6AP1, ATP6V0A1, CACNA1H"
TRIPLE MODULATOR 10 [PMID: 29878767],3,"AMHR2, CCND1, GTF2IP1"
TRIPROLIDINE,3,"AMD1, EHMT2, HRH1"
TRIPROLIDINE HYDROCHLORIDE,3,"HRH1, KCNH2, NFE2L2"
TTP-607,3,"AURKA, AURKB, AURKC"
TRITON X,3,"AR, NFE2L2, RORC"
MEPINDOLOL,3,"ADRB1, ADRB2, ADRB3"
MEFLOQUINE,3,"ABAT, ABCA1, ABCB1"
CEFADROXIL ANHYDROUS,3,"ABCC2, ANPEP, NR1I2"
CEFAMANDOLE,3,"ABCC2, ABCC3, ABCC4"
MEK INHIBITOR I,3,"ERBB2, ERBB3, MAP2K1"
CDK/CRK INHIBITOR,3,"EIF4EBP1, EIF4EBP2, SLC29A1"
MEPAZINE ACETATE,3,"GFER, GLP1R, MALT1"
TUCIDINOSTAT,3,"GDF2, HDAC1, HDAC9"
6BIO,3,"ALOX5, EPHX2, PTGES"
5-OXO-ETE,3,"ALOX5, AMPD2, OXER1"
PDE4 INHIBITOR 16,3,"COL12A1, COL19A1, COPA"
PAZOPANIB HYDROCHLORIDE,3,"KDR, KIT, PDGFRB"
BENZO[E]PYRENE,3,"HSD17B10, NFE2L2, TNF"
BENZPHETAMINE,3,"ADRA1A, ADRA2A, CYP3A4"
BESTATIN METHYL ESTER,3,"BIRC2, BIRC3, CRABP2"
PBIT,3,"GGTA1, KDM5A, KDM5C"
PD-118057,3,"BAD, KAT2A, VDR"
PD-146176,3,"ATF6B, KAT2A, VDR"
SEPETAPROST,3,"APOC2, PTGER3, PTGFR"
ANAGRELIDE HYDROCHLORIDE,3,"COL9A2, PDE3A, PDE3B"
ANABOLIC STEROID,3,"CYP19A1, GGT1, LPL"
DROXINOSTAT,3,"GARS1, GART, GAS1"
CEP-7055,3,"FLT1, FLT4, KDR"
PEGINTERFERON LAMBDA-1A,3,"IFNL1, IFNLR1, IL10RB"
PEGINTERFERON BETA-1A,3,"IFNAR1, IFNAR2, IFNB1"
PD98059,3,"FGFR3, FLT3, MAP2K1"
PARAMETHADIONE,3,"CACNA1G, CACNA1H, CACNA1I"
CDK1/2/4 INHIBITOR AG-024322,3,"CDK1, CDK2, CDK4"
CHLORAMPHENICOL PALMITATE,3,"AR, MRPL36, RPSA"
"[111IN,90Y]DOTA-LAN",3,"AQP2, FASLG, SHROOM2"
"[111IN,90Y]DOTA-NOC",3,"AQP2, FASLG, SHROOM2"
ZYBT1,3,"EFNA1, EFNB2, TEC"
ZK112993,3,"BDM, BDNF, NR3C2"
ZM-306416,3,"DRD1, DRD2, DXO"
PAROMOMYCIN SULFATE,3,"MRPL36, MT-RNR1, RPSA"
PARICALCITOL,3,"BCL7A, BGLAP, VDR"
PATIDEGIB,3,"ALOX12, FLT3, SMO"
PATRITUMAB,3,"EGFR, ERBB3, NRG1"
PANCURONIUM,3,"CHRNA2, CHRNA4, SERPINC1"
BETAXOLOL,3,"ABO, ABR, ADRB1"
BERGAPTOL,3,"CYP3A4, GMNN, HPGD"
BETHANECHOL CHLORIDE,3,"CHRM2, CHRM3, GCG"
SIMLUKAFUSP ALFA,3,"FAP, IL2RB, IL2RG"
SH045,3,"ATP2A2, ATP2B2, ATP2B3"
SHARK CARTILAGE EXTRACT AE-941,3,"MMP2, MMP9, VEGFA"
AMPEROZIDE HYDROCHLORIDE,3,"AR, IDH1, KCNH2"
AMPICILLIN TRIHYDRATE,3,"APEX1, RECQL, TDP1"
MELENGESTROL ACETATE,3,"AR, NFE2L2, VDR"
CEFDITORIN PIVOXIL,3,"ALDH1A1, CYP3A4, VDR"
CEFMETAZOLE,3,"ABCC2, ABCC3, ABCC4"
MEDI-565,3,"CD3E, CD3G, CEACAM5"
CEP-5214,3,"FLT1, FLT4, KDR"
DORDAVIPRONE,3,"DRD5, H3-3A, H3C2"
AMG-337,3,"COX6A1, DRD4, MET"
SITAXENTAN,3,"ALDH1B1, EDNRA, EDNRB"
SILICON PHTHALOCYANINE 4,3,"FAS, GCG, GTF2B"
SILIDIANIN,3,"SLCO1B1, SLCO1B3, SLCO2B1"
SILYMARIN,3,"ABCG2, ALOX5, TGFB1"
MEPOLIZUMAB,3,"FIP1L1, IL5, PDGFRA"
CDK4 INHIBITOR,3,"CDK4, EGR4, EIF4A1"
CDK4 INHIBITOR III,3,"CDK4, EIF4A1, KMT5A"
CEAROIN,3,"HPGD, HSD17B10, MAPT"
DIOSMETIN,3,"NFKB1, NFKB2, RELA"
DIPHENOXYLATE HYDROCHLORIDE,3,"AR, GMNN, OPRM1"
ALBINTERFERON ALFA-2B,3,"IFNA2, IFNAR1, IFNAR2"
ALK/C-MET INHIBITOR TQ-B3139,3,"ALK, EML4, ROS1"
METHYLDOPATE HYDROCHLORIDE,3,"ADRA2A, ADRA2B, ADRA2C"
CD666,3,"BCHE, BCHEL1, BCHEL3"
CDC2-LIKE KINASE INHIBITOR,3,"CLK1, CLK2, DYRK1A"
CCL16,3,"ACTA2, ACTBP2, AMELX"
METHOCTRAMINE HYDROCHLORIDE,3,"BLM, MPHOSPH8, NPSR1"
METHOXAMINE HYDROCHLORIDE,3,"ADRA1A, ADRA1B, ADRA1D"
METARAMINOL BITARTRATE,3,"ADRA1A, ADRA1B, ADRA1D"
METHANTHELINE,3,"CHRM1, CHRM5, CYP2D6"
DOBUTAMINE,3,"ABO, ADRB1, DRD1"
DIPRENORPHINE,3,"APAF1, APOF, NUDT2"
DIQUAFOSOL,3,"APC, APCS, P2RY2"
PABINAFUSP ALFA,3,"TFR2, TFRC, TLX2"
PAC-1,3,"BRAF, CASP3, RECQL"
OXYPHENONIUM BROMIDE,3,"CHRM1, CHRM3, NFE2L2"
METHSUXIMIDE,3,"CACNA1G, CACNA1H, CACNA1I"
METHYCLOTHIAZIDE,3,"NFE2L2, SLC12A1, SLC12A3"
"0-HEXYL-1,3-DIAMINE-PLATINUM 2,2-DICHLORIDE",3,"EHMT2, KDM4A, VDR"
(S)-PROMETHAZINE,3,"ALOX15, CYP1A2, CYP2D6"
"1,4-BENZOQUINONE",3,"ABCB1, DDIT3, MAPK1"
"(R,S)-PHPNECA",3,"ABAT, ABCA1, ABCA3"
"1,3-DITOLYLGUANIDINE",3,"GABPB1, PABPC1, TSHR"
"(S)-3,4-DCPG",3,"GRM6, GRM8, SLC25A5"
ZOLIGRATINIB,3,"FGFR1, FGFR2, FGFR3"
ZOLANTIDINE,3,"CYP2D6, CYP3A4, MTOR"
BETA-NAPHTHOFLAVONE,3,"AHR, CYP1B1, PAX8"
BETAINE HYDROCHLORIDE,3,"BHMT, BHMT2, EHMT2"
PAN-AKT INHIBITOR ARQ751,3,"AKT1, PIK3CA, PTEN"
P6949,3,"CDC25A, CDC25B, FTH1P2"
PACAP-27,3,"ADCYAP1R1, ARCN1, ARCN2"
PACAP-38,3,"ADCYAP1R1, ARCN1, ARCN2"
P53/HDM2 INTERACTION INHIBITOR CGM097,3,"ALK, BRAF, TP53"
PACTIMIBE,3,"CES1, SOAT1, SOAT2"
METHYLPREDNISOLONE ACETATE,3,"AR, NFE2L2, NR3C1"
CCL2,3,"ACTA2, ACTB, ACTBP2"
CAULIBUGULONE C,3,"BLM, CYP3A4, TP53"
CASPASE INHIBITOR,3,"CDKN1A, DIABLO, IFNA1"
PARATHYROID HORMONE,3,"CASR, PTH1R, PTH2R"
PARBENDAZOLE,3,"AR, CYP1A2, GMNN"
BEXAGLIFLOZIN,3,"CD3D, CD3E, SLC5A2"
BF-1,3,"A12M3, A12M4, HTR2B"
AMITIFADINE,3,"SLC6A2, SLC6A3, SLC6A4"
AMITIFADINE HYDROCHLORIDE,3,"SLC6A2, SLC6A3, SLC6A4"
AMINOOXYACETIC ACID,3,"CSH2, CSHL1, EHMT2"
TRICLOFENOL,3,"HPGD, NFE2L2, RORC"
METHYLERGONOVINE MALEATE,3,"CASP6, DRD1, HTR2B"
METHYLSAMIDORPHAN,3,"OPRD1, OPRK1, OPRM1"
METHYLINOSITOL,3,"APH1A, APP, PSENEN"
METHYSTICIN,3,"ALDH1A1, CYP3A4, NFE2L2"
SWE101,3,"CPT1B, CPT2, GTF2IP1"
SULOCHRIN,3,"APEX1, POLH, POLI"
SZM594,3,"EFNA2, FANCG, FAP"
SIVELESTAT,3,"CELA1, ELANE, FPR2"
SKF-83566,3,"ALCAM, ALDH3A1, COL1AR"
SKF-83959,3,"ALCAM, EHMT2, KDM4E"
SKF-82958,3,"ALCAM, DRD1, EHMT2"
SKI II,3,"FCAR, FCER1A, FRV1"
TILARGININE ACETATE,3,"NOS1, NOS2, NOS3"
TILDRAKIZUMAB,3,"IL12B, IL23A, IL37"
ACEBUTOLOL,3,"ABO, ADRB1, TG"
TRIMEPRAZINE TARTRATE,3,"GFER, HRH1, IDH1"
DIHYDROMORPHINE,3,"APAF1, APOF, NUDT2"
CHRYSIN DIMETHYL ETHER,3,"ATAD5, BRCA1, TARDBP"
CHRYSOERIOL,3,"NFKB1, NFKB2, RELA"
CID2745687,3,"ADAM10, GPR35, GPR55"
TROFINETIDE,3,"IGF1, MECP2, NPTXR"
TRIM,3,"CYP1A2, CYP2D6, CYP3A4"
7-METHOXY-1-NAPHTHYLPIPERAZINE,3,"A1BG, A2M, A2MP1"
OXYPHENCYCLIMINE HYDROCHLORIDE,3,"CHRM1, CHRM3, CYP3A4"
TIRASEMTIV,3,"TNNC2, TNNI2, TNNT3"
TILPISERTIB,3,"FAUNA@, FBLN2, MAP3K8"
TISLELIZUMAB,3,"CD274, GM2A, PDCD1"
TIMOLOL MALEATE,3,"ADRB1, ADRB2, TNF"
CHOLESTYRAMINE RESIN,3,"APOB, CYP27A1, LDLR"
DIMINAZENE,3,"BST2, BTC, BTD"
DINITROCHLOROBENZENE,3,"CCL17, IL2RA, NOS2"
DINOPROST TROMETHAMINE,3,"PTGFR, PTGIR, SLC5A7"
DILEVALOL HYDROCHLORIDE,3,"ADRB1, ADRB2, ADRB3"
METHYLMALONIC ACID,3,"EHMT2, KDM4A, TLE5"
"TRIS(2,3-DIBROMOPROPYL)PHOSPHATE",3,"AR, ESR1, NFE2L2"
TROVAFLOXACIN MESYLATE,3,"CCL18, NFE2L2, PPARD"
DIOSCIN,3,"ACTC1, NFKBIA, SLCO1B3"
CHLORMIDAZOLE,3,"AR, GALR3, NFE2L2"
CHLOROGENIC ACID,3,"EHMT2, GTF3C2, KDM4A"
DIPHENYLAMINE-2-CARBOXYLIC ACID,3,"BUB1, EHMT2, LCK"
DIPHENYLUREA,3,"AHR, CDK9, CLK4"
DIMETHYLPINOCEMBRIN,3,"CYP3A4, HSD17B10, RGS4"
DIMETHYLSPINGOSINE,3,"PRKCA, SPHK1, SPHK2"
CHLORMADINONE ACETATE,3,"AR, NPSR1, PGR"
SLC-391,3,"AXL, DTNA, SLC26A2"
AMINEPTIN,3,"DRD1, DRD2, JUN"
AMI-1,3,"AR, ESR1, PRMT1"
AMDIZALISIB,3,"F7, F7R, PIK3CB"
AMBAZONE,3,"AR, USP1, VDR"
SM-337,3,"GNG10, GNG11, GNGT1"
T-226296,3,"AMY2B, KCNA5, MCHR1"
TABERMINOGENE VADENOVEC,3,"FLT1, FLT4, KDR"
METRAZOLINE OXALATE,3,"EHMT2, KDM4A, KDM4E"
METIPRANOLOL,3,"ADRB1, ADRB2, AR"
CAULIBUGULONE B,3,"BLM, CYP3A4, TP53"
CBS-3595,3,"COL11A1, COL12A1, CTNNB1"
METOPRINE,3,"HNMT, NFE2L2, PDF"
SLF,3,"GAPDHP67, HNMT, ONECUT1"
SODIUM NITRITE,3,"ALDH1A1, CYB5R3, G6PD"
SODIUM OXYBATE,3,"ALDH5A1, GABBR1, GABBR2"
CI-966,3,"CD14, CYP2C9, SLC6A1"
BI-3406,3,"BRAF, HIVEP1, NRAS"
BILOBALIDE,3,"ARVD3, ASAH1, GLRA1"
MILODISTIM,3,"CSF2RA, MYC, PTPRC"
CARPHENAZINE MALEATE,3,"DRD2, HTR2A, HTR2C"
CARTEOLOL HYDROCHLORIDE,3,"ADRB1, ADRB2, ADRB3"
CARPERITIDE,3,"NPR1, NPR2, NPR3"
CARBOQUONE,3,"AR, IDH1, NFE2L2"
CHLORPYRIFOS-METHYL,3,"KAT2A, NFE2L2, VDR"
DIMETHYL FUMARATE,3,"GSTP1, KEAP1, NFE2L2"
DIFLUFENICAN,3,"CYP2C19, KMT2A, MEN1"
DIMETHENAMID,3,"AR, NFE2L2, PPARG"
CINALUKAST,3,"CYP3A4, CYSLTR1, HSD17B10"
CIMAGLERMIN ALFA,3,"ERBB2, ERBB3, ERBB4"
CIMATEROL,3,"ABO, ABR, ACAA1"
CINACALCET,3,"ACP5, CASR, GMNN"
CIRTUVIVINT,3,"ELANE, EML1, SERPINB1"
DIETHYLPROPION,3,"SLC6A2, SLC6A3, SLC6A4"
DIETHYLSTILBESTROL DIPHOSPHATE,3,"ESR1, ESR2, IL2"
DIBROMOTYROSINE,3,"EHMT2, GMNN, POLB"
DICHLON,3,"AHR, AR, NFE2L2"
CINOBUFOTALIN,3,"IDH1, NFE2L2, SMAD3"
CINTREDEKIN BESUDOTOX,3,"IL13RA1, IL13RA2, IL4R"
DICHLORODIPHENYLDICHLOROETHYLENE,3,"CYP3A4, NFE2L2, RORC"
OTAMIXABAN,3,"F10, FPR3, FRA8C"
OSU-03012,3,"CTSO, PDK1, PDPK1"
BIFENAZATE,3,"AR, NFE2L2, PPARD"
BIM 23030,3,"AQP2, FASLG, SHROOM2"
BIM 23050,3,"AQP2, FAS, SHROOM2"
BIIB091,3,"DTYMK, EFNA1, EFNB2"
CIS-3-ACPBPA,3,"ART4, ARVCF, GABRR3"
CILAZAPRIL,3,"ACE, AGT, DAPK3"
CAPENSIN,3,"CYP2C19, EHMT2, GMNN"
MISONIDAZOLE,3,"GSR, GSTP1, XDH"
MITIGLINIDE,3,"ABCC8, KCNJ10, KCNJ11"
MIGLUSTAT,3,"FUT6, GANAB, UGCG"
MITAPIVAT,3,"H1-2, H1-3, PKLR"
ABT-239,3,"AMD1, AMD1P2, HRH3"
TILUDRONIC ACID,3,"DBT, IL1B, PTPN1"
TIOTIDINE,3,"AMD1P2, CYP2D6, CYP3A4"
ALK INHIBITOR ASP3026,3,"ALK, EML4, ROS1"
ALFIMEPRASE,3,"FGA, FGB, FGG"
ALISKIREN,3,"ABCB1, FRA7F, REN"
DICLOXACILLIN,3,"GLS, NR1I2, SLC22A8"
MINODRONIC ACID,3,"BLVRA, CXCR5, FDPS"
CARDAMOMIN,3,"MAPK8, MAPK9, SMAD3"
CAPMATINIB,3,"DRD4, MET, PTEN"
CARFENTANIL,3,"OPN4, OPRD1, OPRK1"
(S)-ARN2508,3,"CPT1B, CPT2, CRMP1"
(S)-CR8,3,"EGR4, EIF4E, EML1"
(S)-AMPA,3,"CYP2C19, CYP2C9, CYP2D6"
(R)-&ALPHA;-METHYLHISTAMINE,3,"AMELX, HRH3, VDR"
(R)-16 [PMID: 32267688],3,"BCKDHA, BCKDHB, CCND1"
(R)-DOI,3,"A12M3, A12M4, HTR2C"
(R)-FELODIPINE,3,"CYP2C19, CYP2C9, CYP3A4"
[125I]&ALPHA;-BUNGAROTOXIN,3,"ATF4, ATF4P1, SERPINC1"
MIVACURIUM,3,"BCHE, CHRM2, CHRNA2"
MIRIKIZUMAB,3,"IL12A, IL12B, IL23A"
[111IN]DOTA-NOC-ATE,3,"AQP2, FASLG, SHROOM2"
[125I]CCL5 (HUMAN),3,"ACTA1, ACTB, ACTBP2"
[125I]CCL7 (HUMAN),3,"ACTA1, ACTA2, ACTB"
"[111IN,90Y]DOTA-OC",3,"AQP2, FASLG, SHROOM2"
"[111IN,90Y]DOTA-TOC",3,"AQP2, FASLG, SHROOM2"
[111IN]DOTA-BOC-ATE,3,"AQP2, FASLG, SHROOM2"
MK-5046,3,"ACAT1, ACAT2, ASIC2"
MK-2201,3,"AKT1, AKT2, AKT3"
MITOGLITAZONE,3,"INSR, PPARG, PPP1CB"
MK-3697,3,"APBA2, APBB1, HCRTR2"
MITIPERSTAT,3,"FUT4, GNG5P1, MPO"
CARBETOCIN,3,"ARAF, AVPR1A, OXTR"
CARAZOLOL,3,"ABO, ABR, ACAA1"
CARBENDAZIM,3,"CYP20A1, NFE2L2, TP53"
DICHLOROACETIC ACID,3,"GSTZ1, PDK1, POMT2"
DIALLYLDISULFIDE,3,"ALDH1A1, HPGD, VDR"
[111IN]DOTA-NOC,3,"AQP2, FASLG, SHROOM2"
TREQUINSIN,3,"ATAD5, CBX1, EHMT2"
A-674563,3,"CSTF3, CTSV, LATS2"
A-119637,3,"ABCA4, ABCB7, ABCF1"
A-123189,3,"ABCA4, ABCB7, ABCF1"
A-867744,3,"ATD, ATF4, CHRNA3"
BIMOSIAMOSE,3,"SELE, SELL, SELP"
BIMU 1,3,"HTR3A, HTR4, NAT1"
BIBP3226,3,"ANXA1, ANXA2P3, NPFFR1"
BICIFADINE,3,"SLC6A2, SLC6A3, SLC6A4"
DEUCRAVACITINIB,3,"DOCK2, EPHB1, TYK2"
DESONIDE,3,"ANXA1, AR, NR3C1"
SOTALOL HYDROCHLORIDE,3,"ADRB1, ADRB2, KCNH2"
SOTATERCEPT,3,"ACVR2A, INHBA, TGFB1"
OXETHAZAINE,3,"CYP2D6, CYP3A4, HIF1A"
ORYZALIN,3,"AR, NFE2L2, PPARD"
OSANETANT,3,"AQP3, AQP4, AQP5"
OSTHOLE,3,"ATP5F1C, CYP3A4, XPO1"
OSILODROSTAT,3,"CPA3, CPB1, CYP11B2"
ORG 12962,3,"A12M3, A12M4, HTR2C"
OSTABOLIN-C,3,"PTH, PTH1R, PTH2R"
ORG-37684,3,"A12M3, A12M4, HTR2C"
DEXTROMORAMIDE,3,"OPRD1, OPRK1, OPRM1"
CANRENONE,3,"AR, NFE2L2, NR3C2"
TRIDOLGOSIR,3,"LAT, LCK, ZAP70"
TRIFLOXYSTROBIN,3,"NFE2L2, PPARG, TP53"
TRICIRIBINE PHOSPHATE,3,"AKT1, AKT2, AKT3"
TRIFLURIDINE,3,"ERBB2, SLC29A1, TP53"
BILORPHIN,3,"APAF1, APOF, NUDT2"
BIM 23023,3,"AQP2, FASLG, SHROOM2"
ZOTAROLIMUS,3,"FKBP1A, GAPDHP67, MTOR"
ZYKLOPHIN,3,"APAF1, APOF, NUDT2"
DEXFENFLURAMINE,3,"LTB4R, SLC6A4, TPH2"
DEXTROMETHORPHAN HYDROBROMIDE,3,"CYP2D6, GRIN2A, SIGMAR1"
DEXMETHYLPHENIDATE,3,"CD8B2, SLC6A2, SLC6A3"
DEXPRAMIPEXOLE,3,"DRD2, DRD3, DRD4"
DEXTROAMPHETAMINE ADIPATE,3,"SLC18A2, SLC6A2, SLC6A3"
DEXTROAMPHETAMINE SACCHARATE,3,"SLC18A2, SLC6A2, SLC6A3"
MK-8245,3,"SCD, SLCO1B1, SLCO1B3"
MK-6592,3,"AURKA, AURKB, AURKC"
ML SA1,3,"ALDH7A1, MCOLN2, MCOLN3"
CANNABINOL,3,"ACRV1, AR, GGT1"
CANDOXATRIL,3,"ACE, DAP, MME"
CANGRELOR,3,"APEX1, BIRC2, P2RY12"
CLINAFLOXACIN,3,"EHMT2, FEN1, RAD54L"
CLOROTEPINE,3,"ATXN2, CBX1, DRD1"
CALYCOSIN,3,"ATAD5, BRCA1, POLB"
CABIRALIZUMAB,3,"CSF1R, CSF2, DPYD"
MMP13 TRACER  [18F]5J,3,"DCN, DCR, ECI1"
MM-151,3,"DXO, EGFR, ERBB3"
ML218,3,"ATP6AP1, ATP6V0A1, CACNA1H"
MNK1 INHIBITOR,3,"ESRRG, MKNK1, MKNK2"
MLKL COMPOUND 1,3,"DRD2, MLKL, YES1"
ML347,3,"DNCM, DNM2, DNMT1"
SODIUM DODECYL SULFATE,3,"ALB, USP1, VDR"
SOBUZOXANE,3,"CYP3A4, EHMT2, THPO"
MONASTROL,3,"ALDH1A1, CYP2C19, CYP3A4"
MONOBENZONE,3,"CYP1A2, NFE2L2, TYR"
CAMONSERTIB,3,"ATM, ATR, CDK12"
CAMOSTAT,3,"FRA5D, FRA8C, TFF2"
CAMPHOR OIL,3,"ALDH1A1, ATP5F1BP1, ESR1"
CALPEPTIN,3,"CAPN1, FOLR2, VDR"
SOTULETINIB,3,"DPP6, DPT, DPYD"
SORBITOL,3,"F8, GFAP, SLC2A4"
SOVATELTIDE,3,"ALDH1A3, EDNRA, EDNRB"
AMCINAFIDE,3,"GLP1R, IDH1, NFE2L2"
AM-461,3,"APOBEC1, PTGDR, PTGDR2"
SOMATROGON,3,"DHFRP3, GH1, GHR"
SODELGLITAZAR,3,"PPARA, PPARD, PPARG"
SNS-032,3,"CDK2, CDK7, CDK9"
BIM 23068,3,"AQP1, FASLG, SHROOM2"
BIM 23197,3,"AQP2, FASLG, SHROOM2"
BISANHYDRORUTILANTINONE,3,"KDM4E, MAPT, POLK"
BISDEMETHOXYCURCUMIN,3,"DNMT1, SMAD2, SMAD3"
BIMAGRUMAB,3,"ACVR2A, ACVR2B, DNTT"
BIM 23056,3,"AQP2, FASLG, SHROOM2"
ONONETIN,3,"CYP3A4, HPGD, TARDBP"
SPIROGLUMIDE,3,"CCKBR, SLC6A2, SLC6A3"
CALANOLIDE A,3,"APAF1, GMNN, IDH1"
ORTATAXEL,3,"BCL2, TNF, TUBB1"
ONZIGOLIDE,3,"DRD2, SSTR2, SSTR5"
OPAGANIB,3,"FCER1A, SPHK1, SPHK2"
OPC-21268,3,"ABCC6, AQP9, ARAF"
OPC-51803,3,"ABCC6, AQP9, AVPR2"
OPNURASIB,3,"GPM6B, HRAS, NRAS"
ONO-7475,3,"AXL, FLT3, MERTK"
SR-13668,3,"AKT1, AKT3, GSK3B"
SPEBRUTINIB,3,"BTK, EFNB2, FKBP1AP3"
SR16835,3,"APBA1, APOF, NUDT2"
SPHINGOSINE,3,"ATP4A, PCYT1B, UBE2N"
SPARFLOXACIN,3,"ABCB1, AR, CCL18"
AMAROGENTIN,3,"TAS2R46, ZFP36L1, ZFP36L2"
AM281,3,"ADCY3, CYP2C19, CYP2C9"
SPESOLIMAB,3,"DKC1, IL1RAP, IL1RL2"
CLAZOSENTAN,3,"ALDH1A3, ALDH1B1, EDNRA"
CLEBOPRIDE,3,"CYP2D6, DRD2, HTR4"
CLORGYLINE HYDROCHLORIDE,3,"HPGD, KCNH2, NFE2L2"
CLENBUTEROL,3,"ABO, ABR, ADRB2"
CLENBUTEROL HYDROCHLORIDE,3,"ADRB2, CYP3A4, SLC5A7"
DEXEFAROXAN,3,"ADORA2A, CHRNA4, CYP2D6"
DEUTETRABENAZINE,3,"CDH13, CYP2D6, SLC18A2"
SPIRUCHOSTATIN C,3,"HDAC1, HDAC4, HDAC8"
(R)-ARN2508,3,"CPT1B, CPT2, CRMP1"
(-)-ROLIPRAM,3,"CREBBP, CYP1A2, CYP3A4"
(-)-STEPHOLIDINE,3,"ABCD1, DRD1, DRD2"
[3H]&ALPHA;-BUNGAROTOXIN,3,"ATF4, ATF4P1, SERPINC1"
"[125I]VIP (HUMAN, MOUSE, RAT)",3,"ADCYAP1R1, ARCN1, ARCN2"
[125I][TYR26]GALANIN (PIG),3,"ALOX12P1, ALOX12P2, GALR2"
[14C]HISTIDINE,3,"AP2M1, LRBA, SLC15A3"
[125I]HEAT (BE2254),3,"ABCA4, ABCB7, ABCF1"
BUTYLPARABEN,3,"CYP1A2, CYP2C19, NFE2L2"
MRS5151,3,"ABAT, ABCA1, ABCA3"
MRE-269,3,"APOC1, APOC3, AQP8"
MP-412,3,"EGFR, ERBB2, YES1"
MPI-0479605,3,"CTNNB1, FGFR4, TP53"
MOXETUMOMAB PASUDOTOX,3,"CD22, EEF2, GNG4"
MPPG,3,"ANTP2, GRM6, GRM8"
(R)-ND-336,3,"DBT, DCK, DCT"
MW05,3,"CELA1, ELANE, ELAVL2"
N(6)-CYCLOHEXYLADENOSINE,3,"ABCA1, ABCA2, ABCA3"
MULTIKINASE INHIBITOR AEE788,3,"EGFR, ERBB2, KDR"
MUNDULONE ACETATE,3,"APEX1, CYP3A4, MAPK1"
MS417,3,"EFNA4, PIK3CA, PTEN"
MS049,3,"CNA1, CNC2, CNGA1"
MS15,3,"CSTF3, CSTP1, FKBP2"
C7,3,"ALOX12P1, ALOX12P2, GALR2"
DESIPRAMINE HYDROCHLORIDE,3,"GLP1R, KCNH2, SLC6A2"
CLOFENOXYDE,3,"GMNN, USP1, VDR"
CLOMIPRAMINE HYDROCHLORIDE,3,"AR, KCNH2, SLC6A4"
DENOSUMAB,3,"BRAF, TNFRSF11A, TNFSF11"
DENUFOSOL,3,"APC, APCS, P2RY2"
CODEINE SULFATE,3,"OPRD1, OPRK1, OPRM1"
DENBUFYLLINE,3,"PDE4A, PDE4B, PDE4D"
[3H]CYTISINE,3,"ATD, CHRNA3, ZFHX3"
N-ARACHIDONYL-&GAMMA;-AMINOBUTYRIC ACID,3,"KAT2A, POLK, VDR"
N-(5-METHYL-1H-PYRAZOL-3-YL)-2-PHENYLQUINAZOLIN-4-AMINE,3,"EEF1D, MS4A2, SLC29A1"
BUSPIRONE HYDROCHLORIDE,3,"ALDH1A1, HTR1A, KCNH2"
BUTACLAMOL HYDROCHLORIDE,3,"AR, KCNH2, MCOLN3"
BURIMAMIDE,3,"AMD1P2, AMELX, HRH3"
TRANS-3-ACPBPA,3,"ART4, ARVCF, GABRR3"
TRAPIDIL,3,"CYP1A2, FGFR3, PDGFRB"
TRANEXAMIC ACID,3,"FRA5B, PLAT, PLG"
BIOALLETHRIN S-CYCLOPENTENYL ISOMER,3,"AR, NFE2L2, PPARD"
OMARIGLIPTIN,3,"DAPK1, DPP4, KCNH2"
OMAVELOXOLONE,3,"GABPA, HCL2, NFE2L2"
OKADAIC ACID,3,"CYP3A4, HPX, PPP1CA"
OLEAMIDE,3,"CYP1A2, SERPINA3, TP53"
OH-LVA,3,"ABCC6, AQP9, AR"
N-[3H]METHYLHISTAMINE,3,"AMELX, EHMT2, HRH3"
NABILONE,3,"ACRV1, CNR1, CNR2"
N-ACETYLCOLCHINOL,3,"IDH1, PAX8, SMAD3"
N-AMINOHEXYL-5-CHLORO-1-NAPTHALENESULFONAMIDE HYDROCHLORIDE,3,"ATXN2, CYP3A4, KCNH2"
MUSCARINE,3,"ATF4P1, ATHS, EHMT2"
BUNAZOSIN,3,"ADRA1A, ADRA1B, ADRA1D"
MYRISTIC ACID,3,"ABCD2, ADH4, PPARA"
MW01,3,"CELA1, ELANE, ELAVL2"
BIX02189,3,"DNMT3A, ERBB4, ERVT3"
BLARCAMESINE,3,"CHRM1, ERBB2, SIGMAR1"
[125I]ICYP,3,"ABO, ABR, ACAA1"
[125I]PACAP-27,3,"ADCYAP1R1, ARCN1, ARCN2"
DENATONIUM,3,"BOK, DST, TAS2R46"
DEFACTINIB,3,"CTSV, PTK2, PTK2B"
DECAMETHONIUM,3,"ARSA, CHRNA1, CHRNA2"
DEHYDROVARIABILIN,3,"MAPT, SMN1, SMN2"
DEL-22379,3,"BRAF, MAP2K1, NRAS"
DEFIBROTIDE,3,"PLG, SERPINE1, TFPI"
ODELEPRAN,3,"OPRD1, OPRK1, OPRM1"
NXN-188,3,"HTR1B, HTR1D, NOS1"
OBINUTUZUMAB,3,"GATM, MS4A1, TP53"
NTQ1062,3,"CSTF3, CSTP1, FKBP2"
NU-7441,3,"ATM, GOLGA1, PIK3CA"
BMS-741672,3,"ACTA2, ACTBP2, CCR2"
DARUNAVIR,3,"CYP3A4, ERVW-4, SLCO3A1"
DARUSENTAN,3,"ALDH1B1, EDNRA, EDNRB"
BTP2,3,"ATP2A2, ATP2B1, ATP4B"
BUFOTENINE,3,"A12M3, A2MP1, HSPB1"
BRONOPOL,3,"EHMT2, NFE2L2, VDR"
NALMEFENE HYDROCHLORIDE,3,"OPRD1, OPRK1, OPRM1"
N-STEARYL-[NLE17] NEUROTENSIN-(6-11)/VIP-(7-28),3,"ADCYAP1R1, ARCN1, ARCN2"
BMS-182874,3,"CYP2C9, HSD17B10, VDR"
BITOPERTIN,3,"CD24P1, CD24P2, SLC6A9"
NYSTATIN,3,"BDNF, PLG, SLC2A4"
ALLYLESTRENOL,3,"ESR1, ESR2, PGR"
ALIROCUMAB,3,"FRA4A, LDLR, PCSK9"
STANOZOLOL,3,"AR, BCYRN1P2, NFE2L2"
SR9009,3,"BCL2, BCL2A1, HRAS"
ALPHA 1-ANTITRYPSIN,3,"ELANE, FPR2, SERPINA1"
ALOISINE,3,"ACSL3, EIF4A1, FKBP1AP4"
DC-EBIO,3,"ARF6, ARG1, ARG2"
NAFADOTRIDE,3,"A1BG, ABCD1, ALDH1A1"
TRELANSERIN,3,"AR, HTR1B, HTR2A"
ABALOPARATIDE,3,"PTH1R, PTH2R, XIAP"
TPMPA,3,"ART4, ARVCF, GABRR3"
TOZASERTIB LACTATE,3,"AURKA, AURKB, LCK"
TOPICAL CORTICOSTEROID,3,"CCL17, IVL, TP53"
N-HISTIDYL-2-AMINONAPHTHALENE (BETANA),3,"CYP3A4, SMN1, SMN2"
CODEINE PHOSPHATE,3,"OPRD1, OPRK1, OPRM1"
ALMOTRIPTAN MALATE,3,"HTR1B, HTR1D, HTR1F"
TOLPERISONE,3,"CAV1, CYP2D6, SCN11A"
TLR AGONIST CADI-05,3,"TLR2, TLR4, TLR9"
TM38837,3,"ACRV1, CNR1, CNR2"
ABT-639,3,"ATP6AP1, ATP6V0A1, CACNA1H"
ABAMECTIN,3,"AR, PPARD, RXRA"
TOBRAMYCIN,3,"BPI, MRPL36, RPSA"
NALTRINDOLE,3,"APAF1, APOF, NUDT2"
NANDROLONE DECANOATE,3,"AR, BEVI, NFE2L2"
NS-2359,3,"SLC6A2, SLC6A3, SLC6A4"
NS-49,3,"ABCA4, ABCB7, ABCF1"
NS004,3,"ARF4P1, CFTR, RHOA"
NORMORPHINE,3,"APAF1, APOF, NUDT2"
TOLRESTAT,3,"AKR1B1, AKR1B10, GNA12"
TOLUDESVENLAFAXINE,3,"CD8B, CD8B2, CD9"
TOLCAPONE,3,"COMT, FRA20B, GPR35"
TOLNAFTATE,3,"CYP1A2, CYP2C19, SQLE"
D-NAL-CYS-TYR-D-TRP-LYS-VAL-CYS-NAL-NH2,3,"ACAT1, ACAT2, ASIC2"
CYSTAMINE,3,"CBX1, EHMT2, VDR"
D-TRYPTOPHAN,3,"AOAH, HTT, RGS4"
BROLAMFETAMINE,3,"A12M3, A12M4, HTR2C"
NPY-(13-36) (PIG),3,"ANXA3, ANXA4, ANXA5"
NS1643,3,"ARF4P1, BAD, BAG1"
NS1738,3,"ATD, ATF4, CHRNA3"
NS8593,3,"ARF5, ARF6, ARG1"
DASOTRALINE,3,"SLC6A2, SLC6A3, SLC6A4"
DANIQUIDONE,3,"NAT2, TOP1, TOP2A"
DALCETRAPIB,3,"ADCY9, CETP, HPGD"
DAMGO,3,"APOF, NUDT2, OPRM1"
DAMINOZIDE,3,"GFER, GGT7, GJA1P1"
DAIDZIN,3,"ATAD5, BRCA1, NPC1"
"D(CH2)5[TYR(ME)2,THR4]OVT",3,"ABCC6, AQP9, AR"
DALPICICLIB,3,"CDK4, EIF4EBP1, RB1"
NC 4-28B,3,"FAS, FASLG, SHROOM2"
NARAZACICLIB,3,"CDK4, EIF4EBP1, NUAK1"
NALTREXONE HYDROCHLORIDE,3,"OPRD1, OPRK1, OPRM1"
NAVOXIMOD,3,"COL4A2, GRB10, XCR1"
NALORPHINE,3,"APAF1, APOF, NUDT2"
BRIVARACETAM,3,"CYP2C19, CYP2C9, SV2A"
BRODALUMAB,3,"DLD, IL17A, IL17RA"
COMPOUND 16 [PMID: 17480064],3,"ERVT4, ERVT5, ESAT"
NEOSTIGMINE,3,"ACHE, FRA17A, NFE2L2"
NERANDOMILAST,3,"COL10A1, COL11A1, COL12A1"
NERATINIB MALEATE,3,"EGFR, ERBB2, ERBB4"
NEPAFENAC,3,"COX8A, PTGS1, PTGS2"
NERAMEXANE,3,"GRIN2A, GRIN2B, GRIN3A"
BROMFENAC,3,"CPT1B, PTGS1, PTGS2"
BRL 37344,3,"ABO, ABR, ACAA1"
BRL 44408,3,"ABL1, ABL2, AOC1"
COMPOUND 14 [PMID: 24900428],3,"ELAVL3, ELF1, ELF4"
COMPOUND 111 [PMID: 37918435],3,"BFSP1, CFB, NR4A2"
COMPOUND 14 [PMID: 30925062],3,"ABCG2, CA9, CACNA1S"
CYCLOASPEPTIDE A,3,"ATAD5, GLP1R, NFE2L2"
CXCL11,3,"ACTB, ACTC1, ACTG1P8"
CXCL12&ALPHA;,3,"ACTC1, ACTG1, ACTG1P8"
CUMENE HYDROPEROXIDE,3,"ALOX15, ESR1, RORC"
NEUROKININ A,3,"AQP3, AQP4, AQP5"
CYTARABINE HYDROCHLORIDE,3,"CBFB, KDM4E, RUNX1"
CYPRODINIL,3,"AHR, AR, NFE2L2"
"D(CH2)5[TYR(ET)2,VAL4,DES-GLY9]AVP",3,"ABCC6, AQP9, AR"
"D(CH2)5[D-ILE2,ILE4,ALA-NH29]AVP",3,"ABCC6, AQP9, AR"
"D(CH2)5[D-ILE2,ILE4,ALA-NH2]AVP",3,"ABCC6, AQP9, AR"
CYANOPEPTOLIN SS,3,"PRSS1, PRSS2, PRSS3"
CYCLIC ADENOSINE MONOPHOSPHATE,3,"ARHGDIA, DRD1, EHMT2"
CYANOPEPTOLIN S,3,"PRSS1, PRSS2, PRSS3"
CRT 0066101,3,"CTF1, FABP7, PRKD3"
CPY,3,"AMPD3, AMPH, BIN1"
CP-601927,3,"CHRNA4, CHRNB2, ZFHX3"
CP-673451,3,"DPP4, DPP6, DPT"
CORTICOTROPHIN-RELEASING HORMONE,3,"ALAS2, ALB, ANG"
COMPOUND 18 [PMID: 20873740],3,"EGR3, EIF4G1, FEB1"
COMPOUND 17 [PMID: 23570514],3,"GJB3, GJB5, SIRT2"
COMPOUND 17 [PMID: 23916253],3,"CYP2D7BP, ERAP2, LNPEP"
NP118809,3,"CACNA1B, CNR1, OPRM1"
NOMACOPAN,3,"C5, LTB4R, LTB4R2"
BMS-986260,3,"DNM2, DNMT3A, TRDMT1"
NOMIFENSINE,3,"CD8B, CD8B2, EHMT2"
NEUROKININ B,3,"AQP3, AQP4, AQP5"
CTA091,3,"CLDN3, CPN1, CPN2"
CRENIGACESTAT,3,"FBXW7, NOTCH1, NOTCH4"
CROFELEMER,3,"ANO1, C1QBP, CFTR"
SURINABANT,3,"ACRV1, CNR1, CNR2"
SULFAMETHOXAZOLE / TRIMETHOPRIM,3,"GSTM1, HLA-B, HLA-C"
SULANEMADLIN,3,"MDM2, MDM4, TP53"
COMPOUND 13 [PMID: 17502136],3,"FYB1, FYN, FZD2"
NFP,3,"APAF1, APOF, NUDT2"
BRIAKINUMAB,3,"IL12A, IL12B, IL23A"
BPKDI,3,"CTF1, FABP7, PRKD3"
TOCERANIB,3,"DPP4, DPYSL2, DRD2"
COMPOUND 15A [PMID: 36642961],3,"EZH2, GIPR, HOXC@"
COMPOUND 15B [PMID: 16539403],3,"DNMT3A, DOCK3, FKBP5"
ALPHA-ADRENERGIC ANTAGONIST,3,"GCG, PRL, SLC2A4"
ALPRENOLOL,3,"ABR, ADRB1, ADRB2"
SUCRALFATE,3,"FGF2, PGA3, PGA5"
SULPROSTONE,3,"APOBER1, APOC1P1, APOC2"
SULCARDINE SULFATE,3,"CALCA, SLC25A20, XK"
SULCONAZOLE NITRATE,3,"CYP3A4, HSP90AA1, TP53"
&BETA;-FNA,3,"APAF1, APOF, NUDT2"
"[PHAA1,D-TYR(ET)2,VAL4,LYS6,TYR-NH28,DES-GLY9]AVP",3,"ABCC6, AQP9, AR"
"[PHAA1,D-TYR(ME)2,ARG6,TYR-NH29]AVP",3,"ABCC6, AQP9, AR"
"[PHAA1,D-TYR2,VAL4,ARG6,ARG-NH29]AVP",3,"ABCC6, AQP9, AR"
"[LYS15,ARG16,LEU27]VIP-(1-7)/GRF-(8-27)-NH2",3,"ADCYAP1R1, ARCN1, ARCN2"
&ALPHA;-PROPYLDOPACETAMIDE,3,"CMM, LTB4R, TPH2"
"[PHAA1,D-TYR(ET)2,LYS6,DES-GLY9]AVP",3,"ABCC6, AQP9, AR"
COMPOUND 6EE [PMID: 22364528],3,"CXCR3, NPBWR2, PRLHR"
"COMPOUND 28 [HEITEL ET AL., 2019]",3,"HCN2, OPN1SW, RXRG"
(+)-DOI,3,"A12M3, A12M4, HTR2C"
"[D-PHE6,&BETA;-ALA11,PHE13,NLE14]BOMBESIN-(6-14)",3,"ACAT1, ACAT2, ASIC2"
[VAL4]AVP,3,"ABCC6, AQP9, AR"
[PRO34]PYY (HUMAN),3,"ANXA2P3, ANXA3, ANXA4"
"[TBAA1,D-TYR(ET)2,VAL4,LYS6,ARG-NH28,DES-GLY9]AVP",3,"ABCC6, AQP9, AR"
&BETA;-SECRETASE INHIBITOR IV,3,"FMO5, FMOD, FNZ"
(&PLUSMN;)-CIS-2-CAMP,3,"ART4, ARVCF, GABRR3"
[3H]MK-912,3,"ABL1, ABL2, AOC1"
"(10R)-10-METHYL-3-(6-METHYLPYRIDIN-3-YL)-9,10,11,12-TETRAHYDRO-8H-[1,4]DIAZEPINO[5',6':4,5]THIENO[3,2-F]QUINOLIN-8-ONE",3,"BRAF, CDKN2A, ERVT4"
(+)-CYCLAZOSIN,3,"ABCA4, ABCB7, ABCF1"
(+)-MCPG,3,"ANPEP, ANTP2, SLC25A4"
(+)-ADRENALINE,3,"ABCA4, ABCB7, ABCF1"
COMPOUND 32 [PMID: 20471253],3,"CTLA4, CTRB1, CTSW"
COMPOUND 32 [PMID: 31675166],3,"FRA2B, FRA2D, FRA2F"
COMPOUND 27 [PMID: 21123062],3,"CTSLP8, DRD4, FCGR2B"
NMRA-140,3,"APAF1, APOF, NUDT2"
NOC-ATE,3,"AQP2, FASLG, SHROOM2"
NOCICEPTIN/ORPHANIN FQ,3,"APBA1, OPN4, OPRL1"
NITROBENZYLMERCAPTOPURINE RIBONUCLEOSIDE,3,"ATAD5, CHI3L2, SLC29A1"
BOC-ATE,3,"AQP2, FASLG, SHROOM2"
BOTULINUM TOXIN TYPE B,3,"SYT2, VAMP1, VAMP2"
NITRIC OXIDE-RELEASING ACETYLSALICYLIC ACID DERIVATIVE,3,"GUCY1A2, PTGS1, PTGS2"
NIVOCASAN,3,"CASP1, CASP8, CASP9"
CHEMBL:CHEMBL462861,3,"MAPT, PLK1, VDR"
GSK852,3,"EFNA3, EFNA4, GCLC"
GSK9772,3,"BAK1P2, NR1H2, NR1H3"
GSMTX-4,3,"ATP2B1, ATP2B2, FXYD2"
GT 389-255,3,"FASN, LIPF, PNLIP"
GSK2606414,3,"CTTN, CYP2A13, EIF2AK3"
AG-13958,3,"FLT1, FLT4, KDR"
AFURESERTIB HYDROCHLORIDE,3,"AKT1, AKT2, AKT3"
CHEMBL:CHEMBL387632,3,"EHMT2, KDM4E, SLC5A7"
H-89,3,"ALDH1A1, CSTB, EHMT2"
CHEMBL:CHEMBL445153,3,"ALDH1A1, GMNN, VDR"
GW274150,3,"NOS1, NOS2, NOS3"
GUAIAZULENE,3,"CBX1, EHMT2, KDM4A"
GSK4112,3,"BCL2, NR1D1, NR1H3"
GUNAGRATINIB,3,"FGFR1, FGFR2, FGFR3"
CHEMBL:CHEMBL458765,3,"CYP1A2, HBB, HIF1A"
COMPOUND 8L [PMID: 36053746],3,"EPHB1, EPHB2, EPHB3"
&ALPHA;&BETA;-METHYLENEADP,3,"CCR3, KDM4A, PLCG1"
COMPOUND 3M [PMID: 32603117],3,"COL12A1, COL8A2, PDE5A"
ASUNAPREVIR,3,"IFNL3, IFNL4, KRAS"
QUERCETAGETIN,3,"NFKB1, NFKB2, RELA"
CHEMBL:CHEMBL416038,3,"ALOX5, KAT2B, KAT5"
CHEMBL:CHEMBL41680,3,"CYP1A2, CYP2C19, EHMT2"
CHEMBL:CHEMBL421088,3,"AGTR1, NPC1, RAB9A"
COMPOUND 52 [PMID: 28541707],3,"F5, F7, F7R"
COMPOUND 24DD [PMID: 20684603],3,"DAPK1, FPGS, FPR1"
COMPOUND 25 [PMID: 20855207],3,"EEF1D, EEF1G, EIF5AP3"
SULFAMETHAZINE,3,"G6PD, NAT2, NR1I2"
[3H]GLYSAR,3,"CDK11B, SLC15A1, SLC15A2"
[3H]5-HT,3,"A12M1, A2MP1, SERPINA3"
COMPOUND 1O [PMID: 24210504],3,"CSRP2, CST1, DRD4"
COMPOUND 1A [PMID: 25692029],3,"ANPEP, CRHR2, DAP"
IMMUNOTHERAPY REGIMEN MKC-1106-MT,2,"MLANA, TYR"
SBP-7455,2,"FH, FHIT"
SC-19220,2,"APOBER1, CYP2D6"
SC-236,2,"CPT1B, CPT2"
ILEPATRIL,2,"ACE, MME"
ILAPRAZOLE,2,"ATP4A, ATP4B"
ILACIRNON,2,"ACTA2, CCR2"
TISAGENLECLEUCEL,2,"CD19, MS4A1"
IL-7,2,"SLC2A1, VIP"
SB290157,2,"ACACA, C3AR1"
SCUTELLAREIN,2,"BRCA2, TRPM8"
SCY-635,2,"PPIA, PPID"
IMB-808,2,"BAK1P2, BCL3"
IGMESINE,2,"SERPINA1, SIGMAR1"
IGE HEAVY CHAIN,2,"GSM1, GSPT1"
IFENPRODIL,2,"DRD1, MTOR"
IL-94,2,"EXT3, EXTL1"
CHEMBL:CHEMBL2171812,2,"TOP1, TOP2A"
SBP-3264,2,"FCN1, STK4"
IMSIDOLIMAB,2,"IL1RAP, IL1RL2"
ANDEXANET ALFA,2,"F10, TFPI"
ANDOLAST,2,"CALCA, KCNMA1"
ANATUMOMAB MAFENATOX,2,"H1-5, TPBG"
INCADRONIC ACID,2,"BLVRA, FDPS"
INCOBOTULINUMTOXINA,2,"CALCA, SNAP25"
IMINOSTILBENE,2,"GAA, RACGAP1"
INCB7839,2,"ADAM10, ADAM17"
INCB3619,2,"DDX6, DEFB4A"
INCB3284,2,"ACTA2, CCR2"
IMGATUZUMAB,2,"EGFR, FCGR3A"
IMETELSTAT,2,"TERC, TERT"
ANISOCOUMARIN H,2,"IDH1, NFE2L2"
IMMEPIP,2,"AMELX, HRH3"
IMIPRAMINE PAMOATE,2,"SLC6A2, SLC6A4"
INCLACUMAB,2,"SELP, SELPLG"
ANGIOTENSIN A,2,"ACADM, ACADS"
ICED-2,2,"FPGS, FPR1"
ANDECALIXIMAB,2,"DCK, MMP9"
CHEMBL:CHEMBL2348411,2,"MTOR, PRKAA2"
SDX-101,2,"KAT2A, RXRA"
SDZ 205557,2,"CYP1A2, CYP2D6"
CHEMBL:CHEMBL240954,2,"RPS6KA1, RPS6KA3"
IK-862,2,"DDX10, DEFB4A"
SELUMETINIB SULFATE,2,"MAP2K1, MAP2K2"
SEMAGLUTIDE,2,"ALPL, GLP1R"
ICI-164384,2,"ESR1, ESR2"
SELISISTAT,2,"GJB3, SIRT1"
ICI 118551,2,"ABR, ACAA1"
ICOA-13,2,"ANK2, ANK3"
SELEXIPAG,2,"APOC3, PTGIR"
SELGANTOLIMOD,2,"DMP1, TLR8"
ICATIBANT,2,"ASIC1, BDKRB2"
IIK7,2,"ANK2, ANK3"
SCH.336,2,"ACRV1, CNR2"
CHEMBL:CHEMBL2374078,2,"EHMT2, MBNL1"
CHEMBL:CHEMBL253989,2,"HIF1A, NFE2L2"
CHEMBL:CHEMBL253786,2,"CYP2C9, CYP3A4"
CHEMBL:CHEMBL250428,2,"CYP1A2, CYP2D6"
CHEMBL:CHEMBL222993,2,"ALOX15, HSD17B10"
CHEMBL:CHEMBL222808,2,"CYP2C9, HPGD"
ICA-105574,2,"BAAT, BAD"
CHEMBL:CHEMBL227298,2,"CYP1A2, CYP3A4"
CHEMBL:CHEMBL225563,2,"AR, NFE2L2"
IGN523,2,"CCNA2, SLC3A2"
SELATINIB,2,"DXO, EN1"
ICRF-193,2,"EHMT2, VDR"
IDH1/IDH2 DUAL INHIBITOR HMPL-306,2,"IDH1, IDH2"
AMREDOBRESIB,2,"DNER, EFNA4"
IDURSULFASE,2,"IDS, PLIN3"
CHEMBL:CHEMBL22148,2,"DHFR, HEXA"
SARUPARIB,2,"GNAI2, GNAI2P1"
SASANLIMAB,2,"CD274, PDCD1"
INSULIN DEGLUDEC,2,"INS, INSR"
SAUVAGINE,2,"ALAS2, ALB"
INSM-18,2,"ERBB2, IGF1R"
SARGRAMOSTIM,2,"CSF2RA, CSF2RB"
SARIZOTAN,2,"DRD2, HTR1A"
SC-51322,2,"APOBER1, APOC1P1"
INSULIN PEGLISPRO,2,"INS, INSR"
SARALASIN,2,"AGTR1, AGTR2"
INSULIN SUSP PROTAMINE ZINC BEEF/PORK,2,"INS, INSR"
INSULIN SUSP ISOPHANE RECOMBINANT HUMAN,2,"INS, INSR"
SAR247799,2,"AMT, S1PR1"
INEBILIZUMAB-CDON,2,"AQP4, CD19"
ANILERIDINE,2,"OPN4, OPRM1"
ANILERIDINE PHOSPHATE,2,"OPRK1, OPRM1"
SAROGLITAZAR,2,"PPARA, PPARG"
ANTAZOLINE,2,"CYP2D6, HRH1"
ANTAZOLINE HYDROCHLORIDE,2,"GMNN, TAAR1"
ANTAZOLINE PHOSPHATE,2,"HRH1, TAAR1"
IODO-WILLARDIINE,2,"ASS1P5, EHMT2"
ANTHRAQUINONE,2,"ERBB2, RXRA"
ANTI-HER3 MONOCLONAL ANTIBODY GSK2849330,2,"ERBB3, NRG1"
INSULIN ZINC SUSP RECOMBINANT HUMAN,2,"INS, INSR"
ANTI-GPA33/CD3 MONOCLONAL ANTIBODY MGD007,2,"CD3G, GPA33"
SANGIVAMYCIN,2,"BCL2L1, JUN"
INTERFERON ALFACON-1,2,"IFNAR1, IFNAR2"
INTERFERON ALFA,2,"IFNAR1, IFNAR2"
INTEPIRDINE,2,"HTR6, NATP"
INSL5,2,"APRT, KLK3"
SAN-300,2,"ITGA1, ITGB1"
SANDARACOPIMARIC ACID,2,"GABRA1, GABRB2"
SANDOSTATIN,2,"IGFBP1, TGFB1"
INSL3,2,"APP, APPL1"
INT-767,2,"ACADVL, BCL5"
SAXAGLIPTIN ANHYDROUS,2,"DAPK1, DPP4"
INCYCLINIDE,2,"MMP2, MMP9"
SB269652,2,"ABCD1, ALDH1A1"
INDOCATE,2,"AR, EHMT2"
INDISULAM,2,"GAPDH, GLUD1P3"
SB-674042,2,"APBA2, APBB1"
INDOMETHACIN SODIUM,2,"PTGS1, PTGS2"
SB-773812,2,"DRD2, HTR2A"
ANGIOTENSIN III,2,"ACADM, ACADS"
INARIGIVIR SOPROXIL,2,"NOD2, RIGI"
CHEMBL:CHEMBL225257,2,"ALDH1A1, NFE2L2"
SB-269970,2,"EHMT2, HTR7"
SB-3CT,2,"DBT, DCK"
CHEMBL:CHEMBL228132,2,"CYP1A2, CYP3A4"
CHEMBL:CHEMBL2333548,2,"MAPK1, MAPK3"
CHEMBL:CHEMBL2333543,2,"MAPK1, MAPK3"
CHEMBL:CHEMBL2332279,2,"CHRNA3, CHRNB4"
IMPLITAPIDE,2,"MTTP, P4HB"
CHEMBL:CHEMBL2204435,2,"NR1H2, NR1H3"
ANGIOTENSIN-(1-7),2,"ACADS, MAS1"
CHEMBL:CHEMBL2203707,2,"TACR1, TACR3"
CHEMBL:CHEMBL2203705,2,"TACR1, TACR3"
CHEMBL:CHEMBL2203703,2,"TACR1, TACR3"
ANTI-CD19 CAR T CELLS PREPARATION,2,"CD19, NRAS"
CHEMBL:CHEMBL2094422,2,"MAPT, POLH"
CHEMBL:CHEMBL2088731,2,"MAPK1, MAPK3"
SAVOLITINIB,2,"DRD4, MET"
CHEMBL:CHEMBL2088303,2,"MAOA, MAOB"
CHEMBL:CHEMBL2088301,2,"MAOA, MAOB"
ANTI-CD20 CAR T CELLS PREPARATION,2,"CD19, MS4A1"
INECALCITOL,2,"BCL7A, VDR"
INK-1117,2,"PIK3CA, PIK3CB"
INIXACICLIB,2,"CDK4, EIF4EBP1"
INIPARIB,2,"BRCA2, PARP1"
"INOSITOL 2,4,5-TRISPHOSPHATE",2,"ITPR1, MPPED2"
CHEMBL:CHEMBL2088730,2,"MAPK1, MAPK3"
SIMEPREVIR,2,"IFNL3, IFNL4"
HISTRELIN ACETATE,2,"GNRHR, GNRHR2"
HMN-214,2,"CDKN2A, PLK1"
SIMOCYCLINONE D8,2,"TOP1, TOP2A"
SILYBIN B,2,"SLCO1B1, SLCO2B1"
HOECHST 33258,2,"E2F1, HSD17B10"
HP(2-20),2,"ALDH3A2, ALDH9A1"
SELICRELUMAB,2,"CD40, CD40LG"
HOMOVANILLIC ACID,2,"ALDH1A1, CBX1"
HEXOCYCLIUM METHYLSULFATE,2,"CHRM1, CHRM3"
SISOMICIN,2,"MRPL36, RPSA"
SITAXENTAN SODIUM,2,"EDNRA, EDNRB"
SIREMADLIN,2,"MDM2, TP53"
CHEMBL:CHEMBL383144,2,"ATAD5, RXFP1"
CHEMBL:CHEMBL376616,2,"CASP3, CASP7"
CHEMBL:CHEMBL314115,2,"CYSLTR1, CYSLTR2"
SIRUKUMAB,2,"IL6, IL6R"
AMPEROZIDE,2,"CYP3A4, DRD1"
CHEMBL:CHEMBL329785,2,"MAPK1, MAPK3"
AMPHETAMINE ADIPATE,2,"SLC6A2, SLC6A3"
CHEMBL:CHEMBL285157,2,"GMNN, NFE2L2"
AMPHETAMINE ASPARTATE,2,"SLC6A2, SLC6A3"
CHEMBL:CHEMBL279556,2,"CYP2D6, EHMT2"
AMPHETAMINE SULFATE,2,"SLC6A2, SLC6A3"
AMODIAQUINE HYDROCHLORIDE,2,"ALB, HPSE"
HJC0152,2,"ALK, EML4"
CHEMBL:CHEMBL295337,2,"AHR, NFE2L2"
AMONAFIDE,2,"TOP2A, TOP2B"
HSD1590,2,"CTPS1, CTRB1"
HTL6641,2,"APBA2, APBB1"
HTH-02-006,2,"EWSR1, NUAK1"
SGC-CBP30,2,"GLG1, GLI1"
SGC0946,2,"GCNT1, KMT2A"
HU7691,2,"CSTF3, CSTP1"
CHEMBL:CHEMBL296021,2,"HSD17B10, NFE2L2"
HC-070,2,"ATP2A3, ATP2B1"
HB-EGF,2,"DXO, ERBB4"
HAS-NMU,2,"NMUR1, NMUR2"
SKF-76783,2,"ALCAM, ALDH3A1"
HARMOL HYDROCHLORIDE,2,"CYP3A4, HSD17B10"
SKF-86002,2,"CTNNB1, YES1"
HE3235,2,"AR, CRYGD"
HDM2 INHIBITOR MK-8242,2,"MDM2, TP53"
SINENSETIN,2,"KMT2A, MEN1"
SKF89976A,2,"CD14, KCNH2"
CHEMBL:CHEMBL404505,2,"CYP1A2, HSD17B10"
CHEMBL:CHEMBL401565,2,"IKBKB, NFKBIA"
SITOKIREN,2,"FRA7F, REN"
SIVELESTAT SODIUM,2,"ELANE, TFF2"
CHEMBL:CHEMBL404916,2,"EP300, KAT2B"
SNAP 37889,2,"ALOX12P2, GALR2"
SNAP 398299,2,"ALOX12P2, GALR2"
HDAC INHIBITOR REC-2282,2,"FBXW7, KMT2D"
CHEMBL:CHEMBL312487,2,"ALDH1A1, MAPT"
CHEMBL:CHEMBL311489,2,"CYP2C9, HIF1A"
SINIGRIN,2,"BPGM, BSG"
AMG517,2,"ATP5F1BP1, TRPV1"
HG-10-102-01,2,"EPHB2, EPS8"
HEXYLCAINE,2,"SCN10A, SCN5A"
AMG-780,2,"ANGPT1, ANGPT2"
HISTAMINE PHOSPHATE,2,"HR, HRH1"
SINCALIDE,2,"CCKAR, CCKBR"
AMIVANTAMAB,2,"DRD4, DXO"
HEPARIN CALCIUM,2,"LDLR, SERPINC1"
AMIVANTAMAB-VMJW,2,"EGFR, MET"
AMLINTIDE,2,"ACHE, MC4R"
HERBIMYCIN,2,"CD4, HSP90AA1"
AMINOSALICYLIC ACID,2,"DHFR, PTGS2"
SIMTUZUMAB,2,"GPR31, LOXL2"
SIMUROSERTIB,2,"CDC7, EGR3"
AMITRIPTYLINOXIDE,2,"CYP2C19, CYP3A4"
HYODEOXYCHOLIC_ACID,2,"NR1H2, NR1H3"
SEOCALCITOL,2,"BCL7A, VDR"
SEP-363856,2,"HTR1A, TAAR1"
AMOSULALOL,2,"ADRA2C, ADRB3"
CHEMBL:CHEMBL272682,2,"CYP3A4, HSD17B10"
CHEMBL:CHEMBL271165,2,"CYP1A2, CYP2C19"
CHEMBL:CHEMBL256967,2,"IKBKB, NFKBIA"
CHEMBL:CHEMBL335741,2,"CYP2C19, CYP2D6"
ANAMORELIN,2,"GHSR, GLA"
HYMENOIC ACID,2,"POLD1, POLL"
ANACETRAPIB,2,"CETP, HPGD"
HYPOXIS HEMEROCALLIDEA ROOT EXTRACT,2,"NR1I2, PRL"
ANAGLIPTIN,2,"DAPK1, DPP4"
I-ABOPX,2,"ABCA2, ABCA3"
I-432,2,"FRA8A, FRA8C"
HYDROCORTISONE ACETATE,2,"NFE2L2, NR3C1"
ANALOG 32 [PMID:18543899],2,"AQP1, FASLG"
ICI198615,2,"AMHR2, AMPD1"
IACS-9439,2,"DPP6, DPYD"
SELEGILINE HYDROCHLORIDE,2,"MAOB, POLI"
I-C11,2,"GTF3C2, NRG1"
SELENOMETHIONINE,2,"GSTP1, KLK3"
SELEPRESSIN,2,"AQP9, AVPR1A"
SERELAXIN,2,"RXFP1, RXFP2"
IBALIZUMAB,2,"CD4, GYPC"
SERDEXMETHYLPHENIDATE CHLORIDE,2,"SLC6A2, SLC6A3"
IBRITUMOMAB TIUXETAN,2,"GATM, MS4A1"
IBODUTANT,2,"AQP4, TACR2"
IBUTAMOREN,2,"ALOX15, GHSR"
IBUPROFEN LYSINE,2,"PTGS1, PTGS2"
HYDROXYZINE HYDROCHLORIDE,2,"HRH1, KDM4A"
HYDROXYTYROSOL,2,"GAA, KDM4A"
SERATRODAST,2,"PPARD, TBXA2R"
SERDEMETAN,2,"MDM2, TP53"
SERGLIFLOZIN,2,"CD3D, CD3E"
HUMAN CALCITONIN,2,"ACHE, CALCR"
HUMANIZED SMART ANTI-IL-12 ANTIBODY,2,"IL12A, IL12B"
HUMANIN,2,"ALDH3A2, ALDH9A1"
HUMAN THYMOSIN-FRACTION 5,2,"IL2RA, THY1"
SGS-742,2,"GABBR1, GABBR2"
SGX-523,2,"DRD4, MET"
HYDRASTININE HYDROCHLORIDE,2,"HSD17B10, HSPB1"
HYDRASTININE,2,"CYP2D6, HSD17B10"
HYDROCORTAMATE,2,"ANXA1, NR3C1"
HYDRALAZINE / ISOSORBIDE DINITRATE,2,"GNB3, NAT2"
HS-142-1,2,"DLX3, DLX4"
HSP90 INHIBITOR LAM-003A,2,"HSP90AA1, HSP90AB1"
HSP90 INHIBITOR DEBIO 0932,2,"HSP90AA1, HSP90AB1"
AMPIROXICAM,2,"AR, COX8A"
AMPRELOXETINE,2,"SLC6A2, SLC6A4"
AMP579,2,"ADORA1, ADORA2A"
CHEMBL:CHEMBL338314,2,"EHMT2, HSD17B10"
AMINOQUINOL,2,"POLI, SMAD3"
HYDROCOTARNINE,2,"CYP1A2, CYP2D6"
CHEMBL:CHEMBL294747,2,"CYP1A2, CYP2C19"
CHEMBL:CHEMBL292352,2,"PPARA, PPARD"
SEMUSTINE,2,"ALDH1A1, BRCA1"
CHEMBL:CHEMBL303958,2,"ATAD5, MTOR"
SENAPARIB,2,"PARP1, PARP2"
SENICAPOC,2,"ARG2, KCNN4"
CHEMBL:CHEMBL310934,2,"KDM4E, MAPT"
HYDROXYCHLOROQUINE SULFATE,2,"TLR7, TLR9"
CHEMBL:CHEMBL263664,2,"PIK3CA, PTEN"
SEVITERONEL,2,"AR, CYP17A1"
HYDROCORTISONE SODIUM PHOSPHATE,2,"AR, NR3C1"
HYDROCORTISONE PROBUTATE,2,"AR, NR3C1"
SESAMIN,2,"CYP4F2, TARDBP"
HYDROXOCOBALAMIN,2,"ABCB1, MMUT"
SERLOPITANT,2,"AQP3, TACR1"
SERMORELIN,2,"ALOX15B, GHRHR"
CHEMBL:CHEMBL309848,2,"ATAD5, RAB9A"
RISLENEMDAZ,2,"GRIN1, GRIN2B"
CHEMBL:CHEMBL1548739,2,"CYP2C19, CYP2C9"
RIPK3 INHIBITOR 42,2,"FANCG, FAP"
RISANKIZUMAB,2,"IL12B, IL23A"
KT 5823,2,"AADAC, AAMP"
RISDIPLAM,2,"SMN1, SMN2"
KX2-361,2,"MS4A2, SRC"
ANTI-C-FMS MONOCLONAL ANTIBODY AMG 820,2,"CSF1R, CSF3R"
RIPASUDIL HYDROCHLORIDE DIHYDRATE,2,"ROCK1, ROCK2"
L-(CIS)-DILTIAZEM,2,"ARHGAP5, ARHGDIA"
RIMITEROL,2,"ADRB2, ADRB3"
RIMSULFURON,2,"AHR, NFE2L2"
RN486,2,"EFNB2, FBN1"
RK-287107,2,"HLA-DMA, HLA-DMB"
APNEA,2,"ABCA1, ABCA3"
APOCIDEINE,2,"DRD1, EHMT2"
KW-2450,2,"IGF1R, INSR"
L023103,2,"AQP9, ARAF"
RHC80267,2,"CRIP1, CRIP2"
"L-161,982 (EP4A)",2,"AQP8, VDR"
RILZABRUTINIB,2,"BTK, EFNB2"
RILPIVIRINE,2,"ERVW-4, SCN10A"
APTO-253,2,"KLF4, MTF1"
"L-744,832",2,"HRAS, TP53"
APRINOCARSEN,2,"BCL2, PRKCA"
RICIN,2,"EIF2AK2, XDH"
KRAS G12D INHIBITOR MRTX1133,2,"HRAS, NRAS"
ARCTIGENIN,2,"CYP2C9, CYP3A4"
CHEMBL:CHEMBL1611308,2,"CYP2C9, TSHR"
CHEMBL:CHEMBL16685,2,"ATAD5, TP53"
CHEMBL:CHEMBL166112,2,"NFE2L2, PPARG"
CHEMBL:CHEMBL164449,2,"PLK1, VDR"
CHEMBL:CHEMBL1642672,2,"MAOA, MAOB"
CHEMBL:CHEMBL168075,2,"AR, NFE2L2"
KT 5720,2,"AADAC, AARS1"
RO-0505124,2,"CDK4, STK36"
RO-4987655,2,"MAP2K1, MAP2K2"
CHEMBL:CHEMBL1630084,2,"ENPP2, LPAR5"
RO 25-1392,2,"ARCN1, ARCN2"
KANAMYCIN SULFATE,2,"MRPL36, RPSA"
KB-141,2,"BCGF1, THRB"
ROLAPITANT,2,"AQP3, TACR1"
KOJIC ACID,2,"KDM4E, TYR"
KASSININ,2,"AQP3, AQP5"
KC-12615,2,"DAP, DARS1"
ROCK INHIBITOR 3,2,"CTPS1, CTRB1"
RODATRISTAT,2,"LTB4R, TPH2"
JQEZ5,2,"EZH2, MYCN"
ROBALZOTAN,2,"A1BG, HTR1A"
JWH-018,2,"ACRV1, CNR2"
APAZIQUONE,2,"NTRK1, TPM3"
KAVAIN,2,"ALDH1A1, NFE2L2"
KELATORPHAN,2,"CRHR2, DAP"
APIOL,2,"ALOX15, CYP3A4"
AR-9281,2,"EPHX1, EPHX2"
KGP94,2,"CTSL, FOLR2L"
AR-C67085,2,"APEH, APEX1"
AQW051,2,"ATF4, CHRNA7"
APSTATIN,2,"CYP3A51P, CYP4A11"
KALLIDIN,2,"ASIC1, BDKRB2"
RO-7121661,2,"HAVCR2, PDCD1"
APTIGANEL HYDROCHLORIDE,2,"GBA1, KCNH2"
RJW100,2,"BGLAP, BGN"
KARENITECIN,2,"LINC00273, TOP1"
RITODRINE HYDROCHLORIDE,2,"ADRB2, GALR3"
RIVASTIGMINE TARTRATE,2,"ACHE, BCHE"
CHEMBL:CHEMBL17329,2,"ALDH1A1, EHMT2"
CHEMBL:CHEMBL1731432,2,"ALPG, ALPL"
CHEMBL:CHEMBL172988,2,"NFE2L2, PPARD"
APTIGANEL,2,"CBX1, CYP2D6"
LATANOPROSTENE BUNOD,2,"APOC2, PTGFR"
LATANOPROST,2,"APOC2, PTGFR"
LADOSTIGIL,2,"ACHE, MAOA"
LADARIXIN,2,"CXCR1, CXCR2"
LACUTAMAB,2,"KIR2DL2, KIR3DL2"
LACTUCOPICRIN,2,"TAS2R46, ZFP36L2"
LANADELUMAB-FLYO,2,"FRA2G, KLKB1"
"L-817,818",2,"AQP2, FAS"
LAMPALIZUMAB,2,"CFD, GPR19"
RESIMMUNE,2,"CD3E, EEF2"
CHEMBL:CHEMBL1521156,2,"AR, SNCA"
CHEMBL:CHEMBL1531222,2,"NFE2L2, RAB9A"
CHEMBL:CHEMBL1545737,2,"EHMT2, TARDBP"
CHEMBL:CHEMBL153505,2,"BRCA1, TARDBP"
RFRP-3,2,"ANXA1, NPFFR1"
CHEMBL:CHEMBL1479195,2,"CYP1A2, HSD17B10"
LANABECESTAT,2,"BACE1, FMO5"
REMLARSEN,2,"AQP1, MIR155"
REMOGLIFLOZIN,2,"CD3D, CD3E"
LARAZOTIDE ACETATE,2,"CHRNA3, CHRNB4"
REMOGLIFLOZIN ETABONATE,2,"SLC5A2, SLC5A4"
RELUGOLIX,2,"GNRHR, LHCGR"
CHEMBL:CHEMBL148831,2,"NFE2L2, PRDX5"
CHEMBL:CHEMBL1496351,2,"GMNN, MPHOSPH8"
CHEMBL:CHEMBL1494650,2,"TP53, XBP1"
RESORCINOL,2,"CA1, CYP3A4"
RETIGABINE DERIVATIVE 10G,2,"AZGP1, KCNQ5"
CHEMBL:CHEMBL1446254,2,"ALDH1A1, GMNN"
LARIXYL ACETATE,2,"ATP2B2, ATP2B3"
LASMIDITAN,2,"A12M2, HTR1F"
LAS190792,2,"ADRB2, CHRM3"
RESMETIROM,2,"BCGF1, THRB"
LARTESERTIB,2,"EEF1B2P2, GOLGA1"
RESOLVIN D1,2,"ALDH9A1, GPR32"
RETEPLASE,2,"FGA, PLG"
L-796449,2,"BCKDHB, CCND1"
RETUSIN 7-METHYL ETHER,2,"SMN1, SMN2"
CHEMBL:CHEMBL1576338,2,"HSD17B10, RCE1"
RHODOMYRTOXIN B,2,"ALOX15B, TP53"
RHUCIN,2,"PDE5A, SERPING1"
RIBOCICLIB SUCCINATE,2,"CDK4, CDK6"
RIBOFLAVIN,2,"BRCA1, HSD17B10"
RHO KINASE INHIBITOR IV,2,"CTRB1, EEF1D"
RG-7167,2,"MAP2K1, MAP2K2"
CHEMBL:CHEMBL151146,2,"FEN1, POLK"
CHEMBL:CHEMBL1523974,2,"ATAD5, RAB9A"
RHODAMINE123,2,"ABCG2, CHKB"
RHODEI-LITORIN,2,"ACAT1, ACAT2"
RGIA4,2,"ATF4P1, ATHS"
"L-888,607",2,"APOBEC1, APOC2"
"L-888,291",2,"APOB, APOBEC1"
RGS4 INHIBITOR 11B,2,"GP1BA, GP2"
CHEMBL:CHEMBL1520282,2,"ACP1, GLP1R"
LANEPITANT,2,"AQP3, TACR1"
LANRAPLENIB,2,"FDX1, SYK"
L690330,2,"KDM4E, POLK"
ARACHIDONYL TRIFLUOROMETHYL KETONE,2,"ALDH1A1, VDR"
AROMOLINE,2,"ATXN2, RAD52"
L779450,2,"EFNA2, FAH"
ARPROMIDINE,2,"AMD1, AMD1P2"
L741742,2,"ALDH2, CYP3A4"
RETOSIBAN,2,"ARAF, OXTR"
ARQ-736,2,"BRAF, RAF1"
LACTOFEN,2,"AR, PPARA"
AROMATASE INHIBITOR,2,"KMT2C, PLA2G1B"
LACTACYSTIN,2,"PSMB5, PSMB8"
ARI-3099,2,"FMO3, FRA1F"
REVUMENIB,2,"FLT3, KMT2A"
RF9,2,"ANXA1, NPFFR1"
RETINYLRETINOATE,2,"JUN, RARA"
L735821,2,"AZF1, AZF2"
S24773,2,"ANK2, ANK3"
S26131,2,"ANK2, ANK3"
S26284,2,"ANK2, ANK3"
ISOPROPYL ISOTHIOCYANATE,2,"TRPA1, TRPV1"
ISATIN SULFONAMIDE 34 [PMID: 11384246],2,"DBIL3, DBIP2"
S-3304,2,"MMP2, MMP9"
S-49076,2,"FGFR2, FGFR3"
K-134,2,"PDE3A, PDE3B"
ISEPAMICIN,2,"MT-ND1, MT-RNR1"
S-ALLYLGLYCINE,2,"CNTN1, GAD2"
S-15535,2,"A1BG, HTR1A"
S-222611,2,"EGFR, ERBB2"
CHEMBL:CHEMBL2063687,2,"MAPK1, MAPK3"
CHEMBL:CHEMBL2063681,2,"MAPK1, MAPK3"
SAD448,2,"CNR1, CNR2"
SAFIMALTIB,2,"EPHB2, GUCY1B1"
S-5751,2,"APOB, APOC4"
RWJ-351647,2,"ABCC6, AQP9"
ISOFLUPREDONE ACETATE,2,"AR, NFE2L2"
ISOFENPHOS,2,"AR, NFE2L2"
ISOEUGENITOL,2,"CYP3A4, MAPT"
CHEMBL:CHEMBL1956073,2,"MAP2K1, MAP2K2"
CHEMBL:CHEMBL195350,2,"MTOR, TP53"
RUTHENIUM-BASED TRANSFERRIN TARGETING AGENT NKP-1339,2,"HSPA5, MAPK8"
CHEMBL:CHEMBL2022241,2,"HSP90AA1, HSP90AB1"
ISOPIMARIC ACID,2,"GABRA1, GABRB2"
RVD1-ME,2,"ALDH9A1, GPR32"
CHEMBL:CHEMBL189724,2,"CYP1A2, CYP2D6"
CHEMBL:CHEMBL188641,2,"CYP2C19, CYP2D6"
CHEMBL:CHEMBL1873045,2,"IDH1, SMAD3"
S20928,2,"ANK2, ANK3"
ISOFLUROPHATE,2,"ACHE, BCHE"
S22153,2,"ANK2, ANK3"
S24014,2,"ANK2, ANK3"
RUXOLITINIB PHOSPHATE,2,"JAK1, JAK2"
INTERLEUKIN-3,2,"CSF3, IL5"
INTERLEUKIN-12 GENE,2,"CD28, CSF2"
SALSALATE,2,"PTGS1, PTGS2"
INTERFERON GAMMA-1B,2,"IFNGR1, IFNGR2"
SALSOLINOL HYDROBROMIDE,2,"EHMT2, KDM4A"
SALVIANOLIC ACID B,2,"ACE, NOS3"
CHEMBL:CHEMBL211045,2,"VDR, YES1"
SALMON CALCITONIN,2,"ACHE, CALCR"
CHEMBL:CHEMBL1950650,2,"ADORA1, ADORA2A"
SALERMIDE,2,"SIRT1, SIRT2"
CHEMBL:CHEMBL2171794,2,"TOP1, TOP2A"
SALICYLALDEHYDE THIOSEMICARBAZONE,2,"BAZ2B, KDM4A"
CHEMBL:CHEMBL2171781,2,"TOP1, TOP2A"
SALICYLANILIDE,2,"AHR, NFE2L2"
SAFUSIDENIB,2,"GPX1P2, IDH1"
SAGE-718,2,"GRIN2A, GRIN2B"
IODINE I-131,2,"PTH, TERT"
SALACINOL,2,"GAA, MGAM"
SABATOLIMAB,2,"GSTA3, HAVCR2"
CHEMBL:CHEMBL1945130,2,"SIRT1, SIRT2"
CHEMBL:CHEMBL198666,2,"EHMT2, POLB"
CHEMBL:CHEMBL1983317,2,"NQO1, NQO2"
CHEMBL:CHEMBL1972216,2,"AGTR1, NCOA3"
SACCHARIN,2,"BRAFPS1, ZFP36L2"
ISATUXIMAB,2,"CD38, GMPR"
ISOCHLOROGENIC ACID B,2,"APP, ATP5F1C"
SA-57,2,"CRKL, CRMP1"
IRAK-1/4 INHIBITOR,2,"EPHA3, EPHA7"
IPTACOPAN,2,"CFB, FNTA"
IPSAPIRONE,2,"A1BG, CYP2C19"
ANTI-EGFR MONOCLONAL ANTIBODY,2,"MET, PIK3CA"
IRINOTECAN HYDROCHLORIDE HYDRATE,2,"NCOA3, PAX8"
IOPHENOXIC ACID,2,"KAT2A, VDR"
ANTI-PD-1 MONOCLONAL ANTIBODY MEDI0680,2,"MSH2, MSH6"
IOFETAMINE HYDROCHLORIDE,2,"APEX1, KCNH2"
ISOBUTYRIC ACID,2,"ALDOA, FFAR3"
ANTIFUNGAL AGENT,2,"ABCB1, CYP19A1"
ANTIMALARIAL AGENT,2,"ADA, CYP1A1"
ANTIMETABOLITE,2,"CDKN1A, TPK1"
JNJ-5207852,2,"HRH3, RAD52"
APG-2449,2,"ALK, EML4"
APG-2575,2,"BCL2, FLT3"
APG115,2,"MDM2, TP53"
ISPRONICLINE,2,"CHRNA4, CHRNB2"
APD668,2,"ADH1C, GPR119"
JNK INHIBITOR IX,2,"CTNNA1P1, CTNS"
JNK INHIBITOR 9L,2,"CTNNA1P1, CTNNA2"
JMV2004,2,"ANXA6, ANXA7"
JMV1431,2,"ASIC1, BDKRB2"
JNJ-10397049,2,"APBA2, APBB1"
JNJ-10311795,2,"CMA1, CTSG"
JNJ 7777120,2,"AMELX, HRH4"
JOSAMYCIN,2,"MRPL36, RPSA"
KA2507,2,"GART, HDAC6"
APALUTAMIDE,2,"AR, BEVI"
K185,2,"ANK2, ANK3"
JNJ-47965567,2,"ATP1B3P1, P2RX7"
JNJ-42165279,2,"CRMP1, FAAH"
APL-501,2,"CD274, PDCD1"
JNJ-67569762,2,"FMO5, FMOD"
APLAVIROC HYDROCHLORIDE,2,"AR, CCR5"
CHEMBL:CHEMBL1726814,2,"FEN1, POLK"
CHEMBL:CHEMBL1800368,2,"EGLN1, HIF1AN"
RO4491533,2,"ANPEP, SLC25A4"
ROSIPTOR,2,"CSNK1G2, INPP5D"
ROSMANTUZUMAB,2,"LGR4, RSPO3"
ROQUINIMEX,2,"CSF2, REG1A"
CHEMBL:CHEMBL1688556,2,"GMNN, HSP90AA1"
RONACALERET,2,"ACP5, CASR"
ANTIPARASITIC AGENT,2,"ABCB1, ADCYAP1"
CHEMBL:CHEMBL1813518,2,"MAOA, MAOB"
CHEMBL:CHEMBL1927670,2,"MAOA, MAOB"
CHEMBL:CHEMBL192264,2,"HSP90AA1, HSP90AB1"
CHEMBL:CHEMBL1940084,2,"NFKBIA, RELA"
ANTI-LAG-3/PD-L1 BISPECIFIC ANTIBODY FS118,2,"CD274, LAG3"
ANTI-MET MONOCLONAL ANTIBODY MIXTURE SYM015,2,"EGFR, MET"
ANTI-MET/EGFR MONOCLONAL ANTIBODY LY3164530,2,"EGFR, MET"
CHEMBL:CHEMBL17784,2,"NPC1, RAB9A"
CHEMBL:CHEMBL1797711,2,"CREBBP, KAT2B"
JMV458,2,"ANXA6, ANXA7"
IVACAFTOR,2,"CFTR, SLC26A9"
ANTITUBERCULAR AGENT,2,"GSTM1, IL2RA"
ANTINEOPLASTIC ANTIBIOTIC,2,"CD69, DHFR"
RS 39604,2,"CYP2D6, NAT1"
ISOXSUPRINE,2,"CYP1A2, CYP2D6"
ISOXICAM,2,"PTGS1, PTGS2"
RY785,2,"ATRX, KIF1A"
RY796,2,"ATRX, KIF1A"
IVARMACITINIB,2,"EPHB1, EPHB2"
JMV457,2,"ANXA6, ANXA7"
JMV431,2,"ANXA6, ANXA7"
JNJ-18038683,2,"HTR7, SERPINA3"
JNJ-40411813,2,"ANPEP, GRM2"
ROLUPERIDONE HYDROCHLORIDE,2,"HTR2A, TMEM97"
RPR260243,2,"BAD, KCNH2"
JH-VIII-49,2,"CDK19, EIF4EP1"
RP-101075,2,"AMT, AMY2A"
CHEMBL:CHEMBL1927684,2,"MAOA, MAOB"
RP-6530,2,"PIK3CD, PIK3CG"
ROVATIRELIN,2,"TRH, TRHR"
JH112,2,"APBA2, APBB1"
ITOLIZUMAB,2,"CD6, GRM7"
RUBITECAN,2,"AR, TOP1"
RTA 744,2,"TOP2A, TOP2B"
RTOXA-43,2,"APBA2, APBB1"
CHEMBL:CHEMBL193093,2,"EHMT2, IKBKB"
JD5037,2,"ACRV1, CNR1"
CHEMBL:CHEMBL555242,2,"AR, NFE2L2"
CHEMBL:CHEMBL554475,2,"CDC42, RAC1"
CHEMBL:CHEMBL549216,2,"ATAD5, KCNH2"
CHEMBL:CHEMBL562095,2,"CDC42, RAC1"
CHEMBL:CHEMBL555260,2,"KDM4A, PLK1"
CHEMBL:CHEMBL546475,2,"GMNN, HSD17B10"
FOSTAMATINIB,2,"RB1, SYK"
SNAP-7941,2,"AMY2B, MCHR1"
TENATOPRAZOLE,2,"NFE2L2, VDR"
FPL-55712,2,"HPGD, VDR"
FPA144,2,"FGF2, FGFR2"
TENECTEPLASE,2,"MPO, PLG"
TERUTROBAN,2,"APOC4, TBXA2R"
TESAGLITAZAR,2,"PPARA, PPARG"
TESAMORELIN,2,"ALOX15B, GHRHR"
TESETAXEL,2,"BCL2, TUBB1"
TENOFOVIR ALAFENAMIDE,2,"CYP3A4, ERVW-4"
FURAZABOL,2,"AR, NFE2L2"
TELOTRISTAT,2,"TPH1, TPH2"
TELBERMIN,2,"FLT1, KDR"
FROVATRIPTAN SUCCINATE,2,"HTR1B, HTR1D"
TEPOXALIN,2,"ALOX5, IL4"
FTI 276,2,"CCR10, VDR"
TEPROTUMUMAB,2,"DPH1, IGF1R"
FRUCTOSE,2,"FHIT, KHK"
CHEMBL:CHEMBL548458,2,"IDH1, NTSR1"
FULRANUMAB,2,"NGF, NGFR"
TENIDAP,2,"ALOX5, ASGR1"
ADENOSINE DEAMINASE INHIBITOR,2,"DNTT, PRKAA1"
ADENOSINE MONOPHOSPHATE,2,"ADCY1, ATP4B"
FOSINOPRIL,2,"ACE, DAPK3"
ADENOVIRAL TRANSDUCED HIL-12-EXPRESSING AUTOLOGOUS DENDRITIC CELLS INXN-3001 PLUS ACTIVATOR LIGAND INXN-1001,2,"IL12A, IL12B"
FOTEMUSTINE,2,"MGMT, TXNRD1"
AEW-541,2,"IGF1R, INSR"
TEPODITAMAB,2,"GLRA2, HGD"
CHEMBL:CHEMBL57394,2,"AHR, HSD17B10"
CHEMBL:CHEMBL573111,2,"NPC1, RAB9A"
TETRACYCLINE HYDROCHLORIDE,2,"MRPL36, RPSA"
TETRACYCLINE PHOSPHATE COMPLEX,2,"MRPL36, RPSA"
CHEMBL:CHEMBL576781,2,"EHMT2, FEN1"
CHEMBL:CHEMBL547977,2,"ATAD5, NFE2L2"
CHEMBL:CHEMBL547924,2,"NPC1, RAB9A"
FOLPET,2,"AR, PPARD"
CHEMBL:CHEMBL548629,2,"KDM4A, PLK1"
FLUSILAZOLE,2,"AR, NR1H4"
ACT-335827,2,"APBA2, APBB1"
ACT-462206,2,"APBA2, APBB1"
ADU-S100,2,"GRIN1, STING1"
ADOMEGLIVANT,2,"ALPG, GCGR"
FMET-ILE-VAL-THR-LEU-PHE,2,"ALDH3B2, ALDH9A1"
FLUORANTHENE,2,"HSD17B10, NFE2L2"
ACUMAPIMOD,2,"CTNNB1, MAPK14"
FOLIGLURAX,2,"GRM4, SLC25A5"
TERIFLUNOMIDE,2,"DHODH, HMGCR"
FORODESINE,2,"GPR18, PNP"
FORITINIB SUCCINATE,2,"ALK, ROS1"
FOSDENOPTERIN,2,"MOCS1, XDH"
FOSDAGROCORAT,2,"BDM, NR3C1"
TERBOGREL,2,"TBXA2R, TBXAS1"
FOSAPREPITANT,2,"AQP3, TACR1"
TETRAHYDROURIDINE,2,"CDA, DCK"
TERBUTALINE SULFATE,2,"ADRB2, SLC5A7"
TEREVALEFIM,2,"DRD4, MET"
FLURBIPROFEN SODIUM,2,"PTGS1, PTGS2"
TETRADIFON,2,"AR, NFE2L2"
TETRAHYDROCANNABIVARIN,2,"TRPV5, TRPV6"
CHEMBL:CHEMBL571228,2,"NPC1, RAB9A"
CHEMBL:CHEMBL570176,2,"OPRK1, OPRM1"
CHEMBL:CHEMBL576353,2,"ALDH1A1, EHMT2"
FOSAMPRENAVIR,2,"CYP3A4, ERVW-4"
CHEMBL:CHEMBL532504,2,"FEN1, SMAD3"
CHEMBL:CHEMBL532412,2,"EHMT2, GLP1R"
CHEMBL:CHEMBL533388,2,"GMNN, NFE2L2"
CHEMBL:CHEMBL528647,2,"IDH1, NFE2L2"
AFM-11,2,"CD19, CD3G"
CHEMBL:CHEMBL529361,2,"ATAD5, EHMT2"
GALSULFASE,2,"ARSB, PLIN3"
TEMELIMAB,2,"ERVW-1, HNRNPAB"
GANCOTAMAB,2,"ERBB2, TOP2A"
GALANIN(1-15),2,"ALOX12P1, GALR2"
GALANIN(3-29) (RAT/MOUSE),2,"ALOX12P1, GALR2"
GALANIN(2-30) (HUMAN),2,"ALOX12P1, GALR2"
GALANIN(2-29) (RAT/MOUSE),2,"ALOX12P1, GALR2"
TBO-FILGRASTIM,2,"CSF3R, ERBB2"
TC-2216,2,"CHRNA4, CHRNB2"
TEDIZOLID PHOSPHATE,2,"MRPL36, RPSA"
AH23848,2,"APOC4, AQP8"
GEFAPIXANT,2,"ATP1A4, P2RX3"
GANTOFIBAN,2,"ITGA2B, ITGB3"
TASQUINIMOD,2,"HDAC4, S100A9"
TAUROCHOLIC ACID,2,"CEL, SLC10A2"
TAVAPADON,2,"DRD1, DRD5"
GARDENIN,2,"ALDH1A1, SNCA"
TASOSARTAN,2,"ACADM, AGTR1"
GASTRIN RELEASING PEPTIDE(14-27) (HUMAN),2,"ACAT1, ACAT2"
CHEMBL:CHEMBL531709,2,"ATAD5, HPGD"
TAS-115,2,"KDR, MET"
TARIQUIDAR,2,"ABCB1, ABCG2"
TAS-102,2,"ERBB2, KRAS"
TCS 1102,2,"APBA2, APBB1"
GALP(3-32) (HUMAN),2,"ALOX12P1, GALR2"
GALP(1-32) (HUMAN),2,"ALOX12P1, GALR2"
TD-8954,2,"HTR4, NAT1"
GAMBOGENIC ACID,2,"TXN, TXN2"
TAS-108,2,"ESR1, ESR2"
GAL-B2-MPEG4,2,"ALOX12P1, GALR2"
AG-14,2,"ALDH3B2, FPR1"
FUROSPONGOLIDE,2,"ARNT, HIF1A"
CHEMBL:CHEMBL546257,2,"NPSR1, POLB"
CHEMBL:CHEMBL547101,2,"CYP2D6, IDH1"
TECHTOCHRYSIN,2,"CYP2C19, CYP3A4"
CHEMBL:CHEMBL547407,2,"CYP2C19, CYP2C9"
TEBANICLINE TOSYLATE,2,"CHRNA4, CHRNB2"
TEDUGLUTIDE,2,"ALPP, GLP2R"
CHEMBL:CHEMBL534214,2,"EHMT2, GMNN"
TEBUCONAZOLE,2,"AR, CYP3A4"
CHEMBL:CHEMBL534047,2,"GMNN, RAD54L"
TEBUFENPYRAD,2,"AR, TP53"
TELOTRISTAT ETIPRATE,2,"TPH1, TPH2"
CHEMBL:CHEMBL533577,2,"BAZ2B, EHMT2"
TELRATOLIMOD,2,"TLR7, TLR8"
CHEMBL:CHEMBL534423,2,"HSP90AA1, KDM4A"
TEBOTELIMAB,2,"LAG3, PDCD1"
TECTOQUINONE,2,"AR, NFE2L2"
GABEXATE,2,"FRA8F, TFF2"
TEDIZOLID,2,"MRPL36, RPSA"
CHEMBL:CHEMBL534244,2,"GMNN, MITF"
CHEMBL:CHEMBL536008,2,"GMNN, IDH1"
CHEMBL:CHEMBL535714,2,"NR1I2, PDE4B"
CHEMBL:CHEMBL537045,2,"EHMT2, IDH1"
CHEMBL:CHEMBL536599,2,"ATAD5, NFE2L2"
GAL-B5,2,"ALOX12P1, GALR2"
GAL-B2-DPEG24,2,"ALOX12P1, GALR2"
GAL-B2-C8,2,"ALOX12P1, GALR2"
GAL-B2-C18,2,"ALOX12P1, GALR2"
GAL-B2-C14,2,"ALOX12P1, GALR2"
GAL-B2-C12,2,"ALOX12P1, GALR2"
GAL-B2-C10,2,"ALOX12P1, GALR2"
GAL-B2,2,"ALOX12P1, GALR2"
GAL-(K)4,2,"ALOX12P1, GALR2"
CHEMBL:CHEMBL531710,2,"NFE2L2, NPC1"
FEDRATINIB HYDROCHLORIDE,2,"FLT3, JAK2"
TIGATUZUMAB,2,"GPR183, TNFRSF10B"
FEBANTEL,2,"AR, GMNN"
TIGECYCLINE,2,"MRPL36, RPSA"
FENAMIDONE,2,"AR, NFE2L2"
TIBULIZUMAB,2,"IL17A, TNFSF13B"
TICARCILLIN,2,"CSF2, IL2"
ADERBASIB,2,"ADAM10, ADAM17"
FENCLOFENAC,2,"PTGS1, PTGS2"
TIANEPTINE,2,"OPRM1, SLC6A4"
AC430,2,"EPHB2, JAK2"
FENBUCONAZOLE,2,"AR, NFE2L2"
FENHEXAMID,2,"AR, NFE2L2"
FENEBRUTINIB,2,"BTK, EFNB2"
FARICIMAB,2,"ANGPT2, VEGFA"
FARALIMOMAB,2,"IFNA1, IFNA13"
TICLOPIDINE HYDROCHLORIDE,2,"KDM4E, P2RY12"
FENOPROFEN CALCIUM,2,"PTGS1, PTGS2"
FEPIXNEBART,2,"EREG, TGFA"
THUNBERGINOL E,2,"ATAD5, BRCA1"
CHEMBL:CHEMBL583555,2,"KCNH2, POLB"
THONZONIUM,2,"CYP2D6, USP1"
CHEMBL:CHEMBL582764,2,"EHMT2, PLK1"
CHEMBL:CHEMBL584248,2,"BAZ2B, EHMT2"
THREO-3-METHYLGLUTAMATE,2,"CBLN1, SERPINH1"
FELADILIMAB,2,"GSTA2, ICOS"
THIOURACIL,2,"EDN1, NOS1"
CHEMBL:CHEMBL580955,2,"GMNN, PAX8"
FENPYROXYMATE,2,"AR, NFE2L2"
THIOPROPERAZINE MESYLATE,2,"EHMT2, IDH1"
THIOSEMICARBAZIDE,2,"AR, PPARD"
FERBAM,2,"AR, RXRA"
FEZOLINETANT,2,"AQP5, TACR3"
FEXUPRAZAN,2,"ATP4A, ATP4B"
CHEMBL:CHEMBL583584,2,"IDH1, NFE2L2"
TIMOLUMAB,2,"AOC3, GNA11"
FAZPILODEMAB,2,"FGF1, KLB"
FAVIPIRAVIR,2,"BLOC1S6, PBRM1"
TINODASERTIB,2,"ESRRG, MKNK2"
TINORIDINE,2,"EHMT2, VDR"
EZUTROMID,2,"GSTP1P1, UTRN"
EZLOPITANT,2,"AQP3, TACR1"
FACT COMPLEX-TARGETING CURAXIN CBL0137,2,"MYCN, SUPT16H"
ACETYL-PODOCARPIC DIMER,2,"BAK1P2, BCL3"
FADOLMIDINE,2,"ADRA2A, ADRA2C"
FAMPROFAZONE,2,"CYP2C9, CYP3A4"
ACEBILUSTAT,2,"CRHR2, LTA4H"
ACACETIN DIACETATE,2,"CYP3A4, HSD17B10"
AC264613,2,"APOE, F2RL1"
TIMAPIPRANT,2,"APOBEC1, PTGDR2"
EXAMPLE 2 [WO2013004676],2,"FMO5, FMOD"
TILIQUINOL,2,"AR, NFE2L2"
ABT-384,2,"GMFA, HSD11B1"
ACETYLCHOLINE CHLORIDE,2,"CHRM3, SLC5A7"
ACETATE,2,"ALDOA, FFAR3"
CHEMBL:CHEMBL585444,2,"GLP1R, GMNN"
CHEMBL:CHEMBL585443,2,"ATAD5, GLP1R"
CHEMBL:CHEMBL585408,2,"ATAD5, GNAS"
TIAPROFENIC ACID,2,"BRCA1, PTGS2"
CHEMBL:CHEMBL585269,2,"EHMT2, HPGD"
CHEMBL:CHEMBL582496,2,"BAZ2B, EHMT2"
TIOPRONIN,2,"ABCC1, ALDH1A1"
CHEMBL:CHEMBL582737,2,"EHMT2, RXFP1"
CHEMBL:CHEMBL582715,2,"MAPT, TP53"
THYMOL IODIDE,2,"EHMT2, VDR"
FARNESYL TRANSFERASE INHIBITOR,2,"CDKN1A, DNMT1"
FAT EMULSION,2,"LDLR, PLG"
FASIGLIFAM,2,"ABCD2, FFAR1"
FASIDOTRILAT,2,"DAP, DAPK3"
FASIDOTRIL,2,"DAP, DAPK3"
TIBREMCICLIB,2,"CDK4, EIF4EBP1"
FLU-CCL3,2,"ACTA1, ACTBP2"
THEONELLASTEROL G,2,"NR1H4, NR1I2"
THERAPEUTIC AUTOLOGOUS DENDRITIC CELLS,2,"ERBB2, HMGB1"
FLUFENAMATE,2,"ATP2B2, PKD2L1"
FLUFENACET,2,"AR, NFE2L2"
FLUDROCORTISONE,2,"AR, NR3C2"
FLUNARIZINE HYDROCHLORIDE,2,"GMNN, KCNH2"
FENOTEROL HBR,2,"ADRB2, SLC5A7"
FLUMATINIB,2,"ABL1, KIT"
THEONELLASTEROL B,2,"NR1H4, NR1I2"
THEONELLASTEROL C,2,"NR1H4, NR1I2"
FK-888,2,"AQP3, AQP4"
FK-881,2,"CPT1B, CPT2"
THEONELLASTEROL E,2,"NR1H4, NR1I2"
ACOLBIFENE,2,"ESR1, ESR2"
CHEMBL:CHEMBL580816,2,"ALDH1A1, EHMT2"
FLUMEQUINE,2,"BAZ2B, EHMT2"
ADIPHENINE,2,"CYP1A2, CYP2D6"
FLUPREDNISOLONE,2,"AR, NR3C1"
TESTOSTERONE ENANTHATE,2,"AR, CYP19A1"
FLUPERLAPINE,2,"NATP, SERPINA3"
TEZOSENTAN,2,"EDNRA, EDNRB"
FLT-3 INHIBITOR II,2,"DPP6, DPYS"
FLT-3 INHIBITOR,2,"DPYS, FLT3"
FLUCYTOSINE,2,"AR, DPYD"
FLUACIZINE,2,"AR, VDR"
CHEMBL:CHEMBL578636,2,"NFE2L2, NPC1"
CHEMBL:CHEMBL578515,2,"GLP1R, SMAD3"
CHEMBL:CHEMBL579028,2,"ALDH1A1, PSMD14"
TETRYDAMINE,2,"CBX1, KDM4A"
CHEMBL:CHEMBL563777,2,"CDC42, RAC1"
TETRANITROMETHANE,2,"ALDH1A1, NFE2L2"
CHEMBL:CHEMBL572346,2,"GRM4, RAB9A"
THEONELLASTEROL F,2,"NR1H4, NR1I2"
TETRAZOLIUM RED,2,"NFE2L2, SMAD3"
THERAPEUTIC TUMOR INFILTRATING LYMPHOCYTES,2,"HLA-C, KRAS"
CHEMBL:CHEMBL582055,2,"IDH1, NFE2L2"
ACETAMINOPHEN / CODEINE,2,"CYP2D6, G6PD"
CHEMBL:CHEMBL582286,2,"GLP1R, MAPT"
ACEMETACIN,2,"PTGS1, PTGS2"
ACEPROMAZINE,2,"CYP1A2, CYP2D6"
CHEMBL:CHEMBL582081,2,"HSD17B10, NFE2L2"
CHEMBL:CHEMBL582073,2,"HTT, NFE2L2"
CHEMBL:CHEMBL580609,2,"HTT, IDH1"
ACRIDINE CARBOXAMIDE,2,"TOP1, TOP2A"
CHEMBL:CHEMBL579105,2,"KCNH2, MAPT"
ACRIDONE,2,"GAA, GMNN"
CHEMBL:CHEMBL579956,2,"GLP1R, P4HB"
ACP-001,2,"GH1, GHR"
FIDUXOSIN,2,"ATAD5, CBX1"
FICONALKIB,2,"ALK, HBEGF"
THERAPEUTIC ESTROGEN,2,"HSPB1, TSHB"
ACESULFAME,2,"BRAFPS1, ZFP36L2"
CHEMBL:CHEMBL577887,2,"HSD17B10, RAD52"
CHEMBL:CHEMBL577673,2,"AR, NPSR1"
CHEMBL:CHEMBL577662,2,"ATAD5, NFE2L2"
ADEFOVIR,2,"ABCC4, OCA2"
FLAVOKAWAIN B,2,"ATXN2, VDR"
ADENOPHOSTIN A,2,"ITPR1, MPPED2"
FLEROXACIN,2,"KDM4E, TOP2A"
AD-5061,2,"BCKDHA, CCND1"
FGF RECEPTOR ANTAGONIST HGS1036,2,"FGFR1, FGFR2"
FIRAZOREXTON,2,"APBA2, APBB1"
FIPRONIL,2,"AR, NFE2L2"
FIPI,2,"CSE1L, PLD1"
FK 224,2,"AQP3, AQP5"
FISPEMIFENE,2,"ESR1, ESR2"
FISOGATINIB,2,"FGF19, SLC26A3"
FIRTECAN PEGOL,2,"TOP1, TOP1MT"
THIOLUTIN,2,"MAPT, VDR"
ADAGRASIB,2,"GPM6B, KRAS"
"SQ-24,798",2,"CPN1, CYP27B1"
GSK5182,2,"BCYRN1P2, BDKRB2"
GSK429286A,2,"CTPS1, TEX28"
ST-1478,2,"AMT, HRH3"
ST-1505,2,"AMT, HRH3"
GSK8814,2,"GLB1, GPC3"
GSK8612,2,"FEN1, STOM"
TAMRLX,2,"APP, APPL1"
SS1(DSFV)-PE38,2,"EEF2, MSLN"
SSR-103800,2,"CD24P1, SLC6A9"
SSR125543A,2,"ALAS2, CRHR1"
GSK2245035,2,"SARDH, TLR7"
GSK2239633A,2,"ACTBP2, CCR4"
SSR126768A,2,"AQP9, ARAF"
SRT-1720,2,"FEN1, SIRT1"
GSK2033,2,"BAK1P2, BCL3"
GSK650394,2,"CYB561, CYBA"
AM-6494,2,"FMO5, FMOD"
SPEXIN-1,2,"ALOX12P2, GALR2"
SPHAEROPSIDIN A,2,"ATXN2, IDH1"
SPHINGOMYELIN SYNTHASE 2 INHIBITOR 15W,2,"FUS, GAST"
GUSELKUMAB,2,"IL12B, IL23A"
SPECTINOMYCIN HYDROCHLORIDE,2,"MRPL36, RPSA"
GSK417651A,2,"ATP2A2, ATP2B2"
GSK343,2,"EZH2, GPR12"
SPM-354,2,"AMT, AMY1B"
GSK579289A,2,"ETV3, FABP1"
SR1001,2,"BAK1P1, BCL2L1"
CHEMBL:CHEMBL459729,2,"FGFR1, IGF1R"
CHEMBL:CHEMBL462314,2,"POLI, POLK"
CHEMBL:CHEMBL471004,2,"CDC25B, HSPA8"
CHEMBL:CHEMBL444075,2,"ABCB1, ABCG2"
CHEMBL:CHEMBL443949,2,"NFE2L2, RORC"
SR-123781A,2,"F10, F2"
GSK329,2,"EFNA2, FGF2"
GSK0660,2,"BCKDHB, PPARD"
GSK1702934A,2,"ATP2A2, ATP2B2"
SRI22141,2,"APAF1, APOF"
GSK1521498,2,"APOF, OPN4"
GSK1482160,2,"ATP1B3P1, P2RX7"
GSK143,2,"EEF1D, FDX1"
STIROFOS,2,"AR, NFE2L2"
GSK256073,2,"ANXA13, HCAR2"
GSK-264220A,2,"GALNT3, LIPG"
STALLIMYCIN,2,"HMGB1, POLK"
SUCCINIC ACID,2,"ALDH5A1, TLE5"
STROPHANTHIDIN ACETATE,2,"NFE2L2, SMAD3"
STX-100,2,"ITGAV, ITGB6"
CHEMBL:CHEMBL476968,2,"NQO1, NQO2"
ALLICIN,2,"ATP1B1P1, ATP5F1BP1"
CHEMBL:CHEMBL478324,2,"KDM4A, PIM1"
STANNSOPORFIN,2,"HMOX1, HMOX2"
ALOXIPRIN,2,"PTGS1, PTGS2"
GSK2256294,2,"EPHX2, GTF2IP1"
ALOXISTATIN,2,"ATXN2, FOLR1"
GSK2833503A,2,"ATP2A2, ATP2B2"
GSK2830371,2,"HLA-F, TP53"
GSK2801,2,"GLC#, GLC1B"
GSK2982772,2,"FANCG, RIPK1"
GSK2981278,2,"BAK1P1, RORC"
GSK1059615,2,"F5, PIK3CA"
GSK2879552,2,"DNASE1L3, GEM"
ALVELESTAT,2,"ELANE, FPR2"
ALVERINE,2,"HNF4A, HTR1A"
GSK-461364A,2,"FABP1, PLK1"
SRT2104,2,"GJB3, SIRT1"
GSK-7975A,2,"GTF2F2P1, GTF2H1"
SRX246,2,"AQP9, AVPR1A"
SR8185,2,"FEN1, STOM"
GSK2881078,2,"AR, BEVI"
AMINACRINE,2,"HSD17B10, POLK"
GXTX-1E,2,"ATRX, KIF1A"
GW9508,2,"ABCD2, ADH4"
AMIBEGRON,2,"ACAA1, ADRB3"
CHEMBL:CHEMBL409225,2,"OPRD1, OPRM1"
CHEMBL:CHEMBL423081,2,"ALDH1A1, AR"
AMIDATE,2,"CYP1A2, CYP3A4"
GUANADREL SULFATE,2,"FDXR, SLC6A2"
AMG-837,2,"ABCD2, FFAR1"
CHEMBL:CHEMBL426404,2,"NFE2L2, THRB"
SLV-334,2,"ECE1, MME"
SLX-4090,2,"MTTP, P4HB"
SLC-0111,2,"GAPDH, HCK"
SLC4101431,2,"FCAR, FCER1A"
GYROPHORIC ACID,2,"PLK1, RAPGEF3"
H2L5186303,2,"AMPH, BIN1"
CHEMBL:CHEMBL43078,2,"BAZ2B, EHMT2"
CHEMBL:CHEMBL364729,2,"NSD2, WRN"
CHEMBL:CHEMBL363332,2,"CYP1A2, STAT6"
SNAP5089,2,"ABCA4, ABCB7"
SNDX-5613,2,"KMT2A, MEN1"
HELODERMIN,2,"ARCN1, ARCN2"
SMD-3040,2,"GLO1, GLP1R"
"SN-1,2-DIDECANOYLGLYCEROL",2,"PRL, TSHB"
HEME,2,"BCL2, BCL2A1"
AMBROXOL,2,"GBA1, GUCA1A"
H3-COA-20,2,"GLI1, GLI3"
HALOFANTRINE,2,"BAD, SNAP91"
HALICLONADIAMINE,2,"EPAS1, HIF1A"
AME-133V,2,"ITGB2, MS4A1"
HALAZONE,2,"AR, NFE2L2"
HAPLAMINE,2,"HSD17B10, NFE2L2"
HALOPEMIDE,2,"PLD1, PLD2"
HARMAN-3-CARBOXYLIC ACID,2,"BAZ2B, KDM4A"
SLM6071469,2,"FCAR, FCER1A"
AMCENESTRANT,2,"BCYRN1P2, ESR1"
GW459057A,2,"LYN, SRC"
SOFINICLINE,2,"CHRNA4, CHRNB2"
SOFOSBUVIR,2,"CES1, IFNL3"
SOVLEPLENIB,2,"FDX1, SYK"
SOTICLESTAT,2,"CPS1, CYP46A1"
SPIRAMYCIN,2,"MRPL36, RPSA"
SPIRAPRIL,2,"ACE, DAPK3"
SODIUM BICARBONATE,2,"CACNA1H, KCND3"
SPINORPHIN,2,"ALDH3B2, ATP1A4"
GW-5823,2,"CCKAR, CCKBR"
ALTANSERIN,2,"CYP3A4, HPGD"
GW409544,2,"BCKDHA, CCND1"
ALTINICLINE,2,"CHRNA4, CHRNB2"
GW406381,2,"CPT1B, CPT2"
GTX-758,2,"ESR1, LHCGR"
AMA0076,2,"ROCK1, ROCK2"
SPINASAPONIN A METHYL ESTER,2,"MAPK1, MAPK3"
H. POLYGYRUS TGF-&BETA; MIMIC,2,"DNMT3A, DOCK3"
SODIUM MOLYBDATE,2,"CDC37, CP"
SOBETIROME,2,"BCGF1, THRB"
GW775608X,2,"MAPK14, YES1"
SNX 5422,2,"HSP90AA1, HSP90AB1"
SNX-5422,2,"HSP90AA1, HSP90AB1"
CHEMBL:CHEMBL444236,2,"ALDH1A1, HSD17B10"
SOMATORELIN,2,"ALOX15B, ARCN2"
AMEDIPLASE,2,"PLAU, PLG"
SONEPCIZUMAB,2,"S1PR1, SGPP1"
SOLIFENACIN SUCCINATE,2,"CHRM2, CHRM3"
CHEMBL:CHEMBL453797,2,"ALOX15, RORC"
CHEMBL:CHEMBL45349,2,"CYP1A2, CYP2C19"
SOLYPERTINE TARTRATE,2,"EYA2, KDM4A"
AM2201,2,"ACRV1, CNR2"
ALX40-4C,2,"ACADSB, ACTG1"
AMG-108,2,"IL1A, IL1R1"
CHEMBL:CHEMBL450802,2,"POLK, SNCA"
AIDA,2,"ANOP1, EHMT2"
ALEFACEPT,2,"CD2, CD58"
ALEGLITAZAR,2,"PPARA, PPARG"
ALEMCINAL,2,"ANTP4, KCNH2"
GI-4000,2,"KRAS, NRAS"
GGTI-2418,2,"FNTA, PGGT1B"
ALDUMASTAT,2,"ADAMTS5, TIMM8A"
CHEMBL:CHEMBL482792,2,"HNF4A, PLIN1"
ALCLOFENAC,2,"AR, PTGS1"
TAFOLECIMAB,2,"FRA4A, PCSK9"
CHEMBL:CHEMBL527307,2,"ACP1, CTDSP1"
TADOCIZUMAB,2,"ITGA2B, ITGB3"
CHEMBL:CHEMBL528119,2,"EHMT2, IDH1"
CHEMBL:CHEMBL528045,2,"ALOX12, KDM4E"
TAFENOQUINE,2,"G6PD, ROS1"
CHEMBL:CHEMBL503990,2,"ESR1, GMNN"
GILTERITINIB FUMARATE,2,"AXL, FLT3"
CHEMBL:CHEMBL51697,2,"CYP2D6, NFKB1"
CHEMBL:CHEMBL515495,2,"EHMT2, PIM1"
T863,2,"DGAT1, GPI"
CHEMBL:CHEMBL483838,2,"POLI, SUMO1"
T-817 MALEATE,2,"APP, LPO"
T-BOC-FLFLF,2,"ALDH3B2, ALDH9A1"
TAK-448,2,"AMELY, KISS1"
GLPG4716,2,"GUCY1A1, HNRNPH1"
AICA RIBONUCLEOTIDE,2,"CASP3, CASP9"
TAK-070,2,"BACE1, FMO5"
TAK-220,2,"ACTBP2, CCR5"
GI‐530159,2,"ATP5F1E, ATP5ME"
TAK-285,2,"EGFR, ERBB2"
GLABROL,2,"PPARG, SMAD3"
TAFLUPOSIDE,2,"TOP1, TOP2A"
TAFLUPROST,2,"APOC2, PTGFR"
AI-850,2,"BCL2, TUBB1"
GLUTAMIC ACID HYDROCHLORIDE,2,"EHMT2, KDM4A"
GENTAMICIN SULFATE,2,"MRPL36, RPSA"
GERANYLGERANYL DIPHOSPHATE,2,"BLK, CXCR5"
GERALDOL,2,"ALOX15, HSD17B10"
AGL 2043,2,"DPP6, FLT3"
GESTRINONE,2,"AR, ESR1"
GESTODENE,2,"AR, PGR"
GDC-0134,2,"DLK1, ERCC4"
AG-26,2,"ALDH9A1, FPR2"
CHEMBL:CHEMBL502775,2,"GAPDH, HSPA8"
GDC-0425,2,"CHEK1, TP53"
CHEMBL:CHEMBL529138,2,"HPGD, NFE2L2"
ALANOSINE,2,"ADSS2, MTAP"
CHEMBL:CHEMBL530698,2,"EHMT2, TAAR1"
AL-78898A,2,"C3, MT-CO3"
CHEMBL:CHEMBL526952,2,"CACNA1H, IDH1"
AK-2292,2,"CRBN, HOXC4"
GDNF,2,"HSPA4, MAPK1"
AG14361,2,"GNAI2, YES1"
TALTIRELIN,2,"AQP6, TRHR"
CHEMBL:CHEMBL512832,2,"CYP2C19, CYP2C9"
TALIMOGENE LAHERPAREPVEC,2,"CSF2, CSF2RA"
GI254023X,2,"ADAM10, DDX10"
GINKGO,2,"CYP3A43, CYP7B1"
GINGER ALLERGENIC EXTRACT,2,"PTGS1, TAC1"
TALIPEXOLE,2,"DRD2, EHMT2"
TALADEGIB,2,"ALOX12, SMO"
TAPRENEPAG,2,"APOC1, PTGER2"
GIREDESTRANT,2,"BCYRN1P2, ESR1"
GIPARMEN,2,"AR, TARDBP"
TAK-828F,2,"BAK1P1, RORC"
TALACOTUZUMAB,2,"CSF2RB, IL3RA"
GEMOGENOVATUCEL-T,2,"CSF2, TGFB2"
TAPINAROF,2,"AHR, GSTP1P1"
GEPOTIDACIN,2,"CCL18, TOP2A"
GEOPYXIN A,2,"ATXN2, SMAD3"
TALAZOPARIB TOSYLATE,2,"PARP1, PARP2"
ALFATRADIOL,2,"AR, ESR1"
ALOFANIB,2,"DPYSL3, FGFR2"
GREEN TEA EXTRACT,2,"ABCB1, ERBB2"
GRC-6211,2,"TOP2A, TRPV1"
ALOGLIPTIN,2,"DAPK1, DPP4"
GONIOTHALAMIN,2,"AXL, XPO1"
GONADOTROPIN-RELEASING HORMONE ANALOG,2,"CYP19A1, PRL"
CHEMBL:CHEMBL510966,2,"PTPN11, PTPN6"
ALLOXAZINE,2,"ABCA2, CYP1A2"
ALNIDITAN,2,"A2M, A2MP1"
CHEMBL:CHEMBL490829,2,"PSMB2, PSMB5"
CHEMBL:CHEMBL487356,2,"BAZ2B, IDH1"
CHEMBL:CHEMBL495852,2,"KDM4A, PLK1"
SULFAMIDE,2,"CA1, CA2"
CHEMBL:CHEMBL500812,2,"KDM4A, PIM1"
SURONACRINE MALEATE,2,"ACHE, SLC6A2"
"GONADOTROPIN, CHORIONIC",2,"HGF, LHCGR"
ALRIZOMADLIN,2,"MDM2, TP53"
CHEMBL:CHEMBL458602,2,"AR, NR1I3"
ALRT 1550,2,"BAK1P1, BCL2L2"
CHEMBL:CHEMBL456559,2,"PTK2, PXN"
ALSTERPAULLONE 2-CYANOETHYL,2,"EGR4, SLC29A1"
ALPHA-TOCOPHEROL ACETATE,2,"AR, CXCL8"
STX-478,2,"F5, PIK3CA"
STO609,2,"EGFR, EGI"
GRAPIPRANT,2,"AQP8, PTGER4"
SULFONE ANTI-INFECTIVE AGENT,2,"CTSG, MPO"
GSK-1004723,2,"HRH1, HRH3"
SULFANITRAN,2,"GBA1, HPGD"
GR148672X,2,"CES1, GALT"
SULFADIAZINE,2,"CYP3A4, G6PD"
ALEXA-488-TELENZEPINE,2,"AADAC, AAMP"
GRC-15300,2,"TRPV1, TRPV3"
GRAZOPREVIR,2,"IFNL3, KRAS"
STREPTOMYCIN SULFATE,2,"MRPL36, RPSA"
ALBUSOMATROPIN,2,"GH1, GHR"
GONADORELIN,2,"GNRHR, GNRHR2"
ALK INHIBITOR NVL-655,2,"ALK, EML4"
ALK/TRK INHIBITOR TSR-011,2,"ALK, NTRK3"
ALKYL OMPT,2,"AMPD3, BIN1"
GLYASPERIN D,2,"GMNN, KDM4A"
ALL-TRANS-4-OXO-RETINOIC ACID,2,"ABL2, BCL2L2"
GLUTARAL,2,"NFE2L2, TP53"
CHEMBL:CHEMBL475908,2,"SMN1, SMN2"
SYK INHIBITOR II,2,"FDX1, FKBP1AP4"
GLYMIDINE,2,"KCNJ1, KCNJ10"
SUVN-911,2,"ATD, CHRNB2"
GNE-0877,2,"EPS8, LRRK2"
TABIMORELIN,2,"CYP3A4, GHSR"
TACRINE HYDROCHLORIDE,2,"ACHE, BCHE"
GLPG0974,2,"ALDOA, FFAR2"
CHEMBL:CHEMBL512649,2,"EHMT2, HSD17B10"
GLYCOSYLATED RECOMBINANT HUMAN INTERLEUKIN-7,2,"IL2RG, IL7R"
SUTEZOLID,2,"MRPL36, RPSA"
SUTIMLIMAB,2,"C1S, FN1"
CHEMBL:CHEMBL471226,2,"CYP1A2, CYP2C9"
SUVANINE'S SODIUM SALT,2,"NR1H4, NR1I2"
SUNVOZERTINIB,2,"DXO, EFNB2"
SULODEXIDE,2,"SERPINC1, SERPIND1"
GR 113808,2,"CYP1A2, NAT1"
SUMANIROLE,2,"ABCD1, DRD2"
SX-682,2,"CXCR1, CXCR2"
SULMAZOLE,2,"CYP1A2, HSD17B10"
SZ(+)-(S)-202-791,2,"ATP6V1C1, ATP6V1E1"
GR 196429,2,"ANK2, ANK3"
SZM679,2,"FANCG, FAP"
GR 128107,2,"ANK2, ANK3"
GNE-7915,2,"EPS8, FGFR4"
GNF4877,2,"EML1, SLC29A1"
"SYNTHETIC CONJUGATED ESTROGENS, B",2,"ESR1, ESR2"
SULISOBENZONE,2,"ALDH1A1, AR"
NAG 26,2,"APBA2, APBB1"
NALFURAFINE HYDROCHLORIDE,2,"OPN4, OPRK1"
N-STEARYL-[NLE17]VIP,2,"ARCN1, ARCN2"
N-PROPYLNORAPOMORPHINE,2,"ALCAM, ALDH3A1"
PF-05175157,2,"ACACA, ACACB"
N-PHENYLTHIOUREA,2,"BSG, TYR"
PF-04605412,2,"ITGA5, ITGB1"
LECANEMAB,2,"APOE, APP"
"N-[6-(4-CHLOROPHENYL)-7-(2,4-DICHLOROPHENYL)-2,2-DIMETHYL-3,4-DIHYDRO-2H-PYRANO[2,3-B]PYRIDINE-4-YL]-4,4,4-TRIFLUORO-3-HYDROXYBUTANAMIDE (DIASTEREOMERIC MIX)",2,"CNR1, CNR2"
N-VALERIC ACID,2,"ALDOA, FFAR3"
NAADP,2,"APEH, ATP3"
N6022,2,"ADH5, CBR1"
NADIDE,2,"APEH, ATP3"
PF-04236921,2,"IL6, TNF"
PF-04457845,2,"CRMP1, FAAH"
N-0385,2,"FRA8A, FRA8C"
PF-04620110,2,"DGAT1, GPI"
NAFARELIN,2,"GNRHR, GNRHR2"
NADROPARIN CALCIUM,2,"F10, SERPINC1"
BEGELOMAB,2,"DAPK1, DPP4"
BENSULIDE,2,"AR, PPARG"
NAFTIFINE,2,"ATM, SQLE"
BENZALKONIUM CHLORIDE,2,"MAPK1, TP53"
BENOXACOR,2,"AR, NFE2L2"
BUCLIZINE,2,"CHRM1, HRH1"
PF-04995274,2,"HTR4, NAT1"
BULEVIRTIDE,2,"CD40LG, SLC10A1"
BUFLOMEDIL,2,"CYP2D6, EHMT2"
BENDROFLUMETHIAZIDE,2,"SLC12A1, SLC12A3"
BROQUINALDOL,2,"AR, GMNN"
BRONTICTUZUMAB,2,"GPR37, NOTCH1"
BRONCHODILATOR,2,"ADRB2, CRHR2"
NAFOXIDINE,2,"AR, BAX"
NAFITHROMYCIN,2,"MRPL36, RPSA"
BUCILLAMINE,2,"HLA-DQB1, HLA-DRB1"
BW-A1433,2,"ABCA2, ABCA3"
BUPIRIMATE,2,"AR, NFE2L2"
PFI-3,2,"GLI4, GLP1R"
BUNITROLOL,2,"ADRB1, ADRB2"
PF-543,2,"FCAR, FCER1A"
PF-592379,2,"ALDH1A1, ALDH2"
MYRIOCIN,2,"FTH1P21, SPTLC3"
PF-03463275,2,"CD24P1, SLC6A9"
MYCOPHENOLATE SODIUM,2,"IMPDH1, IMPDH2"
MYCOPHENOLATE MOFETIL HYDROCHLORIDE,2,"IMPDH1, IMPDH2"
BAYCYSLT2,2,"AMHR2, AMPD1"
N- (9-FLUORENYLMETHOXYCARBONYL)-L-LEUCINE,2,"ALDH1A1, CYP2C9"
BAYK 8644,2,"CACNA1D, CACNA1F"
BAYU9773,2,"AMHR2, AMPD1"
BAZ2-ICR,2,"GLC#, GLC1B"
BEMESETRON,2,"KCNH2, RGS4"
MYELOID CELL LEUKEMIA 1 INHIBITOR PRT1419,2,"PBRM1, VHL"
BUSERELIN,2,"GNRHR, IGFBP1"
PF-03814735,2,"AURKA, AURKB"
BUTACLAMOL,2,"DRD1, MTOR"
BUTACHLOR,2,"AR, NFE2L2"
BUTACAINE,2,"CYP2D6, XK"
PF-07062119,2,"DLX6, GLRA2"
BT7480,2,"E11S, HLA-DOB"
N-ACETYLSEROTONIN,2,"EHMT2, HPGD"
BW284C51,2,"EHMT2, FRA17A"
N-METHYL LTC4,2,"AMHR2, AMPD1"
PF-05190457,2,"ALOX15, GHSR"
MUSCARINIC TOXIN 2,2,"AADAC, AARS1"
MUSCARINIC TOXIN 1,2,"AADAC, AARS1"
BUTORPHANOL TARTRATE,2,"OPRK1, OPRM1"
BUTOCONAZOLE,2,"HSP90AA1, KDM4A"
BV-6,2,"GNG10, GNG11"
PF‐06526290,2,"BARD1, SCN9A"
PF-06840003,2,"IDO1, XCR1"
BROMO-DEAZA-SAH,2,"DNMT1, GCNT1"
PENTOLINIUM TARTRATE,2,"CHRNA3, CHRNB4"
PENTOSALEN,2,"CYP3A4, PLK1"
PENTOSAN POLYSULFATE SODIUM,2,"LIPC, MMP1"
BRD4 INHIBITOR PLX2853,2,"ARID1A, BRD4"
BRAZIKUMAB,2,"IL12B, IL23A"
PEPCAN-12,2,"ACRV1, CNR2"
NANOLUC R3/I5 CHIMERA,2,"APRT, KLK3"
BENGALENSOL,2,"TAS2R46, ZFP36L2"
BEMPEGALDESLEUKIN,2,"DFNA19, IL2RB"
NEDOCROMIL,2,"CYSLTR1, GLCCI1"
BENAZEPRIL HYDROCHLORIDE,2,"ACE, AR"
NECITUMUMAB,2,"DXO, EGFR"
NEBULARINE,2,"HBB, TP53"
NELARABINE,2,"NT5C2, POLA1"
NELADENOSON,2,"ABAT, ADORA1"
BRANEBRUTINIB,2,"BTK, EFNB2"
NEOCUPROINE,2,"IDH1, TARDBP"
NEOCEPTIN-3,2,"GRIA1, TLR4"
PENBUTOLOL,2,"ADRB1, ADRB2"
PENBUTOLOL SULFATE,2,"ADRB1, ADRB2"
NEMONOXACIN,2,"CCL18, LINC00273"
NEPADUTANT,2,"AQP4, TACR2"
NEOPETROFORMYNE A,2,"EPAS1, HIF1A"
NEOMYCIN SULFATE,2,"MRPL36, RPSA"
PEPTIDE 30 [PMID: 27019010],2,"CPT1B, CPT2"
NE21650,2,"BLVRA, BNC1"
PEMETREXED TROMETHAMINE,2,"DHFR, GART"
PELCITOCLAX,2,"BCL2, BCL2L1"
BROMFENAC SODIUM,2,"PTGS1, PTGS2"
BROMETHALIN,2,"NFE2L2, RXRA"
PELUBIPROFEN,2,"COX8A, NFE2L2"
PEPEROMIN E,2,"CHUK, NFKBIA"
PEPOSERTIB,2,"GOLGA1, PRKDC"
NEPICASTAT,2,"DBH, FRV3"
NARATRIPTAN HYDROCHLORIDE,2,"HTR1B, HTR1D"
NAVEGLITAZAR,2,"PPARA, PPARG"
NAVAFENTEROL,2,"ADRB2, CHRM3"
NB-360,2,"FMO5, FMOD"
NAZARTINIB,2,"DXO, EGFR"
NAVICIXIZUMAB,2,"DLL4, VEGFA"
NALOXONE METHIODIDE,2,"CTDSP1, EHMT2"
NALOXEGOL,2,"OPN4, OPRM1"
BENZOIC ACID,2,"DAO, RAB9A"
PF-01247324,2,"BBS4, SCN10A"
BSJ-04-132,2,"CDK4, EIF4EBP1"
BSJ-03-204,2,"CDK4, EIF4EBP1"
BSJ-03-123,2,"CDK4, EIF4EBP1"
BSAB (CD89-CD20),2,"GATM, GUSM"
BS-181,2,"EIF4A1, EIF4EBP2"
PEXACERFONT,2,"ALAS2, CRHR1"
PESUDOGINSENOSIDE RP1 METHYL ESTER,2,"MAPK1, MAPK3"
BROMPHENIRAMINE,2,"EHMT2, HRH1"
BENZOPHENONE,2,"ALDH1A1, AR"
NBI-42902,2,"GNRHR, GNRHR2"
NBI-34041,2,"ALAS2, CRHR2"
NB-ACETYLTRYPTAMINE,2,"CYP1A2, CYP2C19"
BENZOPHENONE-THIOSEMICARBAZONE,2,"EHMT2, TARDBP"
BENZODODECINIUM CHLORIDE,2,"AR, ESR1"
NC1,2,"GTF3C2, NRG1"
BENZODROCORTISONE,2,"BDM, NR3C2"
NARATUXIMAB EMTANSINE,2,"CD37, H1-6"
BENZETHONIUM,2,"CYP2D6, USP1"
PENTOLINIUM,2,"CHRNA10, CHRNA4"
PENPULIMAB,2,"GM2A, PDCD1"
PENTACHLORONITROBENZENE,2,"AR, NFE2L2"
NAQUOTINIB,2,"DXO, EGFR"
NAPTUMOMAB ESTAFENATOX,2,"H1-5, TPBG"
NAPROXEN ETEMESIL,2,"PTGS1, PTGS2"
PERAZINE,2,"DRD2, EHMT2"
NC 8-12,2,"FASLG, SHROOM2"
MLN-3897,2,"ACTA1, ACTBP2"
PHYTOSTEROL,2,"APOE, GHRL"
PI 3-KG INHIBITOR II,2,"F5, F7R"
PIMARIC ACID,2,"CYP2C9, RARA"
PIMAVANSERIN,2,"A12M3, HTR2A"
CALCIUM OXYBATE,2,"GABBR1, GABBR2"
CAMICINAL,2,"ANTP4, MLNR"
MTOR KINASE INHIBITOR AZD8055,2,"HRAS, MTOR"
PIMAGEDINE,2,"CCR2, NOS2"
CAMLIPIXANT,2,"ATP1A4, P2RX3"
CAMIZESTRANT,2,"BCYRN1P2, ESR1"
PIDILIZUMAB,2,"CD274, PDCD1"
CA19-9 ANTIGEN,2,"FCGR3A, HGF"
CA-170,2,"CD274, VSIR"
PIDNARULEX,2,"BRCA1, BRCA2"
CADAZOLID,2,"MRPL36, RPSA"
CAMBENDAZOLE,2,"AR, GMNN"
CAL-263,2,"PIK3CD, PIK3CG"
PHLORIZIN,2,"CD7, CD8A"
PI3K-DELTA INHIBITOR AMG 319,2,"BTK, PIK3CD"
PI3KBETA INHIBITOR AZD8186,2,"KRAS, PTEN"
PI-3065,2,"F7, PIK3CB"
MORPHINE GLUCURONIDE,2,"ABCC3, OPN4"
MORONIC ACID,2,"NPSR1, PTPN1"
MORNIFLUMATE,2,"COX8A, NFE2L2"
BASIC FIBROBLAST GROWTH FACTOR,2,"NR5A1, SLC2A1"
MOEXIPRIL,2,"ACE, DAPK3"
MODIMELANOTIDE,2,"MC1R, MC3R"
MODIFIED VACCINIA ANKARA-BAVARIAN NORDIC,2,"ACP3, KLK3"
MOFEGILINE,2,"GNA11, MAOB"
MOFEBUTAZONE,2,"GLP1R, IDH1"
BATIRAXCEPT,2,"AXL, GAS6"
MONALIZUMAB,2,"GPR26, KLRC1"
MONOCILLIN I,2,"HSP90AA1, HSP90AB1"
MORUSINOL,2,"RELA, TARDBP"
MK-8033,2,"MET, MST1R"
PITAVASTATIN CALCIUM,2,"AR, HMGCR"
MK-8776,2,"EIF4A1, EIF5AP3"
PIROCTONE,2,"GMNN, SMAD3"
MK6-83,2,"ALDH7A1, MCOLN3"
AZD8329,2,"GMFA, HSD11B1"
AZD6538,2,"GRM5, SLC25A6"
AZD6703,2,"CTNNB1, MAPK14"
AZM-475271,2,"ABL1, SRC"
AZD7268,2,"APAF1, OPRD1"
MK-1064,2,"APBA2, APBB1"
MK-1029,2,"PTGDR, PTGDR2"
AZD7545,2,"GRM5, PDK2"
CANRENOATE POTASSIUM,2,"AR, NR3C2"
CANOCTAKIN,2,"CXCR1, CXCR2"
CANLITINIB,2,"AXL, DRD2"
CAPADENOSON,2,"ABAT, ADORA1"
AZD7009,2,"KCNH2, SCN5A"
AZENOSERTIB,2,"FIM1, WEE1"
AZETUKALNER,2,"AZF2, KCNQ3"
BALSTILIMAB,2,"CD274, PDCD1"
BAMBUTEROL,2,"ADRB2, FRA20A"
MOBOCERTINIB,2,"DXO, EGFR"
BALICATIB,2,"CTSK, FOLR2"
ML204,2,"ATP2A3, ATP2B1"
BALIXAFORTIDE,2,"ACTG1, CXCR4"
PIRPROFEN,2,"PTGS1, PTGS2"
PICO145,2,"ATP2A3, ATP2B1"
PIPERIDOLATE,2,"CYP2D6, CYP3A4"
ML324,2,"GFRA2, GGT3P"
MK-7622,2,"AADAC, CHRM1"
PIMIVALIMAB,2,"CD274, PDCD1"
MK-7145,2,"ASCL1, BAD"
MK-6913,2,"ESR1, ESR2"
MK-8719,2,"HK3, OGA"
ML130,2,"DMWD, DNA2"
PHANTASMIDINE,2,"CHRNA3, CHRNB4"
PHCCC,2,"ANOP1, SLC25A5"
PGJ2,2,"APOB, APOBEC1"
MS432,2,"MAP2K1, NR2F6"
PHA-408,2,"CHUK, DMTN"
PHA-543613,2,"ATF4, CHRNA7"
PG-102,2,"CD40, CD40LG"
MORACIN M,2,"FGF22, RACGAP1"
PHENOXYPROPAZINE,2,"MAOA, MAOB"
PHENMETRAZINE,2,"SLC6A2, SLC6A3"
PHENMETRAZINE HYDROCHLORIDE,2,"SLC6A2, SLC6A3"
PHENFORMIN,2,"PRKAA1, STK11"
BAY-593074,2,"ACRV1, CNR2"
BAY-069,2,"GRIA4, HOXB@"
BAY-1082439,2,"PIK3CA, PIK3CB"
C21,2,"CNC2, PRMT1"
PHENOXYCARB,2,"AR, NFE2L2"
MTI-31,2,"ALK, EML4"
MT47-100,2,"CYP1A1, CYP1A2"
MULTI-AGC KINASE INHIBITOR AT13148,2,"PIK3CA, PTEN"
BELORANIB,2,"CYP2J2, METAP2"
MUBRITINIB,2,"EN1, ERBB2"
BELUMOSUDIL MESYLATE,2,"ROCK1, ROCK2"
BEKANAMYCIN,2,"MRPL36, RPSA"
MULTIDRUG RESISTANCE MODULATOR,2,"BCL2, CSF2"
PHENAZINE,2,"EHMT2, NFE2L2"
MURAMYL DIPEPTIDE,2,"DNA2, DNAH6"
MUPADOLIMAB,2,"CCR3, NT5E"
PF-477736,2,"CHEK2, EIF5AP3"
PF-4800567,2,"ELF1, ELF2"
MRT67307,2,"FEN1, STOM"
MS40,2,"CRBN, NPBWR1"
MS363,2,"BRD3, GLC1C"
PHENAMIPHOS,2,"HPGD, PPARG"
BELACTOSIN A,2,"PSMB5, PSMB8"
MRS1093,2,"ABCA1, ABCA3"
MRS1088,2,"ABCA1, ABCA3"
MRS2179,2,"APBB2, EHMT2"
MOTOLIMOD,2,"DMP1, TLR8"
MOTIXAFORTIDE,2,"ACTG1, CXCR4"
BAY-8002,2,"CDC5L, CDC6"
MOTILIN,2,"ANTP4, MLNR"
MP-A08,2,"FCAR, FCER1A"
BAY-1125976,2,"AKT1, AKT2"
MPI-0485520,2,"FEN1, STOM"
MPEP,2,"SLC25A5, SLC25A6"
PHENYLARSINE OXIDE,2,"AR, F2L"
MPS1-IN-1,2,"CTNNB1, FGFR4"
PHV,2,"ARCN1, ARCN2"
PHYLLOLITORIN,2,"ACAT1, ACAT2"
PHT-427,2,"CSTP1, CTSO"
MORICIZINE,2,"CYP3A4, SCN5A"
BAY-299,2,"FDX1P1, GLC1D"
C1 ESTERASE INHIBITOR,2,"C1S, SERPING1"
C5A DES-ARG,2,"ACACB, ACADL"
BUTEIN,2,"ITGB2, POLK"
BUTAMBEN PICRATE,2,"TRPA1, TRPV4"
BDTX189,2,"EGFR, ERBB2"
PHENYLPROPANOLAMINE,2,"ADRA1A, ADRA2A"
PHENYLPROPANOLAMINE HYDROCHLORIDE,2,"ADRA1A, SLC6A2"
MRS928,2,"ABCA1, ABCA3"
MRS 2219,2,"ATP1A3, CYP2D6"
PHENYLTOLOXAMINE,2,"DRD1, DRD2"
PHI,2,"ARCN1, ARCN2"
PHENYLHYDRAZINE,2,"IDO1, VDR"
PHENYLACETYLRINVANIL,2,"ATP5F1BP1, CNR2"
BASIMGLURANT,2,"GRM5, SLC25A6"
BASMISANIL,2,"ARRB1, GABRA5"
MRS1042,2,"ABCA1, ABCA3"
MRS1041,2,"ABCA1, ABCA3"
PHENYLPROPANOLAMINE POLISTIREX,2,"ADRA1A, SLC6A2"
BI-505,2,"AXL, ICAM1"
OAG,2,"ATP2A2, ATP2B2"
O6-BENZYLGUANINE,2,"CYP1A2, CYP2B6"
OZARELIX,2,"GNRHR, GNRHR2"
OBINEPITIDE,2,"NPY2R, NPY4R"
OBICETRAPIB,2,"CETP, HPGD"
OBEXELIMAB,2,"CD19, FCGR2B"
PENICILLIOL B,2,"POLH, POLK"
OBEFAZIMOD,2,"NCBP1, NCBP2"
OXYPHENONIUM,2,"AARS1, CHRM1"
OBRINDATAMAB,2,"CD276, GSTA1"
OBP-801,2,"HDAC1, HDAC9"
OXYQUINOLINE SULFATE,2,"AR, NFE2L2"
OXYTETRACYCLINE CALCIUM,2,"MRPL36, RPSA"
PAEONOL,2,"CYP3A4, HPGD"
PACHYRRIZINE,2,"CYP3A4, USP1"
OBETICHOLIC ACID,2,"BCL5, NR1H4"
OCTAVERINE,2,"AR, ATAD5"
OZAGREL,2,"COX11, TBXAS1"
OZANEZUMAB,2,"GPR15, RTN4"
BMS-202,2,"ACRV1, CNR2"
BMS-193884,2,"ALDH1A3, ALDH1B1"
BMS-509744,2,"EPHA8, YES1"
BEVANTOLOL,2,"ADRB1, DRD2"
BMS-265246,2,"EGR4, EIF4A1"
O-1602,2,"ACTN3, ADCY3"
BISSALICYL FUMARATE,2,"HSD17B10, MAPT"
BIVALIRUDIN,2,"F2, FRA1C"
BIVALENT BRD4 INHIBITOR AZD5153,2,"BRD4, NRAS"
OCTYL_GALLATE,2,"AR, PPARD"
OCTYLONIUM,2,"GMNN, USP1"
OCTOPAMINE,2,"AQP7, HTR3A"
ODM-203,2,"FGFR1, FGFR2"
BI-9564,2,"BRD7, GLC3B"
BEVASIRANIB,2,"TLR3, VEGFA"
NVP-AAM077,2,"GRIN2A, GRIN2B"
NPY-(2-36) (PIG),2,"ANXA3, ANXA4"
NPY-(2-36),2,"ANXA3, ANXA5"
"NPY-(18-36) (HUMAN, PIG)",2,"ANXA5, APOA4"
NPY,2,"ANXA2P3, ANXA3"
BETA-GLUCAN,2,"CXCL2, FCGR3B"
BETA-TOXICAROL,2,"ATAD5, CYP3A4"
BMS-753426,2,"ACTA2, ACTBP2"
BI 749327,2,"ATP2B2, ATP2B3"
BI-167107,2,"ABO, ABR"
NS383,2,"BST2, BTD"
BEZUCLASTINIB,2,"DPT, KIT"
BGC201531,2,"AQP8, PTGER4"
NORFLUOXETINE,2,"A12M4, ATP5F1E"
BGP-15,2,"MAPK8, PARP1"
NORZOTEPINE,2,"CD8B, CD9"
NPY-(3-36) (PIG),2,"ANXA3, ANXA5"
PACRITINIB CITRATE,2,"FLT3, JAK2"
BMS-823778,2,"GMFA, HSD11B1"
BMS-820132,2,"GCK, GNRHR"
BMS-817399,2,"ACTA1, CCR1"
BMS-817378,2,"KDR, MET"
BMS-813160,2,"CCR2, CCR5"
P70S6K/AKT INHIBITOR M-2698,2,"AKT3, RPS6KB1"
BMS-852927,2,"NR1H2, NR1H3"
NVP‐TNKS656,2,"HLA-DMA, HLA-DMB"
BLZ-945,2,"CSF1R, CSF3R"
PAMOIC ACID,2,"ADAM10, FEN1"
PAMUFETINIB,2,"DRD2, DRD4"
PAMIDRONATE DISODIUM,2,"FDPS, PTH"
NUTLIN-3,2,"MDM2, TP53"
PALMIDROL,2,"ADCY3, ADH1C"
PALMITATE,2,"ABCD2, ESR1"
NUCLEOLIN ANTAGONIST IPP-204106N,2,"NCL, NPM1"
BLZ945,2,"PTEN, TP53"
BIM 23060,2,"AQP2, FASLG"
BIM 23059,2,"AQP2, FASLG"
OSOCIMAB,2,"F11, FRA1A"
OSELTAMIVIR PHOSPHATE,2,"NEU3, XK"
ONO-8711,2,"APOBER1, APOC4"
OXAZINE 89,2,"BACE1, FMO5"
OXENDOLONE,2,"AR, NFE2L2"
P-HYDROXYCINNAMALDEHYDE,2,"ALDH1A1, KDM4E"
OXANDROLONE,2,"AR, SULT2A1"
OMBITASVIR/PARITAPREVIR/RITONAVIR,2,"IFNL3, IFNL4"
OMIGAPIL,2,"GAPDH, SIAH1"
OXAPROZIN POTASSIUM,2,"PTGS1, PTGS2"
OMIDENEPAG,2,"APOC1, PTGER2"
ONASEMNOGENE ABEPARVOVEC-XIOI,2,"SMN1, SMN2"
ONARTUZUMAB,2,"DRD4, MET"
OTILIMAB,2,"CSF2, CSF2RA"
OXADIAZON,2,"AR, NFE2L2"
ORN-0829 HYDRATE,2,"HCRTR1, HCRTR2"
ORP-101,2,"OPRK1, OPRM1"
OPICINUMAB,2,"GPX7, LINGO1"
OPICAPONE,2,"COMT, FRA20B"
OPC-28326,2,"ADRA2B, ADRA2C"
OPTOBI-1,2,"ATP2B2, ATP2B3"
OPORTUZUMAB MONATOX,2,"EEF2, EPCAM"
BINDARIT,2,"CCL2, FYN"
BISANTRENE,2,"ABCB1, FTO"
BIMATOPROST (FREE ACID FORM),2,"APOC2, PTGFR"
ONO-2333MS,2,"ALAS2, CRHR1"
BIMEKIZUMAB,2,"IL17A, IL17F"
BIPHENYL,2,"NFE2L2, RXRA"
ORELABRUTINIB,2,"BTK, EFNB2"
OREXIN-A,2,"APBA2, APBB1"
BIS-TRIAZOLE DERIVATIVE 10,2,"FRA5B, PLG"
OREXIN-B,2,"APBA2, APBB1"
ORAL AZACITIDINE,2,"DNMT1, PARP1"
OXPRENOLOL,2,"ADRB1, ADRB2"
OMADACYCLINE TOSYLATE,2,"MRPL36, RPSA"
OMACETAXINE,2,"ABL1, BCR"
OXPRENOLOL HYDROCHLORIDE,2,"ADRB1, ADRB2"
OXICONAZOLE,2,"CYP3A4, NR1I2"
OXIGLUTATIONE,2,"AR, GSR"
OFATUMUMAB,2,"GATM, MS4A1"
OF-1,2,"GCLM, GLDC"
OTLERTUZUMAB,2,"CD37, H1-6"
OICR-9429,2,"CEBPA, NPBWR1"
OXO-ARPROMIDINE,2,"AMD1, AMD1P2"
OLARATUMAB,2,"DPP4, PDGFRA"
P05,2,"ARF6, ARG1"
OLEOYL-ESTRONE,2,"GRM2, GRM3"
OLEOCANTHAL,2,"ATP1B1P1, MET"
OLECLUMAB,2,"CCR3, NT5E"
OCRELIZUMAB,2,"GATM, MS4A1"
OL135,2,"CRMP1, CRP"
OLMUTINIB,2,"DXO, EGFR"
BI-4142,2,"DXO, EN1"
OLICERIDINE,2,"CYP2D6, OPRM1"
OLORINAB,2,"ACRV1, CNR2"
BIM 23034,2,"FASLG, SHROOM2"
BIX02188,2,"ERBB4, ERVT3"
BILASTINE,2,"AMD1, HRH1"
BL-1249,2,"ATP5F1E, ATP5ME"
OLSALAZINE,2,"KMT2A, MEN1"
BIOTINYLATED GAMBOGIC ACID,2,"TXN, TXN2"
OT-730,2,"ADRB1, ADRB2"
BIOMED 101,2,"LTB4R, LTB4R2"
OTENABANT,2,"ACRV1, CNR1"
OLODATEROL,2,"ABR, ADRB2"
OLODANRIGAN,2,"ACADS, AGTR2"
OLUTASIDENIB,2,"GPX1P2, IDH1"
OLUMACOSTAT GLASARETIL,2,"ACACA, ACACB"
BL-1021,2,"SLC6A2, SLC6A4"
PD1 INHIBITOR,2,"HAVCR2, MBD4"
PD-168393,2,"BMX, EGFR"
PD-170292,2,"CCKAR, CCKBR"
PD-360324,2,"CSF1, CSF1R"
NICERGOLINE,2,"ADRA1A, ADRA2A"
NIDUFEXOR,2,"BCL5, NR1H4"
NEUROPEPTIDE-Y,2,"NPY1R, NPY2R"
NPS 2143,2,"ACP5, KCNH2"
NEUROPEPTIDE W-30,2,"ANXA2P1, ANXA2P2"
NEUROPEPTIDE W-23,2,"ANXA2P1, ANXA2P2"
PEGINTERFERON ALFACON-1,2,"IFNAR1, IFNAR2"
NEUROTROPHIN-3,2,"DRG2, EBVS1"
NEUROTENSIN,2,"ANXA6, ANXA7"
NEUROPROTECTIVE AGENT,2,"BAX, NFE2L2"
PEGCETACOPLAN,2,"C3, MT-CO3"
PEGDINETANIB,2,"DRD2, KDR"
PEGVISOMANT,2,"DHFRP3, GHR"
BERKELEYAMIDE B,2,"CASP1, MMP3"
BRAF INHIBITOR BGB-3245,2,"BRAF, NRAS"
PCC0208017,2,"ESR1, ESR2"
PAZUFLOXACIN,2,"TOP2A, TOP2B"
BRADYKININ,2,"ASIC1, BDKRB2"
BNC375,2,"ATF4, CHRNA7"
PBF-509,2,"ABCA1, ADORA2A"
PBF-999,2,"ADORA2A, LINC00473"
NH-3,2,"BCGF1, THRB"
PEFCALCITOL,2,"ALDH7A1, VDR"
NILOTINIB HYDROCHLORIDE MONOHYDRATE,2,"ABL1, BCR"
PEG-CONJUGATED TLR7/8 AGONIST NKTR-262,2,"TLR7, TLR8"
PEG40-NMU,2,"NMUR1, NMUR2"
NIP,2,"ABO, ABR"
NIRIDAZOLE,2,"CYP1A2, HSD17B10"
NIRAPARIB TOSYLATE,2,"PARP1, PARP2"
PECAVAPTAN,2,"AVPR1A, AVPR2"
BOHEMINE,2,"EGR4, EIF4A1"
BPN14770,2,"COL12A1, PDE4D"
PEGFILGRASTIM-JMDB,2,"CSF3R, DHFR"
PEGINESATIDE,2,"DHCR24, EPOR"
NETARSUDIL DIMESYLATE,2,"ROCK1, ROCK2"
NEUROMEDIN B (1-30) (HUMAN),2,"ACAT1, ACAT2"
NEUROMEDIN B,2,"ACAT1, ACAT2"
PEGAPAMODUTIDE,2,"GCGR, GLP1R"
PEGAPTANIB,2,"NRP1, VEGFA"
PEGENZILEUKIN,2,"IL2RB, IL2RG"
NEUROPEPTIDE FF,2,"ANXA1, NPFFR1"
NEUROPEPTIDE B-29,2,"ANXA2P1, ANXA2P2"
NEUROMEDIN U-8,2,"NMUR1, NMUR2"
NEUROMEDIN U-25,2,"NMUR1, NMUR2"
NEUROMEDIN U-23,2,"NMUR1, NMUR2"
NEUROMEDIN S-33,2,"NMUR1, NMUR2"
PENICILLIN V,2,"HLA-B, NR1I2"
PENICILLIOL A,2,"POLH, POLK"
NEUREGULIN-2,2,"DPAGT1, ERBB4"
NF-KAPPAB DECOY,2,"NFKB1, NFKB2"
NEXTURASTAT A,2,"GART, GDF2"
BENZNIDAZOLE,2,"PRL, TAT"
BENZANTHRONE,2,"DNMT1, KDM4A"
NERVIANO,2,"AURKA, AURKB"
BENZENETHIOL,2,"HSPB1, JUN"
BENZYLPENICILLOYL POLYLYSINE,2,"FCER1A, FCER1G"
NEUREGULIN-1,2,"DPAGT1, ERBB4"
BOVINE CARTILAGE,2,"PLG, TGFB1"
NETILMICIN SULFATE,2,"MRPL36, RPSA"
BRECANAVIR,2,"ABCB1, ERVW-4"
BENZYDAMINE HYDROCHLORIDE,2,"PTGS1, PTGS2"
BRIGIMADLIN,2,"MDM2, TP53"
BENZYL SALICYLATE,2,"KCNH2, TDP1"
BENZPHETAMINE HYDROCHLORIDE,2,"SLC18A2, SLC6A2"
BP-CCL3,2,"ACTA1, ACTBP2"
BENZPIPERYLON,2,"CYP3A4, GLP1R"
NETOGLITAZONE,2,"CCND1, PPARG"
BETRIXABAN,2,"F10, FPR3"
BETAMETHASONE SODIUM PHOSPHATE,2,"AR, NR3C1"
BMS-681,2,"ACTA2, ACTBP2"
BETAMETHASONE VALERATE,2,"AR, NR3C1"
BMS-794833,2,"KDR, MET"
BETAXOLOL HYDROCHLORIDE,2,"ADRB1, EHMT2"
NOMEGESTROL ACETATE,2,"ESR1, PGR"
BERKELEYACETAL C,2,"CASP1, MMP3"
NORCLOBAZAM,2,"CYP2C19, GABRA2"
BETAHISTINE,2,"HRH1, HRH3"
NORETHYNODREL,2,"AR, PGR"
NM-3,2,"DIABLO, VEGFA"
NLX-101,2,"A1BG, HTR1A"
NKY80,2,"COL4A1, CTD"
PATRITUMAB DERUXTECAN,2,"ERBB3, TOP1"
NMS-P715,2,"CTNNB1, FGFR4"
BETACELLULIN,2,"DXO, ERBB4"
NPC 18565,2,"ASIC1, BDKRB2"
NPC 17731,2,"ASIC1, BDKRB2"
PARATHION,2,"ALDH1A1, CYP3A4"
NOLATREXED,2,"EHMT2, TYMS"
PARECOXIB,2,"LTF, PTGS2"
NODAKENIN,2,"GAA, L3MBTL1"
PAPAVEROLINE,2,"CYP2D6, HSD17B10"
NONACOG ALFA,2,"F10, F9"
BERBAMINE,2,"CYP3A4, HSD17B10"
BMS-986141,2,"APOH, F2RL3"
PARAMETHASONE,2,"NR3C1, SERPINA6"
PARAMETHASONE ACETATE,2,"AR, NR3C1"
BERKELEYAMIDE C,2,"CASP1, MMP3"
BERKELEYDIONE,2,"CASP1, MMP3"
BMS-986235,2,"ALDH3B2, ALDH9A1"
BERKELEYTRIONE,2,"CASP1, MMP3"
BMS-986202,2,"LPAR1, TYK2"
NONABINE,2,"CNR1, CNR2"
BENZTROPINE MESYLATE,2,"CHRM1, KCNH2"
BENZOXATHIAN,2,"ARSA, DRD1"
BMS-986142,2,"BTK, EFNB2"
NITRILOTRIACETIC ACID,2,"KDM4A, NFE2L2"
NITROPRUSSIDE,2,"ACE, NPR1"
NITROMIDE,2,"CYP3A4, NFE2L2"
BENZO[DEF]CHRYSENE,2,"AHR, GMNN"
NIZATIDINE,2,"HRH2, TAC1"
PAVINETANT,2,"AQP5, TACR3"
NITROSOUREA COMPOUND,2,"HPRT1, MGMT"
NIHP,2,"ABO, ABR"
NIMOTUZUMAB,2,"EGF, EGFR"
BPI-9016,2,"AXL, MET"
BERUBICIN HYDROCHLORIDE,2,"TOP2A, TOP2B"
BQ788,2,"ALDH1A3, EDNRB"
BERKELEYACETAL A,2,"CASP1, MMP3"
BERKELEYACETAL B,2,"CASP1, MMP3"
BET INHIBITOR,2,"FOXO1, KDM6A"
NM4-C16,2,"NMUR1, NMUR2"
PARSACLISIB,2,"F7, PIK3CD"
NOBILETIN,2,"CYP3A4, FOXL2"
PARGYLINE HYDROCHLORIDE,2,"MAOA, MAOB"
PARITAPREVIR,2,"IFNL3, KRAS"
NITROFEN,2,"AR, NFE2L2"
NITROBLUE TETRAZOLIUM,2,"KMT2A, MEN1"
PD 168368,2,"ACAT1, ACAT2"
BMS-986020,2,"AMPD3, LPAR1"
BOPINDOLOL,2,"ADRB3, EHMT2"
PD 174265,2,"DXO, EGFR"
PD 176252,2,"ACAT1, ACAT2"
PCI-27483,2,"F7, FRA1D"
PCMBS,2,"APEX1, KLF5"
BOMBESIN,2,"ACAT1, ACAT2"
PCO-371,2,"PTH1R, XIAP"
BORUSSERTIB,2,"PIK3CA, PTEN"
BOCOCIZUMAB,2,"FRA4A, PCSK9"
ATOVAQUONE,2,"MT-CYB, NFE2L2"
ATL1102,2,"ITGA4, ITGB1"
QUINUPRISTIN,2,"MRPL36, RPSA"
LUCATUMUMAB,2,"CD40, CD40LG"
QUINUPRISTIN/DALFOPRISTIN,2,"MRPL36, RPSA"
LUBIPROSTONE,2,"BUB1, CLCN2"
QUINIZARIN,2,"NFE2L2, VDR"
CANTHARIDIN,2,"MAPK1, PPP1CA"
QUINOCIDE,2,"USP1, VDR"
LUF5962,2,"ABAT, ADORA1"
RACEPINEPHRINE HYDROCHLORIDE,2,"ADRB2, KDM4E"
LULIZUMAB PEGOL,2,"CD28, GPR39"
RADANAMYCIN,2,"HSP90AA1, HSP90AB1"
RADEZOLID,2,"MRPL36, RPSA"
LOXORIBINE,2,"SARDH, TLR7"
LOXOPROFEN,2,"PTGS1, PTGS2"
LUFENURON,2,"ALOX15, NFE2L2"
QUILIZUMAB,2,"GLRA1, IGHE"
QUERCETIN-3'-O-PHOSPHATE,2,"ABCA5, ABCB1"
R-333,2,"JAK3, SYK"
R-348,2,"JAK3, SYK"
CHEMBL:CHEMBL124267,2,"CYP3A4, GFER"
"R,R-THC",2,"BCYRN1P2, ESR2"
QUINOSTATIN,2,"F5, F7R"
QUINOXYFEN,2,"NFE2L2, RXRA"
LTE4,2,"AMHR2, AMPD1"
CHEMBL:CHEMBL11458,2,"CYP1A2, CYP3A4"
LUTEIN,2,"APOE, CYP1A2"
ASTRESSIN 2B,2,"ALAS2, ALB"
ASUNERCEPT,2,"FAS, FASLG"
LUTIKIZUMAB,2,"IL1A, IL1B"
LXA4,2,"ALDH9A1, GPR32"
LX2931,2,"FUSE, SGPL1"
ATOPAXAR,2,"APOD, F2R"
ASTRESSIN,2,"ALAS2, ALB"
LONDAMOCITINIB,2,"EPHB1, EPHB2"
LONCASTUXIMAB TESIRINE,2,"CD19, GMFB"
RAF-265,2,"BRAF, KDR"
ASP-4058,2,"S1PR1, S1PR5"
LORECLEZOLE,2,"CYP1A2, HPGD"
LORECIVIVINT,2,"ELANE, EML1"
ASN007,2,"MAPK1, MAPK3"
CHEMBL:CHEMBL1256186,2,"EHMT2, VDR"
LITIFILIMAB,2,"CLEC4C, HLA-G"
LL-37,2,"ALDH9A1, ATP1B3P1"
LK 204-545,2,"ABO, ABR"
LJ-4517,2,"ABCA1, ABCA3"
CHEMBL:CHEMBL1256984,2,"EHMT2, MPHOSPH8"
ATC0175,2,"AMY2B, HTR2B"
CHEMBL:CHEMBL1256916,2,"CYP2D6, CYP3A4"
CHEMBL:CHEMBL1270168,2,"CYP2C19, GLP1R"
LITOXETINE,2,"HTR3A, SLC6A4"
CHEMBL:CHEMBL1256174,2,"EHMT2, KDM4E"
CHEMBL:CHEMBL1256689,2,"EHMT2, KCNH2"
CHEMBL:CHEMBL1256667,2,"ATAD5, IDH1"
RABUSERTIB,2,"CHEK1, EIF5AP3"
CHEMBL:CHEMBL1256510,2,"EHMT2, KDM4A"
CHEMBL:CHEMBL1256719,2,"RAPGEF4, VDR"
R3(B&DELTA;23-27)R/I5 CHIMERIC PEPTIDE,2,"APRT, KLK3"
CHEMBL:CHEMBL1224483,2,"ATAD5, GLP1R"
RALOXIFEN,2,"ESR1, ESR2"
LP99,2,"BRD7, GLC3B"
R-VK4-40,2,"ABCD1, ALDH1A1"
LP-211,2,"A1BG, ABCD1"
RAMATERCEPT,2,"ACVR2B, MSTN"
LSN2424100,2,"APBA2, APBB1"
LS-192629,2,"AQP9, ARAF"
RALIMETINIB MESYLATE,2,"AHSA1, MAPK14"
LOMEFLOXACIN,2,"EHMT2, TOP2A"
R3/I5,2,"APRT, KLK3"
LYS-COA,2,"GLI1, GLI3"
LYNGBYABELLIN A,2,"IDH1, PAX8"
LYSOPHOSPHATIDYLSERINE,2,"ADAM8, PARP1P2"
LYSOPHOSPHATIDYLINOSITOL,2,"ADCY3, ADH1C"
LYSINE,2,"ACP3, SMAD4"
LYS[Z(NO2)]-VAL,2,"CDK11B, SLC15A2"
LYS[Z(NO2)]-PRO,2,"CDK11B, SLC15A2"
LY-465608,2,"BCKDHA, CCND1"
LY3202626,2,"BACE1, FMO5"
LY320135,2,"ACRV1, CYP3A4"
AUTOLOGOUS PROSTATE CANCER ANTIGEN-EXPRESSING DENDRITIC CELL VACCINE BPX-101,2,"CD40, CD40LG"
AUTOLOGOUS BCMA/TACI-TARGETED CAR T CELLS AUTO2,2,"TNFRSF13B, TNFRSF17"
CHEMBL:CHEMBL112060,2,"SMN1, SMN2"
CHEMBL:CHEMBL111201,2,"ADRB1, ADRB2"
AUTOLOGOUS CCR4-CD30CAR-CD28-CD3ZETA-EXPRESSING T-LYMPHOCYTES,2,"CCR4, TNFRSF8"
CHEMBL:CHEMBL1172228,2,"EHMT2, POLI"
LYS[Z(NO2)]-LYS[Z(NO2)],2,"CDK11B, SLC15A2"
PURMORPHAMINE,2,"ALOX12, SMO"
PTHRP-(1-36),2,"BIRC5, XIAP"
"PTHRP-(7-34) (HUMAN, RAT, MOUSE)",2,"BIRC5, XIAP"
CHEMBL:CHEMBL1093369,2,"ATAD5, PKM"
PUCOTENLIMAB,2,"CD274, PDCD1"
PYRITHIONE SODIUM,2,"AR, NFE2L2"
PYRIDOSTIGMINE BROMIDE,2,"ACHE, AR"
PYRILAMINE MALEATE,2,"HRH1, KCNH2"
LY53857,2,"A12M3, A12M4"
M242,2,"ALOX12P1, GALR2"
PYRAZOPHOS,2,"AR, EHMT2"
AUMOLERTINIB,2,"DXO, EGFR"
AUNP-12,2,"GM2A, PDCD1"
AUPHEN,2,"BTF3P11, BTG1"
AUY954,2,"AMT, AMY2A"
LY97241,2,"BAAT, GRIK1-AS2"
AV-412,2,"EGFR, ERBB2"
PYRIPROXYFEN,2,"AR, NFE2L2"
LY2245461,2,"ESR1, ESR2"
AUTO3,2,"CD19, CD22"
AURANOFIN,2,"ATP1B1P1, IKBKB"
AURORA B/C KINASE INHIBITOR GSK1070916A,2,"AURKB, AURKC"
LY2969822,2,"GRM2, GRM3"
LY2940094,2,"APBA1, OPRL1"
AURORA KINASE INHIBITOR II,2,"EEF1D, EEF1G"
LY2886721,2,"BACE1, FMO5"
CHEMBL:CHEMBL117217,2,"CLK4, MAP4K2"
"PYY-(13-36) (MOUSE, RAT, PIG)",2,"ANXA3, ANXA5"
LY 156735,2,"ANK2, ANK3"
LXH254,2,"BRAF, RAF1"
PYY-(3-36),2,"ANXA3, ANXA5"
PYROVALERONE HYDROCHLORIDE,2,"SLC6A2, SLC6A3"
LY-2382770,2,"TGFB1, TGFBR1"
LY-518674,2,"BCKDHA, PPARA"
LY-510929,2,"BCKDHA, CCND1"
LY-2300559,2,"CYSLTR1, GRM2"
CHEMBL:CHEMBL118378,2,"EHMT2, PLK1"
PYRAFLUFEN-ETHYL,2,"AHR, NFE2L2"
PYRAZOLOACRIDINE,2,"TOP1, TOP2A"
QR-6401,2,"EGR4, EIF4A1"
QAF805,2,"ADORA2B, ADORA3"
LY339434,2,"ASS1P5, ASS1P6"
QAV680,2,"APOBEC1, PTGDR2"
QGC-001,2,"DNPEP, ENPEP"
LY255283,2,"AMFR, AMH"
PYRVINIUM,2,"APC, BRAF"
LY404039,2,"GRM2, GRM3"
LY395756,2,"ANPEP, SLC25A4"
ATOGEPANT,2,"CALCRL, S100A12"
LY2140023,2,"GRM2, GRM3"
LY2119620,2,"AAMP, AARS1"
LY2109761,2,"DNMT3A, DOCK3"
LY2033298,2,"AAMP, AARS1"
LY367385,2,"ANOP1, APEX1"
LERONLIMAB,2,"ACTBP2, CCR5"
AS70,2,"ABAT, ABCA2"
RECOMBINANT INTERLEUKIN-1 RECEPTOR ANTAGONIST,2,"BDNF, NOS1"
CHEMBL:CHEMBL1436543,2,"AR, SIRT1"
RECOMBINANT HUMAN THROMBOPOIETIN,2,"ITGB2, PTPRC"
RECOMBINANT INHIBIN,2,"BAX, FST"
RELAMORELIN,2,"GHRL, GHSR"
CHEMBL:CHEMBL1287866,2,"NQO1, NQO2"
RELAXIN-1,2,"APP, APPL1"
RELAXIN-3 (B CHAIN),2,"APRT, KLK3"
CHEMBL:CHEMBL137498,2,"CYP3A4, HSD17B10"
CHEMBL:CHEMBL1374610,2,"CYP2C9, CYP3A4"
REGLITAZAR,2,"BCKDHA, CCND1"
LETETRESGENE AUTOLEUCEL,2,"CTAG1B, CTAG2"
LETERMOVIR,2,"TARBP1, TRX-CAT1-2"
REGRELOR,2,"APEX1, P2RY12"
CHEMBL:CHEMBL1369632,2,"EHMT2, KCNH2"
CHEMBL:CHEMBL1379243,2,"PIK3CA, RXFP1"
ARTEANNUIN B,2,"MITF, NFE2L2"
ASENAPINE MALEATE,2,"DRD2, HTR2A"
CHEMBL:CHEMBL1388908,2,"GMNN, HPGD"
CHEMBL:CHEMBL1331995,2,"EHMT2, POLB"
CHEMBL:CHEMBL1329349,2,"GMNN, IDH1"
CHEMBL:CHEMBL1328677,2,"EHMT2, GFER"
CHEMBL:CHEMBL1337960,2,"CYP1A2, CYP2D6"
ASCORBYL PALMITATE,2,"APEX1, PPARD"
CHEMBL:CHEMBL1334191,2,"ATXN2, MAPT"
LEVOCETIRIZINE,2,"AMD1, HRH1"
LEVOMILNACIPRAN HYDROCHLORIDE,2,"SLC6A2, SLC6A4"
AS99,2,"ABAT, ABCA2"
LEVOMETHADONE,2,"COMT, OPRM1"
ASAPIPRANT,2,"APOB, PTGDR"
ASCIMINIB,2,"ABL1, BCR"
ASCIMINIB HYDROCHLORIDE,2,"ABL1, BCR"
ASIP [90-132 (L89Y)],2,"ANCR, ANG"
ARGININE,2,"ACP3, NOS3"
CHEMBL:CHEMBL1449731,2,"EHMT2, GMNN"
CHEMBL:CHEMBL1462710,2,"NPC1, RAB9A"
CHEMBL:CHEMBL1459149,2,"EHMT2, IDH1"
CHEMBL:CHEMBL1479114,2,"GMNN, TARDBP"
CHEMBL:CHEMBL1478462,2,"EHMT2, MITF"
ARHALOFENATE,2,"PPARG, SLC22A12"
ARZOXIFENE,2,"ESR1, ESR2"
LEVALBUTEROL,2,"ADRB2, TSHR"
CHEMBL:CHEMBL1401091,2,"ALDH1A1, ATAD5"
AS-252424,2,"F5, F7R"
AS-602868,2,"FLT3, IKBKB"
AS-703988,2,"MAP2K1, MAP2K2"
ARTICAINE / EPINEPHRINE,2,"CYB5R3, G6PD"
LEFAMULIN ACETATE,2,"MRPL36, RPSA"
LEDIPASVIR,2,"IFNL3, IFNL4"
LECANORIC ACID,2,"CYP3A4, HPGD"
CHEMBL:CHEMBL1402376,2,"GMNN, MAPT"
RELACATIB,2,"CTSK, FOLR2"
LEVDOBUTAMINE,2,"HSD17B10, KDM4E"
LEVALLORPHAN TARTRATE,2,"OPRK1, OPRM1"
REDIOCIDE A,2,"GCGR, PRKCA"
LEI105,2,"CRIP1, CRIP2"
LENRISPODUN,2,"COL10A1, COL8A1"
LENOMORELIN,2,"ALOX15, GHSR"
RECOMBINANT TUMOR NECROSIS FACTOR-BETA,2,"CCL17, FASLG"
ARISTOYUNNOLIN A,2,"MAPK1, MAPK3"
REMTOLUMAB,2,"IL17A, TNF"
LERIDISTIM,2,"CANX, CSF2RB"
RENCOFILSTAT,2,"GLUD1P5, PPID"
REPINOTAN,2,"A1BG, HTR1A"
LEPZACITINIB,2,"EPHB1, EPHB3"
REMIBRUTINIB,2,"BTK, EFNB2"
LAURYL ISOQUINOLINIUM,2,"HTT, USP1"
ARISTOLACTONE,2,"MAPK1, MAPK3"
RESENCATINIB,2,"DRD2, PTK2B"
LIMKI3,2,"CLN8, STX2"
LIGHT,2,"E2F3P1, EBVM1"
LIGELIZUMAB,2,"GLRA1, IGHE"
ASPIRIN-TRIGGERED RESOLVIN D1,2,"ALDH9A1, ATP5F1C"
LINCOMYCIN HYDROCHLORIDE,2,"MRPL36, RPSA"
CHEMBL:CHEMBL1290365,2,"FPR1, FPR2"
ASP5878,2,"DR1, FGFR3"
CHEMBL:CHEMBL1379900,2,"GBA1, MAPT"
CHEMBL:CHEMBL1288253,2,"NQO1, NQO2"
CHEMBL:CHEMBL1315166,2,"EHMT2, KCNH2"
CHEMBL:CHEMBL1308677,2,"BRCA1, RAB9A"
CHEMBL:CHEMBL1308346,2,"EHMT2, GLP1R"
ASP8477,2,"CRMP1, CRP"
ASOPRISNIL,2,"BDNF, PGR"
CHEMBL:CHEMBL1256796,2,"RAPGEF3, RAPGEF4"
CHEMBL:CHEMBL1256783,2,"ALPL, KDM4E"
CHEMBL:CHEMBL1288281,2,"NQO1, NQO2"
ATACICEPT,2,"TNFSF13, TNFSF13B"
ATC0065,2,"AMY2B, AMYP1"
CHEMBL:CHEMBL1255756,2,"KDM4C, KDM4E"
CHEMBL:CHEMBL1256325,2,"KDM4A, KDM4E"
LIXISENATIDE,2,"ALPL, GLP1R"
RADIPRODIL,2,"GRIN1, GRIN2B"
RADOTINIB,2,"ABL1, BCR"
RAZOXANE,2,"EHMT2, PLAU"
LISAVANBULIN,2,"TUB, TUBB"
LIPOSOMAL SN-38,2,"TOP1, TOP1MT"
RAVAGALIMAB,2,"CD40, CD40LG"
RAPALINK-1,2,"ETFB, MTOR"
LIRANAFTATE,2,"AR, KCNH2"
LIRAGLUTIDE,2,"ALPL, GLP1R"
LIRAFUGRATINIB,2,"DPYSL3, FGFR2"
LISOFYLLINE,2,"IL10, STAT4"
AS100,2,"ABAT, ABCA2"
RAZUPROTAFIB,2,"PTPRB, TEK"
CHEMBL:CHEMBL1287867,2,"NQO1, NQO2"
RECOMBINANT MACROPHAGE INFLAMMATORY PROTEIN-1 ALPHA,2,"CCL18, ITGAL"
LICOFELONE,2,"ALOX5, PTGS2"
RECOMBINANT NEMATODE ANTICOAGULANT PROTEIN C2,2,"F3, F7"
RECOMBINANT OX40 LIGAND,2,"CCL5, CSF2"
RECOMBINANT INTERLEUKIN-1-BETA,2,"FOS, IFNG"
LIATERMIN,2,"GDNF, GFRA1"
RECOMBINANT LYMPHOTOXIN BETA,2,"CCL21, CXCL8"
ASP-0819,2,"ARG2, KCNN4"
LEVOCABASTINE,2,"ANXA7, HRH1"
LEVISOPRENALINE,2,"EHMT2, VDR"
ARRY-382,2,"CSF1R, DPYD"
ARRY-502,2,"APOBEC1, PTGDR2"
ARS-1620,2,"GPM6B, KRAS"
ARSANILIC ACID,2,"ESR1, KDM4E"
CHEMBL:CHEMBL1370698,2,"CYP2C19, HSD17B10"
CHEMBL:CHEMBL1385558,2,"EHMT2, HSP90AA1"
RECOMBINANT INTERFERON BETA,2,"FOS, NTF3"
CHEMBL:CHEMBL1257031,2,"IDH1, KCNH2"
CHEMBL:CHEMBL1257022,2,"NFE2L2, PPARD"
LINCOMYCIN,2,"MRPL36, RPSA"
LINACLOTIDE,2,"DLX6, GUCY2C"
RANATENSIN,2,"ACAT1, ACAT2"
LINRODOSTAT,2,"IDO1, XCR1"
LINURON,2,"AHR, AR"
LINTUZUMAB,2,"CD33, GAPDHP60"
CHEMBL:CHEMBL1287895,2,"NQO1, NQO2"
LGX-806,2,"BRAF, RAF1"
CHEMBL:CHEMBL1346468,2,"BAZ2B, TP53"
CHEMBL:CHEMBL1339015,2,"CYP2C19, CYP2D6"
RECOMBINANT BETA CHEMOKINE,2,"CCL22, GZMA"
CHEMBL:CHEMBL1351908,2,"NOD2, PAX8"
RECOMBINANT COLONY STIMULATING FACTOR,2,"BGLAP, COL18A1"
CHEMBL:CHEMBL1288014,2,"CYP2C19, CYP3A4"
CHEMBL:CHEMBL1287981,2,"APOBEC3F, APOBEC3G"
LINTOPRIDE,2,"HTR3A, HTR4"
MEZAGITAMAB,2,"CD38, GMPR"
MEVOCICLIB,2,"CDK7, EIF4EBP2"
MEVIDALEN,2,"ALCAM, DRD1"
AZD4877,2,"GNG7, KIF11"
AZD5069,2,"ACTBP8, ACTBP9"
POTASSIUM CHLORIDE,2,"G6PD, SLC12A1"
METHYLPREDNISOLONE SODIUM SUCCINATE,2,"AR, NR3C1"
PWT-33579,2,"MTOR, PIK3CA"
METHOXYARACHIDONOYL FLUOROPHOSPHONATE,2,"KAT2A, VDR"
PRALIDOXIME CATION,2,"ACHE, FRA17A"
PRALMORELIN,2,"GHSR, PGD"
CCL21,2,"ACKR4, ACTBP4"
CCL20,2,"ACTBP3, ACTC1"
CCL18,2,"ACTA1, ACTB"
CCL4,2,"ACTA1, ACTBP2"
CCL3,2,"ACTA1, ACTBP2"
PRAZIQUANTEL,2,"CYP2C19, HPGDS"
METOCHALCONE,2,"ABCB1, GMNN"
METIPRANOLOL HYDROCHLORIDE,2,"ADRB1, ADRB2"
METOPROLOL TARTRATE,2,"ADRB1, NPY1R"
METOPROLOL SUCCINATE,2,"ADRA1D, ADRB1"
POTASSIUM OXYBATE,2,"GABBR1, GABBR2"
CAY10499,2,"CRKL, CRMP1"
CCG-203920,2,"GP1BA, GP2"
CC-90011,2,"DNASE1L3, GEM"
AZD4320,2,"GPR21, GPR22"
CC-90005,2,"CTAG1B, CTBP2"
CBP-501,2,"MAPKAPK2, MARK3"
CARISOPRODOL,2,"CBX1, CYP2C19"
AZD-7762,2,"CHEK1, YES1"
CARIPRAZINE HYDROCHLORIDE,2,"DRD2, DRD3"
AZD-8055,2,"FKBP1A, MTOR"
AZD5672,2,"ACTBP2, CCR5"
AZD6280,2,"GABRA2, GABRA3"
AZD0284,2,"BAK1P1, RORC"
AZD-8330,2,"MAP2K1, MAP2K2"
METHIOCARB,2,"ESR1, NFE2L2"
METHIMEPIP,2,"AMELX, HRH3"
PRALNACASAN,2,"CASP1, DAZ1"
CD2314,2,"BCL2L1, BCL2L2"
PRACTOLOL,2,"ABO, ADRB1"
CCX354,2,"ACTA1, CCR1"
CCT365623,2,"GPR31, HIVEP2"
CCL28,2,"ACTB, ACTBP7"
CD40 LIGAND,2,"CD40, E2F4"
CCK-33,2,"CCKAR, CCKBR"
CCG-63808,2,"GP1BA, POLH"
CCL15,2,"ACTA1, ACTB"
CCL14,2,"ACTA1, ACTBP2"
PRI-724,2,"CREBBP, CTNNB1"
PREGNENOLONE,2,"ESRRA, NFE2L2"
METAPROTERENOL,2,"ABR, ADRB2"
CCT251545,2,"CDK19, EIF4EP1"
CCL26,2,"ACTA2, ACTB"
CCL25,2,"ACKR4, ACTBP6"
CCL24,2,"ACTA2, ACTB"
CASTANOSPERMINE,2,"GAA, GBA1"
AZ960,2,"EPHB2, JAK2"
CASPOFUNGIN,2,"GSC, SLCO1B1"
AZD1446,2,"CHRNA4, CHRNB2"
AZD1656,2,"GCK, GNRHR"
METHAPYRILENE HYDROCHLORIDE,2,"HRH1, KCNH2"
AZD1940,2,"ACRV1, CNR2"
AZD1981,2,"APOBEC1, PTGDR2"
METHYL YELLOW,2,"AR, NFE2L2"
AZD0328,2,"ATF4, CHRNA7"
AZD1080,2,"ENSA, SLC29A1"
AZD1236,2,"ACE, DCK"
METHYLCELLULOSE,2,"AHR, THBS1"
AZD1386,2,"ATP5F1BP1, TRPV1"
CAULIBUGULONE D,2,"CYP3A4, TP53"
MIPOMERSEN,2,"APOB, LDLR"
MINOPAFANT,2,"AR, PTAFR"
PN10,2,"FANCG, RIPK2"
MIRIPIRIUM,2,"HTT, USP1"
PLOZALIZUMAB,2,"ACTA2, CCR2"
CARBOPROST TROMETHAMINE,2,"PTGER1, PTGFR"
PLX-5622,2,"CSF1R, CSF3R"
MICROCYSTIN-LR,2,"HPX, PPP1CA"
PLIXORAFENIB,2,"EFNA2, FAH"
AZD3514,2,"AR, BRAF"
AZD3965,2,"CDC5L, CDC6"
CARGLUMIC ACID,2,"CPS1, NAGS"
AZD2423,2,"ACTA2, CCR2"
CAPREOMYCIN SULFATE,2,"MRPL36, RPSA"
AZD2927,2,"ASIP, KCNJ5"
AZD9574,2,"GNAI2, GNAI2P1"
PLITIDEPSIN,2,"EEF1A2, PPT1"
CALCIUM,2,"RYR1, VDR"
AZOXYSTROBIN,2,"AR, NFE2L2"
B-9430,2,"ASIC1, BDKRB2"
AZILSARTAN MEDOXOMIL,2,"ACADM, AGTR1"
MITOFLAXONE,2,"ANPEP, CSF2"
MITIGLINIDE CALCIUM DIHYDRATE,2,"ABCC8, KCNJ11"
PKI166,2,"DXO, EGFR"
CAPROMAB,2,"FOLH1, KLK3"
PMBA,2,"ARVD3, GLRA1"
CANDIDIN,2,"ALDH1A1, IDH1"
CANAVANINE,2,"CYP3A4, EHMT2"
CANAKINUMAB,2,"HLA-DRB1, IL1B"
PL37,2,"ANPEP, MME"
PIXATIMOD,2,"GYPE, HPSE"
PK 11195,2,"AR, NR1I3"
MIZOLASTINE,2,"AMD1, HRH1"
MIVEBRESIB,2,"DNER, EFNA4"
CARBETAPENTANE,2,"CYP2D6, EHMT2"
PLB1003,2,"ALK, EML4"
PLECANATIDE,2,"DLX6, GUCY2C"
MIANSERIN HYDROCHLORIDE,2,"BAZ2B, EHMT2"
CARTEOLOL,2,"ADRB1, ADRB2"
CARPROFEN,2,"CPT2, PTGS2"
CAROTUXIMAB,2,"ENG, GRID2"
POMAGLUMETAD METHIONIL,2,"GRM2, GRM3"
CASOPITANT,2,"AQP3, TACR1"
MIROGABALIN BESYLATE,2,"CACNA2D1, CACNA2D2"
CARBINOXAMINE,2,"CHRM1, HRH1"
CARBOXYAMIDOTRIAZOLE OROTATE,2,"IL2, PIK3CA"
POLO-LIKE KINASE 1 INHIBITOR GSK461364,2,"CDKN2A, PLK1"
MGS-0210,2,"GRM2, GRM3"
PNU-120596,2,"ATF4, CHRNA7"
POBILUKAST,2,"AMHR2, AMPD1"
MICROPARTICLE MDP/BACTERIAL DNA-CONTAINING MIS416,2,"NOD2, TLR9"
MICRONOMICIN,2,"MT-ND1, MT-RNR1"
POLYGODIAL,2,"ATP1B1P1, TRPV1"
AZELAPRAG,2,"ACADSB, APLNR"
AZELASTINE,2,"AMD1, HRH1"
AZELIRAGON,2,"AGER, GPR20"
AZD8330,2,"MAP2K1, MAP2K2"
MIT1,2,"APOA1, APOA2"
MISTLETOE EXTRACT,2,"IL2, MAPK14"
MIFANERTINIB,2,"DXO, EN1"
MILNACIPRAN HYDROCHLORIDE,2,"SLC6A2, SLC6A4"
PLAZOMICIN SULFATE,2,"MRPL36, RPSA"
AZD9272,2,"GRM5, SLC25A6"
AZD7624,2,"AHSA1, CTNNB1"
AZD7687,2,"DGAT1, GPI"
MINIMISED RELAXIN-3 ANALOGUE 3,2,"APRT, KLK3"
MINIMISED RELAXIN-3 ANALOGUE 2,2,"APRT, KLK3"
PLAZOMICIN,2,"MRM2, MT-RNR1"
MGD-010,2,"CD79B, FCGR2B"
MG149,2,"GDI1, GDNF"
MILATUZUMAB,2,"CD74, GPR17"
PROTOKYLOL HYDROCHLORIDE,2,"ADRB1, ADRB2"
PROTOXIN II,2,"BBS1, NKX3-2"
CGP 20712A,2,"ABO, ACAA1"
PROTEIN S,2,"AXL, SLC26A2"
PROSULTIAMINE,2,"GMNN, VDR"
CERLAPIRDINE,2,"HTR6, NATP"
MCH (SALMON),2,"AMY2B, AMYP1"
PRE-084,2,"CYP3A4, SIGMAR1"
MDMB-FUBINACA,2,"ACRV1, CNR2"
MDM2 ANTAGONIST RO6839921,2,"MDM2, TP53"
MDX-447,2,"EGFR, FCGR1A"
MDX-210,2,"ERBB2, FCGR1A"
MART-1 ANTIGEN,2,"CSF2, HMGB1"
AVOSENTAN,2,"ALDH1B1, EDNRA"
AX-024,2,"GLRA2, NCK1"
MAXADILAN,2,"ADCYAP1R1, ARCN1"
PRUXELUTAMIDE,2,"AR, BEVI"
CETHROMYCIN,2,"MRPL36, RPSA"
CERULETIDE,2,"CCKAR, CCKBR"
AZ-4217,2,"BACE1, FMO5"
CENERIMOD,2,"AMT, S1PR1"
CENDAKIMAB,2,"IL13, IL13RA2"
CELL SURFACE ANTIGEN,2,"CP, IL15"
MECAMYLAMINE HYDROCHLORIDE,2,"CHRNA3, CHRNB4"
MEBEVERINE HYDROCHLORIDE,2,"CYP3A4, IDH1"
PROTOCATECHUIC ACID,2,"GAA, POLB"
PROPOXYCAINE,2,"CYP1A2, CYP2D6"
PROPAZINE,2,"APEX1, TDP1"
PROPENTOFYLLINE,2,"CYP1A2, RGS4"
PROPIDIUM,2,"APEX1, BAZ2B"
PROTUBOXEPIN A,2,"BCL2, CDK1"
PROXIBARBAL,2,"AOC1, MAOA"
MBX-2982,2,"ADH1C, GPR119"
MCS-110,2,"CSF1, CSF1R"
MECLOCYCLINE SULFOSALICYLATE,2,"MRPL36, RPSA"
PTD10,2,"CRBN, EFNB2"
MAGNOLOL,2,"GLP1R, SLC5A7"
PTH-(1-34) (RAT),2,"BIRC5, XIAP"
PTHRP-(1-21)/PTH-(22-34) (HUMAN),2,"BIRC5, XIAP"
CHAETOCIN,2,"EHMT2, GKP5"
CHEMBL:CHEMBL101168,2,"CYP1A2, CYP3A4"
PTAEROXYLIN,2,"ALOX15, CYP3A4"
CHELIDAMIC ACID,2,"EHMT2, NFKB1"
MAVORIXAFOR,2,"ACTG1, CXCR4"
CFZ533,2,"CD40, E2F4"
MAGNESIUM OXYBATE,2,"GABBR1, GABBR2"
MALTOSE,2,"GLA, MGAM"
MALTOL,2,"KDM4A, KDM4E"
MALONIC ACID,2,"DDO, ME3"
M084,2,"ATP2A3, ATP2B1"
CHEMBL:CHEMBL1078244,2,"ATAD5, BRCA1"
PUUPEHENONE,2,"EPAS1, HIF1A"
CEVIMELINE HYDROCHLORIDE,2,"CHRM1, CHRM3"
AVEXITIDE,2,"ALPL, GLP1R"
MAVELERTINIB,2,"DXO, EGFR"
MAVATREP,2,"ATP5F1BP1, TRPV1"
AVITRIPTAN,2,"A2M, A2MP1"
MB-07803,2,"FBP1, FBP2"
MAZAPERTINE SUCCINATE,2,"DRD2, HTR1A"
AVN-944,2,"IMPDH1, IMPDH2"
MANUMYCIN A,2,"POLK, VDR"
PRULIFLOXACIN,2,"AR, CCL18"
MAPRACORAT,2,"BDM, NR3C1"
MAPK13-IN-1,2,"CTNNB1, MAPK13"
MAP855,2,"BRAF, MAP2K1"
PRUCALOPRIDE,2,"HTR4, NAT1"
MARDEPODECT,2,"COL19A1, LINC00473"
MADOLIN U,2,"MAPK1, MAPK3"
MADOLIN T,2,"MAPK1, MAPK3"
MADOLIN A,2,"MAPK1, MAPK3"
MANOALIDE,2,"DHX36, PLA2G1B"
CCT245737,2,"CHEK2, EIF5AP3"
CCT241533,2,"CHEK2, EIF5AP3"
AZD-1236,2,"MMP12, MMP9"
MERADIMATE,2,"AR, GMNN"
MESORIDAZINE BESYLATE,2,"DRD2, HTR2A"
MESMULOGENE ANCOVACIVEC,2,"IL2, MUC1"
AZALANSTAT,2,"CPD, CPT1A"
CERIVASTATIN SODIUM,2,"AR, HMGCR"
AZAMETHIPHOS,2,"AR, NFE2L2"
MET-LYS-BRADYKININ,2,"ASIC1, BDKRB2"
PROBUCOL,2,"ABCA1, KCNH2"
MESOTRIONE,2,"NFE2L2, RXRA"
PRINABEREL,2,"BCYRN1P2, ESR2"
MELITRACEN,2,"GMNN, USP1"
PRL-2970,2,"AQP2, SHROOM2"
PROPANIDID,2,"ACHE, BCHE"
MERSALYL,2,"KAT2A, VDR"
METELIMUMAB,2,"TGFB1, TGFBR1"
METHACHOLINE,2,"AAVS1, ADRB2"
METHABENZTHIAZURON,2,"AHR, NFE2L2"
METHAPHIT,2,"CYP2D6, CYP3A4"
PRODIGIOSIN,2,"TOP1, TP53"
PROCARBAZINE HYDROCHLORIDE,2,"GFAP, TNF"
METHANESULFONIC ACID METHYL ESTER,2,"APEX1, NFE2L2"
PROCATEROL HYDROCHLORIDE,2,"ADRB2, HIF1A"
AZD-0424,2,"ABL1, SRC"
PROADIFEN,2,"CYP2D6, CYP3A4"
MEPTAZINOL,2,"BCHE, OPRM1"
MEPREDNISONE,2,"AR, NR3C1"
MERIMEPODIB,2,"GATA3, IMPDH1"
CDK4 INHIBITOR II,2,"CDK4, EIF4A1"
AZ12260493,2,"BAK1P2, BCL3"
AXELOPRAN,2,"OPN4, OPRM1"
AXT914,2,"ACP5, CASR"
METHADYL ACETATE,2,"OPN4, OPRM1"
PROPIONIBACTERIUM ACNES,2,"CD9, FLG"
PROPIONIC ACID,2,"ALDOA, FFAR3"
CEPHALOSPORIN C ZINC SALT,2,"KDM4E, MPHOSPH8"
AVE0847,2,"PPARD, PPARG"
CEFAZOLIN,2,"EHMT2, KDM4A"
AVACOPAN,2,"ACACB, C5AR1"
CEFMETAZOLE SODIUM,2,"GLS, POLH"
MEK INHIBITOR IMM-1-104,2,"BRAF, NRAS"
PROPANIL,2,"AR, CYP3A4"
MEK 1/2 INHIBITOR FCN-159,2,"BRAF, NRAS"
MEFLOQUINE HYDROCHLORIDE,2,"ATXN2, IDH1"
MELANIN-CONCENTRATING HORMONE,2,"AMY2B, AMYP1"
AZ20,2,"ATR, ATRX"
MEK INHIBITOR PD-98059,2,"GCG, NRG1"
MEBANAZINE,2,"MAOA, MAOB"
ME0328,2,"FFAR1, GNAI2"
MECETRONIUM,2,"HTT, USP1"
MEK INHIBITOR II,2,"ERPL2, MAP2K1"
MEN 10376,2,"AQP4, RECQL"
PROPARACAINE,2,"CYP1A2, SCN10A"
PROLINE,2,"PPIA, PPIB"
CDK2 INHIBITOR III,2,"EGR4, EIF4A1"
PRONETALOL,2,"ADRB1, ADRB2"
PROGLUMIDE,2,"CCKAR, CCKBR"
PROKINETICIN-1,2,"APOA1, APOA2"
PROKINETICIN-2,2,"APOA1, APOA2"
CEP-33779,2,"EPHB2, EPHB3"
MEM 1414,2,"PDE4A, PDE4B"
MEPENZOLATE BROMIDE,2,"CHRM1, CHRM3"
MEPANIPYRIM,2,"AR, NFE2L2"
PROGABIDE,2,"GABBR1, GABRA1"
MEPHENTERMINE,2,"ADRA1A, DRD2"
PROSAPTIDE,2,"ADAR, ADARB1"
PROPOXYPHENE HYDROCHLORIDE,2,"OPN4, OPRM1"
PROPYLENE GLYCOL MONOSTEARATE,2,"EHMT2, MAPT"
PROKINETICIN-2&BETA;,2,"APOA1, APOA2"
CINACALCET HYDROCHLORIDE,2,"CASR, PPARD"
VIAGENPUMATUCEL-L,2,"CD80, HSP90B1"
VEGFE,2,"DRD2, DRD3"
VEGFC,2,"DRD2, DRD3"
VEGFA,2,"DRD1, DRD2"
CILOFEXOR,2,"BCL5, NR1H4"
DIGERANYL BISPHOSPHONATE,2,"CXCR5, GGPS1"
DIFFRACTAIC ACID,2,"GFER, PLK1"
VEGF/HGF-TARGETING DARPIN MP0250,2,"HGF, VEGFA"
DIFLOMOTECAN,2,"ABCG2, TOP1"
DIFLUBENZURON,2,"AHR, RXRA"
6-DIAZO-5-OXO-L-NORLEUCINE,2,"DDIT3, GLS"
DILPACIMAB,2,"DLL4, VEGFA"
DIMAPRIT,2,"AMELX, HRH3"
DIMENHYDRINATE,2,"CYP2D6, HRH1"
VELUSETRAG,2,"HTR4, NAT1"
CHLORPYRAMIN HYDROCHLORIDE,2,"FLT4, PTK2"
VELTUZUMAB,2,"GATM, MS4A1"
CHLORPHENIRAMINE MALEATE,2,"HRH1, KCNH2"
VELSECORAT,2,"BDM, NR3C1"
VELPATASVIR,2,"IFNL3, IFNL4"
VEPAFESTINIB,2,"PTK2B, RET"
VENLAFAXINE HYDROCHLORIDE,2,"SLC6A2, SLC6A4"
VENGLUSTAT,2,"FUT6, UGCG"
DIMETHISOQUIN,2,"CYP1A2, CYP2D6"
3-HYDROXYCOUMARIN,2,"DAO, HPGD"
DIELDRIN,2,"AR, NFE2L2"
CIFORADENANT,2,"ABCA1, ADORA2A"
CILANSETRON,2,"HTR3A, HTR3B"
3-KETO-LITHOCHOLIC ACID,2,"BCL7A, NBEAP1"
3M-002,2,"DMP1, TLR8"
CIPEMASTAT,2,"DBP, MMP8"
3-PHENYL-CPP,2,"BUB1B, BVR1"
2MESAMP,2,"APEX1, BIRC2"
2MD,2,"BCL7A, VDR"
264W94,2,"CD44, SLC10A2"
CINTAZONE,2,"KDM4A, VDR"
CIMPUCICLIB,2,"CDK4, EIF4EBP1"
"3,3'-DIFLUOROBENZALDAZINE",2,"ATAD5, SLC25A6"
DICOFOL,2,"AR, KCNH2"
VESTIPITANT,2,"AQP3, TACR1"
VESAMICOL,2,"CDH15, CYP2D6"
DIGALLIC ACID,2,"POLA1, POLB"
CI-218872,2,"CYP1A2, HSD17B10"
VICRIVIROC,2,"ACTBP2, CCR5"
VIC 1911,2,"EEF1D, EEF1G"
CHROMOCARB,2,"ADORA1, ADORA3"
VIBEGRON,2,"ACAA1, ADRB3"
CHRYSENE,2,"AHR, NFE2L2"
CIMIRACEMATE A,2,"MAPK1, MAPK3"
DIENOGEST,2,"ESR1, PGR"
CHF-5074,2,"FRA6B, GLUL"
CHF-6366,2,"AANAT, ABR"
CHF4227,2,"ESR1, ESR2"
VALRUBICIN,2,"AR, TOP2A"
CHLOROXURON,2,"AR, NFE2L2"
CHLOROPHACINONE,2,"AR, NFE2L2"
VALINOMYCIN,2,"ABCB1, SST"
CHLOROPYRAMINE,2,"CYP2C19, CYP2D6"
VALERIAN ROOT EXTRACT,2,"CYP2E1, CYP3A4"
DIPHENOXYLATE,2,"OPN4, OPRM1"
DIPHEMANIL METHYLSULFATE,2,"CHRM1, CHRM3"
CIDOFOVIR ANHYDROUS,2,"CXCL8, SLC22A6"
DIVALPROEX SODIUM,2,"ABAT, ALDH5A1"
DIRITHROMYCIN,2,"MRPL36, RPSA"
VANUCIZUMAB,2,"ANGPT2, VEGFA"
UTOMILUMAB,2,"E11S, TNFRSF9"
DIPRAGLURANT,2,"GRM5, SLC25A6"
VABICASERIN,2,"HTR2B, HTR2C"
DO34,2,"CRIP1, CRIP2"
4P-PDOT,2,"ANK2, ANK3"
"4-[3-(1,4-DIAZEPAN-1-YLCARBONYL)-4-FLUOROBENZYL]PHTHALAZIN-1(2H)-ONE",2,"PARP1, PARP3"
CHEMBL:CHEMBL78920,2,"EGLN1, HIF1AN"
"5&BETA;-PREGNANE-3,20-DIONE",2,"BCL9, NBEAP1"
4'-METHOXYCHALCONE,2,"ALDH1A1, VDR"
"DITHIIPIN-1,1,4,4-TETROXIDE ANALOGUE 7",2,"ALOX12P1, GALR2"
VARDENAFIL,2,"CYP3A5, PDE5A"
CICLOPROLOL,2,"ABO, ABR"
DIHYDROXYPHENYLGLYCINE,2,"CYP3A4, KDM4E"
DILMAPIMOD,2,"CTNNB1, MAPK14"
DIHYDROSPHINGOSINE 1-PHOSPHATE,2,"ADCY6, AMY1C"
DIHYDROSTREPTOMYCIN SULFATE,2,"MRPL36, RPSA"
4-AMBA,2,"CDK11B, SLC15A2"
DIMETHYLTRYPTAMINE,2,"A2MP1, NATP"
DIMPYLATE,2,"CYP3A4, RAPGEF4"
4-ACRYLOYLPHENOL,2,"FRA16E, FRA17B"
CHLOROETHYLCLONIDINE,2,"EHMT2, HIF1A"
CHLORMERODRIN,2,"ALDH5A1, SLC12A1"
CHF 4227,2,"ESR1, ESR2"
CHORIOGONADOTROPIN ALFA,2,"FSHR, LHCGR"
3-IODOBENZYLGUANIDINE,2,"SLC6A2, TH"
VARLITINIB,2,"EGFR, ERBB2"
DIPICOLINIC ACID,2,"KDM4E, PTPN22"
DIPIVEFRIN,2,"ADRA2A, ADRB1"
DIPHENYLPYRALINE,2,"CYP2D6, HRH1"
VEDOLIZUMAB,2,"ITGA4, ITGB7"
VECABRUTINIB,2,"BTK, EFNB2"
VEBRELTINIB,2,"DRD4, MET"
VCXCL1,2,"ACTBP8, ACTBP9"
CHIR-124,2,"EIF5AP3, TP53"
CHIR-98014,2,"ENSA, SLC29A1"
CHOLESTEROL,2,"BCL2L1, NFE2L2"
DESMEDIPHAM,2,"AHR, NFE2L2"
VOFOPITANT,2,"AQP3, TACR1"
DEXAMETHASONE SODIUM PHOSPHATE,2,"NFE2L2, NR3C1"
DEXBROMPHENIRAMINE MALEATE,2,"HRH1, KCNH2"
DEXBUDESONIDE,2,"AR, NFE2L2"
DEURUXOLITINIB,2,"EPHB1, EPHB2"
DEVAZEPIDE,2,"AR, CCKBR"
DEXAMETHASONE ACETATE,2,"NR3C1, PRL"
24(S)-HYDROXYCHOLESTEROL,2,"BAK1P2, BCL3"
"24(S), 25-EPOXYCHOLESTEROL",2,"BAK1P2, BCL3"
2-[125I]MELATONIN,2,"ANK2, ANK3"
DIETHYLPROPION HYDROCHLORIDE,2,"SLC6A2, SLC6A3"
CLANFENUR,2,"GLP1R, GMNN"
CLASCOTERONE,2,"AR, BEVI"
2-ARACHIDONYL GLYCERYL ETHER,2,"ADCY3, CNR1"
CLOFLUCARBAN,2,"AR, PPARD"
CLOMETACIN,2,"PTGS1, PTGS2"
VOCIPROTAFIB,2,"HOXA6, KRAS"
CITALOPRAM HYDROBROMIDE,2,"KCNH2, SLC6A4"
VOLVALERENAL D,2,"MAPK1, MAPK3"
VOLANESORSEN,2,"APOC3, BCHE"
CLINDAMYCIN HYDROCHLORIDE,2,"MRPL36, RPSA"
CLEMASTINE FUMARATE,2,"ATXN2, HRH1"
DESVENLAFAXINE FUMARATE,2,"SLC6A2, SLC6A4"
2-[(FORMYL-HYDROXY-AMINO)-METHYL]-HEPTANOIC ACID [1-(2-HYDROXYMETHYL-PYRROLIDINE-1-CARBONYL)-2-METHYL-PROPYL]-AMIDE,2,"EHMT2, NFE2L2"
COLLOIDAL GOLD-BOUND TUMOR NECROSIS FACTOR,2,"TNFRSF1A, TNFRSF1B"
COMMENSAL BACTERIAL STRAIN FORMULATION VE800,2,"BRAF, PTEN"
CODRITUZUMAB,2,"GPC3, GTF2B"
COHUMULONE,2,"BMPR2, BRDT"
DEMECARIUM BROMIDE,2,"ACHE, BCHE"
2(S)-AMINO-6-BORONOHEXANOIC ACID,2,"ABCC2, CMR1A"
"2,4-EPI-NEODYSIHERBAINE",2,"ASS1P5, ASS1P6"
VU0364739,2,"CSE1L, PLD2"
DELEOBUVIR,2,"IFNL3, IFNL4"
DEOXYSPERGUALIN,2,"CXCL8, DHPS"
DENOPAMINE,2,"ABO, DRD2"
COAGULATION FACTOR VIIA (RECOMBINANT)-JNCW,2,"F10, F7"
VOACANGINE,2,"TRPA1, TRPV1"
VOSAROXIN,2,"TOP2A, TOP2B"
VPC23019,2,"AMT, AMY1B"
CM-352,2,"DCC, DCN"
VPC12249,2,"AMY1B, BIN1"
CM4620,2,"GTF2F2P1, GTF2H1"
VS-4718,2,"ACSL1, PTK2"
DEOXYCHOLIC ACID,2,"ACADVL, ALDH3B2"
VRT-043198,2,"BRINP1, DAZ1"
DENFIVONTINIB,2,"DPYS, DTNA"
VPC32183,2,"AMPD3, BIN1"
VPC32179,2,"AMPD3, BIN1"
VU0010010,2,"AARS1, CHRM4"
COBALAMIN,2,"MAOB, TCN1"
DICHLOROISOPROTERENOL,2,"ADRB1, ADRB2"
CINTIRORGON,2,"BAK1P1, RORC"
CIPARGAMIN,2,"ADORA3, KCNH2"
CIPATINIB,2,"EGFR, ERBB2"
3-AMINOBENZAMIDE,2,"CYP2C9, HSD17B10"
CINNAMIC ALDEHYDE,2,"ALDH1A1, AR"
CINOBUFAGIN,2,"ATAD5, CLCN3"
"3,7-DIMETHOXYFLAVONE",2,"CYP3A4, HSD17B10"
CL-976,2,"CYP3A4, USP1"
CL-AMIDINE,2,"GPX2, GPX3"
CITROPTEN,2,"CYP3A4, HSD17B10"
VONOPRAZAN FUMARATE,2,"ATP4A, ATP4B"
CIXUTUMUMAB,2,"IGF1R, PTPRD"
CITICOLINE SODIUM,2,"AR, EHMT2"
VINTAFOLIDE,2,"ESR1, FOLR1"
VERLUKAST,2,"AMHR2, SLCO2B1"
VERINURAD,2,"CDKN2C, SLC22A12"
VERDIPERSTAT,2,"GNG5P1, MPO"
DIBENZEPIN,2,"HRH1, SLC6A2"
VERCIRNON,2,"ACTBP6, CCR9"
DIBROMOACETIC ACID,2,"NFE2L2, RECQL"
DIETHYLSTILBESTROL DIPROPIONATE,2,"ESR1, HIF1A"
DIFELIKEFALIN,2,"NUDT2, OPRK1"
VERUCERFONT,2,"ALAS2, CRHR1"
CITRUSININE II,2,"ATP5F1C, FOLR3"
DESOXYCORTICOSTERONE ACETATE,2,"AR, NR3C2"
DESOXYCORTICOSTERONE PIVALATE,2,"AR, NR3C2"
VIRULIZIN,2,"IL12A, IL12B"
DEXTROTHYROXINE SODIUM,2,"THRA, THRB"
DEXTROMEPROMAZINE,2,"CYP2D6, EHMT2"
VIOMYCIN SULFATE,2,"MRPL36, RPSA"
DEXPROPRANOLOL HYDROCHLORIDE,2,"APEX1, KCNH2"
VITAMIN K3H2,2,"PPARD, VDR"
DEXMECAMYLAMINE,2,"CHRNA4, CHRNB2"
DIARYLPROPIONITRILE,2,"BCYRN1P2, ESR2"
DIAZIQUONE,2,"CDKN1A, CSF2"
DIACYLGLYCEROL KINASE INHIBITOR II,2,"GMNN, HIF1A"
DICHLORODIMETHYLSTANNANE,2,"AR, NFE2L2"
DIANICLINE,2,"CHRNA4, CHRNB2"
VIXOTRIGINE,2,"SCN9A, XK"
VIXARELIMAB,2,"IL31, OSMR"
DH376,2,"CRIP1, CRIP2"
VILANTEROL,2,"ABR, ADRB2"
VIDARABINE,2,"ADORA2B, GMNN"
DEZOCINE,2,"OPRK1, OPRM1"
VILOXAZINE,2,"CYP2D6, SLCO1B1"
DICLAZURIL,2,"USP1, VDR"
DICLOFENAC EPOLAMINE,2,"PTGS1, PTGS2"
DICLOFENAC ETALHYALURONATE SODIUM,2,"PTGS1, PTGS2"
DICLOFENAC POTASSIUM,2,"PTGS1, PTGS2"
VK-2809,2,"BCGF1, THRB"
TZD18,2,"BCKDHA, CCND1"
EDROPHONIUM CATION,2,"ACHE, FRA17A"
TUMOUR NECROSIS FACTOR MEMBRANE FORM,2,"E2F2, E2F3"
EDAGLITAZONE,2,"BCKDHA, CCND1"
TULMIMETOSTAT,2,"EZH2, GPR12"
ECHOTHIOPHATE IODIDE,2,"ACHE, BCHE"
TUG-424,2,"ABCD2, FFAR1"
ECOPIPAM HYDROCHLORIDE,2,"ALCAM, ALDH3A1"
EGEN-001,2,"IL12A, IL12B"
TUNLAMETINIB,2,"BRAF, NRAS"
EFPPEA,2,"ANK2, ANK3"
CHLORAMPHENICOL SODIUM SUCCINATE,2,"MRPL36, RPSA"
TUXOBERTINIB,2,"DXO, EN1"
TUSPETINIB,2,"DPYS, FLT3"
EFLAPEGRASTIM,2,"CSF3, CSF3R"
EFLEPEDOCOKIN ALFA,2,"IL10RB, IL22RA1"
TRV-120027,2,"ACADM, AGTR1"
EFONIDIPINE,2,"AR, CACNA1H"
TRULI,2,"CTSV, LATS2"
TRYPTANTHRIN 5I,2,"IDO2, XCR1"
ELEDOISIN,2,"AQP3, AQP5"
ELENBECESTAT,2,"BACE1, FMO5"
ELENESTINIB,2,"DPP4, DPT"
ELAGOLIX,2,"GNRHR, SLCO1B1"
EFWSLAAPQRF-NH2,2,"ANXA1, NPFFR1"
CHEMBL:CHEMBL602260,2,"MAOA, MAOB"
UCM1341,2,"ANK2, ANK3"
CHEMBL:CHEMBL607140,2,"GMNN, NFE2L2"
CHEMBL:CHEMBL607253,2,"ATXN2, NFE2L2"
UCM 793,2,"ANK2, ANK3"
CHEMBL:CHEMBL606460,2,"ATM, GLP1R"
TYK2 INHIBITOR 14L,2,"EPHB2, TYK2"
CHEMBL:CHEMBL605077,2,"MAPT, MTOR"
ECALLANTIDE,2,"KLK1, KLKB1"
5S-HETE,2,"AMPD2, ATP5F1BP1"
5BRUTP,2,"AIRE, APC"
ECABET,2,"PGA3, PGC"
U101958,2,"ALDH2, KCNH2"
5Z-7-OXOZEAENOL,2,"ERPL1, YES1"
CHEMBL:CHEMBL601400,2,"GLP1R, IDH1"
"5-(2-PHENYLPYRAZOLO[1,5-A]PYRIDIN-3-YL)-1H-PYRAZOLO[3,4-C]PYRIDAZIN-3-AMINE",2,"CTNNA1, MAPK3"
CHEMBL:CHEMBL601528,2,"ALOX15, KCNH2"
5-BODMT,2,"A12M1, A12M2"
CHEMBL:CHEMBL603024,2,"EHMT2, THRB"
CHEMBL:CHEMBL602740,2,"SMAD3, TARDBP"
TYROSINE HYDROXYLASE INHIBITOR,2,"BDNF, SLC6A2"
CHEMBL:CHEMBL602418,2,"CYP1A2, CYP3A4"
CHEMBL:CHEMBL602424,2,"ATAD5, NFE2L2"
CHEMBL:CHEMBL602466,2,"MAOA, MAOB"
TYRPHOSTIN A25,2,"PIK3CG, PRL"
E913,2,"ACTBP2, CCR5"
TRIPTORELIN PAMOATE,2,"GNRHR, GNRHR2"
CHEMBL:CHEMBL600841,2,"RAD52, RAD54L"
CHEMBL:CHEMBL600862,2,"BAZ2B, HKDC1"
TROPIFEXOR,2,"BCL5, NR1H4"
ELEZANUMAB,2,"GRM1, RGMA"
ELGEMTUMAB,2,"DPAGT1, ERBB3"
ELIGLUSTAT,2,"CYP2D6, UGCG"
TRILACICLIB DIHYDROCHLORIDE,2,"CDK4, CDK6"
EMIBETUZUMAB,2,"DRD4, MET"
TRIMETHAPHAN CAMSYLATE,2,"CHRNA3, CHRNB4"
TRIMETHAPHAN,2,"CHRNA10, CHRNA4"
ELBASVIR/GRAZOPREVIR,2,"IFNL3, IFNL4"
EMAVUSERTIB,2,"EPHA7, IRAK4"
EMB-01,2,"EGFR, MET"
ELUBRIXIN,2,"ACTBP9, CXCR2"
ELVUCITABINE,2,"ERVW-4, OCA2"
ELZASONAN HYDROCHLORIDE,2,"HTR1B, HTR1D"
ENAVOGLIFLOZIN,2,"CD3D, CD3E"
6-FLUOROTRYPTOPHAN,2,"LTB4R, TPH2"
ENCENICLINE,2,"ATF4, CHRNA7"
ENADOLINE,2,"NUDT2, OPRK1"
ENALAPRILAT ANHYDROUS,2,"ACE, DAPK3"
ENARODUSTAT,2,"CXCR3, EGLN1"
ENASIDENIB MESYLATE,2,"IDH1, IDH2"
"8,2'-DIMETHOXYFLAVONE",2,"CYP3A4, HSD17B10"
5-METHOXYTRYPTAMINE,2,"CYP1A2, KDM4A"
CHEMBL:CHEMBL602126,2,"GMNN, IDH1"
CHEMBL:CHEMBL601774,2,"POLB, RAD54L"
ELACESTRANT,2,"ERBB2, ESR1"
ELACRIDAR,2,"ABCB1, ABCG2"
EGFR/ERBB-2 INHIBITOR,2,"DXO, EN1"
ELSAMITRUCIN,2,"MYC, TOP2A"
TST10088,2,"MMP2, MMP9"
ELSUBRUTINIB,2,"BTK, EFNB2"
ELTANEXOR,2,"H2AX, TET2"
ELOBIXIBAT,2,"CD44, SLC10A2"
ELOTUZUMAB,2,"GPR27, SLAMF7"
CHEMBL:CHEMBL601192,2,"ALDH1A1, MAPT"
TTT-3002,2,"DPYS, EPS8"
ELINZANETANT,2,"TACR1, TACR3"
TTK21,2,"GLG1, GLI1"
CHEMBL:CHEMBL600175,2,"APAF1, USP1"
TRIPTORELIN,2,"GNRHR, STS"
TRODUSQUEMINE,2,"GTF3C2, PTPN1"
CHEMBL:CHEMBL599712,2,"PLK1, VDR"
CHEMBL:CHEMBL599890,2,"NOD1, NOD2"
CHEMBL:CHEMBL599896,2,"ADRB2, PTH1R"
CHEMBL:CHEMBL601353,2,"MAPT, NFE2L2"
TRITIOZINE,2,"EHMT2, PLK1"
CHEMBL:CHEMBL601142,2,"ALDH1A1, GFER"
ELRAGLUSIB,2,"GSK3B, SLC29A1"
CHEMBL:CHEMBL609570,2,"AR, NFE2L2"
UMBELLIFERONE,2,"ERAP1, HSD17B10"
CHEMBL:CHEMBL97858,2,"ALDH1A1, VDR"
CHEMBL:CHEMBL99408,2,"MAPT, TP53"
CHEMERIN,2,"ACTG1P7, ACTG1P9"
CHEMERIN C-TERMINAL PEPTIDE,2,"ACTG1P7, ACTG1P9"
CHEMBL:CHEMBL87568,2,"NFE2L2, THRB"
ULOCUPLUMAB,2,"ACTG1, CXCR4"
CHEMBL:CHEMBL91638,2,"AXIN1, CTNNB1"
CHEMBL:CHEMBL92309,2,"KDM4C, KDM4D"
UMIFENOVIR,2,"CYP3A4, EHMT2"
UCL1848,2,"ARF5, ARF6"
5-AMINOISOQUINOLINE,2,"CYP1A2, CYP3A4"
DOTINURAD,2,"CDKN2C, SLC22A12"
5-HT-MODULINE,2,"A2M, A2MP1"
DORZAGLIATIN,2,"GCK, GNRHR"
DROTRECOGIN ALFA (ACTIVATED),2,"F5, F8"
5-HEAT,2,"ANK2, ANK3"
DRL-17822,2,"CETP, HPGD"
DROMOSTANOLONE,2,"AR, BEVI"
5-FLUOROINDOLE-2-CARBOXYLIC ACID,2,"HSD17B10, TDP1"
5-HYDROXYINDOLE,2,"GAA, GMNN"
DOXYLAMINE,2,"EHMT2, HRH1"
4-HYDROXYCYCLOPHOSPHAMIDE,2,"CYP2C9, CYP3A5"
CHEMBL:CHEMBL84472,2,"AR, BAZ2B"
CHK1 INHIBITOR GDC-0575,2,"MDM2, TP53"
CHLORACYZINE,2,"GMNN, VDR"
CHINIOFON,2,"KAT2A, VDR"
4-(BENZHYDRYLOXY)-1-[3-(1H-TETRAAZOL-5-YL)PROPYL]PIPERIDINE,2,"CRABP1, HPGDS"
"4,4'-THIODIANILINE",2,"CYP3A4, RACGAP1"
DIVARASIB,2,"GPM6B, KRAS"
VADASTUXIMAB TALIRINE,2,"CD33, GAPDHP60"
VALBENAZINE,2,"CYP2D6, SLC18A2"
DOLCANATIDE,2,"DLX6, GUCY2C"
UR-PG146,2,"AMD1, AMD1P2"
UPROLESELAN,2,"HOXA3, SELE"
DOLASTATIN 12,2,"IDH1, SMAD3"
CHEMBL:CHEMBL609036,2,"EHMT2, RAD52"
DOCUSATE SODIUM,2,"AR, NFE2L2"
DODECYLPHOSPHATE,2,"AMPH, BIN1"
URACIL 20,2,"DAZ1, DBH"
DOXERCALCIFEROL,2,"BCL7A, VDR"
UROCORTIN 1,2,"ALAS2, ALB"
DOVITINIB LACTATE,2,"FGFR3, PDGFRB"
DOXACURIUM,2,"CHRM2, CHRNA2"
URELUMAB,2,"E11S, TNFRSF9"
DOXAPRAM HYDROCHLORIDE,2,"KCNK3, KCNK9"
UROTENSIN 1 (FISH),2,"ALAS2, ALB"
CHEMBL:CHEMBL66279,2,"BRCA1, TARDBP"
CHEMBL:CHEMBL609027,2,"IDH1, NFE2L2"
DOCUSATE,2,"USP1, VDR"
UDP-GALACTOSE,2,"ACTN2, BIRC3"
"UK-432,097",2,"ABCA1, ADORA2A"
"UK-396,082",2,"CPB2, CYP27B1"
DY131,2,"BDKRB1, BDKRB2"
UK-356202,2,"FRA5A, PLAU"
ULIPRISTAL ACETATE,2,"BDNF, PGR"
DUPILUMAB,2,"DFNB5, IL4R"
DUSIGITUMAB,2,"IGF1, IGF2"
ULECACICLIB,2,"CDK4, EIF4EBP1"
DULAGLUTIDE,2,"GLP1R, SLCO1B1"
DULANERMIN,2,"TNFRSF10A, TNFRSF10B"
DUP-714,2,"FRA1C, FRA4E"
DPDPE,2,"APAF1, SLCO1C1"
E163,2,"PTGS1, PTGS2"
E2.3,2,"TFR2, TFRC"
E2012,2,"GLUL, PSEN1"
U69593,2,"NUDT2, OPRK1"
UCCF-029,2,"CFTR, NFE2L2"
UCB35625,2,"ACTA1, ACTB"
E-6201,2,"MAP2K1, MAP3K1"
UBROGEPANT,2,"CALCRL, S100A12"
UBP302,2,"ASS1P5, CYP2C19"
UBLITUXIMAB,2,"GATM, MS4A1"
UCM 724,2,"ANK2, ANK3"
UCM 549,2,"ANK2, ANK3"
E1501,2,"ALDH1A1, NFE2L2"
DUAL BRD4/PLK1 INHIBITOR 23,2,"EFNA4, FABP1"
DUAL IGF-1R/INSR INHIBITOR BMS-754807,2,"IRS2, KRAS"
DUAL SEH/FAAH INHIBITOR 11,2,"CRMP1, GTF2IP1"
DUAL VEGFR/PARP INHIBITOR 14B,2,"DRD2, GNAI2"
UMIBECESTAT,2,"FMO5, FMOD"
DSLET,2,"APAF1, APOF"
UMESPIRONE,2,"DRD2, HTR1A"
DSP-2230,2,"SCN10A, SCN9A"
DS-437,2,"CNGB1, PRMT5"
UNC1999,2,"ARID1A, EZH2"
UNC0642,2,"GCNT2, OPN1MW"
UNC0638,2,"GCNT2, OPN1MW"
UDP-GLUCOSE,2,"ACTN2, BIRC3"
CHEMBL:CHEMBL603739,2,"EHMT2, KDM4A"
CHEMBL:CHEMBL603952,2,"ATXN2, MAPT"
CHEMBL:CHEMBL74913,2,"CYP3A4, HSD17B10"
CHEMBL:CHEMBL76012,2,"AR, MGLL"
CHEMBL:CHEMBL73380,2,"AR, NFE2L2"
CHEMBL:CHEMBL610767,2,"AR, PPARD"
UCSF7447,2,"ANK2, ANK3"
CHEMBL:CHEMBL63329,2,"DRD1, NFKB1"
UCSF4226,2,"ANK2, ANK3"
UCSF3384,2,"ANK2, ANK3"
UFP-505,2,"APAF1, APOF"
DS-1062,2,"TACSTD2, TOP1"
UPAMOSTAT,2,"FRA5A, PLAU"
COMPOUND 55 [PMID: 30889352],2,"FCAR, FCER1A"
"COMPOUND 51 [MALLINGER ET AL., 2016]",2,"CDK19, EIF4EP1"
COMPOUND 53 [PMID: 19631533],2,"COMT, PDE5A"
[125I][TYR26]GALANIN (HUMAN),2,"ALOX12P1, GALR2"
"[125I][NLE8,21,TYR34]PTH-(1-34)-NH2 (RAT)",2,"BIRC5, XIAP"
[14C]GLYSAR,2,"CDK11B, SLC15A2"
COMPOUND 68 [PMID: 24900699],2,"EMD, EML1"
COMPOUND 69 [PMID: 19136975],2,"CSE1L, PLD1"
[125I][TYR4]BOMBESIN,2,"ACAT1, ACAT2"
COMPOUND 6 [PMID: 30125504],2,"EFNA4, FABP1"
COMPOUND 6 [PMID: 34553947],2,"FMO5, FMOD"
CMX-2043,2,"AKT1, MET"
COMPOUND 60 [PMID: 30889352],2,"FCAR, FCER1A"
COMPOUND 5G [PMID: 36385925],2,"EGR4, EIF4A1"
COMPOUND 5I [PMID: 36542759],2,"ERV1, ERVK2"
COMPOUND 5M [PMID: 20483621],2,"BMP2K, HBEGF"
[125I]RELAXIN-3-B/INSL5 A CHIMERA,2,"APRT, KLK3"
[125I]RELAXIN-3 (HUMAN),2,"APRT, KLK3"
COMPOUND 72 [WO2013026806],2,"EMD, EML1"
COMPOUND 77 [PMID: 24793884],2,"CDK18, EGR3"
"COMPOUND 7B [HAFTCHENARY ET AL., 2013]",2,"DYT7, GTF3C2"
[125I]SHU9119,2,"ANGPT1, ANGPT2"
[125I]SD6,2,"ANK2, ANK3"
COMPOUND 7 [WO2012007375],2,"EPHA3, EPHA7"
[125I]PYY (PIG),2,"ANXA2P3, ANXA4"
COMPOUND 49 [PMID: 30889352],2,"FCAR, FCER1A"
COMPOUND 42 [PMID: 37721854],2,"FPGS, FPR1"
COMPOUND 46 [PMID: 16451062],2,"EEF1D, EEF1G"
COMPOUND 46 [PMID: 25268943],2,"ANXA1, NPFFR1"
COMPOUND 46C [PMID: 29350534],2,"ACTG1, COX5B"
[3H]7-OH-DPAT,2,"ABCD1, ALDH1A1"
COMPOUND 4 [PMID: 30824200],2,"APRT, KLK3"
[18F]FEPPG,2,"CDK11B, SLC15A2"
COMPOUND 5 [PMID: 21741839],2,"FRA8C, FRDA2"
[33P]RELAXIN (HUMAN),2,"APP, APPL1"
COMPOUND 1A [PMID: 18573659],2,"COX6A1, UTS2R"
(R)-MELPHALAN,2,"CYP3A4, HIF1A"
[125I]TYR11-SRIF-14,2,"AQP1, AQP2"
COMPOUND 19A [PMID: 21855335],2,"ACSL4, EPHX2"
COMPOUND 2 [PMID: 28379944],2,"ACADM, ACADS"
"(12E,20Z,18S)-8-HYDROXYVARIABILIN",2,"ARVD4, GLRA1"
COMPOUND 4D [PMID: 20655626],2,"CLDN3, CPN1"
COMPOUND 4D [PMID: 21851057],2,"EFNA3, EFNA4"
[3H]-TCS 1102,2,"APBA2, APBB1"
[3H]-ALMOREXANT,2,"APBA2, APBB1"
"[125I]UROCORTIN 1 (MOUSE, RAT)",2,"ALAS2, ALB"
COMPOUND 5G [PMID: 20483621],2,"ELK4, HBEGF"
COMPOUND 58 [PMID: 25037917],2,"CD24P4, CD8B2"
COMPOUND 59 [PMID: 30889352],2,"FCAR, FCER1A"
[125I]TYR3 SMS 201-995,2,"AQP2, FASLG"
(R)-FLUROCARAZOLOL,2,"A1BG, A2M"
CONICASTEROL E,2,"NR1H4, NR1I2"
CONIVAPTAN HYDROCHLORIDE,2,"AVPR1A, AVPR2"
CONTEZOLID,2,"MRPL36, RPSA"
CONTEZOLID ACEFOSAMIL,2,"MRPL36, RPSA"
CONTEZOLID ACEFOSAMIL (PARENT),2,"PLA2G1B, PLA2G3"
CONCANAVALIN A,2,"ASS1P5, ASS1P6"
CONICASTEROL B,2,"NR1H4, NR1I2"
CONICASTEROL D,2,"NR1H4, NR1I2"
COMPOUND R-(-)-5F [PMID: 22607879],2,"ALDH3B2, ALDH9A1"
[125I]C5A (HUMAN),2,"ACACB, ACADL"
COMPOUND II [PMID: 21329883],2,"FEN1, STOM"
[125I]SAUVAGINE (FROG),2,"ALAS2, ALB"
COMPOUND J [PMID: 21907142],2,"FMO5, FMOD"
COSYNTROPIN,2,"ANG, MC2R"
[125I]CCL2 (HUMAN),2,"ACTA1, ACTA2"
COUMAPHOS,2,"AR, CYP3A4"
CORTISONE ACETATE,2,"CYP3A7, NR3C1"
CORTODOXONE,2,"AR, HSD17B10"
[125I]CCL8 (HUMAN),2,"ACTA1, ACTBP2"
(S)-&ALPHA;-METHYLHISTAMINE,2,"AMELX, HRH3"
COMPOUND 17B [PMID: 35286086],2,"BCYRN1P2, DXO"
(S)-FLUROCARAZOLOL,2,"A1BG, A2M"
(S)-EF-1520,2,"CD14, MS4A3"
(S)-DRF-1042,2,"GBX1, TOP1"
[125I]CCL3 (HUMAN),2,"ACTA1, ACTBP2"
COMPOUND 8U [PMID: 31999451],2,"GYPB, XCR1"
COMPOUND 8A [PMID: 23713581],2,"NRG1, PTPRM"
[125I]SPEXIN-1,2,"ALOX12P2, GALR2"
COMPOUND 8 [PMID: 25898023],2,"CTPS1, CTRB1"
COMPOUND 7K [PMID: 23521020],2,"DPT, DUSP1"
COMPOUND 7P [PMID: 7861416],2,"COX11, CP"
[125I]NEUROMEDIN U-8 (PIG),2,"NMUR1, NMUR2"
COMPOUND 8 [PMID: 17480064],2,"CX3CR1, ERVT4"
[125I]NEUROMEDIN U-25 (HUMAN),2,"NMUR1, NMUR2"
[125I]NEUROMEDIN U-23 (RAT),2,"NMUR1, NMUR2"
"[125I]OREXIN A (HUMAN, MOUSE, RAT)",2,"APBA2, APBB1"
[125I]NPW-23 (HUMAN),2,"ANXA2P1, ANXA2P2"
[125I]ASTRESSIN,2,"ALAS2, ALB"
COMPOUND 9 [PMID: 23472952],2,"ABCC2, CMR1A"
COMPOUND 17 [PMID: 36111834],2,"GPR34, MYLK4"
[125I]CXCL8 (HUMAN),2,"ACTBP8, ACTBP9"
"[125I]ET-1 (HUMAN, MOUSE, RAT)",2,"ALDH1A3, ALDH1B1"
"[125I]DTYR-GLY-[(NLE28,31)CCK-26-33",2,"CCKAR, CCKBR"
[125I]DOI,2,"A12M4, HTR2C"
COMPOUND 1B [PMID: 16290936],2,"CTSH, FOLR2"
COMPOUND 1B [PMID: 18078750],2,"ADAM3A, DAP"
COMPOUND 19B [PMID: 37058391],2,"HNMT, ONECUT1"
COMPOUND 9 [PMID: 3514912],2,"FMO2, FRA5D"
[125I]BH-MIT1,2,"APOA1, APOA2"
COMPOUND 9 [PMID: 15615544],2,"CDH16, DHFR"
[125I]NPFF,2,"ANXA1, NPFFR1"
[PHE23]PTH-(1-34) (HUMAN),2,"BIRC5, XIAP"
"[PHE13,TYR19]MCH",2,"AMY2B, AMYP1"
COMPOUND 20 [PMID: 34432979],2,"GNG10, GNG11"
COMPOUND 20F [PMID: 28520415],2,"F7, PIK3CB"
"[N-ME,DES-SAR]GAL-B2",2,"ALOX12P1, GALR2"
COMPOUND 25 [PMID: 32687365],2,"BCKDHB, BCL5"
COMPOUND 24 [PMID: 23441572],2,"ABL1, ABL2"
[LEU]ENKEPHALIN,2,"APAF1, APOF"
"[ILE5,TRP23]PTHRP-(3-36) (HUMAN)",2,"BIRC5, XIAP"
[PHE(ME)7]NEUROKININ B,2,"AQP4, AQP5"
&ALPHA;-CONOTOXIN-GIC,2,"ATF1, CHRNA3"
COMPOUND 47 [PMID: 28737909],2,"CHUK, DMTN"
[DES-ARG9]BRADYKININ,2,"ASIC1, BDKRB2"
COMPOUND 23 [PMID: 31398032],2,"GLB1, GPC3"
"[ILE5,TRP23]PTHRP-(1-36) (HUMAN)",2,"BIRC5, XIAP"
COMPOUND 28 [PMID: 30624936],2,"F10, F9"
"[ILE5,TRP23,TYR36]PTHRP-(1-36)-NH2 (HUMAN)",2,"BIRC5, XIAP"
"COMPOUND 29 [MOSLIN ET AL., 2017]",2,"COL12A1, TYK2"
[HIS5]PTH-(1-34) (HUMAN),2,"BIRC5, XIAP"
COMPOUND 27 [PMID: 36449304],2,"HOXB5, HOXB6"
COMPOUND 27D [PMID: 28231433],2,"FCAR, FCER1A"
[3H]WIN55212-2,2,"ACRV1, CNR2"
[3H]UBP310,2,"ASS1P5, GRIK3"
[3H]TIOTROPIUM,2,"AAMP, AANAT"
COMPOUND 23 [PMID: 17125252],2,"CORD4, COX5BP1"
"[D-PHE6, LEU13, CPA14,&PSI;13-14]BOMBESIN-(6-14)",2,"ACAT1, ACAT2"
&ALPHA;-CONOTOXIN PNIA,2,"ATF1, CHRNA3"
&ALPHA;-CONOTOXIN RGIA,2,"ATF4P1, ATHS"
&ALPHA;-CONOTOXIN TXIA,2,"ATF1, CHRNA3"
"[D-TPI6, LEU13 &PSI;(CH2NH)-LEU14]BOMBESIN-(6-14)",2,"ACAT2, GRPR"
[TRP23]PTHRP-(1-36) (HUMAN),2,"BIRC5, XIAP"
(+)-WAY 100135,2,"A2M, A2MP1"
[LEU8]-PHYLLOLITORIN,2,"ACAT1, ACAT2"
(+)-UH232,2,"ABCD1, ALDH1A1"
(-)-ENGLERIN A,2,"ATP2A3, ATP2B1"
"[THR4,GLY7]OT",2,"AQP9, ARAF"
"[TRP23,TYR36]PTHRP-(1-36)-NH2 (HUMAN)",2,"BIRC5, XIAP"
COMPOUND 21 [PMID: 23981033],2,"CNN1, PLK3"
"[ILE5,TRP23]PTHRP-(5-36)",2,"BIRC5, XIAP"
"[ILE5,TRP23]PTHRP-(4-36) (HUMAN)",2,"BIRC5, XIAP"
"&ALPHA;-METHYL-D,L-TRYPTOPHAN",2,"CD24P3, SLC36A2"
"[ILE5,TRP23]PTHRP-(2-36) (HUMAN)",2,"BIRC5, XIAP"
"[LEU31,PRO34]NPY (PIG)",2,"ANXA3, ANXA5"
[D-TRP32]NPY,2,"ANXA3, ANXA5"
(&PLUSMN;)-EQUOL,2,"BRCA2, FOXL2"
"[D-TRP12,TYR34]PTH-(7-34) (BOVINE)",2,"BIRC5, XIAP"
&DELTA;12-PGJ2,2,"APOB, APOBEC1"
&GAMMA;-KTX1.7,2,"BAD, BAG1"
[PHE3]OT,2,"ABCC6, ARAF"
COMPOUND 21 [PMID: 23312943],2,"ERVK3, SLC26A2"
&BETA;-ENDORPHIN,2,"APAF1, NUDT2"
[3H]MIROGABALIN,2,"CDK11B, SLC15A2"
[3H]METHYLLYCACONITINE,2,"ATF4P1, ATHS"
[3H]NGD941,2,"ALDH2, CACNA1G"
[3H]NEMONAPRIDE,2,"ABCD1, ALDH1A1"
COMPOUND 35 [PMID: 23916259],2,"CTNNA2, CTSH"
[3H]DPCPX,2,"ABAT, ABCA2"
[3H]DIPRENORPHINE,2,"APAF1, NUDT2"
COMPOUND 34 [PMID: 25974391],2,"FGF7, GCLM"
[3H]ESTRADIOL-17&BETA;-GLUCURONIDE,2,"SLCO1B1, SLCO1B3"
"(3,5)-[19F]2-PHE-&PSI;-ALA",2,"CDK11B, SLC15A2"
"(2R,3R)-APDC",2,"ANPEP, SLC25A4"
COMPOUND 27 [PMID: 24900635],2,"FANCG, YES1"
COMPOUND 4 [PMID: 19954973],2,"CYP27A1, CYP27B1"
COMPOUND 4 [PMID: 21105727],2,"ANPEP, SLC25A4"
COMPOUND 3L [PMID: 30637955],2,"FMO5, FMOD"
COMPOUND 3V [PMID: 27390066],2,"CYP2D7BP, ERAP2"
(+)-ADTN,2,"ALCAM, ALDH3A1"
(+)-S-14297,2,"ABCD1, ALDH1A1"
(+)-NORFENFLURAMINE,2,"A12M4, EHMT2"
[3H]ELETRIPTAN,2,"A2M, A2MP1"
[3H]DPDPE,2,"APAF1, SLCO1A2"
COMPOUND 39 [PMID: 23623673],2,"LTC4S, PTGES"
COMPOUND 39 [PMID: 31742400],2,"ACTA2, ACTBP2"
"[3H]GR 125,743",2,"A2M, A2MP1"
(2R)-2-({9-(1-METHYLETHYL)-6-[(4-PYRIDIN-2-YLBENZYL)AMINO]-9H-PURIN-2-YL}AMINO)BUTAN-1-OL,2,"EGR4, EIF4E"
COMPOUND 3 [PMID: 19097791],2,"CTH, EIF4A1"
COMPOUND 3 [PMID: 21105727],2,"ANPEP, SLC25A4"
[3H]ZM 241385,2,"ABCA1, ABCA2"
"[AVA9,10,AVA14,15]-AC-HMCH6-16-NH2",2,"AMY2B, AMYP1"
COMPOUND 2G [PMID: 27390066],2,"CYP2D7BP, ERAP2"
"[ALA11, D-LEU15]OREXIN-B",2,"APBA2, APBB1"
COMPOUND 2C [PMID: 22115617],2,"CYP2A7, CYP2A7P1"
COMPOUND 2 [PMID: 25408830],2,"EFNA4, GCLM"
[3H]PD128907,2,"ABCD1, ALDH1A1"
COMPOUND 2 [PMID: 21105727],2,"ANPEP, SLC25A4"
COMPOUND 22 [PMID: 24754609],2,"F5, F7R"
COMPOUND 21 [PMID: 34141085],2,"HLA-DMA, HLA-DMB"
COMPOUND 3 [PMID: 26191365],2,"EXT3, EXTL1"
COMPOUND 21B [PMID: 31430136],2,"GPR31, HIVEP2"
[3H]SB-674042,2,"APBA2, APBB1"
"COMPOUND 2F [JIANG ET AL., 2018]",2,"FRA17A, SLC29A1"
[3H]TAUROCHOLIC ACID,2,"CD44, SLCO1C1"
[3H]SUMATRIPTAN,2,"A2M, A2MP1"
COMPOUND 29E [PMID: 23631440],2,"DCK, DCT"
[3H]LTB4,2,"AMFR, AMH"
[3H]MESULERGINE,2,"A12M4, HTR2C"
COMPOUND 31 [PMID: 20936789],2,"ETS2, ETV3"
COMPOUND 30 [PMID: 15953724],2,"CR1, PTGES"
COMPOUND 30 [PMID: 17280833],2,"EPHX2, FGF1"
COMPOUND 3 [PMID: 25408830],2,"EFNA4, GCLM"
[3H]PYRILAMINE,2,"AMD1, AMELX"
"D(CH2)5[TYR(ME)2,THR4,TYR(3125I)-NH29]OVT",2,"AQP9, ARAF"
DALFOPRISTIN,2,"MRPL36, RPSA"
XIMELAGATRAN,2,"F2, FRA1C"
XENTUZUMAB,2,"IGF1, IGF2"
"DALBERGIONE, 4-METHOXY-4'-HYDROXY-",2,"ALOX15, MAPT"
DADLE,2,"APAF1, APOF"
DAGROCORAT,2,"BDM, NR3C1"
DABUZALGRON,2,"ABCB7, ADRA1A"
XL-844,2,"CHEK1, CHEK2"
XL-281,2,"BRAF, RAF1"
XL413,2,"EGR3, F9"
CORTICOTROPIN-ZINC HYDROXIDE,2,"ANG, MC2R"
WZ4003,2,"EWSR1, NUAK1"
DAPANSUTRILE,2,"DNAH9, NLRP3"
WXFL10203614,2,"EPHB1, EPHB2"
DANIRIXIN,2,"ACTBP9, CXCR2"
XAMOTEROL,2,"ABO, ADRB1"
2-(3-BROMOPHENYL)HISTAMINE,2,"AMD1, AMELX"
COMPOUND (R)-26 [PMID: 22686657],2,"CTSF, FOS"
"COMPOUND 1 [CRUZ-L&OACUTE;PEZ ET AL., 2019]",2,"AXL, DPYS"
COMPOUND 10B [PMID: 26222319],2,"GNAI2, GNAI2P1"
COMPOUND 10D [PMID: 34855388],2,"APRT, KLK3"
2-ACETYLAMINOFLUORENE,2,"AR, NFE2L2"
2-({6-[(3-CHLOROPHENYL)AMINO]-9-ISOPROPYL-9H-PURIN-2-YL}AMINO)ETHANOL,2,"EGR4, SLC29A1"
DAPOXETINE,2,"CD9, SLC6A4"
CYCLOPENTOLATE,2,"CHRM1, CHRM5"
"D(CH2)5[D-TYR(ET)2,VAL4,TYR-NH29]AVP",2,"ABCC6, AQP9"
CZS-241,2,"DRD5P1, FABP5"
CYSTAMINE HYDROCHLORIDE,2,"CBX1, MAPT"
CYSTEINE,2,"EHMT2, VDR"
D4476,2,"ELAVL3, ELF1"
YSFKPMPLAR,2,"ACACA, ACACB"
"D-NAL,CYS,TYR,D-TRP,ORN,VAL,CYS,NAL-NH2",2,"ACAT1, ACAT2"
D-SERINE,2,"GLRA1, GRIN1"
COMPOUND 10 [PMID: 19402633],2,"EEF1D, EEF1G"
COMPOUND 10 [PMID: 23147077],2,"ERN1, MAP3K5"
COMPOUND 1 [PMID: 28379944],2,"ACADM, ACADS"
"D(CH2)5[TYR(ME)2,THR4,PHE(3125I,4N3)-NH29]OVT",2,"AQP9, ARAF"
COMPOUND 1 [PMID: 33547286],2,"APBA2, APBB1"
XL844,2,"CHEK1, CHEK2"
COMPOUND 1 [WO2012007375],2,"EPHA3, EPHA7"
COMPOUND 12A [PMID: 29031075],2,"CPT1B, CPT2"
XY-06-007,2,"EFNA4, FABP1"
XMU-MP-1,2,"FCN1, STK4"
Y-RFRP-3,2,"ANXA1, NPFFR1"
Y-39983,2,"ROCK1, ROCK2"
YL5084,2,"CTNNA2, CTNS"
YKP-1358,2,"DRD2, HTR2A"
COMPOUND 11D [DOI: 10.1039/C0MD00194E],2,"CDC42BPA, CTRB1"
D-ALPHA-TOCOPHEROL ACETATE,2,"CXCL8, MPO"
COMPOUND 1 [PMID: 31477924],2,"DUSP1, DUSP2"
WP1066,2,"ATP7B, GYPB"
VUPANORSEN,2,"ANGPTL3, ASGR1"
COMPOUND 1 [PMID: 21742770],2,"EEF1G, FCP1"
VUF5574,2,"ABCA3, CYP1A2"
"COMPOUND 1 [OVERHAND ET AL., 1997]",2,"BLVRB, CXCR5"
DB959,2,"PPARD, PPARG"
DAVAMOTECAN PEGADEXAMER,2,"HIF1A, TOP1"
DAVANAT,2,"LGALS1, LGALS3"
DEGLYCOSYLATED RICIN A CHAIN-CONJUGATED ANTI-CD19/ANTI-CD22 IMMUNOTOXINS,2,"CD19, CD22"
DEHYDROXYMETHYLEPOXYQUINOMICIN,2,"NFKB1, RELA"
WARFARIN POTASSIUM,2,"AR, VKORC1"
COMPOUND 10 [PMID: 31306001],2,"ABAT, ABCA1"
DEFOSLIMOD,2,"TLR2, TLR4"
DEGARELIX,2,"GNRHR, GNRHR2"
DECOGLURANT,2,"GRM2, GRM3"
WAY200070,2,"BCYRN1P2, ESR2"
DECYLUBIQUINONE,2,"EHMT2, VDR"
DEBRISOQUIN SULFATE,2,"EHMT2, NFE2L2"
DECANOIC ACID,2,"ADD3, TSHR"
DENDRITIC CELL VACCINE,2,"TERT, TP53"
DEMECLOCYCLINE,2,"FEN1, NR1I2"
DEMETHYL-CANTHARIDIN,2,"KDM4E, PPP1CA"
DEMETHYLENCECALIN,2,"HPGD, TDP1"
DELPAZOLID,2,"MRPL36, RPSA"
DEFLAZACORT,2,"AR, NR3C1"
COMPOUND 101 [PMID: 21596927],2,"CSRP2, CSRP2P1"
17-PHENYL-&OMEGA;-TRINOR-PGE2,2,"APOBER1, AQP8"
DANUGLIPRON,2,"ALPL, GLP1R"
DANAPAROID,2,"F10, GBE1"
DANAVOREXTON,2,"APBA2, APBB1"
DANICOPAN,2,"CFD, GPR19"
DATISCETIN,2,"BRCA2, FOXL2"
XANTHOANGELOL F,2,"ATXN2, KDM4A"
XANTHOANGELOL,2,"ATXN2, MAPT"
XANTHURENATE,2,"KDM4A, KDM4E"
DAROLUTAMIDE,2,"AR, BEVI"
DAROVASERTIB,2,"CTBP2, NKX2-5"
COMPOUND 1 [PMID: 25408830],2,"EFNA4, GCLM"
DARAPLADIB,2,"MAPK14, PLA2G7"
DARBUFELONE,2,"ALOX5, PTGS2"
WH-4-023,2,"EPHX2, MS4A2"
DARIDOREXANT HYDROCHLORIDE,2,"HCRTR1, HCRTR2"
DDR-IN-1,2,"DUSP1, DUSP2"
DE-104,2,"ROCK1, ROCK2"
DBRD9,2,"CRBN, GLC3B"
WNN0109-C011,2,"APRT, KLK3"
DAZOMET,2,"AR, NFE2L2"
WNT-974,2,"HMBS, PORCN"
COBIMETINIB FUMARATE,2,"MAP2K1, MAP2K2"
WRWWWW,2,"ALDH3A2, ALDH9A1"
XANTHONE,2,"CYP3A4, HSD17B10"
ZK159222,2,"BCL7A, VDR"
ZK118182,2,"APOB, APOBER1"
ZK110841,2,"APOB, APOBER1"
CROCIN,2,"EHMT2, POLK"
CROMOLYN SODIUM,2,"AR, TNF"
CROTEDUMAB,2,"ALPG, GCGR"
(S)-PINACIDIL,2,"CYP1A2, CYP3A4"
(Z)-PIPLARTINE,2,"CYP1A2, TP53"
CRIZANLIZUMAB,2,"HBB, SELP"
"1,2-DIHYDROXYNAPHTHALENE",2,"PTPN1, PTPRC"
(R/S) EF-1500,2,"CD14, MS4A3"
1DME,2,"ANXA1, NPFFR1"
CUCURBITACIN D,2,"HSP90AA1, HSP90AB1"
(R)-YNT-3708,2,"APBA2, APBB1"
CTAP,2,"APAF1, APOF"
ZOLBETUXIMAB,2,"CLDN18, GRIN2A"
ZONGERTINIB,2,"DXO, EN1"
ZICONOTIDE,2,"ATP6V0B, CACNA1B"
ZIBOTENTAN,2,"ALDH1B1, EDNRA"
ZENOCUTUZUMAB,2,"ERBB2, ERBB3"
ZILTIVEKIMAB,2,"FCGRT, IL6"
ZIMLOVISERTIB,2,"EPHA7, IRAK4"
COMPOUND 15B [PMID: 31811124],2,"AMHR2, AMPD1"
COMPOUND 15C [PMID: 21536437],2,"DFFB, TIMM8A"
"(R,S)-IFENPRODIL",2,"CYP1A2, CYP2D6"
COPANLISIB HYDROCHLORIDE,2,"PIK3CA, PIK3CD"
CORALYNE,2,"CYP3A4, HSD17B10"
CP-724714,2,"EN1, ERBB2"
(R)-EF-1520,2,"CD14, MS4A3"
(R)-EDELFOSINE,2,"EYA2, GMNN"
[11C]GSK215083,2,"A12M3, NATP"
[11C]GLYSAR,2,"CDK11B, SLC15A2"
"CP-609,754",2,"FNTA, FNTB"
CP-640186,2,"CNN1, PLK3"
CP-1,2,"APBA2, APBB1"
CP-10,2,"CDK4, EIF4EBP1"
CP-122288,2,"A2M, A2MP1"
CRUFOMATE,2,"AR, NFE2L2"
[125I]ANP (HUMAN),2,"DLX3, DLX5"
CRA1000,2,"ALAS2, CRHR1"
ZOTATIFIN,2,"FGFR1, FGFR2"
ZOSUQUIDAR,2,"ABCB1, CA9"
ZORIFERTINIB,2,"BAD, DXO"
CR 1447,2,"AR, ESR2"
CPI-1205,2,"ARID1A, EZH2"
ZWB67,2,"GLRA2, GRIN2A"
CPP-115,2,"ABAT, FRA16E"
"CP608,039",2,"ABAT, ABCA3"
CPFPX,2,"ABAT, ABCA1"
CROZBACICLIB,2,"CDK4, EIF4EBP1"
COVA322,2,"IL17A, TNF"
CYCLIZINE,2,"AMD1, HRH1"
CYCLAMATE,2,"BRAFPS1, ZFP36L2"
ZABEDOSERTIB,2,"EPHA7, IRAK4"
COMPOUND 11 [PMID: 15261275],2,"APBA2, APBB1"
COMPOUND 11 [PMID: 16413183],2,"FRA1D, FRA2G"
COMPOUND 14 [PMID: 34333981],2,"ESR1, ESR2"
ZALOSPIRONE,2,"A1BG, HTR1A"
COMPOUND 14B [PMID: 25742366],2,"GPX2, GPX3"
ZALIFRELIMAB,2,"CD274, CTLA4"
ZANDATRIGINE,2,"BBS2, SCN8A"
COMPOUND 13E [PMID: 31811124],2,"AMHR2, AMPD1"
ZAMIFENACIN,2,"CHRM2, CHRM3"
ZIMBERELIMAB,2,"GM2A, PDCD1"
ZALUNFIBAN,2,"ITGA2B, ITGB3"
YM-543,2,"SLC5A2, SLC5A4"
YM-355179,2,"ACTB, CCR3"
YM-254890,2,"BRAF, NRAS"
CYANOPINDOLOL,2,"A2MP1, ABO"
CYANOTRIPHENYLBORATE,2,"ARVD3, GLRA1"
CYAZOFAMID,2,"AR, TP53"
YNT-185,2,"APBA2, APBB1"
"15-DEOXY-&DELTA;12,14-PGJ2",2,"APOB, APOBEC1"
CYPATE,2,"ITGAV, ITGB3"
CYPPA,2,"ARF6, ARG1"
1G244,2,"FPGS, FPR1"
COMPOUND 14 [PMID: 19831390],2,"CLN8, STX2"
ZIRITAXESTAT,2,"ENPP2, GRIK5"
ZIPALERTINIB,2,"DXO, EGFR"
CS-8080,2,"NR1H2, NR1H3"
CSC,2,"AHR, KCNH2"
CVN45502,2,"APBA2, APBB1"
1-METHYLCYCLOPROPANECARBOXYLIC ACID,2,"ALDOA, FFAR3"
1.ALPHA.-HYDROXYVITAMIN D5,2,"REN, VDR"
CUSTIRSEN SODIUM,2,"CLCN2, CLU"
1-PHENYLBIGUANIDE,2,"CYP1A2, CYP2C19"
CV-1808,2,"ABCA1, ATAD5"
CV-3988,2,"APLP2, EHMT2"
CUDRAFLAVONE B,2,"ATXN2, RELA"
CYCLIRAMINE MALEATE,2,"KMT2A, MEN1"
CXCL9,2,"ACTB, ACTC1"
CY-1503,2,"SELE, SELP"
CY3B-TELENZEPINE,2,"AADAC, AAMP"
(S)-ONDANSETRON,2,"CYP1A2, SLC5A7"
(S)-MEXILETINE,2,"CYP1A2, NFKB1"
(S)-LIQUIRITIGENIN,2,"ATP4A, ESR2"
CXCL6,2,"ACTBP8, ACTBP9"
ZAVONDEMSTAT,2,"GGCX, GGTL2"
ZAVEGEPANT,2,"CALCRL, RAMP1"
CXCL10,2,"ACTB, ACTC1"
ZELATRIAZIN (TAK-041),2,"ADH6, GPR139"
ZEARALANONE,2,"HSP90AA1, HSP90AB1"
CXCL8,2,"ACTBP8, ACTBP9"
EVACETRAPIB,2,"CETP, HPGD"
EVOBRUTINIB,2,"BTK, EFNB2"
CHEMBL:CHEMBL597251,2,"GLP1R, IDH1"
EPTASTIGMINE,2,"ACHE, BCHE"
ERYTHROMYCIN GLUCEPTATE,2,"MRPL36, RPSA"
TK216,2,"ETS2, FLI1"
EVATANEPAG,2,"AQP8, PTGER2"
A-366,2,"GCNT2, OPN1MW"
ERYTHROMYCIN LACTOBIONATE,2,"MRPL36, RPSA"
ETORICOXIB,2,"CPT2, PTGS2"
ERYTHROMYCIN STEARATE,2,"MRPL36, RPSA"
TPT-004,2,"LTB4R, TPH2"
ETOXAZOLE,2,"NFE2L2, PPARD"
TOREFORANT,2,"AMELX, HRH4"
TRIAZINE COMPOUND PC10,2,"APOA1, APOA2"
TPX-0131,2,"ALK, EML4"
TORIN 1,2,"ETFB, PIK3CA"
EVOLOCUMAB,2,"FRA4A, PCSK9"
CHEMBL:CHEMBL590666,2,"EHMT2, TAAR1"
EVOCALCET,2,"ACP5, CASR"
TIP39-(7-39) (HUMAN/BOVINE),2,"BIRC5, XIAP"
TOLEBRUTINIB,2,"BTK, EFNB2"
ESI-09,2,"COL6A2, COL6A3"
TRAZPIROBEN,2,"DRD2, DRD3"
TONANTZITLOLONE,2,"ATP2A3, ATP2B1"
ETHAVERINE,2,"CYP2C9, CYP3A4"
ETAVOPIVAT,2,"H1-3, PKLR"
TRAXOPRODIL,2,"GRIN1, GRIN2B"
ERYTHROMYCIN ACISTRATE,2,"MRPL36, RPSA"
ERYTHROMYCIN ESTOLATE,2,"MRPL36, RPSA"
CHEMBL:CHEMBL585828,2,"GAA, GMNN"
EUROPIUM-LABELLED RELAXIN-3-B/INSL5 A CHIMERA,2,"APRT, KLK3"
TORIPALIMAB,2,"GM2A, PDCD1"
"TOLBUTAMIDE SODIUM, STERILE",2,"ABCC8, KCNJ11"
TIRABRUTINIB,2,"BTK, EFNB2"
ESTRADIOL DIPROPIONATE,2,"AR, FGF2"
TRADIPITANT,2,"AQP3, TACR1"
TRALOKINUMAB,2,"IL13, IL13RA2"
"ESTROGENS, ESTERIFIED (USP)",2,"ESR1, ESR2"
"ESTROGENS, CONJUGATED SYNTHETIC A",2,"ESR1, ESR2"
CHEMBL:CHEMBL590427,2,"GLP1R, GMNN"
TRIOXSALEN,2,"CYP1A2, CYP3A4"
ESTROGENS,2,"F5, SULT1A1"
A-349821,2,"AMD1, HRH3"
EZABENLIMAB,2,"PDCD1, TP53"
CHEMBL:CHEMBL600090,2,"ATAD5, RAB9A"
ENILURACIL,2,"DPYD, TYMS"
EPROSARTAN,2,"ACADM, AGTR1"
ESTROGEN,2,"ESR1, ESR2"
EPACADOSTAT,2,"IDO1, XCR1"
EW-A-401,2,"FLT1, VEGFA"
CHEMBL:CHEMBL597246,2,"EHMT2, TSHR"
CHEMBL:CHEMBL585964,2,"EIF4H, PABPC1"
TIP39,2,"BIRC5, XIAP"
EVINACUMAB,2,"ANGPTL3, LDLR"
EPIREGULIN,2,"DXO, ERBB4"
TOZADENANT,2,"ABCA1, ADORA2A"
ABNORMAL CANNABIDIOL,2,"ACTN3, ADCY3"
TIRAGOLUMAB,2,"CD274, TIGIT"
ETROLIZUMAB,2,"FRA11H, ITGB7"
CHEMBL:CHEMBL598695,2,"GMNN, POLH"
CHEMBL:CHEMBL587579,2,"IDH1, KDM4A"
TRIAZINE COMPOUND PC1,2,"APOA1, APOA2"
A-317920,2,"AMD1, HRH3"
TRIPHENYL PHOSPHATE,2,"AR, NR1I3"
CHEMBL:CHEMBL598679,2,"GMNN, IDH1"
ERUCIC ACID,2,"KAT2A, POLK"
TRIPELENNAMINE HYDROCHLORIDE,2,"HRH1, KDM4E"
ETIRINOTECAN PEGOL,2,"TOP1, TOP1MT"
AB-MECA,2,"ABCA1, ABCA3"
TRICETAMIDE,2,"JAK1, JAK3"
AC-55541,2,"APOE, F2RL1"
EPLIVANSERIN,2,"HTR2A, HTR2C"
ESUBERAPROST,2,"APOC3, PTGIR"
EPLERENONE,2,"ATP1A1, NR3C2"
CHEMBL:CHEMBL597857,2,"KCNH2, RAD54L"
"EU-DTPA-[SER27, NLE70]HC5A",2,"ACACB, ACADL"
A61603,2,"ABCB7, ABCF1"
CHEMBL:CHEMBL592305,2,"NFE2L2, PPARD"
TOFA,2,"CNN1, PLK3"
EPRENETAPOPT,2,"ARID1A, TP53"
TRANYLCYPROMINE HYDROCHLORIDE,2,"KDM1A, TAAR1"
TRANSFERRIN RECEPTOR-TARGETED ANTI-RRM2 SIRNA CALAA-01,2,"RRM2, TF"
CHEMBL:CHEMBL600298,2,"EHMT2, KDM4A"
7-BIA,2,"DYT7, PTPRD"
EPLIVANSERIN FUMARATE,2,"HTR2A, HTR2C"
ERFONRILIMAB,2,"CD274, CTLA4"
CHEMBL:CHEMBL584520,2,"ATAD5, HSD17B10"
7-HYDROXYCHLORPROMAZINE,2,"CYP2D6, RACGAP1"
TNP-ATP,2,"ATP1A3, ATP1A4"
EPIDERMAL GROWTH FACTOR,2,"EGF, EGFR"
EPZ004777,2,"GCNT1, KMT2A"
CHEMBL:CHEMBL597670,2,"NR5A1, NR5A2"
A-971432,2,"AMT, AMY2A"
EPIGALLOCATECHIN,2,"ALB, BRCA2"
ERDOSTEINE,2,"CELA1, ELANE"
TNP-470,2,"BAX, VWF"
CHEMBL:CHEMBL600353,2,"ATXN2, IDH1"
ESOMEPRAZOLE STRONTIUM,2,"ATP4A, ATP4B"
AC-186,2,"BCYRN1P2, ESR2"
TOMINOSTAT,2,"FPGS, FPR1"
EPIPODOPHYLLOTOXIN COMPOUND,2,"ABCB1, ABCC1"
CHEMBL:CHEMBL599957,2,"EHMT2, PLK1"
ESMETHADONE,2,"CYP2B6, CYP3A4"
CHEMBL:CHEMBL585769,2,"SMN1, SMN2"
A-841720,2,"ANOP1, GRM1"
ESTRADIOL CYPIONATE,2,"AR, ESR1"
ESCULIN,2,"AR, HSD17B10"
ESTETROL,2,"ESR1, ESR2"
7-TRANS-OH-PIPAT,2,"ABCD1, ALDH1A1"
CHEMBL:CHEMBL589469,2,"ALDH1A1, EHMT2"
EUPAROTIN ACETATE,2,"GMNN, NFE2L2"
ABT-560,2,"CHRNA4, CHRNB2"
TRIFLUMIZOLE,2,"AR, NFE2L2"
CHEMBL:CHEMBL590672,2,"APOBEC3F, EHMT2"
A947,2,"GLO1, GLP1R"
ENRASENTAN,2,"EDNRA, EDNRB"
CHEMBL:CHEMBL597449,2,"ALDH1A1, TARDBP"
A425619,2,"ATP5F1BP1, TRPV1"
ETELCALCETIDE,2,"ACP5, CASR"
CHEMBL:CHEMBL584854,2,"CYP2C19, CYP2C9"
ESOMEPRAZOLE MAGNESIUM,2,"ATP4A, ATP4B"
CHEMBL:CHEMBL591630,2,"EHMT2, NFE2L2"
CHEMBL:CHEMBL584849,2,"APOBEC3F, APOBEC3G"
CHEMBL:CHEMBL600309,2,"BAZ2B, MBNL1"
CHEMBL:CHEMBL600315,2,"BRCA1, GMNN"
EVODIAMINE,2,"SLC6A4, TOP1"
ESMOLOL HYDROCHLORIDE,2,"ADRB1, ADRB2"
A(4-24)(B7-24)H2,2,"APP, APPL1"
CHEMBL:CHEMBL586061,2,"MAPT, NFE2L2"
ETC-1922159,2,"HMBS, PORCN"
TREGALIZUMAB,2,"CD4, GYPC"
ESMOLOL,2,"ABO, ADRB1"
CHEMBL:CHEMBL586078,2,"GLP1R, MAPT"
TOCAINIDE,2,"COP1, SCN5A"
TIPIRACIL HYDROCHLORIDE,2,"SLC29A1, TYMP"
ENOBLITUZUMAB,2,"CD276, GSTA1"
ENSITUXIMAB,2,"MUC5AC, XK"
6-METHYLFLAVONE,2,"BRCA2, CYP3A4"
TRIFLUPERIDOL,2,"CYP2D6, MTOR"
AC-HMCH-(6-16)-NH2,2,"AMY2B, AMYP1"
ABBV-257,2,"IL17A, TNF"
CHEMBL:CHEMBL599088,2,"MTOR, TP53"
ERGOCRISTINE,2,"EHMT2, MAPT"
EP-100,2,"GNRHR, GNRHR2"
ENVIRONMENTAL ESTROGEN,2,"ACTB, CYP19A1"
ERITORAN TETRASODIUM,2,"LY96, TLR4"
ERK INHIBITOR CC-90003,2,"BRAF, NRAS"
EPIANDROSTERONE,2,"G6PD, TARDBP"
TIPRANAVIR,2,"CYP3A4, ERVW-4"
TIROFIBAN HYDROCHLORIDE,2,"ITGA2B, ITGB3"
CHEMBL:CHEMBL589207,2,"ALDH1A1, BRCA1"
CHEMBL:CHEMBL594772,2,"AR, PPARD"
CHEMBL:CHEMBL586982,2,"EHMT2, NFE2L2"
TOZULERISTIDE,2,"CLC, MMP9"
ERAS-5024,2,"GPM6B, GRK3"
EP-217609,2,"F10, F2"
ERAVACYCLINE DIHYDROCHLORIDE,2,"MRPL36, RPSA"
CHEMBL:CHEMBL590947,2,"KCNH2, SMAD3"
EXATECAN MESYLATE,2,"GSTP1, MGMT"
TRIADIMEFON,2,"ESR1, TARDBP"
TRIADIMENOL,2,"HSP90AA1, TARDBP"
ERGTX-1,2,"BAD, BAG1"
CHEMBL:CHEMBL590686,2,"ATXN2, GLP1R"
TOLINAPANT,2,"GNG10, GNG11"
CHEMBL:CHEMBL589258,2,"PIK3CA, PTEN"
TRIACETYLRESVERATROL,2,"CYP3A4, TP53"
AC-90179,2,"A12M3, HTR2C"
EMPA,2,"APBA2, APBB1"
TOLIMIDONE,2,"EPS15, LYN"
TRIMETHYLCOLCHICINIC ACID,2,"KDM4A, SENP8"
TIVANTINIB,2,"DRD4, MET"
CHEMBL:CHEMBL589238,2,"IDH1, PAX8"
TRIAMCINOLONE DIACETATE,2,"AR, NR3C1"
TOMELUKAST,2,"CYP3A4, VDR"
TOFOGLIFLOZIN,2,"SLC5A2, SLC5A4"
CHEMBL:CHEMBL598885,2,"GMNN, NR2E3"
CHEMBL:CHEMBL593366,2,"AR, NFE2L2"
ENPROFYLLINE,2,"PDE4A, PDE4B"
A-196,2,"GLA, KMT5C"
A-71378,2,"CCKAR, CCKBR"
CHEMBL:CHEMBL587092,2,"BAZ2B, KDM4A"
ABBV-318,2,"BBS4, SCN9A"
CHEMBL:CHEMBL589912,2,"BAZ2B, KDM4A"
A-1331852,2,"GPR22, PIK3CA"
ESTRAMUSTINE PHOSPHATE,2,"AR, PZP"
TOFOGLIFLOZIN ANHYDROUS,2,"CD3D, CD3E"
CHEMBL:CHEMBL588804,2,"BAZ2B, HSP90AA1"
SIVIFENE,2,"ESR1, ESR2"
EVT-101,2,"GRIN1, GRIN2B"
CHEMBL:CHEMBL589670,2,"EHMT2, GLP1R"
TIPRELESTAT,2,"ELANE, PRTN3"
ENILCONAZOLE,2,"AR, TARDBP"
ABIVERTINIB MALEATE,2,"BTK, EGFR"
CHEMBL:CHEMBL588250,2,"KDM4A, RAD54L"
TRIMETHOPRIM/SULFADOXINE,2,"APBB1, F10"
TRIDIHEXETHYL CHLORIDE,2,"CHRM1, CHRM3"
TIQ-15,2,"ACTG1, COX5B"
TP-472,2,"BRD7, GLC3B"
CHEMBL:CHEMBL590900,2,"NPC1, RAB9A"
ABELACIMAB,2,"F11, FRA1A"
TP0472993,2,"CYP4A11, CYP4F2"
ENCEQUIDAR,2,"ABCB1, CA9"
CHEMBL:CHEMBL599102,2,"IDH1, NFE2L2"
A-317567,2,"BTC, BTD"
EPIBATIDINE,2,"CHRNA3, CHRNB4"
ESTRAMUSTINE PHOSPHATE SODIUM,2,"AR, ESR2"
EP-7041,2,"F11, FRA1A"
ABARELIX,2,"GNRHR, KLK3"
TRIPELENNAMINE,2,"AMD1, HRH1"
CHEMBL:CHEMBL588028,2,"ATAD5, GLP1R"
ABEQUOLIXRON,2,"NR1H2, NR1H3"
6-BROMOINDIRUBIN-3'-OXIME,2,"EGR4, EIF4E"
ABAPERIDONE,2,"DRD2, HTR2A"
AZD1678,1,CCR4
(S)-WILLARDIINE,1,EHMT2
"(S,R)-MEFLOQUINE",1,SMAD3
ZATOSETRON MALEATE,1,HTR3A
"[(3-PH-PR6), HIS7,D-ALA11,D-PRO13,&PSI;13-14),PHE14]BOMBESIN-(6-14)",1,ACAT2
ZATOLMILAST,1,PDE4D
1-NAPHTHOL,1,NFE2L2
[&BETA;ALA8]NEUROKININ A-(4-10),1,AQP4
"1,6-HEXAMETHYLENE DIISOCYANATE",1,ATP1B1P1
POMC (141-162),1,ADCY8
POMEGRANATE JUICE,1,CYP3A43
AZ9773,1,TNF
"[(CH2NH)4,5]SECRETIN",1,SCTR
POCIREDIR,1,FRZB
ZATUXIMAB,1,EGFR
AZD8683,1,CHRM3
POLYSIALIC ACID,1,BDNF
POLY ICLC,1,TLR3
POLY(I:C),1,TLR3
POLYGLUTAMATE CAMPTOTHECIN,1,TOP1
(S)-VU0637120,1,ANXA4
POLYMYXIN B SULFATE,1,ATP1B3P1
AZD8542,1,ALOX12
ZANIDATAMAB,1,ERBB2
PODOCARIC ACID,1,RGS4
THENALIDINE,1,HRH1
ZK-158252,1,AMH
A134974,1,CCR2
11-DEOXY-PGE1,1,AQP8
11-CIS-RETINAL,1,OPN1LW
THEONELLASTEROL D,1,NR1I2
AZD-8165,1,F2
POLIDOCANOL,1,AR
1018 ISS,1,TLR9
PLAZINEMDOR,1,GRIN2A
PLOVAMER ACETATE,1,HLA-DRB1
PLONMARLIMAB,1,CSF2
A1120,1,GAB1
AZD1283,1,APEX1
PLOGOSERTIB,1,FABP1
A011,1,EEF1B2P2
"10,10-DIFLUORO TXA2",1,APOC4
TOFISOPAM,1,AR
AZD2066,1,GRM5
A192621,1,ALDH1A3
AZD9056,1,P2RX7
.ALPHA.1-PROTEINASE INHIBITOR HUMAN,1,ELANE
POM2-C-HMBP,1,GSTM4
TETRASUL,1,ADRA2C
POLYVALENT VACCINE,1,IL1B
THELIATINIB,1,EGFR
POLYVALENT MELANOMA VACCINE,1,HLA-A
A-967079,1,ATP1B1P1
AZD-8848,1,TLR7
POLYTHIAZIDE,1,SLC12A3
1'-ACETOXYCHAVICOL ACETATE,1,ATP1B1P1
ZK216348,1,BDM
PLEVITREXED,1,BIRC5
ZK 756326,1,ACTBP5
12-EPI LTB4,1,AMH
TETRAMETHRIN,1,AR
POTASSIUM CITRATE ANHYDROUS,1,PTH
PONAZURIL,1,DRD5P1
ZOLIFLODACIN,1,CCL18
PONEZUMAB,1,APP
ZIMELIDINE DIHYDROCHLORIDE,1,KCNH2
PORGAVIXIMAB,1,RNF130
ZOLIMOMAB ARITOX,1,CD5
PORPHOBILINOGEN,1,ALAD
TFC007,1,CRABP1
PRASUGREL HYDROCHLORIDE,1,P2RY12
TETRALIN_UREA ANALOGUE (7O),1,AMY2B
AZD-9977,1,NR3C2
ZM-274773,1,AQP4
AZD-9164,1,CHRM3
POSDINEMAB,1,MAPT
ABD-1970,1,CRKL
PRAMIRACETAM,1,CHRM5
PRASINEZUMAB,1,SNCA
POSACONAZOLE,1,CYP3A4
ZM 253270,1,AQP4
AZD4619,1,BCKDHA
ZETELETINIB,1,PTK2B
AZD4625,1,GPM6B
AZD4205,1,JAK1
AZD4017,1,GMFA
ABILIFY MAINTENA,1,HTR2A
AZD6088,1,AADAC
AZD5904,1,GNG5P1
ABT-102,1,TRPV1
ZICONOTIDE ACETATE,1,CACNA1B
ZOFENOPRIL,1,DAPK3
AZD4818,1,CCR1
ZOMIRADOMIDE,1,EPHA7
ZIFAXABAN,1,FPR3
ZINC PROTOPORPHYRIN IX,1,BCL2A1
AZD3199,1,ADRB2
ABSINTHIN,1,TAS2R46
ZOPOLRESTAT,1,GNA12
AZD3229,1,KIT
AZD-7624,1,MAPK14
AZD-6088,1,CHRM1
ZENARESTAT,1,GNA12
ABL127,1,GPT
AZ7188,1,APOE
ZAPNOMETINIB,1,MAP2K1
(R)-ZINC-3573,1,GRK3
ZANSECIMAB,1,ANGPT2
PPI-2458,1,METAP2
ZANOTERONE,1,AR
AZ8838,1,APOE
PPG,1,ANTP2
POZELIMAB,1,C5
TETRONOTHIODIN,1,CCKBR
PO-322,1,CYB561
PNU-99194A,1,CYP2D6
PNU-282987,1,ATF4
THEAFLAVIN-3′-O-GALLATE,1,BRCA2
"1,2,3-BENZENETRICARBOXYLIC ACID",1,CEBPB
PNEUMOCOCCAL POLYVALENT VACCINE,1,TNF
PN6047,1,APAF1
ZANOLIMUMAB,1,CD4
"1,4-DICHLOROBENZENE",1,CASP3
A1P,1,ABCC2
ZIMELDINE,1,DRD1
POVORCITINIB,1,EPHB1
(S)-23 [PMID: 27933945],1,MAPK14
PRALIDOXIME CHLORIDE,1,ACHE
PRALIDOXIME IODIDE,1,KDM4A
TETRAHYDROZOLINE,1,ADRA2C
PQA-18,1,EXTL1
AZASETRON,1,HTR3A
AZATADINE,1,HRH1
AZATADINE MALEATE,1,HRH1
ZINLIRVIMAB,1,ERVK-20
PQ401,1,DPH1
(S)-3-HYDROXY-3-METHYLGLUTARYL-COA,1,BIK
(S)-3-PHENYLLACTIC ACID,1,AOAH
(R)-UH 301,1,A1BG
THEONELLASTEROL H,1,NR1I2
AZ6102,1,HLA-DMA
ZIRALIMUMAB,1,BSG
PPTN,1,BIRC3
ZINTEROL,1,ABR
ZINPENTRAXIN ALFA,1,NPTX2
TEVERELIX,1,GNRHR
BANOXANTRONE,1,NOS2
BAMOSIRAN,1,ADRB2
BAMOCAFTOR,1,CFTR
[11C]SB207145,1,NAT1
[11C]VOLINANSERIN,1,A12M3
BALUGRASTIM,1,CSF3R
[11C]WAY100635,1,A1BG
AZILSARTAN KAMEDOXOMIL,1,AGTR1
AZIDOPINE,1,CACNA1D
[11C]XANOMELINE,1,AADAC
AZETIRELIN,1,TRHR
AZERCABTAGENE ZAPRELEUCEL,1,CD19
AZEPEXOLE,1,EHMT2
AZEPANE,1,ALDH1A1
1-STEAROYL-LYSOPHOSPHATIDYLCHOLINE,1,ADH1C
AZOCYCLOTIN,1,VDR
[11C]AZ10419369,1,A2M
[11C]BUTYLTHIO-TZTP,1,AADAC
AZIRIDINE,1,IL2
ACTH-(11-24),1,ANG
[125I]CETRORELIX,1,GNRHR
[125I]CHIPS,1,ALDH3B2
[125I]CHORIONIC GONADOTROPIN (HUMAN),1,LHCGR
[125I]CNP (HUMAN),1,DLX4
ACTINIUM AC 225 LINTUZUMAB,1,CD33
[125I]CCL19 (HUMAN),1,ACTBP4
PIM KINASE INHIBITOR LGH447,1,JAK2
PILOCARPINE NITRATE,1,CYP3A4
PILAVAPADIN,1,AAK1
[111IN]DOTA-DLVT,1,ARAF
AD5075,1,CCND1
(S)-FTY720-PHOSPHATE,1,AMY1B
TOLOXATONE,1,MAOA
PINOSYLVIN METHYL ETHER,1,HSD17B10
PINORESINOL,1,RACGAP1
PINOPHILIN A,1,POLK
PINOCEMBRIN,1,CYP1B1
PINGYANGMYCIN,1,MAPK10
PIPERAQUINE,1,ATP2A1
PIPENZOLATE,1,CYP2D6
(S)-FTY720P,1,S1PR1
PIPECURONIUM,1,CHRNA2
PIPERONAL,1,AR
PIPERILATE ETHOBROMIDE,1,AR
ACTEIN,1,RORC
(S)-4-CMTB,1,ALDOA
PICROPODOPHYLLIN,1,IGF1R
PICOPLATIN,1,STAT1
PICONOL,1,NFE2L2
(S)-4C3HPG,1,ANOP1
PIK-III,1,F3
BAG-2,1,ASIC2
BAG-1,1,ASIC2
(S)-CETIRIZINE,1,AMD1
BALOXAVIR MARBOXIL,1,BLOC1S6
BALOXAVIR,1,BLOC1S6
(S)-CHLOROSUCCINIC ACID,1,TLE5
BALIPODECT,1,LINC00473
(RS)-PPCC,1,SIGMAR1
PIPERIDOLATE HYDROCHLORIDE,1,CYP3A4
BAVISANT,1,HRH3
TGFBETA INHIBITOR LY3200882,1,TGFBR1
[125I]CATHEPSIN G (HUMAN),1,ALDH3B2
BAVAROSTAT,1,GART
[125I]CCL1 (HUMAN),1,ACTBP5
BADGE,1,CCND1
[125I]CCL11 (HUMAN),1,ACTB
BACCHARIN,1,AKR1C3
BACAMPICILLIN,1,HLA-A
BALCINRENONE,1,NR3C2
[125I]CCL16 (HUMAN),1,AMELX
BALAGLITAZONE,1,PPARG
PI-HEXATOXIN-HI1A,1,BST2
PI-CLONIDINE,1,CYP2D6
PIMICOTINIB,1,DPYD
TOMATINE,1,AR
TOMARALIMAB,1,TLR2
PI3K/MTOR KINASE INHIBITOR WXFL10030390,1,PIK3CA
[125I]ANTISAUVAGINE,1,ALB
PI3K-ALPHA INHIBITOR TOS-358,1,PIK3CA
PI3K-ALPHA INHIBITOR HS-10352,1,PIK3CA
PI3K P110BETA/DELTA INHIBITOR KA2237,1,PIK3CG
PICLOZOTAN,1,HTR1A
PICEID,1,POLB
PIBTU,1,NOS2
PHOMOPSIN A,1,TUBB
PHM,1,ARCN2
[125I]APELIN-13,1,ACADSB
PHI-101,1,FLT3
[125I]CCL17 (HUMAN),1,CCR4
THE-630,1,KIT
TG7-171,1,APOC1
TG8-260,1,APOC1
PIMETHIXENE,1,CYP2D6
TGAAG-76,1,RPE65
[125I]CCL20 (HUMAN),1,ACTBP3
PIMAGEDINE HYDROCHLORIDE,1,NOS2
[125I]CCL21 (HUMAN),1,ACTBP4
PHYTOSTEROLS,1,CYP27A1
[125I]CCL25 (HUMAN),1,ACTBP6
TGF&ALPHA;,1,DXO
PHYTOSPHINGOSINE 1-PHOSPHATE,1,AMY1C
PHYTANIC ACID,1,RXRA
PHYSOSTIGMINE SALICYLATE,1,ACHE
BAVITUXIMAB,1,PISD
PI1,1,ANXA2
PI-THERAPHOTOXIN-HM3A,1,BST2
[125I]CCL27 (HUMAN),1,CCR4
BARZOLVOLIMAB,1,DPT
TGF&BETA;3,1,DOCK3
BARUSIBAN,1,OXTR
BATOCLIMAB,1,FCGRT
[125I]CCL4 (HUMAN),1,ACTBP2
[125I]BQ3020,1,ALDH1A3
BATILOL,1,AR
[125I]C3A (HUMAN),1,ACACA
TGF-BETA RI INHIBITOR III,1,DNMT3A
BATABULIN,1,TUBB
BAXDROSTAT,1,CPB1
PI3K ALPHA/BETA INHIBITOR BAY1082439,1,PIK3CA
A-935142,1,BAD
A438079,1,ATP1B3P1
PMX205,1,ACACB
ACETYLSALICYLIC ACID/DIPYRIDAMOLE,1,COX8A
ZOTIZALKIB,1,HBEGF
PMI-001,1,NR3C1
[125I]1DME,1,NPFFR1
PLX5622,1,DPT
PIVAMPICILLIN,1,CYP3A4
PITTSBURGH COMPOUND B,1,MAPT
PITRAKINRA,1,IL4R
PITOLISANT HYDROCHLORIDE,1,HRH3
PITAVASTATIN SODIUM,1,HMGCR
[125I]26RFA (HUMAN),1,APLP1
PIMONIDAZOLE,1,HIF1A
[125I]3-N3-PHPA-LVA,1,AQP9
PKCBETA INHIBITOR,1,CTAA1
PKC&THETA; INHIBITOR 14,1,CTBP2
[125I]7-AZIDO-8-IODOKETANSERINE,1,CDH13
PIZOTYLINE,1,A1BG
[125I]AB-MECA,1,ABCA3
PIXANTRONE,1,TOP2A
[125I]ABOPX,1,ABCA2
[125I]ACTH-(1-24),1,ANG
ACETYLSULFANILAMIDE,1,AQP4
ACHE REACTIVATOR 2,1,FRA17A
PL017,1,APOF
PL-225B,1,IGF1R
PKUMDL_MH_1001,1,ATF6B
PITAVASTATIN MAGNESIUM,1,HMGCR
TGN4,1,CASP7
AZD8529,1,ANPEP
[(PF)PHE4]N/OFQ-(1-13)-NH2,1,APBA1
[1-BROMO-(3S)-HYDROX-4-(PALMITOYLOXY)BUTYL]PHOSPHATE,1,ACVRL1
"[1-HYDROXY-2-(1,1':3',1''-TERPHENYL-3-YLOXY)ETHANE-1,1-DIYL]BIS(PHOSPHONIC ACID)",1,CXCR5
TH0318,1,GLP1R
AZELAIC ACID,1,MBNL1
TH5487,1,HCRT
AZD9898,1,LTC4S
ZURLETRECTINIB,1,DRD5P1
AZD3161,1,SCN9A
ACLIDINIUM BROMIDE,1,CHRM3
AZD2906,1,BDM
AZD2858,1,SLC29A1
ACETYLGLUCOSAMINE,1,NAGLU
AZD2516,1,GRM5
ZYC300,1,CYP1B1
ZYH7,1,PPARA
AZD2207,1,CNR1
AZD2098,1,CCR4
ACLIMOSTAT,1,METAP2
AZD3839,1,FMO5
ZZL-7,1,NOS1
ZOXAMIDE,1,AR
PLX51107,1,DNER
PLX-8394,1,BRAF
ZQ-16,1,ADD3
PLUKENETIONE A,1,TOP1
ZOPTARELIN DOXORUBICIN,1,GNRHR
ZY15557,1,DAPK1
B-R13/17K H2 RELAXIN,1,APP
[125I]-BDZ2,1,CCKBR
B-9958,1,ASIC1
[11C]DTBZ,1,CDH13
A331440,1,HRH3
B-9858,1,ASIC1
[11C]MMTP,1,ANOP1
ADEMETIONINE,1,TF
(B7-33)H2,1,APP
ADENINE,1,TARDBP
(D-ALA11]BOMBESIN,1,ACAT2
AZD6495,1,DPYD
(DES 1-8) A-CHAIN INSL3 ANALOGUE,1,APPL1
PIRBUTEROL ACETATE,1,ADRB2
[123I]IODOBENZOVESAMICOL,1,CDH15
PIRMENOL,1,XK
PIRLINDOLE,1,FSHMD1A
(HYDROXYMETHYLPHENYL)AGOMELATINE,1,ANK3
PIRITREXIM ISETHIONATE,1,NFE2L2
PIRITREXIM,1,DHFR
PIRIQUALONE,1,GMNN
PIRIDRONIC ACID,1,BLVRA
AD-439,1,ERVK-20
(N)METHANOCARBA-UTP,1,APCS
PIRSIDOMINE,1,GC
(R)-2H [PMID:19625189],1,ACP5
PIMURUTAMAB,1,EGFR
PIMPINELLIN,1,CYP3A4
TOLPERISONE HYDROCHLORIDE,1,NFE2L2
AD-159,1,ERVK-20
PKR-A,1,APOA2
PKR INHIBITOR,1,EMX1
[123I]IODOPROXYFAN,1,HRH3
[125I-TYR]AC2-26,1,ALDH9A1
PLATELET ACTIVATING FACTOR,1,APLP2
PLAMOTAMAB,1,MS4A1
PLADIENOLIDE B,1,SF3B3
[125I]&ALPHA;-CONOTOXIN MII,1,ATF3
PLACULUMAB,1,TNF
[125I](3-IODO-TYR13)-MCH,1,AMY2B
PLA D,1,SF3B3
PIRBUTEROL,1,ADRB2
PIRAGLIATIN,1,GCK
PIPOXOLAN HYDROCHLORIDE,1,NFE2L2
[125I](PYR1)APELIN-13,1,ACADSB
PIRENZEPINE HYDROCHLORIDE,1,EHMT2
AZIMILIDE,1,CALCA
ACIPIMOX,1,ANXA13
ADC3680,1,PTGDR2
B-10356,1,ASIC1
B AND T LYMPHOCYTE ATTENUATOR,1,EBVM1
AZX-100,1,HSPB6
AZOSEMIDE,1,NFE2L2
AZORUBINE,1,THRB
B3C,1,FRA5G
B27PD,1,SAG
ADECATUMUMAB,1,EPCAM
A412997,1,ALDH2
B1-27,1,APRT
B-TPMF,1,ARF5
PIPOTHIAZINE,1,ABCD1
PU-H71,1,HSP90AB1
PTI-110,1,APP
TETRAETHYLAMMONIUM CHLORIDE,1,GNAS
XNT [PMID: 18391097],1,ACE2
PTHRP-(1-34) (HUMAN),1,BIRC5
PUROMYCIN HYDROCHLORIDE,1,AR
TOPICAL POTASSIUM DOBESILATE,1,FGFR1
PURINE ANTAGONIST,1,CDK2
PURGIN II,1,ABCB1
XY101,1,BAK1P1
XYLOMETAZOLINE HYDROCHLORIDE,1,HTR1A
PUTRESCINE DIHYDROCHLORIDE,1,EHMT2
PUTRESCINE,1,ASGR1
ZD-6126,1,TUBB
PYR3,1,ATP2A2
TONABERSAT,1,HTR1D
TETRAHYDROCURCUMIN,1,DNMT1
XMAB-2513,1,TNFRSF8
PYR10,1,ATP2A2
PXS-4728A,1,GNA11
PXS-4681A,1,GNA11
PX-478,1,HIF1A
PX-12,1,TXN
PX-102,1,NR1H4
PWT2-N/OFQ,1,APBA1
PSEUDOCHELERYTHRINE,1,GOLGA2
PSB1114,1,APC
PSB-KD107,1,ACTN3
XYT528B,1,ACADVL
XEN-2174,1,SLC6A2
XEN-D0501,1,TRPV1
AVACINCAPTAD PEGOL,1,C5
AVA5,1,ANXA2P1
AVA3,1,ANXA2P1
AV608,1,TACR1
YEZOQUINOLIDE,1,NR1H4
AV-203,1,ERBB3
TRABEDERSEN,1,TGFB2
ATUVECICLIB,1,EIF4G1
ATU-027,1,PKN3
ATROPINE METHYLBROMIDE,1,AR
ATRELEUTON,1,ALOX5
YESSOTOXIN,1,GYPA
YH18968,1,ADH1C
YHJ1039,1,ACSL1
YIL781,1,ALOX15
AUDIEN,1,BTF3P11
PYRENE,1,HSD17B10
TERCONAZOLE,1,HSP90AA1
YL-365,1,ADAM8
"PYRAZOLONE, 1",1,ALDH9A1
TQB3804,1,DXO
PYRIDOXAMINE,1,AGER
Y-KE88,1,FASLG
PYRONARIDINE,1,ATP2A1
PYROCATECHOL VIOLET,1,RELA
YD-3,1,APOH
ATRASENTAN HYDROCHLORIDE,1,EDNRA
PRT-2607,1,SYK
YOHIMBINE HYDROCHLORIDE,1,KCNH2
PRS-211375,1,CNR2
YSIL6,1,IL6
PS020990,1,ASIC1
PS-516895,1,MAPK14
YT47R,1,HPE1
PRX-321,1,IL4R
PRX-08066,1,HTR2B
YTK-2205,1,HOXB3
AVE-9633,1,CD33
AVE-1642,1,IGF1R
AVE-1625,1,CNR1
PSB-6426,1,RAPGEF1
AVOCADYNE ACETATE,1,ALDH1A1
YTTRIUM (90Y) CLIVATUZUMAB TETRAXETAN,1,MUC1
AVL-3288,1,CHRNA7
YTTRIUM Y 90 ANTI-CEA MONOCLONAL ANTIBODY CT84.66,1,CEACAM5
YTTRIUM Y 90 CAPROMAB PENDETIDE,1,FOLH1
AVI-4557,1,CYP3A4
YM348,1,HTR2C
YM44778,1,AQP4
YM44781,1,AQP4
AX15836,1,ERVT3
YM49598,1,AQP4
TETRADECANOYL PHORBOL ACETATE,1,PRKCD
TETANUS ANTITOXIN,1,HLA-A
AVX-470,1,TNF
AVDORALIMAB,1,C5AR1
TETRAHYDROFOLIC ACID,1,FOLR1
TETRAHYDROGAMBOGIC ACID,1,VDR
PSMA PEPTIDE,1,FOLH1
PSM&ALPHA;3,1,ALDH9A1
PSILOCYBINE,1,HTR2A
PSILOCIN,1,A12M3
PSI-697,1,SELP
PSEUDOEPHEDRINE SULFATE,1,SLC6A2
XMD17-109,1,ERVT3
PSEUDOEPHEDRINE POLISTIREX,1,SLC6A2
PTBE,1,ANPEP
XMT-1001,1,TOP1
PT2385,1,HMGB2
YXG-158,1,CPB2
PSN632408,1,ADH1C
PSN375963,1,ADH1C
XMT-1191,1,CYP2J2
PTHRP-(1-20)/TIP-(23-39) (HUMAN),1,XIAP
YTTRIUM Y 90 CLIVATUZUMAB TETRAXETAN,1,MUC5AC
PTEB,1,SLC25A6
YTTRIUM Y 90 EPRATUZUMAB,1,CD22
YTTRIUM Y 90 EPRATUZUMAB TETRAXETAN,1,CD22
PRUNETIN,1,GANC
YTTRIUM Y 90 IBRITUMOMAB TIUXETAN,1,MS4A1
YTTRIUM Y 90 LABETUZUMAB,1,CEACAM5
TETRACONAZOLE,1,AR
PRUCALOPRIDE SUCCINATE,1,HTR4
YTTRIUM Y 90 TACATUZUMAB TETRAXETAN,1,AFP
PSOROMIC ACID,1,GLS
PYRROLIDINE MCHR1 ANTAGONIST 1,1,AMY2B
PYROXAMINE MALEATE,1,GLP1R
2-(3-IODOPHENYL)HISTAMINE,1,AMD1
PZ-II-029,1,ARRB2
PZ-128,1,F2R
2-(INDOLIN-1YL)-MELATONIN,1,ANK3
TPN171,1,PDE5A
"2-AMINO-3-(3-HYDROXY-7,8-DIHYDRO-6H-CYCLOHEPTA[D]-4-ISOXAZOLYL)PROPIONIC ACID",1,ASS1P5
ATX08-001,1,PPARG
TPL2 KINASE INHIBITOR,1,ERPL2
ATX-101,1,PCNA
TPI 1361-17,1,AMY2B
ATUZABRUTINIB,1,EFNB2
AUTOLOGOUS DENDRITIC CELLS TRANSDUCED WITH WILD-TYPE P53 ADENOVIRUS VACCINE,1,TP53
"2,6-DIDEHYDROPEPEROMIN B",1,CHUK
"2- (2,6-DIMETHOXYPHENOXYETHYL)AMINOMETHYL-1,4-BENZODIOXANE HYDROCHLORIDE (WB 4101)",1,CYP3A4
TESAMORELIN ACETATE,1,GHRHR
AURORA A KINASE INHIBITOR MK5108,1,AURKA
AURAPTENE,1,HSD17B10
2-(1-PHENYLETHYLIDENE)HYDRAZINECARBOXIMIDAMIDE,1,SLC5A7
AUTOLOGOUS ANTI-BCMA-CAR-EXPRESSING CD4+/CD8+ T-LYMPHOCYTES FCARH143,1,TNFRSF17
AUTOLOGOUS ANTI-BCMA-CAR-4-1BB-CD3ZETA-EXPRESSING T-CELLS C-CAR088,1,TNFRSF17
AUTOLOGOUS ANTI-BCMA-CAR-4-1BB-CD3ZETA-EXPRESSING MEMORY T-LYMPHOCYTES BB21217,1,TNFRSF17
2-(2-THIAZOLYL)ETHANAMINE,1,AMD1
AUSTOCYSTIN D,1,ABCB1
AUS-131,1,ESR2
TPC2-A1-P,1,ARHGAP4
AUROTHIOGLUCOSE,1,TXNRD1
2-AMINO-4-METHYLPYRIDINE,1,NOS2
QWF,1,GRK3
QUISOVALIMAB,1,TNFSF14
"13,14-DIHYDRO-16-M-CHLOROPHENOXY-W-TETRANOR-PGF1&ALPHA;",1,APOC2
R-954,1,ASIC1
R-715,1,ASIC1
R-486,1,AQP3
"13,14-DIHYDRO-PGE1",1,AQP8
R-343,1,SYK
13-DEOXYDOXORUBICIN,1,TOP2A
R-138727,1,APEX1
QUEMLICLUSTAT,1,CCR3
QUAZINONE,1,CYP1A2
QUAVONLIMAB,1,CTLA4
TENATUMOMAB,1,TNC
QUIN-C1,1,ALDH9A1
135PAM1,1,APRT
QUIFENADINE,1,AR
1400W,1,NOS2
15(R)-15-METHYL-PGD2,1,APOBEC1
QUETMOLIMAB,1,CX3CL1
2-(3-CHLOROPHENYL)HISTAMINE,1,AMD1
QUINALPHOS,1,AHR
QUINAGOLIDE,1,DRD2
QUINETHAZONE,1,SLC12A3
QUINAZOLIN-4(3H) DERIVATIVE 36,1,TRPV4
QUINAPRILAT,1,DAPK3
PYRROLOPYRIMIDINE 48 [PMID: 22318156],1,SCN9A
PYRROLNITRIN,1,AR
QUIN-C7,1,ALDH9A1
QRFP43,1,APLP1
QRFP26 (26RFA),1,APLP1
XL550,1,NR3C2
QR-333,1,AKR1B1
TERIPARATIDE ACETATE,1,PTH1R
PYRAZOLO-PYRIMIDINE 14A [PMID: 29859875],1,ATP2B2
TERLAKIREN,1,REN
XL01126,1,EPS8
"PYRIDINE-2,5-DICARBOXYLIC ACID",1,P4HA1
PYRIDINE,1,TBXAS1
PYRIDALYL,1,NFE2L2
TERN-101,1,NR1H4
XEN403,1,SCN9A
ATINUMAB,1,RTN4
XEN907,1,SCN9A
AUTOLOGOUS BONE MARROW-DERIVED CD34/CXCR4-POSITIVE STEM CELLS AMR-001,1,CD34
TERAZOSIN HYDROCHLORIDE HYDRATE,1,GAA
AUTOLOGOUS ANTI-CD20 CAR TRANSDUCED CD4/CD8 ENRICHED T-CELLS MB-CART20.1,1,MS4A1
AUTOLOGOUS PSMA-4SCAR-EXPRESSING T-CELLS 4SCAR-PSMA,1,FOLH1
AUTOLOGOUS PROSTATE STEM CELL ANTIGEN-SPECIFIC CAR T CELLS BPX-601,1,PSCA
AUTOLOGOUS NKG2D CAR-CD3ZETA-DAP10-EXPRESSING T-LYMPHOCYTES CYAD-01,1,KLRK1
XESTOSPONGIN C,1,ITPR1
AUTOLOGOUS MESOTHELIN-SPECIFIC CAR-T CELLS,1,MSLN
XL-019,1,JAK2
XCL1,1,ACTG1P3
XCL2,1,ACTG1P3
AUTOLOGOUS MAGE-A3/A6-SPECIFIC TCR GENE-ENGINEERED LYMPHOCYTES KITE-718,1,MAGEA3
XD1,1,EFNA4
TERODILINE,1,KCNH2
ATILMOTIN,1,MLNR
ATIBUCLIMAB,1,HLA-DRB4
TPC2-A1-N,1,ARHGAP4
"2,4,6-TRIHYDROXYACETOPHENONE",1,CYP3A4
ATI-355,1,RTN4
ATGLISTATIN,1,HPRTP1
XALIPRODEN,1,HTR1A
TRACHEAL CYTOTOXIN,1,NOD1
XAMOTEROL FUMARATE,1,RACGAP1
WWL70,1,CXCL1
TESIDOLUMAB,1,C5
TERPESTACIN,1,UQCRB
ATM INHIBITOR M 3541,1,ATM
ATLA2,1,ALDH9A1
QRFP43 (43RFA),1,APLP1
WYE-354,1,ETFB
PYRUVIC ACID,1,ABAT
PYRUVATE KINASE INHIBITOR TLN-232,1,PKM
QO-58,1,AZF2
TERT-BUTYLPHENOXYCYCLOHEXANOL,1,ANXA4
TERTIAPIN-Q,1,ASCL1
QAX-576,1,IL13
TERTOMOTIDE,1,TERT
QAV-680,1,PTGDR2
XL388,1,ETFB
TRABODENOSON,1,ADORA1
QA1,1,ANXA2
PZM21,1,APOF
QU-SPX,1,GALR2
PYRVINIUM PAMOATE,1,AR
Z-DQMD-FMK,1,CASP3
TORCETRAPIB,1,CETP
PROBE 2.1 [PMID: 24187130],1,NUDT2
PROBE 1.1 [PMID: 24187130],1,NUDT2
TETRA-IODOPHENOLPHTHALEIN,1,AVPR2
AZAPRO-3,1,FRA6A
Z-IETD-FMK,1,DBIP1
Z-LEHD-FMK,1,DBIL3
TETRABUTYLAMMONIUM BROMIDE,1,AR
ZEBULARINE,1,DNMT1
AZD-1656,1,GCK
ZED1227,1,H2AZ1
ZELASUDIL,1,CTRB1
AVP-21D9,1,PRDX1
ZELNECIRNON,1,CCR4
TESTOSTERONE BUCYCLATE,1,AR
ZEMIRCICLIB,1,EIF4G1
AZATHIOPRINE SODIUM,1,PPAT
AZD-5122,1,CXCR2
AZD-4877,1,KIF11
AZD-4769,1,EGFR
AZD-3839,1,BACE1
AZD-3759,1,EGFR
AZD-3043,1,GABRG3
AY77,1,APOE
ZAURATEGRAST,1,FRA11F
AXITIROME,1,THRB
AXICABTAGENE CILOLEUCEL,1,CD19
TESNATILIMAB,1,KLRK1
PROPYL GALLATE,1,NFE2L2
PROPOXYPHENE NAPSYLATE,1,OPRM1
ADROPIN,1,ACVR1
ZAGOTENEMAB,1,MAPT
PROGLUMETACIN,1,PPARD
PROGESTOGEN,1,PGR
PROGESTERONE ANTAGONIST,1,PRL
PROLGOLIMAB,1,GM2A
ZALOGLANSTAT,1,PTGES
ADOZELESIN,1,MYC
PROLACTIN G129R,1,PRLR
Z-VDVAD-FMK,1,DAZL
Z-VEID-FMK,1,DBI
Z-DEVD-FMK,1,CASP3
PROGRAMMED CELL DEATH 1 LIGAND 1,1,GM2A
Z-YVAD-FMK,1,DAZ1
ADP RIBOSE,1,ATP3
PROMESTRIENE,1,ESR1
PROMEGESTONE,1,BDNF
PROMEGAPOIETIN,1,THPO
ZABOFLOXACIN,1,CCL18
ZACOPRIDE,1,NAT1
YZM18,1,FRA8B
ADH-1,1,CDH2
Z-360,1,CCKBR
PRITUMUMAB,1,VIM
Z-ARG-LEU-VAL-AGLY-ILE-VAL-OME,1,FNTBL1
PRISTANIC ACID,1,BCKDHA
Z-WEHD-FMK,1,DBH
12-EPI-SALVINORIN A,1,OPRK1
PREDNISOLONE TEBUTATE,1,NR3C1
PREDNISOLONE SODIUM SUCCINATE,1,NFE2L2
"12-HYDROXY-4,4-BISNOR-4,8,11,13-PODOCARPATETRAEN-3-ONE",1,CYP3A4
PRETOMANID,1,FASN
PREP-001,1,CYP1A2
12-HYDROXYHEPTADECATRIENOIC ACID,1,AMH
12-IMIDAZOLYL-1-DODECANOL,1,COX5BP1
PRENALTEROL,1,ABO
PREGNENOLONE-16&ALPHA;-CARBONITRILE,1,NFE2L2
TEZEPELUMAB,1,TSLP
PRILIXIMAB,1,CD4
TOSITUMOMAB 131I,1,MS4A1
AXATILIMAB,1,CSF1R
PRIDOPIDINE,1,DRD2
PRIDINOL METHANESULFONATE,1,CYP2D6
PRIDINOL,1,CYP2D6
12R-HETE,1,AMFR
PRADIGASTAT,1,DGAT1
12S-HETE,1,AMH
TOSAGESTIN,1,PGR
PRADEMAGENE ZAMIKERACEL,1,APP
"13,14-DIHYDRO-15-KETO-PGD2",1,APOBEC1
PRADEFOVIR MESYLATE,1,OCA2
TORUDOKIMAB,1,IL33
TORMENTIC ACID METHYL ESTER,1,HSD11B1
PRABOTULINUMTOXIN A,1,SNAP25
PRAME-TARGETING T-CELL RECEPTOR/INDUCIBLE CASPASE 9 BPX-701,1,TRBV20OR9-2
PRIFINIUM,1,CHRM5
TESTOSTERONE CYPIONATE,1,AR
ZD-4190,1,KDR
AZ12216052,1,GRM8
PHOSPHORODIAMIDATE MORPHOLINO OLIGOMER AVI-4126,1,MYC
AZ11657312 (SALT FREE),1,ATP1B3P1
ZD-7155,1,CYP2C19
AZ11645373,1,ATP1B3P1
ZD6021,1,AQP3
ZARAGOZIC ACID A,1,BLVRB
PRO-542,1,ERVK-20
ZASOCITINIB,1,TYK2
(S)-RP-6306,1,FABP4
(S)-SARGACHROMENOL,1,NR1H4
PREGNENOLONE SULFATE SODIUM,1,IDH1
TFLLR-NH2,1,APOD
PROCYSTEINE,1,ROS1
(S)-MIDODRINE,1,CYP1A2
(S)-N-OLEOYLTYROSINOL,1,ADH1C
PROCYMIDONE,1,AR
PROCYCLIDINE HYDROCHLORIDE,1,CHRM1
PROCYANIDIN C2,1,BNIP1
TG4-155,1,APOC1
PREDNISOLONE SODIUM PHOSPHATE,1,NR3C1
PREDNISOLONE HEMISUCCINATE,1,AR
PRECLAMOL HYDROCHLORIDE,1,DRD3
PRECLAMOL,1,DRD1
TEZACAFTOR,1,CFTR
TEZACAFTOR AND IVACAFTOR,1,CFTR
TORALIZUMAB,1,CD40LG
PSAB-OFP,1,ATF4
PSB-416,1,APC
PSB-17365,1,ADD3
PSB-16434,1,ADD3
PSB-16133,1,APCS
PSB-1584,1,ADD3
PSB-12062,1,ATP1B1
PSB-12054,1,ATP1B1
PROTEIN KINASE A INHIBITOR,1,FOS
PROTECTIVE AGENT,1,CXCL8
PROTECTED SIPHONODICTYAL C,1,DHRS9
1-CYCLOHEXYL-N-{[1-(4-METHYLPHENYL)-1H-INDOL-3-YL]METHYL}METHANAMINE,1,BDH1
PROTHIOFOS,1,VDR
PROPYLENE GLYCOL,1,CYP1A2
1-HYDROXY-6-(4-HYDROXY-PHENYL)-1-PHENYL-HEXAN-3-ONE (ENANTIOMERIC MIX),1,ESR1
1-METHYL-L-TRYPTOPHAN,1,XCR1
PROTOPORPHYRIN IX CONTAINING CO,1,BCL2A1
"2',BETA-DIHYDROXYCHALCONE",1,HPGD
2'-EPI-TUBERATOLIDE B,1,NR1H4
PRRP-31,1,APOA4
TETMYB DNA VACCINE,1,APC
PRRP-20,1,APOA4
PRRP-(24-31) (HUMAN),1,APOA4
2'-METHOXYFORMONETIN,1,HSD17B10
PRP106-126,1,ALDH9A1
PROXYFAN,1,HRH3
2'3'-CGAMP,1,GRIN1
"2'H,4H-[2,5'-BICHROMEN]-4-ONE",1,CYP1B1
1-HYDROXY-4-ETHOXYBENZENE,1,NFE2L2
AVOTERMIN,1,TGFB3
TETHERED CHEMERIN 9,1,ACTG1P7
AUTOLOGOUS ANTI-CD19CAR-4-1BB-CD3ZETA-EGFRT-EXPRESSING T LYMPHOCYTES,1,CD19
AUTOLOGOUS ANTI-CD19 CHIMERIC ANTIGEN RECEPTOR T-CELLS SJCAR19,1,CD19
1-NITROPYRENE,1,NFE2L2
AUTOLOGOUS ANTI-CD19 CHIMERIC ANTIGEN RECEPTOR T-CELLS C-CAR011,1,CD19
AUTOLOGOUS ANTI-CD19 CAR-T CELLS TBI-1501,1,CD19
AUTOLOGOUS ANTI-CD19 CAR-EXPRESSING T-LYMPHOCYTES CLIC-1901,1,CD19
AUTOLOGOUS ANTI-CD19 CAR T-CELLS IM19,1,CD19
AUTOLOGOUS ANTI-BCMA-CAR-TCRZ/4-1BB-EXPRESSING T-LYMPHOCYTES CART-BCMA,1,TNFRSF17
AUTOLOGOUS ANTI-BCMA-CAR-MRNA-TRANSFECTED CD8+ T-LYMPHOCYTES,1,TNFRSF17
1-OLEOYL GLYCEROL,1,ADH1C
1-PALMITOYL-LYSOPHOSPHATIDYLCHOLINE,1,ADH1C
PSALMOTOXIN 1,1,BST2
AUTOLOGOUS CD19CAR-CD28-CD137/CD27/CD3ZETA-ICASP9-EXPRESSING T-LYMPHOCYTES,1,CD19
AUTOLOGOUS CD19 CAR-EXPRESSING CD4+/CD8+ T-CELLS MB-CART19.1,1,CD19
AUTOLOGOUS CD123CAR-CD28-CD3ZETA-EGFRT-EXPRESSING T LYMPHOCYTES MB-102,1,IL3RA
1-PHENETHYLPIPERIDINE,1,MAOA
PRX-07034,1,HTR6
1-ALLYL-2-[3-(ISOPROPYLAMINO)PROPOXY]-9H-CARBAZOLE,1,BLVRB
PRX-03140,1,HTR4
1-ALLYL-2-[3-(ISOPROPYLAMINO)PROPOXY]-9H-XANTHEN-9-ONE,1,BLVRB
1-AMINOCYCLOPROPANE CARBOXYLIC ACID,1,EHMT2
PRUVANSERIN,1,HTR2A
PSB-10211,1,ATP12A
PSB-0963,1,GRB14
PSB-0788,1,ABCA2
PSB-0739,1,APEX1
AUTOLOGOUS CD30CAR-CD28-CD3ZETA-EXPRESSING T-LYMPHOCYTES,1,TNFRSF8
YM-022,1,CCKBR
AZ3146,1,FGFR4
ACT-1014-6470,1,ACACB
AZ2429,1,APOE
TOPOISOMERASE-II INHIBITOR,1,PIK3CB
TOPOISOMERASE-I INHIBITOR,1,NOP2
YM-244769,1,CD34
ACT-389949,1,ALDH9A1
AVATROMBOPAG MALEATE,1,MPL
AVANAFIL,1,PDE5A
TOPIROXOSTAT,1,XDH
ACT-660602,1,ACTC1
AVALGLUCOSIDASE ALFA,1,GAA
"2'H,4H-[2,8'-BICHROMEN]-4-ONE",1,CYP1B1
AVADOMIDE,1,CRBN
YM298198,1,ANOP1
AVE8134,1,PPARA
AVE1231,1,ATP5PB
ACT-777991,1,ACTC1
ZALUTUMUMAB,1,EGFR
AVE-9940,1,MAPK14
ADP-RIBOSYLATION FACTOR 1,1,CSE1L
ZAMICASTAT,1,DBH
ADRENOMEDULLIN,1,ACHE
ADRENOMEDULLIN 2/INTERMEDIN,1,ACHE
PROPIOMAZINE HYDROCHLORIDE,1,HRH1
PROPYLHEXEDRINE,1,ADRA2C
ZANAMIVIR,1,XK
YM-75440,1,BLVRB
17BETA-HYDROXYSTEROID DEHYDROGENASE TYPE 5 INHIBITOR ASP9521,1,AKR1C3
19(R)-OH-PGE2,1,APOC1
PROPARGYLGLYCINE,1,CSHL1
TOMUZOTUXIMAB,1,EGFR
1R-11,1,ALDH9A1
PROPIVERINE,1,CHRM5
"2',3'-DIDEOXYADENOSINE TRIPHOSPHATE",1,APBB2
AZ10606120,1,ATP1B3P1
AZ10417808,1,CASP3
15(S)-15-METHYL-PGD2,1,APOBEC1
"15-DEOXY-&DELTA;-12,14-PROSTAGLANDIN J2",1,CCND1
TOPSALYSIN,1,KLK3
ACYLINE,1,GNRHR
AYPGKF-NH2,1,APOH
AZ3451,1,APOE
AZ14117230,1,FRZB
ACRYLAMIDE,1,ESR1
AZ13824374,1,GPC3
AZ13483342,1,AMY2B
AZ13102909,1,FEN1
15S-HETE,1,AMH
AZ12971554,1,FRA1C
YM976,1,COL10A1
AZ5104,1,DXO
AZ505,1,GKP4
TOPOISOMERASE-II-BETA INHIBITOR RACEMIC XK469,1,BAX
YODA1,1,GSTM5P1
AZ4800,1,FRA6B
AZ3971,1,FMO5
AZ191,1,EMD
BETAZOLE HYDROCHLORIDE,1,HRH2
[3H]T-516,1,APBB1
BETAZOLE,1,HRH2
ACETYLDIGOXIN,1,CTNNBL1
[3H]RESINIFERATOXIN,1,ATP5F1BP1
BETANAPHTHOL,1,NFE2L2
ACETANILIDE,1,HSD17B10
[3H]RESOLVIN D1,1,GPR32
[3H]RESOLVIN E1,1,ACTG1P7
BETAMETHASONE BUTYRATE PROPIONATE,1,AR
[3H]RIMONABANT,1,ADCY3
BETP,1,ALPL
BETIFISOLIMAB,1,CD274
"[125I]GLUCAGON (HUMAN, MOUSE, RAT)",1,ALPG
BETHANIDINE SULFATE,1,SLC6A2
[3H]ROBALZOTAN,1,A1BG
BERMEKIMAB,1,IL1A
[3H]S0139,1,ALDH1B1
[3H]SB-733993,1,CD24P1
[3H]PGF2&ALPHA;,1,APOC2
[3H]PIRENZEPINE,1,AADAC
PARAOXON,1,AR
ACETOMENAPHTHONE,1,GMNN
[3H]PSB-0413,1,APEX1
PARA-COUMARIC ACID,1,ANXA13
[3H]PSB-11,1,ABCA3
TNP-2092,1,CCL18
PAQUINIMOD,1,S100A9
BETIBEGLOGENE AUTOTEMCEL,1,HBB
PARNAPARIN SODIUM,1,SERPINC1
[3H]MARAVIROC,1,ACTBP2
PARIDIPRUBART,1,TLR4
AC1903,1,ATP2B1
PARGYLINE,1,MAOB
PASCOLIZUMAB,1,IL4
"[3H]MCH (HUMAN, MOUSE, RAT)",1,AMY2B
AC261066,1,BCHEL1
PARP-1/2 INHIBITOR ABT-767,1,PARP1
PARP INHIBITOR E7016,1,PARP1
PATISIRAN,1,TTR
PATECLIZUMAB,1,LTA
PAT5A,1,CCND1
[3H]L655708,1,ARRB1
[3H]SR 121463A,1,ABCC6
[3H]LEU-N/OFQ,1,APBA1
ACETOPHENAZINE MALEATE,1,DRD2
PAULLONE,1,SIRT2
[3H]LTC4,1,AMPD1
PANCOPRIDE,1,HTR3A
PAN-RAF INHIBITOR XP-102,1,BRAF
[3H]LXA4,1,ALDH9A1
[3H]SNAP-7941,1,AMY2B
PAN-RAF INHIBITOR LY3009120,1,BRAF
"[3H]SP (HUMAN, MOUSE, RAT)",1,AQP3
TNX-650,1,IL13
PAN-PI3K INHIBITOR CLR457,1,PIK3CG
BETAINE ALDEHYDE CHLORIDE,1,SLC5A7
[3H]SQ-29548,1,APOC4
PAT-1251,1,LOXL2
BI-0474,1,GPM6B
[D-ALA2]DELTORPHIN II,1,APAF1
"[D-ARG1,D-PHE5,D-TRP7,9,LEU11]SUBSTANCE P",1,ALOX15
BI 653048,1,BDM
BI 2536,1,PLK1
"[D-ARG1,D-TRP7,9,LEU11]SUBSTANCE P",1,ACAT2
BETA-SITOSTEROL,1,GSK3B
BETA-LAPACHONE PRODRUG ARQ 761,1,NQO1
"[D-BPA5,ILE13]MOTILIN (HUMAN)",1,ANTP4
TODRALAZINE,1,CYP1A2
BETA-GENTIOBIOSE,1,BPGM
"[D-LYS1,DES-ARG10]KALLIDIN",1,ASIC1
"[ALA1,3,11,15]ET-1",1,ALDH1A3
TIAZOFURIN,1,IMPDH1
[3H]R214127,1,ANOP1
BETA-DEFENSIN 4A,1,ACTBP3
[ARG14LYS15]N/OFQ,1,APBA1
BETAMETHASONE BENZOATE,1,NR3C1
BETAMETHASONE ACETATE,1,NR3C1
TOCOTRIENOLS,1,HMGCR
"[ASU7,23']&BETA;-ANP-(7-28)",1,DLX3
PALOMID 529,1,MTOR
THYMOL,1,ATP1B1P1
[3H][D-ALA2]DELTORPHIN I,1,APAF1
[67GA]NODAGA-[TYR3]OCTREOTIDE,1,FASLG
PAMICOGREL,1,NFE2L2
PAMAQUINE,1,G6PD
PALUPIPRANT,1,PTGER4
PALTUSOTINE,1,SSTR2
BETA-ERGOCRIPTINE,1,ALDH3A1
[3H]NPC17731,1,BDKRB2
PARECOXIB SODIUM,1,PTGS2
[3H]NPVF,1,NPFFR1
ACET,1,ASS1P5
[3H]OXOTREMORINE-M,1,AAMP
[3H]P-MPPF,1,A1BG
[3H]PAROXETINE,1,CD9
PALMATINE CHLORIDE HYDRATE,1,AR
PALMATINE CHLORIDE,1,RAD52
ACETAMIDE,1,EHMT2
PALIRODEN,1,GRIA2
PALINURIN,1,GSK3B
PALIFOSFAMIDE,1,DNMT1
PALTIMATRECTINIB,1,DRD5P1
BI-187004,1,HSD11B1
PALOMID-529,1,MTOR
BEVENOPRAN,1,OPRM1
BEVASIRANIB SODIUM,1,TLR3
TOFERSEN,1,SOD1
BHQ-880,1,DKK1
[3H]PEMETREXED,1,CLTC
[3H]PENTAZOCINE,1,SIGMAR1
"[BPA1,ILE13]MOTILIN (HUMAN)",1,ANTP4
BGC-20-1531,1,PTGER4
BFH-772,1,KDR
[BZ-PHE6]U-II (HUMAN),1,UTS2R
BI-1950,1,FRA12D
[CY5-LYS19]NPS,1,ANXA2
BI-1935,1,GTF2IP1
PALOSURAN,1,UTS2R
PEGSUNERCEPT,1,TNF
PD-L1/IDO PEPTIDE VACCINE IO102-103,1,CD274
(+)-AJ76,1,ALDH1A1
TIK-301,1,MTNR1A
PD-307243,1,BAD
(+)-ALPHA-TOCOPHERYL SUCCINATE,1,USP1
PD-156707,1,ALDH1B1
"PD168,077",1,CYP1A2
PD164333,1,ALDH1B1
PD159790,1,DARS1
PD157672,1,AQP5
(+)-CIS-H2-PAT,1,AMD1
"(3R,4S)-293B",1,AZF1
"(4Z)-1-(3-FLUOROPHENYL)-4-(2-OXO-1H-INDOL-3-YLIDENE)PYRAZOLIDINE-3,5-DIONE",1,GP1BA
PAROXETINE HYDROCHLORIDE,1,SLC6A4
PDGF RTK INHIBITOR,1,DPP6
"(5Z)-1-(2-FLUOROPHENYL)-2-SULFANYLIDENE-5-(THIOPHEN-2-YLMETHYLIDENE)-1,3-DIAZINANE-4,6-DIONE",1,GP1BA
PDGF RECEPTOR TYROSINE KINASE INHIBITOR IV,1,DPP6
PDGF RECEPTOR TYROSINE KINASE INHIBITOR III,1,DPP6
"(5Z)-5-[(5-BROMOTHIOPHEN-2-YL)METHYLIDENE]-1-METHYL-2-SULFANYLIDENE-1,3-DIAZINANE-4,6-DIONE",1,GP1BA
PD81723,1,ABAT
PD173955,1,ABL1
"(20S,21R)-FLUOROCAMPTOTHECIN",1,TOP1
TM30089,1,APOBEC1
TLR9 AGONIST SD-101,1,TLR9
PEFLOXACIN MESYLATE,1,BAZ2B
"(20S,21S)-7-CYCLOHEXYLFLUOROCAMPTOTHECIN",1,TOP1
"(20S,21S)-FLUOROCAMPTOTHECIN",1,TOP1
PECAZINE,1,GUCY1B1
"(5E)-1-(4-FLUOROPHENYL)-5-[(5-METHYLTHIOPHEN-2-YL)METHYLIDENE]-2-SULFANYLIDENE-1,3-DIAZINANE-4,6-DIONE",1,GP1BA
BENZYLSERINE,1,CBR3
[3H]JNJ-40068782,1,ANPEP
BENZYLCYSTEINE,1,CBR3
[3H]L365260,1,CCKBR
[3H]GASTRIN,1,CCKBR
BENZENE SELENOIC ACID,1,BBOX1
BENZENE,1,NQO1
TIGAPOTIDE,1,MSMB
BENZAMIL HYDROCHLORIDE,1,KCNH2
BENZAMIDE,1,PARG
[3H]GR 113808,1,NAT1
BENZIMIDAZOLE,1,DYRK1A
ABBOTT 14C,1,ALOX15
PEGFILGRASTIM BIOSIMILAR LA-EP2006,1,CSF3
PEGTEOGRASTIM,1,CSF3R
[3H]GSK931145,1,CD24P1
[3H]HATRAP,1,APOD
[3H]D[CHA4]AVP,1,AR
PEGNIVACOGIN,1,F9
PEGMUSIRUDIN,1,F2
PEGLOTICASE,1,G6PD
PEGYLATED SN-38 CONJUGATE PLX038,1,ATM
PEGYLATED RECOMBINANT HUMAN ARGINASE I BCT-100,1,ABL2
[3H]EMPA,1,APBB1
TIGOZERTINIB,1,DXO
PEGVALIASE,1,PAH
"(+)-5-(5-BROMOTHIOPHEN-3-YL)-5-METHYL-4-OXO-4,5-DIHYDRO-FURAN-2-CARBOXYLIC ACID",1,ANXA13
PEGUNIGALSIDASE ALFA,1,GLA
TIGULIXOSTAT,1,XDH
[3H]GR100679,1,AQP4
[3H]NELIVAPTAN,1,AR
BENZO[B]TRIPHENYLENE,1,NFE2L2
[3H]NFPS,1,CD24P1
BENZOXIQUINE,1,AR
BENZOXAZOLINONE,1,KDM4A
[3H]NISOXETINE,1,CD8B
[3H]NITROBENZYLMERCAPTOPURINE RIBONUCLEOSIDE,1,CHI3L2
[3H]NLX-112,1,A1BG
PBT-1033,1,MAPT
PBP10,1,ALDH9A1
AC-RYYRWK-NH2,1,APBA1
PBI-4547,1,ADD3
PD 161182,1,AQP5
PD 158780,1,DXO
TLR7 AGONIST 852A,1,TLR7
PD 102807,1,AARS1
PCS1055,1,AARS1
AC-VEID-CHO,1,DBI
[3H]MRS2279,1,APBB2
"AC-[13C,15N]PGP",1,SLC15A2
[3H]N-METHYL-AZ10419369,1,A2M
PD-135158,1,CCKBR
[3H]N-METHYL-SSR504734,1,CD24P1
[3H]N/OFQ,1,APBA1
[3H]LYS-[DES-ARG9]BK,1,ASIC1
[3H]LYS-[LEU8][DES-ARG9]BK,1,ASIC1
AC187,1,ACHE
PD 165929,1,ACAT1
[3H]M-MPEP,1,SLC25A6
PD 154740,1,AQP5
PBF-680,1,ADORA1
TIFACOGIN,1,TFPI
PBD150,1,FRA7D
PB-28,1,GABPB1
(-)-USNIC ACID,1,CYP2C9
(-)-YM796,1,AADAC
"(1-HYDROXY-1-PHOSPHONO-2-[1,1';4',1'']TERPHENYL-3-YL-ETHYL)-PHOSPHONIC ACID",1,CXCR5
AC265347,1,ACP5
PCA 4248,1,APLP2
PBT-3,1,APOC4
[3H]EYF,1,ANXA1
[3H]FMET-LEU-PHE,1,ALDH3B2
[3H]DELTORPHIN II,1,APAF1
BESIPIRDINE,1,ADRA1A
AC-RYYRIK-NH2,1,APBA1
BESIFLOXACIN HYDROCHLORIDE,1,CCL18
[3H]DEVAZEPIDE,1,CCKAR
BERUBICIN,1,TOP2A
BERTILIMUMAB,1,CCL11
[3H]DIHYDROALPRENOLOL,1,ABR
BEROTRALSTAT HYDROCHLORIDE,1,KLKB1
[3H]DIMETHYL-W84,1,AAMP
TLR-DIRECTED CATIONIC LIPID-DNA COMPLEX JVRS-100,1,TLR9
BEROTRALSTAT,1,FRA2G
BETA-ALANINE,1,ADRA2C
BET INHIBITOR RO6870810,1,DNER
AC-RHYPLWR,1,ACACA
[3H]N5-METHYLFOLATE,1,CLTC
BET BROMODOMAIN INHIBITOR ZEN-3694,1,DNER
"[3H]DESGLY-NH2[D-ILE2,ILE4]VP",1,ABCC6
BI-836858,1,CD33
BI-836826,1,CD37
BI-811283,1,AURKB
BI-7273,1,GLC3B
OTS964,1,EYA3
[TYR8]BRADYKININ,1,BDKRB2
TIPP&PSI;,1,APAF1
ACEBUTOLOL HYDROCHLORIDE,1,ADRB1
OTERACIL POTASSIUM,1,XDH
TIPLIMOTIDE,1,MBP
"[ILE5,TRP23]PTHRP-(5-36) (HUMAN)",1,BIRC5
ACALABRUTINIB MALEATE,1,BTK
OXAPIUM IODIDE,1,AR
PAN-AKT KINASE INHIBITOR GSK690693,1,AKT3
[ILE5]PTHRP-(1-36),1,BIRC5
[ILE5]PTHRP-(1-36) (HUMAN),1,XIAP
"[L-BPA5,ILE13]MOTILIN (HUMAN)",1,ANTP4
OXACILLIN,1,SLC22A8
(+/-)-WIEDENDIOL B,1,DHRS9
OXELUMAB,1,TNFSF4
OXEGLITAZAR,1,PPARA
AC262620,1,NPFFR1
ORYZATENSIN,1,ACACA
ORY-1001,1,GEM
ORVEPITANT,1,TACR1
ORVACABTAGENE AUTOLEUCEL,1,TNFRSF17
AC262970,1,NPFFR1
ORTICUMAB,1,OLR1
OXAPIUM,1,KAT2A
OXYFLUORFEN,1,AR
OXYCODONE TEREPHTHALATE,1,OPRM1
OXYPHENISATIN,1,AR
OXYGEN THERAPY,1,EDN1
"[PP1-17,ALA31,AIB32]NPY (HUMAN)",1,ANXA5
[PRO34]NPY,1,ANXA2P3
&KAPPA;M-CONOTOXIN RIIIK,1,ATP5PO
OT-551,1,GABPA
OXABOLONE CIPIONATE,1,AR
OX-40 LIGAND,1,TNFRSF4
&MU;-CONOTOXIN GIIIA,1,BAX
[D-PHE6]BOMBESIN(6-13)METHYL ESTER,1,ACAT2
OTSSP167,1,MELK
BIFENOX,1,AR
BI-2493,1,GPM6B
BIIL 260,1,AMFR
BIIE0246,1,ANXA3
BIIB-023,1,TNFSF12
[D-TRP12]PTH-(7-34) (BOVINE),1,BIRC5
BIM 23027,1,FASLG
ACASUNLIMAB,1,CD274
BILR 355,1,ERVW-4
[D-TRP8]&GAMMA;-MSH,1,ANGPT1
ACDPP,1,SLC25A6
BI-4020,1,DXO
BI-3802,1,GTF2A1
"[LEU8,DES-ARG9]BRADYKININ",1,ASIC1
BI-3231,1,HOXC5
BI-2545,1,GRIK5
ABT-491,1,APLP2
BIM 23268,1,AQP2
BIMOCLOMOL,1,HSF1
[D-TYR-14C]TAK-448,1,AMELY
TIMBETASIN,1,TMSB4X
TILAVONEMAB,1,MAPT
"[D-TYR6,&BETA;-ALA11,N-ME-ALA13,NLE14]BOMBESIN-(6-14)",1,ACAT2
BIMAKALIM,1,CALCA
BIO-11006,1,MARCKS
BINOSPIRONE,1,ALDH1A1
"[D-TYR6,(R)-APA11,PHE13,NLE14]BOMBESIN-(6-14)",1,ASIC2
BIMU 8,1,NAT1
BICTEGRAVIR SODIUM,1,ERVW-4
BICTEGRAVIR,1,ERVW-4
BICIROMAB BRALLOBARBITAL,1,FGB
OSI-7904,1,TYMS
BIC1,1,EFNA3
TILNOPROFEN ARBAMEL,1,AR
"[D-TYR6,APA-4CL11,PHE13,NLE14]BOMBESIN-(6-14)",1,ASIC2
[D-LYS6]GNRH-II,1,GNRHR
BIIB-022,1,IGF1R
BIIB-015,1,CRIPTO
BIHELICAL APOA-I MIMETIC PEPTIDE 5A,1,ABCA1
ORG-34517,1,NR3C1
ORG-25935,1,SLC6A9
ORG-25435,1,GABRG3
ORG 25543,1,CD24P2
"ORNITHINE, (L)-ISOMER",1,ACP3
ORNITHINE DECARBOXYLASE INHIBITOR,1,MYC
"[D-PHE6, STAT13, LEU14}BN(6-14)",1,ACAT2
TILFRINIB,1,ACSL4
OSI-461,1,PDE5A
OSEMOZOTAN,1,HTR1A
(-)-&ALPHA;-THUJONE,1,FOXL2
OSE-127,1,IL7R
(-)-CAMPHOR,1,JUN
OSIP339391,1,ABCA2
OSIMERTINIB MESYLATE,1,EGFR
OSILODROSTAT PHOSPHATE,1,CYP11B1
OSI-7904L,1,TYMS
AC263093,1,ANXA1
(+)-S20,1,NBEAP1
OSTN (81-102),1,ACTG1P9
(+)-SCH-23390,1,ABCD1
OSTN (115-133),1,ADCY8
BIM 23295,1,AQP1
OSPA PROTEIN,1,CD22
OSORESNONTRINE,1,PDE9A
ORG 24598,1,CD24P1
ORG 214007-0,1,BDM
ORFORGLIPRON,1,ALPL
(+)-SKF 10.047,1,SIGMAR1
TIPLASININ,1,SERPINE1
OREMEPERMIN ALFA,1,SLC25A3
TIROTUNDIN,1,CCND1
(+/-)-PENTAACETYLCATECHIN,1,CYP3A4
ORGANON,1,SLC6A9
ORG27569,1,ACRV1
ORG2058,1,BDNF
BIM 23313,1,AQP2
OSTEOCRIN,1,DLX5
[G(B24)S]R3/I5,1,APRT
TIOCARLIDE,1,SCD
OXYPURINOL,1,XDH
"[GA-DOTA,TYR3,THR8]OCTREOTIDE",1,FASLG
TIOCONAZOLE,1,AR
[GLN8]GNRH,1,GNRHR
"[HIS5,D-TYR6]GNRH",1,GNRHR
TIP39-(7-39) (MOUSE),1,BIRC5
"[HYP3,TYR(ME)8]BK",1,BDKRB2
OXYPHENISATIN ACETATE,1,AR
OZENOXACIN,1,CCL18
TIP39-(3-39) (HUMAN/BOVINE),1,XIAP
OZANIMOD HYDROCHLORIDE,1,S1PR1
BI-6901,1,ACTBP7
ABT-299,1,APLP2
BI-671800,1,PTGDR2
[DES-ARG10]ICATIBANT,1,ASIC1
[DES-ARG10]KALLIDIN,1,ASIC1
BI-44370,1,CALCRL
BI6015,1,TNFRSF17
BI113823,1,BDKRB1
BI01383298,1,SLC13A5
[DES-ARG11]T-KININ,1,ASIC1
BI-853520,1,PTK2
BI-836880,1,VEGFA
TINIDAZOLE,1,NT5E
BIBO3304,1,ANXA2P3
BIBH 1,1,FAP
"[DES-PHE9,DES-ARG10]KALLIDIN",1,ASIC1
TIOTROPIUM BROMIDE,1,CHRM3
PAMREVLUMAB,1,CCN2
PAMP-20,1,GRK3
PAMP-12 (HUMAN),1,GRK3
"[AC-D-2NAL1,D4CPA2,D-3PAL3,6,LEU8, D-ALA10]GNRH-II",1,GNRHR
PAMITEPLASE,1,PLG
PA451,1,HCN2
"[ALA1,12,AIB3,GLN10,HARG11,TRP14,ARG19]PTH-(1-21)-NH2 (HUMAN)",1,XIAP
"[ALA1,12,AIB3,GLN10,HARG11,TRP14,ARG19]PTH-(1-28)-NH2 (HUMAN)",1,XIAP
"[ALA1,12,AIB3,GLN10,HARG11,TRP14,ARG19]PTH-(1-34)-NH2",1,XIAP
P59 [PMID: 27108698],1,ACADL
P54,1,SCYL1
P53 Y220C MUTANT REACTIVATOR PC14586,1,TP53
PACANALOTAMAB,1,TNFRSF17
PAC1,1,CASP3
PADIMATE-O,1,HSD17B10
PAC-14028,1,TRPV1
[3H]TBZOH,1,CDH13
TIPELUKAST,1,ALOX5
[3H]TYRAMINE,1,AQP7
PA452,1,HCN2
THYROTROPIN-RELEASING HORMONE,1,TRHR
PACMILIMAB,1,CD274
[3H]VESAMICOL,1,CDH15
[3H]WIN35428,1,CD8B2
PALBINONE,1,GSK3B
PAK-104P,1,DDR1
PAFURAMIDINE,1,CYP4F2
TIP39-(9-39) (HUMAN/BOVINE),1,XIAP
PADNARSERTIB,1,PAK4
"[ALA1,12,AIB3,GLN10,HARG11,TRP14]PTH-(1-14)-NH2",1,XIAP
"[MPA1,D-TYR(ET)2,D-TIC7,D-TIC9]OT",1,ARAF
"[MPA1,D-TYR(ET)2,D-TIC7]OT",1,ARAF
P4PAL-10,1,APOH
P32 [PMID: 27108698],1,ACADL
P2PAL18S,1,APOE
[LEU13]MOTILIN (HUMAN),1,ANTP4
"[LEU14, &PSI; 13-14)]BOMBESIN",1,ACAT2
P-[18F]MPPF,1,A1BG
P-TOLUENESULFONAMIDE,1,NFE2L2
P-P68 INHIBITOR RX-5902,1,DDX5
[LEU14]BOMBESIN,1,ACAT2
TILSOTOLIMOD SODIUM,1,TLR9
"[SAR1, D-ALA12]GALANIN(1-16)",1,ALOX12P1
OXITROPIUM BROMIDE,1,CHRM5
"[DES-PRO8,DES-PHE9,DES-ARG10]KALLIDIN",1,ASIC1
"[SAR1,GLY4,GLY8]ANG-II",1,ACADM
OXILOFRINE,1,FDXR
"[SAR1,ILE4,ILE8]ANG-II",1,ACADM
OXIBENDAZOLE,1,GMNN
TIM-38,1,AIRE
[PHE13]BOMBESIN,1,ACAT2
ABT-925,1,DRD3
ABT-107,1,CHRNA7
OXOTREMORINE METHIODIDE,1,EHMT2
ABT-126,1,CHRNA7
"[PHE3,LEU13]MOTILIN (HUMAN)",1,ANTP4
ABT-288,1,HRH3
OXOLINIC ACID,1,CBX1
"[PHE8,&PSI;(CH2-NH)ARG9]BK",1,BDKRB2
"[SAR1,ALA8]ANG-II",1,ACADM
BIBF-1202,1,DRD2
BIAPENEM,1,AR
BIAFINE CREAM,1,IL6
BIA 10-2639,1,CRMP1
[F/G]N/OFQ-(1-13)-NH2,1,APBA1
BIA 10-2474,1,CRMP1
BI605906,1,DMTN
&ALPHA;-DENDROTOXIN,1,ALDH7A1P3
&ALPHA;-FLUOROMETHYLENEPHOSPHONATE,1,BIN1
BEVANTOLOL HYDROCHLORIDE,1,SLC18A2
"[NLEU13,GLU14]MOTILIN (HUMAN)",1,ANTP4
[NPHE1]N/OFQ-(1-13)-NH2,1,APBA1
BEVACIZUMAB 111IN,1,VEGFA
[PEN5]U-(4-11) (HUMAN),1,UTS2R
OZORALIZUMAB,1,TNF
BETULIN,1,TOP2A
BEXOTEGRAST,1,FRA13A
BEXMARILIMAB,1,HPFH2
BEXLOSTERIDE,1,SRD5A1
"[LEU9,DES-ARG10]KALLIDIN",1,ASIC1
TINOSTAMUSTINE,1,HDAC9
OZ277,1,ATP2A1
"[MPA1,D-TYR(ET)2,D-TIC7,AIB9]OT",1,ARAF
P-MPPI,1,A1BG
TILSOTOLIMOD,1,TLR9
P-GUANIDINOBENZOYL-MCH-(7-17),1,AMY2B
P-BCMA-101,1,TNFRSF17
P-AMINOHIPPURATE,1,MAPT
P'-GERANYL 2-FLUOROMEVALONATE 5-DIPHOSPHATE,1,BLMH
BETUNOLIC ACID,1,PLK1
BELOTECAN,1,TOP1
ACRIDINE,1,CCN2
BELNACASAN,1,CASP1
"BELLADONNA EXTRACT, USP",1,CHRM5
[125I]KISSPEPTIN-54 (HUMAN),1,AMELY
"[125I]L703,606",1,AQP3
BEMORADAN,1,PDE3A
BEMIPARIN SODIUM,1,SERPINC1
[125I]L750667,1,ALDH2
BEMIPARIN,1,F10
[125I]LH,1,LHCGR
ABT-670,1,ALDH2
BEMCENTINIB,1,AXL
[3H]ILOPROST,1,APOC3
[125I]HPP-DESARG10HOE140,1,ASIC1
[125I]HPP-HOE140,1,BDKRB2
[125I]INSL3 (HUMAN),1,APPL1
[125I]INSL5 (HUMAN),1,KLK3
[125I]IODOVINYL-TBZ,1,CDH13
[125I]KISSPEPTIN-10 (HUMAN),1,AMELY
BAY86-7548,1,ACAT2
BCL3 INHIBITOR JS6,1,HOXD3
BCL-2 INHIBITOR BCL201,1,BCL2
BCL-2 INHIBITOR,1,KRAS
AC-7954,1,UTS2R
[125I]SQ-29548,1,APOC4
PF-5190457,1,GHSR
PFIZER COMPOUND 11 [PMID:18445527],1,APBB2
[125I]LSD,1,NAT2
"[125I]NKA (HUMAN, MOUSE, RAT)",1,AQP4
PGN-9856,1,APOC1
PHE377,1,TRPV1
TL12-186,1,CRBN
PHATHALIMIDE,1,CASP3
"[125I]NPY (HUMAN, MOUSE, RAT)",1,ANXA3
PHENAZOPYRIDINE,1,G6PD
[125I]OH-LVA,1,AQP9
ACEPROMETAZINE,1,HRH1
[125I]PD151242,1,ALDH1B1
PHENACYLAMINE HYDROCHLORIDE,1,TAAR1
"[125I]MCH (HUMAN, MOUSE, RAT)",1,AMY2B
PHENACETIN,1,CYP1A2
[125I]MINI-TYRRS,1,ACTBP8
ACQ090,1,SHROOM2
PF-4840154,1,ATP1B1P1
[125I]MOTILIN (HUMAN),1,ANTP4
"[125I]N-BIOTIN-[AHX0, BPA3]U-II (HUMAN)",1,UTS2R
PF-4191834,1,ALOX5
PF-4136309,1,CCR2
TK05,1,LTC4S
PF-8380,1,GRIK5
PF-6870961,1,ALOX15
BELAGENPUMATUCEL-L,1,TGFB2
ACEQUINOCYL,1,TP53
TM30339,1,NPY4R
BEKM-1,1,BAD
[125I]KISSPEPTIN-13 (HUMAN),1,AMELY
[125I]KISSPEPTIN-14 (HUMAN),1,AMELY
PF-514273,1,ACRV1
PF-06454589,1,EPS8
PF-06447475,1,EPS8
PF-06426779,1,EPHA7
ACORAMIDIS,1,TTR
PF-06835919,1,HOXD10
PF-06823859,1,IFNB1
PF-06821497,1,EZH2
PF-06767832,1,AADAC
"[125I]SP (HUMAN, MOUSE, RAT)",1,AQP3
PF-06761281,1,SLC13A5
PF-06751979,1,FMO5
PF-06747143,1,CXCR4
PF-232798,1,CCR5
[125I]PYY-(3-36) (HUMAN),1,ANXA3
PFI-4,1,GCLM
PF-07202954,1,HOXB1
[125I]QRFP43 (HUMAN),1,APLP1
PF-07054894,1,ACTBP3
PF-07038124,1,COL11A1
PF-06939999,1,PRMT5
ACOTIAMIDE,1,ACHE
[125I]RELAXIN (HUMAN),1,APP
ACOTIAMIDE HYDROCHLORIDE,1,ACHE
ACOZIBOROLE,1,CPSF3
PF-03758309,1,PAK4
PF-03732010,1,CDH3
PF-03654764,1,HRH3
PF-03654746,1,HRH3
PF-03475952,1,CD44
PF-152,1,DCR
[125I]STA,1,DLX6
[125I]THYROXINE,1,SLCO1C1
[125I]TSH (HUMAN),1,TSHR
[125I]TYR-ALA-HEXARELIN,1,ALOX15
"[125I]TYR0-CRF (HUMAN, RAT, MOUSE)",1,ALAS2
PFI-1,1,EFNA4
PF3845,1,CRMP1
PF0998425,1,BEVI
PF‐06928215,1,HMS1
[125I]SARAFOTOXIN S6B,1,ALDH1B1
ACRIVASTINE,1,HRH1
PFKFB3 KINASE INHIBITOR 69,1,GSS
PFK15,1,GSS
PFK-158,1,PFKFB3
PF-06459988,1,EGFR
[125I]SB-236636,1,CCND1
PF-06291874,1,GCGR
[125I]SB258585,1,NATP
PF-06282999,1,GNG5P1
PF-05241328,1,SCN9A
PF-05230907,1,EGFR
ACRIZANIB,1,DRD2
[125I]SCH23982,1,ALCAM
PF-05212377,1,HTR6
ACONITINE,1,BBS1
ACORAFLOXACIN,1,CCL18
PF-06684511,1,FMO5
PF-06671008,1,CDH3
PF-06649298,1,SLC13A5
PFIZER COMPOUND 67 [PMID:18445527],1,APBB2
BAY-293,1,HIVEP1
BAY-885,1,ERVT3
BAY-805,1,HOXC6
[125I]FSH (HUMAN),1,ALS3
[125I]GASTRIN,1,CCKBR
THIETHYLPERAZINE MALEATE,1,DRD2
BAY-73-1449,1,APOC3
BAY-678,1,FPR2
BAY-6672,1,APOC2
[125I]GDNF (RAT),1,DLST
BAY607550,1,COL9A1
BAY27-9955,1,ALPG
[125I]GLP-1-(7-36)-AMIDE,1,ALPL
THIIC,1,ANPEP
[125I]CXCL12&ALPHA; (HUMAN),1,ACTG1
BAY1316957,1,AQP8
BAY1214784,1,GNRHR
BAY1067197,1,ADORA1
[125I]GLP-1-(7-37) (HUMAN),1,ALPL
BARBITURATE,1,GABRA1
"13,14-DIHYDRO-15-KETO-PGF2&ALPHA;",1,APOBEC1
"[125I]GNRH I (HUMAN, MOUSE, RAT)",1,GNRHR
BARBITAL,1,GABRA1
BAPINEUZUMAB,1,APP
BASS ANTAGONIST,1,FASLG
[125I]GRP (HUMAN),1,ACAT2
THIOACETAZONE,1,AR
THIOCORALINE,1,HEXA
"PHENYLACETYL-ALA,DTRP-PHENTHYLAMIDE",1,ASIC2
BAY1436032,1,IDH1
PHOSPHATIDYLSERINE,1,AFP
PHTX-11,1,ATP1A1
PHTPP,1,ESR2
PHTHALYLSULFATHIAZOLE,1,BAZ2B
PHTHALIC ACID,1,ALDH1A1
PHTHALAZINONE,1,HSD17B10
TOLYLFLUANID,1,AR
TOLYACETYL-C[DCYS-APA-DTRP-ORN-VAL-CYS]-HIS-AMIDE,1,UTS2R
TGN-1412,1,CD28
PHOTOFRIN,1,HSPA4
PHYSCION,1,VDR
PHYSALAEMIN,1,AQP3
PHYLLOMEDUSIN,1,AQP3
TOLUIC ACID,1,AR
BAY-297,1,GPR34P
THIOCTIC ACID,1,SLC2A1
PHENYL-&BETA;-D-GLUCOPYRANOSIDE,1,BPGM
THIOCYCLAM HYDROGEN OXALATE,1,NFE2L2
PHENYL SALICYLATE,1,AR
PHENYL ISATIN,1,ALDH1A1
PHENYL AMINOSALICYLATE,1,CYP3A4
PHENTHOATE,1,VDR
[125I]BANTAG-1,1,ASIC2
TOLUENE DIISOCYANATE,1,CYP3A4
[125I]BAY 55-9837,1,ARCN1
BAY-320,1,EFNB3
TLC-388,1,TOP1
"[125I]BH-NMB (HUMAN, MOUSE, RAT)",1,ACAT1
[125I]BOP,1,APOC4
PHYLLODULCIN,1,TARDBP
BEAUVERICIN,1,BCL2
BAY-1797,1,ATP1B1
TL1A,1,TNFRSF25
BAY-1161909,1,TTK
"[125I]D(CH2)5[D-TYR(ET)2,ILE4,TYR-NH29]AVP",1,ABCC6
BAY-1093884,1,TFPI
"[125I]D(CH2)5[D-TYR(ET)2,VAL4,TYR-NH29]AVP",1,ABCC6
"[125I]D(CH2)5[TYR(ME)2,THR4,ORN8,TYR-NH29]OVT",1,ARAF
BAY-091,1,GPR34P
[125I]CRF (OVINE),1,ALAS2
BAY-598,1,GKP4
BAY-545,1,ABCA2
BAY-524,1,EFNB3
[125I]CT (HUMAN),1,ACHE
[125I]DIV880,1,ANK3
[125I]CT (SALMON),1,ACHE
[125I]CX3CL1 (HUMAN),1,ACTG1P2
PHENIRAMINE MALEATE,1,HRH1
TL13-112,1,HBEGF
PHENOXYETHANOL,1,RXRA
[125I]CXCL1 (HUMAN),1,ACTBP9
PG01037,1,ALDH1A1
PG-760564,1,MAPK14
PG-110,1,NGF
PG-106,1,ANGPT1
[125I]CXCL10 (HUMAN),1,ACTC1
PHA-709829,1,ATF4
PHA-680632,1,TP53
[125I]CXCL11 (HUMAN),1,ACTC1
PHENETHYL PHENYLCARBAMATE,1,TARDBP
PHENYLGLYOXAL,1,ALDH1A1
PHENYLGLYCINE-01,1,CFTR
PHENYLETHYL ALCOHOL,1,AR
PHENYLETHENYLSEMICARBAZONE,1,TARDBP
TL6,1,TYMP
THIAMET-G,1,HK3
PHENYLPYRUVATE,1,NFE2L2
ACETAMINOPHEN / CAFFEINE / DIHYDROCODEINE,1,CYP2D6
[125I]ET-2 (HUMAN),1,ALDH1B1
[125I]EXENDIN-(9-39),1,ALPL
[125I]EYF,1,ANXA1
PHENETHYL ISOCYANATE,1,CYP2E1
PHENCYCLIDINE HYDROCHLORIDE,1,OPRM1
PHENIRAMINE,1,HRH1
BECOCALCIDIOL,1,VDR
PHENIDONE,1,RACGAP1
BC8 131I,1,PTPRC
BC11-38,1,COMP
BB-10901,1,NCAM1
[125I]CXCL12&BETA; (HUMAN),1,ACTG1
BD-1063,1,SIGMAR1
BD-1047,1,SIGMAR1
[125I]CXCL16 (HUMAN),1,ACTG1P1
BCY15291,1,ACE2
[125I]CXCL5 (HUMAN),1,ACTBP9
BCTC,1,ATP5F1BP1
BCL6 PROTAC 15,1,GTF2A1
BECTUMOMAB,1,CD22
[125I]CXCL7 (HUMAN),1,ACTBP9
PHENINDAMINE,1,HRH1
BEMPEDOIC ACID,1,ACLY
BENOMYL,1,TP53
BENODANIL,1,NFE2L2
(-)-TERTATOLOL,1,A1BG
PENTAZOCINE HYDROCHLORIDE,1,SIGMAR1
PENTAMIDINE,1,IL1B
(-)-TRANS-H2-PAT,1,AMD1
(-)-U-50488 METHANE SULFONATE,1,KCNH2
(R)-PFI-2,1,GJA8
(R)-PROCYCLIDINE,1,CYP2D6
(R)-RO65-6570,1,APBA1
AC-DEVD-CHO,1,CASP3
(R)-SARGACHROMENOL,1,NR1H4
[125I]S36057,1,AMY2B
THIOUREIDOBUTYRONITRILE,1,TP53
PEPTIDE 234,1,AMELY
PEPTIDE 22D,1,HOXA5
PEPSTATIN,1,RECQL
(R)-IBUPROPHEN,1,PTGS2
(R)-INDOPROFEN,1,TP53
PEMAFIBRATE,1,PPARA
THIPHENAMIL,1,VDR
(R)-N-OLEOYLTYROSINOL,1,ADH1C
(R)-5-DIPHOSPHOMEVALONATE,1,BLM
PELITREXOL,1,GART
PELDESINE,1,PNP
(R)-AS-1,1,CBLN1
PEMZIVIPTADIL,1,VIPR2
(R)-STU104,1,ERBB2
"[3H]2,2,2-TEMPS",1,ANPEP
THROMBOLYTIC AGENT,1,SERPINE1
THROMBOPOIETIN,1,MPL
PENTAZOCINE LACTATE,1,SIGMAR1
BENZIDINE,1,RACGAP1
[3H]2-FUROYL-LIGRL-NH2,1,APOE
BENZOHYDROXAMATE,1,HDAC6
[3H]4-DAMP,1,AANAT
[35S]ACPPB,1,CD24P1
[35S]IBUTAMOREN,1,ALOX15
[35S]NON-PEPTIDE OT ANTAGONIST,1,ARAF
BENZODEPA,1,CD28
BENZOQUINAZOLINONE 12,1,AADAC
[3H](-)CGP 12177,1,ABO
(-)-RO 363,1,ABO
[3H](R)-NPTS,1,CD24P1
[18F]MK-1312,1,ANOP1
[18F]SPA-RQ,1,AQP3
BENZONATATE,1,SCN5A
BENZOLAMIDE,1,GAPDH
[19F]-HALOPERIDOL,1,ALB
BENDAZAC,1,XDH
[2-(3-DIBENZOFURAN-4-YL-PHENYL)-1-HYDROXY-1-PHOSPHONO-ETHYL]-PHOSPHONIC ACID,1,CXCR5
BENAZEPRILAT,1,DAPK3
(1R)-TRANS-TETRAMETHRIN,1,NFE2L2
(2-NITROVINYL)BENZENE,1,AR
AC-GRP-(20-26)-METHYLESTER,1,ACAT2
(-)-NORFENFLURAMINE,1,A12M4
BENANSERIN HYDROCHLORIDE,1,EHMT2
[3H](PYR1)[MET(0)11]-APELIN-13,1,ACADSB
PEGAPTANIB OCTASODIUM,1,VEGFA
THIOSALICYLIC ACID,1,EHMT2
[3H]CGS 21680,1,ABCA1
[3H]CGS23131,1,AMFR
[3H]ANCRIVIROC,1,ACTBP2
[3H]AZ11637326,1,ATF4
PEGAMOTECAN,1,TOP1
PEGINESATIDE ACETATE,1,EPOR
[3H]BANYU (I),1,ACTB
[3H]BQ123,1,ALDH1B1
[3H]BWA868C,1,APOB
BENZQUINAMIDE HYDROCHLORIDE,1,DRD2
[3H]A-585539,1,ATF4
[3H]A778317,1,ATP5F1BP1
PEMTUMOMAB,1,MUC1
TIFENAZOXIDE,1,ABCC8
BENZYLACETONE,1,ALDH1A1
BENZYL NICOTINATE,1,EHMT2
[3H]HEMADO,1,ABCA3
BENZYL CAFFEATE,1,TTR
BENZYL BROMIDE,1,ATP1B1P1
BENZYL BENZOATE,1,LIPE
TIFLUADOM,1,NUDT2
BEPRANEMAB,1,MAPT
BEPOTASTINE BESILATE,1,HRH1
BEPERMINOGENE PERPLASMID,1,MET
[3H]HEMICHOLINIUM-3,1,CD2
BEPAFANT,1,APLP2
[3H]HU-243,1,CNR2
ABBV-3221,1,CFTR
PEMRAMETOSTAT,1,PRMT5
PEMIROLAST,1,HRH1
THIQ,1,ANGPT2
PENDIMETHALIN,1,NFE2L2
(R)-BICALUTAMIDE,1,AR
PENCYCURON,1,AR
PENCONAZOLE,1,AR
[3-IODO-TYR6]U-II-(4-11) (HUMAN),1,UTS2R
PENCICLOVIR,1,TK1
[32P]MRS2500,1,APBB2
[33P]2MESADP,1,BIRC2
AC-C[CYS-GLU-HIS-D-PHE-ARG-TRP-D-CYS]-PRO-PRO-LYS-ASP-NH2,1,ANK1
[14C]METHYLAMINE,1,CLK3
THIOPHENE,1,AR
"[3H]CCK-8 (HUMAN, MOUSE, RAT)",1,SLCO1B3
"[18F]ET-1 (HUMAN, MOUSE, RAT)",1,ALDH1B1
PEN-866,1,TOP1
AC-98170,1,APOE
[18F]FITM,1,ANOP1
[18F]FLUORORASAGILINE,1,MAOB
PENICILLIN V BENZATHINE,1,CYP2D6
[18F]FMBP,1,DCR
PEGCANTRATINIB,1,NTRK1
[3H]CP-1,1,APBB1
[3H]CTEP,1,SLC25A6
[3H]CTOP,1,APOF
[3H]D(CH2)5[TYR(ME)2]AVP,1,AQP9
PEGARGIMINASE,1,ASS1
[3H]DDAVP,1,ABCC6
[18F]ALTANSERIN,1,A12M3
PERVILLEINE D,1,ABCB1
PERVILLEINE C,1,ABCB1
PERVILLEINE B,1,ABCB1
PERTUSSIS VACCINE,1,TLR4
THERAPEUTIC IMMUNE GLOBULIN,1,C1QA
ABZ-SER-PRO-TYR(NO2)-OH,1,ACE2
[125I][TYR4]GHRELIN (HUMAN),1,ALOX15
"[125I][TYR5,DALA6,NMELEU7,PRO9-NET]GNRH",1,GNRHR
PERSEITOL,1,APEX1
PEUCENIN,1,HPGD
PETROSIOL A,1,PDGFRB
PETCM,1,CASP3
BENFURACARB,1,AR
BENFLUOREX,1,SOAT1
PENTAFLUORO-TRITYL CLOTRIMAZOLE ANALOGUE 29A,1,ATP4A
[14C]ACETYLCOA,1,CHRNA1
BENOXATHIAN HYDROCHLORIDE,1,KCNH2
"[125I][LEU31,PRO34]NPY",1,ANXA2P3
BENOXAPROFEN,1,ALOX12
[125I][MEPHE7]NKB,1,AQP5
"[125I][NLE75,TYR77]APELIN-36 (HUMAN)",1,ACADSB
BENORILATE,1,AR
ABX-MA1,1,MCAM
BENZALDEHYDE,1,ALDH1A1
BENTIROMIDE,1,HPN
BENTAZEPAM,1,GABRG3
"[125I][PHE13,TYR19]MCH",1,AMY2B
[125I][TYR11]DES-BR-NPB-23,1,ANXA2P1
THRX160209,1,AAMP
[125I][TYR8]BRADYKININ,1,BDKRB2
PF-04531083,1,SCN10A
[125I]S70254,1,ANK3
[125I]SAP,1,APOC4
PF-04447943,1,PDE9A
PF-04418948,1,APOC1
[125I]PD164333,1,ALDH1B1
[125I]PP (HUMAN),1,ANXA4
PF-04191834,1,CREB1
PF-04937319,1,GCK
PF-04905428,1,ATP1B3P1
[125I]PRRP-20 (HUMAN),1,APOA4
[125I]PRRP31,1,APOA4
PF-04852946,1,APOC1
[125I]PSALMOTOXIN 1,1,BST2
PF-04957325,1,COL16A1
[125I]PTA-OH,1,APOC4
AC-430,1,JAK2
PF-05180999,1,COL9A1
ACLARUBICIN HYDROCHLORIDE,1,AR
ACLERASTIDE,1,MAS1
[125I]PYY,1,ANXA3
THIDIAZURON,1,AR
PF-05105679,1,TRPM8
AC-42,1,AADAC
PF-05089771,1,SCN9A
PF-05019702,1,PGR
THERAPEUTIC AUTOLOGOUS LYMPHOCYTES,1,IFNG
"[125I][TYR3,THR8]OCTREOTIDE",1,FASLG
PF-04991532,1,GCK
ACPHE-ORN-PRO-D-CHA-TRP-ARG,1,ACACB
AC-PHE-TRP-ALA-HIS(&TAU;BZL)-NIP-GLY-ARG-NH2,1,ASIC2
THYMOCTONAN,1,IL2
PEPTIDE LIGAND 2 [PMID: 19055415],1,FRA11E
[125I]TYR45-KISSPEPTIN-15,1,AMELY
PEPTIDE KLK2B(C1),1,FRA1M
PEPTIDE III-BTD,1,APBA1
"AC-LYS-[MEALA6,LEU8,DES-ARG9]BRADYKININ",1,ASIC1
[125I]TYR7-SST3-ODN-8,1,SHROOM2
PEPTIDE 5A,1,ZBTB48
PEPTIDE 5 [PMID: 28562585],1,ALPL
PEPTIDE 4 [PMID: 18294843],1,FRA8E
THR-18,1,SERPINE1
[125I]U-II (HUMAN),1,UTS2R
PERBROMOBENZENE,1,AR
ABX-IL8,1,CXCL8
PERAMIVIR ANHYDROUS,1,XK
PERAKIZUMAB,1,IL17A
[3H]-IPP,1,CDK11B
[3H]-LKP,1,CDK11B
PEPTIDOGLYCAN,1,TLR2
PEPTIDE YY HUMAN (3-36),1,NPY2R
PERFLUNAFENE,1,USP1
PERFLUBRON,1,CYP2E1
PERETINOIN,1,RAB40B
PERENOSTOBART,1,GRB14
PERINDOPRILAT,1,DAPK3
PERINDOPRIL ARGININE,1,ACE
PENTAMETHYLQUERCETIN,1,CYP3A4
PENTAGASTRIN,1,CCKBR
THR10CONTULAKIN-G,1,ANXA6
[125I]XCL1 (HUMAN),1,ACTG1P3
BEFOTERTINIB,1,DXO
BEFLOXATONE,1,FSHMD1A
BEFIRADOL,1,HTR1A
BEFETUPITANT,1,AQP3
BEDORADRINE SULFATE,1,ADRB2
BEDAQUILINE FUMARATE,1,ATP5F1E
[125I]Y-RFRP-3,1,NPFFR1
BELIMUMAB,1,TNFSF13B
BELAPECTIN,1,LGALS3
[125I][AC-HIS1]PACAP-27,1,ADCYAP1R1
PERVILLEINE F,1,ABCB1
PF-00217830,1,DRD2
PEXELIZUMAB,1,C5
PEPTIDE P19 [PMID: 15652659],1,DLX4
THYMALFASIN,1,PTMA
"[125I][ALA1,3,11,15]ET-1",1,ALDH1A3
"[125I][D-TYR6,&BETA;-ALA11,PHE13,NLE14]BOMBESIN-(6-14)",1,ASIC2
"[125I][DES-GLY10,D-ALA6]GNRH N-ETHYLAMIDE",1,GNRHR
"[125I][GLP65NLE75,TYR77]APELIN-13",1,ACADSB
[125I][HIS9]GHRELIN (HUMAN),1,ALOX15
PF-03446879,1,MSTN
PF-03049423,1,PDE5A
[125I]TYR10NPS (HUMAN),1,ANXA2
PF-00610355,1,ADRB2
THYMIDINE MONOPHOSPHATE,1,TYMS
PF-00489791,1,PDE5A
PF-00446687,1,MC4R
PF-00337210,1,KDR
PEXASTIMOGENE DEVACIREPVEC,1,CSF2
"AMMONIA SOLUTION, STRONG",1,THRB
TAFA-93,1,MTOR
AMOROLFINE,1,AR
A-381393,1,ALDH2
UNC9975,1,ABCD1
UNC9994,1,ABCD1
UNDECANOIC ACID,1,ADD3
UMECLIDINIUM BROMIDE/VILANTEROL,1,CYP2D6
TAFAMIDIS,1,TTR
SERACTIDE ACETATE,1,MC2R
UMI-77,1,PTEN
SER-100,1,OPRL1
TAFAMIDIS MEGLUMINE,1,TTR
RACECADOTRIL,1,MME
SERIDOPIDINE,1,DRD2
SERICETIN DIACETATE,1,CYP3A4
TALNIFLUMATE,1,CLCA1
SERGOLEXOLE,1,A12M3
SERGLIFLOZIN ETABONATE,1,SLC5A2
SERGEOLIDE,1,JUN
4-NITROPHENYL-&BETA;-D-MANNOPYRANOSIDE,1,BPGM
4-OME-ARM1,1,CRHR2
4-HYDROXYBUTYRIC ACID,1,ANXA11
TAMAPIN,1,ARF5
A-908292,1,CNN1
SELECTIVE ESTROGEN RECEPTOR MODULATOR TAS-108,1,ESR1
SELECTIVE ESTROGEN RECEPTOR MODULATOR CC-8490,1,ESR1
4-HYDROXYNONENAL,1,TRPA1
SEPTIDE,1,AQP3
SEMULOPARIN SODIUM,1,SERPINC1
UNECRITINIB,1,HBEGF
UNFRACTIONATED HEPARIN,1,SERPINC1
SEMULOPARIN,1,F10
UNGEREMINE,1,TOP2A
SEPIAPTERIN,1,USP1
SEPHB4-HSA,1,EFNB2
TAFLUPROST ACID,1,APOC2
SEPANTRONIUM BROMIDE,1,BIRC5
AMYLIN,1,ACHE
AMY-101,1,C3
AMTOLMETIN GUACIL,1,COX8A
UNOPROSTONE ISOPROPYL,1,AR
UP3U,1,AIRE
UNC1215,1,GPR6
ANABASINE,1,CYP2C19
ANAMORELIN HYDROCHLORIDE,1,GHSR
TAG-72 ANTIGEN,1,EPCAM
ANALOGUE 13: B7-24,1,KLK3
TAGITININ A,1,CCND1
ANALOG 31 [PMID:18543899],1,FASLG
ANALOG 30 [PMID:18543899],1,FASLG
TADEKINIG ALFA,1,IL18
"ANALOG 3 [VLATTAS ET AL., 1996]",1,BLMH
ANALOG 3 [PMID:18543899],1,FASLG
AMODIAQUINE DIHYDROCHLORIDE,1,CYP3A4
AMOCARZINE,1,ACHE
AMOBARBITAL,1,GABRA1
AMN082,1,ANTP2
UPACICALCET,1,ACP5
A-794282,1,ANOP1
ANDROGEN RECEPTOR ANTISENSE OLIGONUCLEOTIDE EZN-4176,1,AR
ANDROGEN RECEPTOR ANTISENSE OLIGONUCLEOTIDE AZD5312,1,AR
5-HYDROXYFLAVONE,1,RGS4
ANGIOPOIETIN-4,1,ECM2
A-794278,1,ANOP1
ANGIOPOIETIN-1,1,ECM2
ANFIBATIDE,1,GP1BA
ANETUMAB RAVTANSINE,1,MSLN
AMTHAMINE,1,AMD1P2
AMTB,1,TRPM8
5-(NONYLOXY)-TRYPTAMINE,1,A2M
AMSILAROTENE,1,RAB40B
AMRUBICIN HYDROCHLORIDE,1,TOP2A
4-METHOXYCINNAMIC ACID,1,THRB
TALC,1,CXCL8
AN0128,1,TNF
AN-9,1,MYC
AMYLOID &BETA;,1,ALDH9A1
AMYLMETACRESOL,1,USP1
SECAUBRYOLIDE,1,TOP2A
SEBETRALSTAT,1,FRA2G
A-71915,1,DLX3
SEBELIPASE ALFA,1,LIPA
SEA,1,ADH1C
5-BDBD,1,ATP1B1
SEIMATOPOLIDE A,1,PPARG
SEGESTERONE ACETATE,1,PGR
SECURININE,1,AR
AMRUBICIN,1,TOP2A
SELIFORANT,1,AMELX
TALIBEGRON HYDROCHLORIDE,1,ADRB3
4-METHYLBENZOIC ACID METHYL ESTER,1,ESR1
4-METHYLESCULETIN,1,HSD17B10
TALIGLUCERASE ALFA,1,GBA1
SELETRACETAM,1,SV2A
SELONSERTIB,1,MAP3K5
5-HYDROXYMETHYL-2-FURFURAL,1,KLF5
SELODENOSON,1,ADORA1
SELNOFLAST,1,DNAH9
5-LOX ACTIVATING PROTEIN,1,CREB1
5-LOX INHIBITOR 2M [PMID: 30199704],1,CREB1
SEMORINEMAB,1,MAPT
5-DEMETHYLNOBILETIN,1,ALDH1A1
ANDROSTENEDIOL,1,AR
A-85380,1,CHRNA4
5-FLUOROTRYPTAMINE,1,A12M1
SDZ 64-412,1,APLP2
A-850002,1,ANOP1
SDF1 P2G,1,ACTG1
"SDF-1, 1-9[P2G] DIMER",1,ACTG1
SD-91,1,GYPB
SECRAMINE B,1,CDC42
SECRAMINE A,1,CDC42
TALIZUMAB,1,IGHE
ANDARINE,1,BEVI
ANDALUSOL,1,NFE2L2
ANECORTAVE ACETATE,1,AR
ANDROSTERONE,1,TARDBP
SDZ-216525,1,A1BG
SGC2085,1,CNA1
TRICYCLAZOLE,1,NFE2L2
SG-094,1,ARHGAP4
SHAAGTIDE,1,ALDH9A1
SHA 68R,1,ANXA2
UCB-1184197,1,ITGA4
TAK-071,1,CHRM1
TRIFLUPERIDOL HYDROCHLORIDE,1,KCNH2
AMOPYROQUINE,1,HPSE
TAK-418,1,GEM
TAFIA INHIBITOR DS-1040B,1,CPB2
TRIFLUOROMETHANESULFONAMIDE,1,CA12
TREPROSTINIL DIOLAMINE,1,PTGIR
UDP-&BETA;-S,1,AIRE
U92016A,1,A1BG
AHN-12,1,PTPRC
TRENONACOG ALFA,1,F9
UAMC00039,1,DAG1
UK-500001,1,PDE4A
ULARITIDE,1,NPR1
AMP-PNP,1,ATP4B
AMP-224,1,PDCD1
TRENIBOTULINUMTOXINE,1,SNAP25
AMPKINONE,1,STK11
TRENBOLONE ACETATE,1,AR
AMPHIREGULIN,1,DXO
ULEVOSTINAG,1,GRIN1
AMINOLEVULINIC ACID,1,BCL2
U75302,1,AMFR
SITAMAQUINE,1,G6PD
SITAFLOXACIN,1,CCL18
T-98475,1,GNRHR
UCM-14216,1,AMPH
UCM1014,1,ANK3
SIFA-ASN(ACNH-&BETA;-GLC)-TYR3-OCTREOTATE,1,FASLG
SIFA-ASN(ACNH-&BETA;-GLC)-PEG-TYR3-OCTREOTATE,1,FASLG
SIDURON,1,NFE2L2
UCCF-339,1,CFTR
UCCF-853,1,CFTR
SIBROTUZUMAB,1,FAP
SIBEPRENLIMAB,1,TNFSF13
SILICRISTIN A,1,SLCO2B1
TAK-441,1,SMO
SGC6870,1,CNC2
SILVESTROL,1,EIF4A1
SILTUXIMAB,1,IL6
UCL-2138,1,HRH3
SIMETRIDE,1,NFE2L2
TRIDECAN-1-OL,1,NFE2L2
SIMEPREVIR SODIUM,1,KRAS
UCM 454,1,ANK3
SIMENEPAG ISOPROPYL,1,PTGER2
SIMAZINE,1,KAT2A
TAK-637,1,AQP3
SIM1,1,EFNA3
SGI-1027,1,DNMT1
TAGTOCICLIB,1,EIF4A1
SGC707,1,CMTX3
SILYBIN,1,FOXL2
UFP-101,1,APBA1
SERINE/THREONINE KINASE INHIBITOR CBP501,1,CD274
SERINE,1,ACP3
UFP-102,1,APBA1
SET2,1,ATP5BL2
UFP-112,1,APBA1
SERUM AMYLOID A,1,ALDH9A1
ALDOPHOSPHAMIDE,1,ALDH1A1
UCPH-101,1,CBLB
SERPLULIMAB,1,PDCD1
ALDOXORUBICIN,1,TOP2A
SEVIRUMAB,1,GH1
SETRUSUMAB,1,SOST
SETMELANOTIDE ACETATE,1,MC4R
AILANTHINONE,1,CHUK
SF-51,1,ALDH7A1
SF-22,1,ALDH7A1
SF-21,1,MCOLN3
ALBUVIRTIDE,1,ERVK-20
SF-11,1,MCOLN3
SEW2871,1,AMT
SENNOSIDE A,1,APEX1
ALCAFTADINE,1,HRH1
A-582941,1,ATF4
UDENAFIL,1,PDE5A
UDM-001651,1,APOH
SEMZUVOLIMAB,1,CD4
UDP N-ACETYL-GLUCOSAMINE,1,BIRC3
A-395,1,FRZB
SG-005,1,ARHGAP4
AMINOETHOXYVINYLGLYCINE,1,CSHL1
AMINOCARB,1,NFE2L2
AMINOCAMPTOTHECIN,1,TYMS
ULIMORELIN HYDROCHLORIDE,1,GHSR
AMINOBENZOVESAMICOL,1,CDH15
UGR 9-1,1,BTD
UK-356618,1,DCC
AMINOPYRIDINE 2,1,GNG5P1
ALEPLASININ,1,SERPINE1
SGN-CD70A,1,CD70
SGN-30,1,TNFRSF8
SHP2 INHIBITOR ERAS-601,1,FLT3
SHK TOXIN,1,AUH
SHINPTEROCARPIN,1,PPARG
UDP-GLUCURONIC ACID,1,BIRC3
ALDH2 ACTIVATOR FP-045,1,ALDH2
UK-432097,1,ADORA2A
A-1165442,1,ATP5F1BP1
SHINFLAVANONE,1,PPARG
SIALYL TN ANTIGEN,1,XDH
SIALYL LEWIS X,1,SELE
SIAIS178,1,ABL1
SI306,1,MS4A2
ALDISIN,1,PTPN1
SHR-4640,1,SLC22A12
SHR-1316,1,CD274
SEROTONIN HYDROCHLORIDE,1,EHMT2
SERMORELIN ACETATE,1,GHRHR
A-1155463,1,JAK2
SHINJULACTONE B,1,ATAD5
4'-HYDROXYCHALCONE,1,VDR
TRETAZICAR,1,NFE2L2
4'-METHOXY-AURONE,1,ATAD5
ALACIZUMAB PEGOL,1,KDR
ALAGEBRIUM CHLORIDE,1,AGER
4‐BCCA,1,ASS1
"5&BETA;-CHOLESTANE-3&ALPHA;,7&ALPHA;,12&ALPHA;-TRIOL",1,NBEAP1
ALAPROCLATE,1,CYP3A4
5'-IODORESINIFERATOXIN,1,ATP5F1BP1
ANTI-CD19 CAR T-CELLS XLCART001,1,CD19
4-THIO-UTP,1,APC
ANTI-CD123/CD3 BISPECIFIC ANTIBODY JNJ-63709178,1,IL3RA
ANTI-CD47 MONOCLONAL ANTIBODY CC-90002,1,CD47
SECUKINUMAB,1,IL17A
ANTI-CD40 MONOCLONAL ANTIBODY CHI LOB 7/4,1,CD40LG
ANTI-CD38 CAR T CELLS PREPARATION,1,CD38
4-TRIETHYLGERMYLPHENOL,1,ESR1
ANTI-CD33 CAR T-CELLS,1,CD33
ANTI-CD30 MONOCLONAL ANTIBODY MDX-1401,1,TNFRSF8
4BP-TQS,1,ATF4
ANTI-CD30 CAR T CELLS PREPARATION,1,TNFRSF8
4F-MT-45,1,APOF
ALAPROCLATE HYDROCHLORIDE,1,NLRP3
ANGIOTENSIN IV,1,ACADM
4-METHYLHISTAMINE,1,AMELX
ANGIOTENSIN II ACETATE,1,AGTR1
4-METHYLTHIOAMPHETAMINE,1,SLC6A4
4-MPPTS,1,ANPEP
ANTI-CD40/ANTI-MESOTHELIN BISPECIFIC ANTIBODY ABBV-428,1,CD40LG
SB-436811,1,UTS2R
SB-423562,1,ACP5
SB-85635,1,MAPK14
UTP&GAMMA;S,1,APC
UVI3003,1,OPN1SW
SB-747651A,1,CUX1
SB-743921,1,KIF11
SB-706375,1,UTS2R
V24343,1,CNR1
SB-705498,1,TRPV1
AG-858,1,HSPA1A
4-(2-AMINOETHYL)BENZENESULFONYL FLUORIDE,1,CYP2D6
SB269970,1,SERPINA3
TRIACETIN,1,GNAS
ANTI-CD22 CAR T CELLS PREPARATION,1,CD22
SB258585,1,NATP
4&ALPHA;-PDD,1,TRPV4
SB236057,1,A2M
SB234551,1,ALDH1B1
SAXAGLIPTIN HYDROCHLORIDE,1,DPP4
AGANIRSEN,1,IRS1
4'-DEMETHYLEPIPODOPHYLLOTOXIN,1,AR
SB 218078,1,EIF5AP3
4'-HYDROXY-FLAVANONE,1,CYP3A4
ANTI-BRP-LPA,1,AMPD3
ANTI-BCMA CAR T CELLS PREPARATION,1,TNFRSF17
ANTI-ANGIOPOIETIN MONOCLONAL ANTIBODY AMG 780,1,ANGPT1
ANTI-CD27L ANTIBODY-DRUG CONJUGATE AMG 172,1,CD70
ANTI-CD22 CAR-EXPRESSING T LYMPHOCYTES,1,CD22
TREVOGRUMAB,1,MSTN
SARUPLASE,1,PLAU
AL12180,1,APOC2
VAPIPROST,1,APOC4
VAPITADINE,1,HRH1
VAPITADINE DIHYDROCHLORIDE,1,HRH1
VANILLOID,1,NTF3
ALA(1-NAPH)-PRO-CN,1,GPS2
VANILLYLMANDELIC ACID,1,EHMT2
VANIN-1 INHIBITOR [PMID: 33196323],1,HCVS
ALACEPRIL,1,ACE
SAMPATRILAT,1,MME
SANTONIN,1,FOXL2
SANTIN,1,GMNN
ANTI-EGFR MONOCLONAL ANTIBODY SYN004,1,EGFR
SB 271046,1,NATP
VALTORCITABINE,1,OCA2
ANTI-EGFR MONOCLONAL ANTIBODY EMD 55900,1,EGFR
ANTI-HBEGF MONOCLONAL ANTIBODY U3-1565,1,HBEGF
ANTI-GPC3-CAR AUTOLOGOUS T LYMPHOCYTES,1,GPC3
TRIAZENE COMPOUND,1,MGMT
ANTI-GLYPICAN 3/CD3 BISPECIFIC ANTIBODY ERY974,1,GPC3
VAMOROLONE,1,BDM
ANTI-GITR MONOCLONAL ANTIBODY MK-4166,1,TNFRSF18
ANTI-FLT3/CD3 BISPECIFIC ANTIBODY CLN-049,1,FLT3
ANTI-ERBB3 MONOCLONAL ANTIBODY REGN1400,1,ERBB3
ANTI-ERBB3 MONOCLONAL ANTIBODY CDX-3379,1,ERBB3
ANTI-IL17A MONOCLONAL ANTIBODY CJM112,1,IL17A
ANTI-IGF-1R RECOMBINANT MONOCLONAL ANTIBODY BIIB022,1,IGF1R
ANTI-HUMAN GITR MONOCLONAL ANTIBODY TRX518,1,TNFRSF18
ANTI-EGFR MONOCLONAL ANTIBODY GT-MAB 5.2-GEX,1,EGFR
SB 258719,1,SERPINA3
SB 235375,1,AQP5
SB 225002,1,ACTBP9
SB-219993,1,CCND1
SB 699551,1,NAT2
4-NITROANILINE,1,AR
SB 612111,1,APBA1
SB 414240,1,AQP4
SAR405,1,F3
V3 PEPTIDE,1,ALDH9A1
SAR-566658,1,MUC1
ALARELIN,1,GNRHR
SARCNU,1,SLC22A3
VABAMETKIB,1,DRD4
VANUTIDE CRIDIFICAR,1,APP
AKT INHIBITOR X,1,F9
SARAFOTOXIN S6C,1,ALDH1A3
SARAFOTOXIN S6B,1,ALDH1B1
SARAFLOXACIN HYDROCHLORIDE,1,HSD17B10
UROTENSIN-II,1,UTS2R
USISTAPIDE,1,MTTP
USMARAPRIDE,1,HTR4
SARIPIDEM,1,GABRG3
SARILUMAB,1,IL6R
AL-12182,1,PTGFR
UTATRECTINIB,1,DRD5P1
SAVIRIN,1,HSD17B10
TRIAZINATE,1,APP
AL-901,1,IGHE
SARALASIN ACETATE,1,AGTR1
SCK&BETA;8-1,1,ALDH9A1
SCIO-323,1,MAPK14
SD-36,1,GYPB
TAPOTOCLAX,1,ADAMTSL4-AS1
UROCORTIN 3,1,ALB
SD-208,1,DNMT3A
SD-0006,1,MAPK14
SCYLLITOL,1,APP
SCY 635,1,PPIA
UROGUANYLIN,1,DLX6
SB656104,1,SERPINA3
SB452533,1,ATP5F1BP1
SB399885,1,NATP
SB366791,1,ATP5F1BP1
SB-559448,1,MPL
SB328437,1,ACTB
7-ETHYL-10-HYDROXYCAMPTOTHECIN,1,TOP1
UROLININ,1,UTS2R
TAPRENEPAG ISOPROPYL,1,PTGER2
UROTENSIN II-RELATED PEPTIDE,1,UTS2R
TAPROSTENE,1,APOC3
7-CHLOROKYNURENIC ACID,1,HPGD
TARAFENACIN,1,CHRM3
SC-22716,1,CRHR2
TANOGITRAN,1,F10
URIDINE MONOPHOSPHATE,1,RGS4
ANIDULAFUNGIN,1,GSC
TANOMASTAT,1,DBT
UR-PG55B,1,AMD1
SB357134,1,NATP
SECRETIN SYNTHETIC PORCINE,1,SCTR
"SECRETIN HUMAN, SYNTHETIC",1,SCTR
SELECTIVE ESTROGEN RECEPTOR DEGRADER AZD9496,1,ESR1
SELECTIVE ESTROGEN RECEPTOR COVALENT ANTAGONIST H3B-6545,1,ESR1
SELECTIN P LIGAND,1,SELP
SELATOGREL,1,P2RY12
7-HYDROXYFLAVONE,1,BRCA1
7-HYDROXYCHOLESTEROL,1,BCL2L1
SEL-24,1,PIM1
TAK-901,1,AURKB
SCH-900776,1,CHEK1
UNASNEMAB,1,RGMA
UNC0006,1,ABCD1
SCH-900271,1,HCAR2
SCLAREOL,1,AR
TAK-960,1,PLK1
TALACTOFERRIN ALFA,1,LTF
SCH-900229,1,FRA6B
SCH-79797,1,APOD
SCH-708980,1,IL10
SCH-486757,1,OPRL1
SCH 900271,1,ANXA13
SCHISANHENOL,1,ATM
SCHISANDRIN A,1,NBEAP1
SCH486757,1,APBA1
TAPLITUMOMAB PAPTOX,1,CD19
ULODESINE,1,PNP
UM-9,1,ARHGAP4
7-FLUOROCHROMONE-2-CARBOXAMIDE,1,AMY2B
UNC0321,1,OPN1MW
"SBC-115,337",1,FRA4A
SB705498,1,ATP5F1BP1
SC-80036,1,MAPK14
SC-67655,1,EBF1
VALATEGRAST,1,FRA11F
SC-58125,1,CPT2
AG-17724,1,FOXA3
SC-51089,1,APOBER1
SC-435,1,CD44
SC-41930,1,AMFR
SCH 57790,1,AAMP
VALBENAZINE TOSYLATE,1,SLC18A2
SCH 40338,1,APLP2
SCH 37370,1,APLP2
ANI9,1,C1QBP
VALECOBULIN,1,TUBB
VALERENIC ACID,1,ALDH1A1
SCARLET RED,1,EHMT2
VACCINE ADJUVANT,1,ERBB2
SCANDENIN,1,USP1
SB-410220,1,APBA2
VACCINIA VACCINE,1,CALR
SB-282241,1,ACTA2
VADACABTAGENE LERALEUCEL,1,CD19
SB-219994,1,CCND1
7-O-METHYLCRYPTOCHINONE A,1,NR1H4
SB-633825,1,YES1
SB-611812,1,UTS2R
AG-270,1,MAT2A
SCH 202596,1,ALOX12P1
ANHYDROUS ZINC ACETATE,1,SLC30A8
TANDOSPIRONE,1,A1BG
ANIZATRECTINIB,1,DRD5P1
ANISODAMINE,1,ADRB1
TANEXABAN,1,F10
ANISALDEHYDE,1,ALDH1A1
ANTALARMIN,1,ALAS2
ANSUVIMAB-ZYKL,1,RNF130
ANRUKINZUMAB,1,IL13
ANNEXIN I,1,ALDH9A1
ANNAMYCIN LIPOSOMAL,1,TOP2A
URACIL MUSTARD,1,VDR
ANNAMYCIN,1,ABCC1
ANCITABINE HYDROCHLORIDE,1,NFE2L2
SBI-0206965,1,FH
URANTIDE,1,UTS2R
"7-OXOCALLITRISIC ACID, METHYL ESTER",1,CYP3A4
ANCITABINE,1,NFE2L2
UPAR FRAGMENT,1,ALDH9A1
UR-63325,1,HRH4
UR-PG131A,1,AMD1
ANATIBANT,1,BDKRB2
ANANTIN,1,DLX3
ANDROGEN RECEPTOR ANTAGONIST TAS3681,1,AR
ANDROGEN RECEPTOR ANTAGONIST ONC1-0013B,1,AR
7-O-METHYLCRYPTOCHINONE B,1,NR1H4
UR-PG153,1,AMD1
AGMATINE,1,BTD
VALACYCLOVIR,1,DPP4
AGK2,1,SIRT2
ALBIGLUTIDE,1,GLP1R
ALPHA-1-PROTEINASE INHIBITOR HUMAN,1,PRSS1
TTP889,1,F9
ALBUMIN HUMAN-KJDA,1,ALB
TRIMETHIDINIUM,1,KAT2A
TUBACIN,1,GART
ALOSETRON,1,HTR3A
ALPHA-KETOTHIAZOLE ANALOGUE 36,1,FRA1A
ALPHA-KETOGLUTARIC ACID,1,AP1B1
ALPHA-ENDOSULFAN,1,NFE2L2
TUBERATOLIDE A,1,NR1H4
SRT-2104,1,SIRT1
TUBERATOLIDE B,1,NR1H4
SITOGLUSIDE,1,GSK3B
TSP-1 MIMETIC FUSION PROTEIN CVX-045,1,THBS1
TRIPELENNAMINE CITRATE,1,HRH1
SSR-126517E,1,F10
ALKAVERVIR,1,SLC18A2
SSR 146977,1,AQP5
TT-232,1,PKM
TT-301,1,IL1B
SRX251,1,AVPR1A
ALKYLSULFONATE COMPOUND,1,ABCC2
TTC-352,1,ESR1
ST 638,1,ANXA1
SST3-ODN-8,1,SHROOM2
TTFB,1,BCAT2
SSR240612,1,ASIC1
ALBUTENSIN A,1,ACACA
SRC KINASE INHIBITOR I,1,RIPK2
T-0632,1,ALPL
TRISMETHOXYRESVERATROL,1,PRKCA
SRA880,1,FAS
SR8278,1,BCL2
SYMCLOSENE,1,EHMT2
SYMPLOSTATIN 5,1,ELANE
SRX-246,1,AVPR1A
TRIVALENT INFLUENZA VACCINE,1,CSF2
TRK INHIBITOR,1,NTRK1
SRT1720,1,GJB3
ALTISSIMACOUMARIN E,1,SIRT1
ALTISSIMACOUMARIN D,1,SIRT1
SYN-BRP-LPA,1,AMPD3
ALATROFLOXACIN MESYLATE,1,CCL18
SYNTHETIC HUMAN PAPILLOMAVIRUS 16 E6 PEPTIDE,1,IL18
ALVAC VACCINE,1,EPCAM
ALUNACEDASE ALFA,1,ACE2
ALUMINUM HYDROXIDE,1,CXCL8
ALUMINUM,1,ATP1A1
SYRINGARESINOL,1,FOXO3
TRIPHENYLBISMUTHINE,1,AR
SX-517,1,ACTBP9
TRIMETHOBENZAMIDE,1,ATAD5
ALTROPANE I-123,1,SLC6A3
ALX 1405,1,CD24P2
ALX 1393,1,CD24P2
ALVOCIDIB HYDROCHLORIDE,1,AR
ALVESPIMYCIN HYDROCHLORIDE,1,HSP90AA1
ALTISSIMACOUMARIN C,1,SIRT1
SR1555,1,BAK1P1
SR146131,1,CCKAR
ALISKIREN FUMARATE,1,REN
5-METHYL NICOTINIC ACID,1,ANXA13
"7&ALPHA;,27-DIHYDROXYCHOLESTEROL",1,ACTN4
SPEBRUTINIB BESYLATE,1,BTK
SPARTEINE,1,CYP2D6
SPARSOMYCIN,1,EEF1A1
7&ALPHA;-HYDROXYCHOLESTEROL,1,ACTN4
"7&BETA;, 25-DIHYDROXYCHOLESTEROL",1,ACTN4
AM10257,1,CNR2
AM095,1,AMPD3
"7&BETA;, 27-DIHYDROXYCHOLESTEROL",1,ACTN4
AM7,1,DRD4
SSR180711,1,CHRNA7
AM6545,1,ACRV1
AM6538,1,ACRV1
AM3,1,FASLG
AM237,1,ATP2B1
7-BENZYLOXYCOUMARIN,1,NFE2L2
6-PRENYLNARINGENIN,1,ATP6V0A1
AMA,1,HDC
AM841,1,ACRV1
AM7499,1,CNR2
65PF,1,SLC31A2
ALISPORIVIR,1,PPIA
ALIZAPRIDE,1,DRD2
ALTHIAZIDE,1,CYP3A4
ALFERMINOGENE TADENOVEC,1,FGF4
7&BETA;-HYDROXYCHOLESTEROL,1,ACTN4
SSR128129E,1,FGFR3
TTI-101,1,GYPB
SQ-109,1,BLVRB
SPRIFERMIN,1,FGF18
SPRI3,1,H3-3A
TRX-1,1,CD4
TRX-518,1,TNFRSF18
ALISERTIB SODIUM,1,AURKA
TRX1,1,CD4
SR-0813,1,HNRNPC
SQUARUNKIN A,1,UNC119
SQUALAMINE LACTATE,1,SLC9A3
SQ007-5,1,ACACA
5-OXO-15-HETE,1,AMPD2
SR16234,1,ESR1
SQ-27986,1,APOB
SR144528,1,CNR2
SR142948A,1,ANXA6
SR12813,1,NBEAP1
SR120819A,1,ANXA2P3
SR101099,1,UTS2R
5-OXO-20-HETE,1,AMPD2
5-OXO-C20:3,1,AMPD2
5-METHOXY-LUZINDOLE,1,ANK3
SR-4133,1,ELF2
SR7826,1,STX2
5-METHOXYCANTHINONE,1,AKT1
SR2211,1,BAK1P1
5-METHOXYISATIN,1,ALDH1A1
SQ-29548,1,APOC4
ALOBRESIB,1,DNER
ALFAXALONE,1,AR
SURATADENOTUREV,1,TERT
ALFADEX,1,ESR1
7ACC2,1,CDC6
7NI,1,NOS1
ALFACALCIDOL,1,VDR
SULUKAST,1,AMHR2
ALICAFORSEN,1,ICAM1
ALGENPANTUCEL-L,1,GALT
TRIMEPRAZINE,1,HRH1
SULFACETAMIDE,1,G6PD
SULFENTRAZONE,1,ESR1
T-0509,1,ABO
TRIMEGESTONE,1,PGR
SULFAQUINOXALINE,1,AR
SULFAPYRIDINE,1,EHMT2
SULFURIC ACID,1,HMGB1
SULFOPIN,1,FOXA3
8-DEOXY-NEODYSIHERBAINE,1,ASS1P5
8-PHENYL THEOPHYLLINE,1,CYP1A2
SULFONAMIDE-01,1,CFTR
STRONTIUM RANELATE,1,CASR
STROBOPININ,1,HSPA5
81C6 131I,1,TNC
STREPTOMYCIN,1,EHMT2
STREPTOKINASE,1,PLG
7-METHYLXANTHINE,1,GDA
SULFATED PENTAGALLOYLGLUCOSIDE,1,F11
SURVIVIN MRNA ANTAGONIST EZN-3042,1,BIRC5
SURVAXM,1,BIRC5
6-CHLORONICOTINIC ACID,1,PLK1
6-CHLOROFLAVONE,1,NFE2L2
SULFACARBAMIDE,1,AR
SULBENTINE,1,GMNN
SUGEMALIMAB,1,CD274
SUFUGOLIX,1,GNRHR
SUFORAPHANE ISOSELENOCYANATE,1,NFE2L2
SULFANILAMIDE,1,G6PD
ALLOIN,1,ZFP36L2
"6-NONYLPYRIDINE-2,4-DIOL",1,ADD3
ALLOGENEIC CD123-SPECIFIC UNIVERSAL CAR123-EXPRESSING T-LYMPHOCYTES,1,IL3RA
6-FLUOROMEVALONATE 5-DIPHOSPHATE,1,BLMH
ALOE VERA GEL,1,UGT1A9
ALLO-OCIMENE,1,NFE2L2
6-NITROQUIPAZINE,1,CYP1A2
6-N-OCTYLAMINOURACIL,1,ADD3
ALMITRINE,1,ATP1A1
SUNSCREEN,1,PCNA
ALOIN,1,EPHX2
6-FLUOROMEVALONATE PYROPHOSPHATE,1,BLMH
852A,1,SARDH
ALOGLIPTIN BENZOATE,1,DPP4
8H9 131I,1,CD276
SUPROFEN METHYL ESTER,1,HPGD
8S-HETE,1,BCKDHA
ALOGABAT,1,GABRA5
9-HYDROXYOCTADECADIENOIC ACID,1,ADH5
ALLOGENEIC ANTI-CD19-CAR-CD28-IL-15-EXPRESSING NATURAL KILLER T-CELLS,1,CD19
SUBSTANCE P-OME,1,AQP3
STAMULUMAB,1,MSTN
SZUH280,1,GAS1
STA2,1,APOC4
ST074946,1,FRA7J
ST034307,1,COL1A2
ST. JOHN'S WORT,1,SLC6A2
TROFOSFAMIDE,1,CYP2B6
ST-2191,1,AMT
STAUROSPORINE AGLYCON,1,MAPT
STAT3 INHIBITOR OPB-51602,1,STAT3
STAT3 INHIBITOR OPB-31121,1,STAT3
STAT3 INHIBITOR 8Q,1,GYPB
TROLOX,1,EHMT2
STX107,1,GRM5
STIBOGLUCONATE,1,PTPN11
STEVIOSIDE,1,POLR3D
STEM CELL FACTOR,1,DPT
STEARIC ACID,1,HSD17B10
STC-15,1,HNRNPA2B1
STM2457,1,HNRNPA2B1
STM 434,1,INHBE
TROMETHAMINE,1,AMD1
STIRIPENTOL,1,GABRG3
STING AGONIST 3,1,GRIN1
STING AGONIST 2,1,GRIN1
TRIMETHYL-OCTADECYL-AMMONIUM CHLORIDE,1,AR
S‐Y048,1,AMPD2
SRI37892,1,FZD7
STILBAMIDINE,1,PRMT1
TRIMETAZIDINE,1,CYP1A2
STX-107,1,GRM5
ALPHA-CYPERMETHRIN,1,ALDH1A1
ALPHA-CONOTOXIN VC 1.1,1,CHRNA10
ALPIDEM,1,TSPO
ALPHAPRODINE HYDROCHLORIDE,1,PLK1
SULINDAC SULFOXIDE,1,EHMT2
ALPHA-THUJAPLICIN,1,TYR
ALPHA-PHELLANDRENE,1,NFE2L2
TRIMAZOSIN,1,ADRA1D
TRIFLUSAL,1,HSD17B10
TRIFORINE,1,AR
TRIHEXYPHENIDYL HYDROCHLORIDE,1,CHRM1
ALRESTATIN,1,HSD17B10
TRIMETHYL-TETRADECYL-AMMONIUM CHLORIDE,1,AR
ALLISAN,1,AR
TROPLASMINOGEN ALFA,1,PLG
TROPOLONE,1,AR
ALLETHRIN,1,AR
ALLANTOIN,1,AR
ALLANTODAPSONE,1,CYP3A4
ALLOSTERIC MODULATOR 33 [PMID: 35878399],1,PRKG1
TROTABRESIB,1,DNER
ALLOPURINOL SODIUM,1,XDH
TRIMETHYL-[3-(TETRADECANE-1-SULFONYLAMINO)-PROPYL]-AMMONIUM IODIDE,1,RHOB
TROX-1,1,ATP6V0B
SUBSTANCE P-(6-11),1,AQP3
SUBSTANCE P-(4-11),1,AQP3
SUCUNAMOSTAT,1,HNRNPH3
ALPRENOLOL HYDROCHLORIDE,1,KCNH2
SN-1,1,MCOLN3
SMTP-7,1,GTF2IP1
TYRPHOSTIN AG 1295,1,FLT3
SMC021,1,CALCR
SMAC MIMETIC GDC-0917,1,XIAP
"SM-130,686",1,ALOX15
T2328,1,AQP3
T440,1,AADAC
TYRPHOSTIN AG 1296,1,FLT3
TRICITRINOL B,1,TOP2A
T532,1,AADAC
TYROSINE KINASE INHIBITOR SU5402,1,FGFR3
SN-2,1,MCOLN3
ALT-803,1,IL15RA
ORM-12741,1,ADRA2C
TYROSOL SINAPATE,1,MET
T84.66,1,CEACAM5
SITS,1,C1QBP
5-BUTYL-METHYL IMMIDAZOLE CARBOXYLATE 30,1,ACADM
SKF 105854,1,ABCA4
5-CL-5-DEOXY-(&PLUSMN;)-ENBA,1,ABAT
SKA-20,1,ARF5
SKA-121,1,ARG2
SKA-111,1,ARG2
SK1-I,1,FCAR
SJB2-043,1,FRA9D
"5-(2-ETHOXYETHYL)-5-[4-(4-FLUOROPHENOXY)PHENOXY]PYRIMIDINE-2,4,6(1H,3H,5H)-TRIONE",1,DCR
SJ995973,1,CRBN
SIVOPIXANT,1,ATP1A4
TUG-770,1,ABCD2
TUG-905,1,ABCD2
TACALCITOL,1,BCL7A
AMIBEGRON HYDROCHLORIDE,1,ADRB3
TRICHLORFON,1,NFE2L2
TULOBUTEROL,1,ADRB2
TUMOR ANTIGEN,1,CTAG1B
AMG820,1,DPYD
AMG7703,1,ALDOA
AMILOMOTIDE,1,APP
TUBULIN INHIBITOR ALB 109564 DIHYDROCHLORIDE,1,TUBB
AMBENONIUM CHLORIDE,1,ACHE
AMBENONIUM,1,ACHE
TUCOTUZUMAB CELMOLEUKIN,1,EPCAM
T22,1,ACTG1
AMAUROMINE,1,CNR1
TUG-1375,1,ALDOA
T20(DP178),1,ALDH3B2
AMATUXIMAB,1,MSLN
T21/DP107,1,ALDH9A1
TZP-102,1,GHSR
T‐495,1,AADAC
AMDOXOVIR,1,ERVW-4
AMDINOCILLIN,1,AR
U-II-(4-11) (HUMAN),1,UTS2R
SLR14,1,CXCL2
SLOTOXIN,1,ARF4P1
U46609,1,APOC4
SLIGRL-NH2,1,APOE
TUG-1197,1,ADH4
5-OXO-12-HETE,1,AMPD2
AMITRAZ,1,NFE2L2
TX2-121-1,1,DPAGT1
AMG-820,1,CSF1R
AMG-811,1,IFNG
TXA127,1,MAS1
AMG-729,1,CD19
AMG-557,1,ICOSLG
AMG-548,1,MAPK14
AMG-319,1,PIK3CD
T140,1,ACTG1
TY-51469,1,CMA1
AMG553,1,FLT3
TY-52156,1,AMY1B
T-BOC-MET-LEU-PHE,1,ALDH3B2
T-62,1,ADORA1
TYR3-OCTREOTIDE,1,FASLG
TYROSINE,1,TH
UCM 765,1,ANK3
SINEFUNGIN,1,SETD7
T-690,1,FUT6
SIRTRATUMAB VEDOTIN,1,SLITRK6
SIRTINOL,1,SIRT1
UCM-05194,1,AMPD3
SIRT1 ACTIVATOR 3,1,GJB3
SIROLIMUS ALBUMIN-BOUND NANOPARTICLES,1,MTOR
UCM-1306,1,ALCAM
SIR1-365,1,FANCG
SIPULEUCEL-T,1,ACP3
T-516,1,APBB1
5-(6-CHLORO-2-HEXYL-1H-INDOL-1-YL)-5-OXO-VALERIC ACID,1,AMPD2
T-DM1,1,ERBB2
"5-(N,N-DIMETHYL)AMILORIDE HYDROCHLORIDE",1,RAD52
5S-HPETE,1,AMPD2
T-KININ,1,ASIC1
T0070907,1,CCND1
SKF-105494,1,ABCC6
6-BENZYLAMINOPURINE,1,CYP1A2
SLB1122168,1,HBG2
SL-176,1,HLA-F
SKLB-03220,1,EZH2
6-BROMOFLAVONE,1,ATAD5
5-OXO-ODE,1,AMPD2
SIMUFILAM,1,FLNA
5-OH-DPAT,1,DRD2
SIMOTINIB,1,EGFR
SIMOTAXEL,1,TUBB
SIPONIMOD FUMARATE,1,S1PR1
SIPOGLITAZAR,1,UGT2B15
SIPLIZUMAB,1,CD2
AMINOPTERIN,1,MYC
AMINOLEVULINIC ACID HYDROCHLORIDE,1,PPOX
AMISELIMOD PHOSPHATE,1,AMT
AMISELIMOD,1,S1PR1
5H78PF,1,CORD1
5PAM523,1,SLC25A6
T1117,1,ADCY3
"5-METHYL-5-(5-METHYLTHIOPHEN-3-YL)-4-OXO-4,5-DIHYDROFURAN-2-CARBOXYLIC ACID",1,AOAH
T134,1,ACTG1
T0156,1,PDE5A
TRPM8 AGONIST D-3263,1,TRPM8
SOVESUDIL,1,CTRB1
TRPV6 INHIBITOR CIS-22 A,1,TRPV6
SOFNOBRUTINIB,1,EFNB2
TRPVICIN,1,ATP5F1C
SODIUM VALPROATE,1,ALDH5A1
SODIUM TETRADECYL SULFATE,1,PROC
SODIUM TAUROCHOLATE,1,GPBAR1
SOLANIDINE,1,CYP2D6
TRU-015,1,MS4A1
SOLANEZUMAB,1,APP
TRICIFEROL,1,VDR
AMCASERTIB,1,CSK
AMFONELIC ACID,1,HIF1A
TABALUMAB,1,TNFSF13B
AMESERGIDE,1,A12M3
AMELUBANT,1,LTB4R
AMELPARIB DIHYDROCHLORIDE DIHYDRATE,1,PARP1
TRICHLOROMONOFLUOROMETHANE,1,AR
AME-527,1,TNF
AMG-208,1,MET
AMG-191,1,KIT
AMG-167,1,SOST
AMG-157,1,TSLP
AMG-131,1,PPARG
SYL-1001,1,TRPV1
AMG-1,1,XCR1
AMG 9810,1,ATP5F1BP1
AM-37,1,ACAT2
AMEZINIUM,1,ADRA2C
ALT-801,1,TP53
ALT-2074,1,NOS2
ALTROPANE,1,SLC6A3
ALTRETAMINE,1,CYP1A2
ALTRENOGEST,1,AR
6BETA-HYDROXYTESTOSTERONE,1,CYP2C19
ALTISSIMACOUMARIN F,1,SIRT1
SPERMINE TETRAHYDROCHLORIDE,1,UBE2N
SPIPERONE HYDROCHLORIDE,1,KCNH2
ALFLUTINIB,1,EGFR
6E11,1,FANCG
SPHONDIN,1,HSD17B10
SPHINGOSYLPHOSPHORYLCHOLINE,1,ACTL6A
SPIRAPRILAT,1,DAPK3
SPAG11B (61-103),1,ADCY3
"7&ALPHA;,25-DIHYDROXYCHOLESTEROL",1,ACTN4
6-IODO-NORDIHYDROCAPSAICIN,1,ATP5F1BP1
SPIRADOLINE,1,AR
SOR-C13,1,TRPV6
SOPHORIDINE,1,TOP1
SOPHORAFLAVANONE G,1,BACE1
SONTUZUMAB,1,MUC1
SONEPIPRAZOLE,1,ALDH2
SOS1 PROTAC 9D,1,HIVEP1
SORBIC ACID,1,AR
SOVAPREVIR,1,KRAS
SOTIGALIMAB,1,CD40
SYK INHIBITOR,1,FDX1
SOTEVTAMAB,1,TLX1
SPIRAPRIL HYDROCHLORIDE,1,ACE
TX1-85-1,1,DPAGT1
SODIUM AZIDE,1,ALDH1A1
SODIUM ASCORBATE,1,G6PD
SODIUM AMINOSALICYLATE,1,KDM4E
SOCAZOLIMAB,1,CD274
TUMOUR NECROSIS FACTOR SHED FORM,1,E2F2
SVEP1,1,ITGA9
SODIUM METAARSENITE,1,TERT
SODIUM DIMETHYLCARBAMODITHIOATE,1,AR
TUNODAFIL,1,PDE5A
SVN53-67/M57-KLH PEPTIDE VACCINE,1,BIRC5
TURBINATINE,1,ACHE
SODIUM SULFATE ANHYDROUS,1,G6PD
SODIUM SELENITE,1,JUN
AM-211,1,PTGDR2
SODIUM PYRUVATE,1,ROS1
SODIUM NITRATE,1,G6PD
SLIGKV-NH2,1,APOE
SLG,1,ATP2B2
SLF1081851,1,HBG2
TUROCTOCOG ALFA,1,F8
TUROCTOCOG ALFA PEGOL,1,F8
SLB736,1,AMY1C
SM 21,1,GABPB1
TUROFEXORATE ISOPROPYL,1,NR1H4
TA-5493,1,MAPK14
AMG-888,1,ERBB3
TUG-2304,1,ALDOA
AMG-8718,1,FMO5
TURNAGAINOLIDE B,1,INPP5D
AM-1473,1,ATP2B2
AM-0902,1,ATP1B1P1
AM-0883,1,ATP2B2
TRV023,1,ACADM
TRV026,1,ACADM
AM1241,1,CNR2
AM12,1,ATP2B1
AM11542,1,ACRV1
SOFOSBUVIR/VELPATASVIR,1,IFNL3
SOFOSBUVIR / VELPATASVIR / VOXILAPREVIR,1,IFNL3
SOMAPACITAN,1,GHR
SUVN-502,1,HTR6
SOLOMONSTEROL B,1,NR1I2
SOLOMONSTEROL A,1,NR1I2
SNS01-T,1,EIF5A
SOLITHROMYCIN,1,NAT2
TUVUSERTIB,1,ATR
SUVN-G3031,1,HRH3
SONEDENOSON,1,ADORA2A
TW-37,1,BRAF
SOMAVARATAN,1,GH1
SOMATREM,1,GHR
SUVODIRSEN,1,DMD
TWEAK,1,EBR3
SNX482,1,ATP6V1G2
SNX281,1,GRIN1
SNX0723,1,GRIN2C
TWS119,1,SLC29A1
SUZETRIGINE,1,BBS4
TRICHLOROETHYLENE,1,HLA-B
2-PHENYLQUINOLINE,1,BRCA1
ABACAVIR SULFATE,1,ERVW-4
AB-NECA,1,ABCA2
AS-19,1,SERPINA3
AS-1409,1,FN1
2-PYRIDYLETHYLAMINE,1,AMD1
AS-1403,1,MUC1
2-THIO-UDP,1,BIRC3
ARX201,1,GHR
2-THIOUTP,1,APC
ARGININE BUTYRATE,1,TK1
2-NITROFLUORENE,1,NFE2L2
2-O-ETHYL-PAF C-16,1,APLP2
ANTI-HIV-1 LENTIVIRAL VECTOR-EXPRESSING SH5/C46 CAL-1,1,CCR5
VOFATAMAB,1,FGFR3
VOLAGIDEMAB,1,GCGR
ARGENTEOSIDE A,1,HSP90AA1
ARL66096,1,APEX1
VM24,1,ATP7B
VMCC-I,1,ACTBP5
REMIKIREN,1,REN
VMIP-I,1,ACTBP5
VMIP-III,1,CCR4
AAV1-FS344,1,MSTN
VNA932,1,ABCC6
VOACAMINE,1,ABCB1
TEMANOGREL,1,HTR2A
VTP-27999,1,REN
2-O-METHYL-PAF C-18,1,APLP2
RET INHIBITOR TY-1091,1,RET
RET INHIBITOR HS-10365,1,RET
RET INHIBITOR FHND5071,1,RET
2-AMINO-URIDINE-5'-MONOPHOSPHATE,1,APCS
RET INHIBITOR EP0031,1,RET
RET INHIBITOR APS03118,1,RET
RESVERATROL HEXANOIC ACID,1,TLR2
2-ARACHIDONOYLGLYCEROLPHOSPHOINOSITOL,1,ADCY3
RESVERATROL 4'-METHYL ETHER,1,MGAM
RETINOID X RECEPTOR AGONIST IRX4204,1,RXRG
TECHNETIUM TC 99M SUCCIMER,1,A2M
2-BROMO-LSD,1,SERPINA3
TECHNETIUM TC 99M TROFOLASTAT,1,FOLH1
A804598,1,ATP1B3P1
ARTICAINE,1,G6PD
REMDESIVIR,1,NUCB1
REMACEMIDE HYDROCHLORIDE,1,BAZ2B
A778317,1,ATP5F1BP1
TDI-11861,1,HDGF
RELMACABTAGENE AUTOLEUCEL,1,CD19
2-[METHYL-(5-GERANYL-4-METHYL-PENT-3-ENYL)-AMINO]-ETHYL-DIPHOSPHATE,1,CXCR5
20-HETE,1,ATP2B2
20-HYDROXY-LTB4,1,AMFR
A740003,1,ATP1B3P1
TEBIPENEM,1,CNR1
ARTEMIN,1,GFRA3
ABAGOVOMAB,1,MUC16
ARUNCIN B,1,CDK1
2-PHENYLETHYLYL-ADENOSINE DERIVATIVE,1,ABCA3
REMETINOSTAT,1,HDAC9
VORSETUZUMAB,1,CD70
RELATLIMAB,1,GSK3B
VORSETUZUMAB MAFODOTIN,1,CD70
VORSETZUMAB MAFODOTIN,1,CD70
TELBIVUDINE,1,OCA2
VU2957,1,SLC25A5
RECOMBINANT HUMAN MONOCYTE CHEMOATTRACTANT PROTEIN-2,1,PLAUR
TELCAGEPANT,1,CALCRL
RECOMBINANT HUMAN MACROPHAGE INFLAMMATORY PROTEIN-1 BETA,1,CCL21
RECOMBINANT HUMAN KALLIKREIN-1,1,INSR
RECOMBINANT HUMAN ENDOSTATIN,1,CTNNB1
RECOMBINANT INTERLEUKIN-1-ALPHA,1,EPO
VU6012962,1,ANTP2
VUDALIMAB,1,PDCD1
REMOXIPRIDE HYDROCHLORIDE,1,DRD2
TELEOCIDIN B,1,CASP3
AS2717638,1,ADH1A
AS1949490,1,CSNK2A2
VUF 4904,1,HRH3
VUF 5207,1,HRH3
VUF 8328,1,HRH3
ASC06-IGG1,1,BST2
VUF 8430,1,AMELX
VUF14738,1,HRH3
VU0409551,1,SLC25A6
VU0422288,1,GRM8
TELIMOMAB ARITOX,1,CD5
VU0467154,1,AARS1
VU0469650,1,ANOP1
AS604872,1,APOC2
VU-1545,1,SLC25A6
RESATORVID,1,TLR4
RES7011,1,ALDH1A3
REPROTEROL,1,ADRB2
REPIRINAST,1,HR
RECOMBINANT TRANSFORMING GROWTH FACTOR-BETA,1,IL2
VU0029767,1,AADAC
RECOMBINANT THYROID-STIMULATING HORMONE,1,PIK3CG
VU0090157,1,AADAC
RECOMBINANT SOLUBLE HUMAN CD4 PROTEIN,1,IL2
REFANEZUMAB,1,MAG
TEMOCAPRIL HYDROCHLORIDE,1,ACE
AAE-M-PBP-AMINE,1,ANK2
RECOMBINANT VACCINIA-B7.1 VACCINE,1,MLANA
A(9-26)INSL3,1,APPL1
RECOMBINANT TYROSINASE-RELATED PROTEIN-2,1,CSF2
RECOMBINANT TYROSINASE-RELATED PROTEIN-1,1,MIA
RELACORILANT,1,NR3C1
VRC-01LS,1,CD4
REGRELOR DISODIUM,1,P2RY12
TELINAVIR,1,ERVW-4
TELISOTUZUMAB,1,MET
REGRAMOSTIM,1,CSF3R
TELOMESTATIN,1,TERT
A(C10/15S)INSL3,1,APPL1
TELAVANCIN,1,CRHR1
RELAXIN-3 B CHAIN DIMER,1,APRT
TELAZORLIMAB,1,TNFRSF4
VPC171,1,ABAT
VPS34-IN-1,1,F3
VILANTEROL TRIFENATATE,1,ADRB2
RHO-TIA,1,ABCF1
ADX10059,1,GRM5
VITEXIN,1,APEX1
RHIGM12B7,1,PDCD1LG2
RHETSININE,1,CYP3A4
TOTAROL,1,HSP90AA1
ADX71743,1,ANTP2
RIBAVIRIN MONOPHOSPHATE,1,GATA4
ADX88178,1,SLC25A5
RHTX,1,ATP5F1BP1
VIXTIMOTAMAB,1,CD33
REV131,1,HRH4
RETAPAMULIN,1,MRPL36
RETRO-INVERSO PEPTIDE,1,CTLA4
VK-II-86,1,RYR2
VK5211,1,AR
TP3 IMMUNOTOXIN,1,COIL
VLX1570,1,FRA9E
REZVILUTAMIDE,1,AR
REZIVERTINIB,1,DXO
ARIMOCLOMOL,1,HSP90B2P
ARI-3531,1,FXN
VITAMIN D3 ANALOGUE ILX23-7553,1,VDR
A33 131I,1,GPA33
VIT-100,1,PCNA
AROFYLLINE,1,PDE4A
ARN726,1,NAAA
RETUSIN,1,ABCG2
RIFABUTIN,1,NR1I2
"3,5-DICAFFEOYLQUINIC ACID",1,APP
RILOTUMUMAB,1,HGF
RILOPIROX,1,ALOX5
RILMENIDINE HEMIFUMARATE,1,CYP3A4
RILIMOGENE GALVACIREPVEC,1,KLK3
RIMEGEPANT SULFATE,1,CALCRL
RIMACALIB,1,CAMK2B
"3,5-DIHYDROXYBENZOIC ACID",1,ANXA11
RILVEGOSTOMIG,1,CD274
3 ALPHA-AMINOCHOLESTANE,1,CSNK1G2
RG7893,1,SCN9A
RG7342,1,GRM5
RG7185,1,PTGDR2
RHODACYANINE ANALOG MKT-077,1,HSPA9
RG-7795,1,TLR7
RHENIUM RE 186 ETIDRONATE,1,KLK3
3&BETA;-HYDROXYDIHYDROCOSTUNOLIDE,1,TAS2R46
AESCULIOSIDE IIE,1,TOP1
VILOXAZINE HYDROCHLORIDE,1,SLC6A2
VILTOLARSEN,1,DMD
VIMNERIXIN,1,CXCR2
AESCULIOSIDE IIIA,1,TOP1
ADUCANUMAB,1,APP
RGFP966,1,GARS1
VIDUTOLIMOD,1,TLR9
ADX-47273,1,SLC25A6
RHODAMINE,1,AR
VILANTEROL .ALPHA.-PHENYL CINNAMATE,1,ADRB2
RG6029,1,SCN9A
VONLEROLIZUMAB,1,TNFRSF4
RG-7741,1,CHEK1
RG-7652,1,PCSK9
RG-7603,1,MTOR
RG-7602,1,CHEK1
RG-7444,1,FGFR3
A27.15,1,TFRC
AG-122018,1,FOXA3
RG-7376,1,RAF1
RESMETHRIN,1,NFE2L2
RESLIZUMAB,1,IL5
VOPRATELIMAB,1,ICOS
AG 1024,1,DPH1
RESIGRATINIB,1,DPYSL3
ARN19874,1,CRK
VORETIGENE NEPARVOVEC,1,RPE65
AFLATOXIN B1,1,CYP2B6
VOLIXIBAT,1,SLC10A2
VONAPANITASE,1,ELN
VOBARILIZUMAB,1,IL6R
RESORCINOL MONOACETATE,1,CYP3A4
AFLOQUALONE,1,AR
2-CL-ADP(&ALPHA;-BH3),1,APBB2
RESOLVIN E1,1,ACTG1P7
TECHNETIUM TC 99M SESTAMIBI,1,TG
A839977,1,ATP1B3P1
2-ETHOXYCARBONYL-2-ETHOXYOXALOYLOXYDIHYDROCHRYSIN DIMETHYL ETHER,1,ALDH1A1
2-FUROYL-LIGRLO-AMIDE,1,APOE
2-FUROYL-LIGRL[N-(ALEXA FLUOR 594)-O]-NH2,1,APOE
VORAPAXAR SULFATE,1,F2R
ARN19702,1,NAAA
ARM-210,1,RYR1
VIOLASTYRENE,1,VDR
A317491,1,ATP1A4
ARQ-621,1,KIF11
AG+,1,KLF5
VIPIVOTIDE TETRAXETAN,1,DGKA
ARP100,1,DBT
VIPOGLANSTAT,1,PTGES
AG-041R,1,CCKBR
AR305352,1,ADRA2A
AR291903,1,ADRA2A
VIRGINIAMYCIN M1,1,CCK
AR244555,1,ADRA2A
A2P5P,1,APBB2
AR234958,1,ADRA2A
AR231453,1,ADH1C
AG-09/1,1,ALDH3B2
ARBUTIN,1,TYR
ARBUTAMINE,1,ADRB1
REVEXEPRIDE,1,HTR4
VONICOG ALFA,1,VWF
REVERSE TRANSCRIPTASE INHIBITOR,1,APOB
REVEGLUCOSIDASE ALFA,1,GAA
RG-7256,1,BRAF
AG-11/03,1,ALDH3B2
RG-7160,1,EGFR
RG-2833,1,HDAC1
RG-1512,1,SELP
AR234960,1,ADRA2A
A-304121,1,HRH3
ASK-8007,1,SPP1
ASP-8477,1,KDR
ASP-8374,1,TIGIT
WS-898,1,CA9
ASP-3026,1,ALK
RAFABEGRON,1,ADRB3
WWGKKYRASKLGLAR,1,ACACA
RAF INHIBITOR BDTX-4933,1,BRAF
WWL123,1,CXCL1
RALPANCIZUMAB,1,PCSK9
WNT-4,1,FZD6
WNT-5A,1,FZD6
VU0483605,1,ANOP1
RALINEPAG,1,PTGIR
AESCULIOSIDE IIIB,1,TOP1
RAMOSETRON,1,HTR3A
RAMIPRILAT,1,DAPK3
WNT-C59,1,HMBS
WOGONIN,1,GMNN
AESCULIOSIDE IIIC,1,TOP1
WP-1066,1,STAT3
WISTIN,1,BRCA1
R-RUGULACTONE,1,IKBKB
R-PSOP,1,NMUR2
R-L3,1,AZF1
WJYK50,1,SMPD1
R3/I5- SMBIT,1,APRT
RALMITARONT,1,AQP7
RAGIFILIMAB,1,TNFRSF18
RAG8,1,APOH
W146,1,AMT
W54011,1,ACACB
RAFUTROMBOPAG,1,MPL
AT-403,1,APBA1
AT-1501,1,CD40LG
WAGLERIN-1,1,SERPINC1
ATAMESTANE,1,CYP19A1
VUF14862,1,HRH3
ATG002,1,CHRNA4
AF353,1,ATP1A4
ATF936,1,ACP5
ATF-936,1,CASR
WRC-0571,1,ABAT
VUF8504,1,ABCA3
ATECEGATRAN METOXIL,1,F2
VUF8507,1,ABCA3
VUNAKIZUMAB,1,IL17A
ASN06356088,1,UBE2N
VUPANORSEN SODIUM,1,ASGR1
AFAMELANOTIDE ACETATE,1,MC1R
ASN04885796,1,ACTN2
AFASEVIKUMAB,1,IL17A
ASN04450772,1,ACTN2
WP814,1,CACNA1S
ASN04421891,1,ACTN2
ASN02563583,1,ACTN2
WR-159412,1,IDH1
ATEVIRDINE MESYLATE,1,ERVW-4
XAP044,1,ANTP2
XBP1-US/XBP1-SP/CD138/CS1 MULTIPEPTIDE VACCINE PVX-410,1,SLAMF7
XCC,1,ABCA2
XANOMELINE TARTRATE,1,CHRM1
XANTHINE,1,ADORA2B
ATL-104,1,MCM8
ATIPRIMOD,1,STAT3
XANTHINE OXIDASE INHIBITOR,1,MPO
TENIVASTATIN,1,SLCO1B1
ATOROLIMUMAB,1,RHD
ATOLTIVIMAB,1,RNF130
ATRANORIN,1,CYP3A4
ATRACTYLENOLIDE I,1,TP53
X-165,1,GRIK5
WLL-VS,1,FRA6F
TENOFOVIR ALAFENAMIDE FUMARATE,1,ERVW-4
ATPA,1,ASS1P5
X-396,1,ALK
ASULACRINE ISETHIONATE,1,MPO
ASTUPROTIMUT-R,1,MAGEA3
TENAPANOR,1,SLC9A3
X4-HIV-1 GP120,1,ACTG1
TENAPANOR HYDROCHLORIDE,1,SLC9A3
ASTRAGALIN,1,P4HB
AT-56,1,CR2
16&ALPHA;-HYDROXYESTRONE,1,BCYRN1P2
QUINOXALINE,1,SMAD3
QUINOSOL,1,KDM4E
R-112,1,SYK
ATR INHIBITOR ART0380,1,ATM
AESCULIOSIDE IIID,1,TOP1
AESCULIOSIDE IIIE,1,TOP1
AESCULIOSIDE IIIF,1,TOP1
R3 B1-22R,1,APRT
R121919,1,ALAS2
R116031,1,AQP3
R116010,1,CLDN7
WNT-3A,1,FZD6
WF-47-JS03,1,PTK2B
WFW-ISN-NH2,1,ALOX15
RA839,1,KEAP1
AESCULIOSIDE IIK,1,TOP1
RA-2,1,ARG1
AESCULIOSIDE IVA,1,TOP1
QUININE ETHYLCARBONATE,1,AR
AESCULIOSIDE IVB,1,TOP1
R5-HIV-1 GP120,1,ACTBP2
R396,1,AQP4
AEM-28,1,APOE
WIN 64338,1,BDKRB2
AES-103,1,HBB
RAD-140,1,AR
RACTOPAMINE,1,ABR
AESCULIOSIDE IIA,1,TOP1
XANTHOPTERIN,1,HSD17B10
QUINOLONYL-OXAZOLIDINONE ANTIBIOTIC DNV3837,1,PDF
QUINOLINE 2,1,FRA1L
XANTHOXYLIN,1,CYP3A4
AESCULIOSIDE IIB,1,TOP1
WHI-P131,1,JAK3
"2-METHOXY-&ALPHA;,&BETA;-DIDEHYDRO-AGOMELATINE",1,ANK2
2-METHOXY-5 (6)EPOXY-TETRAHYDROCARYOPHYLLENE,1,CYP3A4
TEPRASIRAN,1,TP53
A(10-24)INSL3,1,APPL1
RECOMBINANT MODIFIED VACCINIA ANKARA-5T4 VACCINE,1,TPBG
2-FUROYL-LIGRL[N[3H]PROPIONYL]-O-NH2,1,APOE
REC 15/3079,1,A1BG
2-HYDROXY CAPRIC ACID,1,ADD3
2-HYDROXYLAURIC ACID,1,ADD3
2-HYDROXYOCTANOIC ACID,1,AOAH
REC 15/2615,1,ABCF1
2-HYDROXYOLEIC ACID,1,SMS
TERAMEPROCOL,1,SP1
RECOMBINANT C5A,1,ITGB2
RADIOPROTECTIN-1,1,AMPH
VU0400195,1,SLC25A5
RECOMBINANT ALPHA CHEMOKINE,1,CCL21
RECOMBINANT ADENOVIRUS 5 ENCODING TUMOR NECROSIS FACTOR-RELATED APOPTOSIS-INDUCING LIGAND,1,TNFSF10
VU0404251,1,SLC25A6
RECOMBINANT FIBROBLAST GROWTH FACTOR 4,1,NODAL
RECOMBINANT FIBROBLAST GROWTH FACTOR 3,1,RPS2
VU0405601,1,BAD
RECOMBINANT FACTOR VIIA,1,F8
RECOMBINANT HUMAN CHORIONIC GONADOTROPIN,1,LHCGR
RECOMBINANT HUMAN ALBUMIN-HUMAN GRANULOCYTE COLONY-STIMULATING FACTOR,1,CSF3
RECOMBINANT HUMAN 6CKINE,1,CCL22
RECOMBINANT GROWTH FACTOR,1,AKR1B1
RECOMBINANT GRANULOCYTE-MACROPHAGE COLONY-STIMULATING FACTOR,1,ICAM3
VU0092145,1,SLC25A5
2-BROMOETHANOL,1,NFE2L2
VU0486846,1,AADAC
ASIMADOLINE,1,OPRK1
VU0650786,1,SLC25A4
ASFOTASE ALFA,1,ALPL
TEI-9063,1,APOC3
VU0810464,1,ASIP
VU0359516,1,SLC25A5
ASELIZUMAB,1,SELL
ASCRINVACUMAB,1,ACVRL1
VU0360172,1,SLC25A6
TEIJIN-LEAD_CMP_5,1,ACTA2
VU0361737,1,SLC25A5
ART812,1,HOXD@
TELAPRISTONE,1,PGR
RECOMBINANT INTERLEUKIN-16,1,CD9
A(4-24)(F23A)H2,1,APP
TELAPRISTONE ACETATE,1,PGR
"2,2',4,4',5,5'-HEXACHLOROBIPHENYL",1,RAPGEF4
"2,2'-PYRIDYLISATOGEN TOSYLATE",1,APBB2
"2,3',4,5'-TETRAMETHOXYSTILBENE",1,CYP1B1
ARTHONIOIC ACID,1,CYP3A4
ARTEPILLIN C,1,ATP1B1P1
ARTENIMOL,1,ATP2A1
"2,3-DIHYDRO-1,4-DITHIIN-1,1,4,4-TETROXIDE",1,ALOX12P1
RECOMBINANT INTERFERON GAMMA,1,PLAUR
2-MERCAPTOETHANESULFONIC ACID,1,MAPT
RECOMBINANT MACROPHAGE COLONY-STIMULATING FACTOR,1,MYC
2-MERCAPTOPYRIMIDINE,1,JUN
TEPP-46,1,H1-2
ART558,1,HOXD@
AS1535907,1,ADH1C
WARFARIN SODIUM,1,VKORC1
AS1269574,1,ADH1C
WAY-163909,1,HTR2C
AS03-ADJUVANTED H1N1 PANDEMIC INFLUENZA VACCINE,1,MARCHF8
AESCULIOSIDE IVC,1,TOP1
AS96,1,ABCA2
AS95,1,ABCA2
WAY-181187,1,NATP
WAY-207024,1,GNRHR
WAY-208466,1,NATP
AS94,1,ABCA2
AS74,1,ABCA2
9-PHENANTHROL,1,ATP4B
VU0134992,1,ASMT
RASEGLURANT,1,GRM5
VUTRISIRAN,1,TTR
RCI-0879,1,UTS2R
RBM2-1B,1,FRV1
VX-148,1,IMPDH1
VX-765,1,CASP1
RAXOFELAST,1,LPO
RAXIBACUMAB,1,PRDX1
RADRETUMAB,1,FN1
AF-906,1,ATP1A4
RADIX POLYGALAE EXTRACT PDC-1421,1,SLC6A2
W-84,1,AAMP
RADIOSUMIN B,1,PLG
RADIOSENSITIZING AGENT,1,ACHE
RATANIAPHENOL II,1,MAPT
RECOMBINANT FRACTALKINE,1,CCL22
RANK LIGAND,1,EBM
RANITIDINE BISMUTH CITRATE,1,HRH2
RANIRESTAT,1,AKR1B1
VU0155041,1,SLC25A5
TENOFOVIR EXALIDEX,1,ERVW-4
RAS PEPTIDE CANCER VACCINE,1,KRAS
VU0155094,1,GRM8
TEPOTINIB HYDROCHLORIDE,1,MET
VU0238429,1,AAVS1
VU0240551,1,CD74
WAY-213613,1,CBLN1
WAY-255348,1,BDNF
ASN06917370,1,ACTN2
AS16,1,ABCA2
ASP7991,1,CASR
ASP7663,1,ATP1B1P1
ADL-5747,1,OPRD1
WAY170523,1,DCR
ADENOSINE A2B RECEPTOR ANTAGONIST PBF-1129,1,ADORA2B
WB4-24,1,ALPL
WDUO3,1,AAMP
ASP2453,1,GPM6B
ADENOSINE-3'-5'-BISPHOSPHATE,1,APBB2
A(&DELTA;10/15C)INSL3,1,APPL1
90Y-CT84.66,1,CEACAM5
ASPIRIN TRIGGERED LIPOXIN A4,1,ALDH9A1
ADENOVIRUS 5-CD40 LIGAND,1,FAS
AS1907417,1,ADH1C
TENELIXIMAB,1,CD40
"4,2',4',6'-TETRAHYDROXYCHALCONE",1,CYP3A4
TARIBAVIRIN HYDROCHLORIDE,1,IMPDH1
RUFLOXACIN,1,EHMT2
"4,4'-METHYLENEDIANILINE",1,CYP3A4
TARLATAMAB,1,GLRA2
VASCULAR DISRUPTING AGENT BNC105P,1,TPPP
RXP470.1,1,ACE
VAPREOTIDE ACETATE,1,SSTR2
RXP-407,1,DAPK3
TRAM-34,1,ARG2
RXDX-103,1,CDC7
RWJ-56423,1,FRA8F
RWJ-56110,1,APOD
RIFAMYCIN SODIUM,1,AR
TCS 2510,1,AQP8
VARIANT MCH,1,AMY2B
S 17092,1,FXN
TCS 5861528,1,ATP1B1P1
VEPALIMOMAB,1,AOC3
RY764,1,ANGPT2
RY024,1,ARRB1
VERALIPRIDE,1,DRD2
VELNEPERIT,1,NPY5R
RS 93520,1,APOB
RS 67333,1,NAT1
TCS-OX2-29,1,APBB1
RS 39066,1,MMP7
RS 100235,1,NAT1
VARDENAFIL HYDROCHLORIDE TRIHYDRATE,1,PDE5A
S-14671,1,A1BG
S-14506,1,A1BG
S-1360,1,ERVW-4
S-(-)CPP,1,BTS1
S-(-)CPB,1,BTS1
S-DESCHLOROKETAMINE,1,GRIN2B
4-CHLORO-BENZOIC ACID,1,TSHR
S-ADENOSYLMETHIONINE,1,TPMT
S-777469,1,CNR2
4-CL-CINNAMOYL-C[DCYS-4PAL-DTRP-ORN-VAL-CYS]-HIS-AMIDE,1,UTS2R
4-FLUOROBENZOYL-FGLRW-NH2,1,AMELY
4-HYDROXYBENZALDEHYDE,1,ABAT
S-26D [PMID: 37883692],1,ACTG1P7
S136492,1,DAXX
RUPLIZUMAB,1,CD40LG
S-RHTX,1,ATP5F1BP1
S-METOLACHLOR,1,NFE2L2
4-(N-PROPYL)AMINO-3-NITROBENZOIC ACID,1,AOAH
S-METHYL-D-THIOCITRULLINE,1,THPO
4-1BB LIGAND,1,E11S
TRAMIPROSATE,1,APP
TAS-116,1,HSP90AB1
TAS-119,1,AURKA
4-APPES,1,ANPEP
"4-ARYLPHTHALAZIN-1(2H)-3,4-DI-F",1,AMY2B
4'-O-ACETYLPATENTIFLORIN B,1,TOP2A
TAS05567,1,FDX1
S20,1,NBEAP1
S1P D20:1,1,AMY1A
S-TRITYL-L-CYSTEINE,1,KIF11
RS-136270,1,ACTA2
VELAGLUCERASE ALFA,1,GBA1
TC14012,1,ACTG1P8
VELIFLAPON,1,ALOX5AP
RS-102895,1,ACTA2
VELIGROTUG,1,IGF1R
RTI-336,1,SLC6A3
RTI-13951-33,1,PLIN2
RTI-122,1,PLIN2
RTI-118,1,ANXA2
VELIMOGENE ALIPLASMID,1,HLA-B
RUCAPARIB PHOSPHATE,1,PARP1
TCD-717,1,CHKA
RU28362,1,BDM
RPSGL-IG,1,SELP
RU28318,1,NR3C2
ROVAFOVIR ETALAFENAMIDE,1,ERVW-4
TCLPA5,1,ADH1A
ROVADICITINIB,1,EPHB2
ROSOXACIN,1,TOP2A
ROXARSONE,1,KDM4A
TRANDOLAPRILAT,1,DAPK3
ROVALPITUZUMAB TESIRINE,1,DLL3
TRAVOPROST,1,PTGFR
RP-6306,1,FBXW7
RP-52770,1,APLP2
TCN-201,1,GRIN2A
RP-5-OME-UDP&ALPHA;B,1,AIRE
TB-402,1,F8
VEGF RECEPTOR 2 KINASE INHIBITOR IV,1,DRD2
RS-30199,1,A1BG
TD-2749,1,HTR4
ANTRAFENINE,1,PTGDS
TRANS-CINNAMOYL-LIGRLO [N-[3H]PROPIONYL]-NH2,1,APOE
ANTISAUVAGINE,1,ALB
ANTIPYRINE,1,PTGS1
AP18,1,ATP1B1P1
TDE,1,CYP7B1
AP1189,1,ANGPT1
AP-7,1,EHMT2
ANX-042,1,NPR3
ANX-005,1,C1S
ANUMIGILIMAB,1,DHFR
TRANS-2-METHYLCROTONIC ACID,1,ALDOA
ANTI-PD-L1 MONOCLONAL ANTIBODY MDX-1105,1,CD274
ANTI-NY-ESO-1 IMMUNOTHERAPEUTIC GSK-2241658A,1,CTAG1B
ANTI-NUCLEOLIN APTAMER AS1411,1,NCL
ANTI-MUC16/MMAE ANTIBODY-DRUG CONJUGATE DMUC4064A,1,MSLN
TC-2559,1,ATD
TC-6987,1,CHRNA7
VENADAPARIB,1,GNAI2
ANTI-MESOTHELIN CAR T CELLS PREPARATION,1,MSLN
TC-E 5005,1,COL19A1
ANTI-ILT7 ANTIBODY,1,GRN
ANTI-PD1 MONOCLONAL ANTIBODY,1,EGFR
VEGFRECINE,1,FLT1
ANTI-PD-L1/CD27 BISPECIFIC ANTIBODY CDX-527,1,CD274
VEGLIN,1,VEGFA
ANTI-PD-L1/CD137 BISPECIFIC ANTIBODY MCLA-145,1,CD274
ANTROQUINONOL,1,DNMT1
VALNIVUDINE HYDROCHLORIDE,1,TK1
SALICYLAMIDE,1,HSD17B10
VALPROPYLHYDROXAMIC ACID,1,HDAC6
SALICIN,1,BPGM
TAN-67,1,GRK3
TANAPROGET,1,BDNF
TASPOGLUTIDE,1,GLP1R
TRIBROMOACETIC ACID,1,NFE2L2
SALINOMYCIN,1,ZEB1
SALICYLURIC ACID,1,HSD17B10
SAMALIZUMAB,1,CD200
SAM68 MODULATOR CWP232291,1,CTNNB1
SALUBRINAL,1,EHMT2
3-HYDROXY CAPRIC ACID,1,ADD3
TAURODEOXYCHOLIC ACID,1,PLA2G1B
TAUROLITHOCHOLIC ACID-3-SULPHATE,1,GPBAR1
S38151,1,AMY2B
TRIAZOPHOS,1,VDR
S36541,1,AMY2B
S36540,1,AMY2B
S36539,1,AMY2B
S36077,1,AMY2B
S36057,1,AMY2B
S312,1,DHODH
SA10SC-RLX,1,APP
VEDROPREVIR,1,KRAS
S9947,1,ALDH7A1P2
S7958,1,BNIP3
TATM2NX,1,ATP3
ANTI-HIF-1ALPHA LNA ANTISENSE OLIGONUCLEOTIDE EZN-2968,1,HIF1A
ANTI-HGF MONOCLONAL ANTIBODY TAK-701,1,HGF
VAMOTINIB,1,ABL1
ANTI-HER2 ANTIBODY-DRUG CONJUGATE MEDI4276,1,ERBB2
VANADATE,1,ATP2A1
VANCOMYCIN,1,HLA-A
ANTHRANILIC ACID,1,HSD17B10
AK198,1,GNA12
AKK(THIOAC)LM21,1,GK2
VALILTRAMIPROSATE,1,APP
ANTAQ,1,NPEPPS
ANTI-CD123 CAR T CELLS PREPARATION,1,IL3RA
ANTI-CA6-DM4 IMMUNOCONJUGATE SAR566658,1,CA6
ANTI-C-MET MONOCLONAL ANTIBODY SAIT301,1,MET
SAFIT2,1,ONECUT1
TANEZUMAB,1,NGF
SANP,1,DLX3
SAPRISARTAN,1,AGTR1
SAPPANONE A 7-METHYL ETHER,1,CYP3A4
SAR-405838,1,TP53
SAR-260301,1,PIK3CB
SAR-125844,1,MET
SAR-113945,1,IKBKB
SAPROPTERIN DIHYDROCHLORIDE,1,PAH
TANNIN PYROGALLOL,1,NFE2L2
SAG1.3,1,FZD6
SAG,1,ATP2B2
VALNEMULIN,1,AR
SAFOTIBANT,1,BDKRB1
TRIAMCINOLONE HEXACETONIDE,1,NR3C1
TASIDOTIN HYDROCHLORIDE,1,TUBB
ANTI-EGFRVIII IMMUNOTOXIN MR1-1,1,EGFR
ANTI-EGFRVIII ANTIBODY DRUG CONJUGATE AMG 595,1,EGFR
S6821,1,BNIP3
S6716,1,UTS2R
S5A1,1,AQP2
S416,1,DHODH
SACUBITRIL/VALSARTAN,1,MME
VAROGLUTAMSTAT,1,QPCT
SACUBITRIL,1,MME
SACROSIDASE,1,SI
VASCULAR DISRUPTING AGENT BNC105,1,TUBB
TASOCITINIB,1,JAK3
3-IODOTYROSINE,1,CMM
VEGF RECEPTOR 2 KINASE INHIBITOR II,1,DRD2
3-BROMO-7NI,1,NOS1
TRIAZINE COMPOUND PC7,1,APOA1
SABARUBICIN,1,TOP2A
SAFIT1,1,ONECUT1
SAFIRONIL,1,P4HA1
SAFINAMIDE MESYLATE,1,MAOB
3-CHLOROTYROSINE,1,CMM
3-DEAZAADENOSINE,1,CCR4
SAF312,1,TRPV1
"3-FLUORO-4-{[(2R)-2-HYDROXY-2-(5,5,8,8-TETRAMETHYL-5,6,7,8-TETRAHYDRO-2-NAPHTHALENYL)ACETYL]AMINO}BENZOIC ACID",1,BCHEL3
SACUBITRILAT,1,DAP
S-237648,1,NPY5R
TAS-103,1,TOP2A
3-FORMYLINDOLE,1,CYP2A6
3-ISOBUTYL-8-PYRROLIDINOXANTHINE,1,ABCA2
ANTI-PD-L1 MONOCLONAL ANTIBODY FAZ053,1,CD274
ANTI-PD-1 MONOCLONAL ANTIBODY SYM021,1,PDCD1
VATELIZUMAB,1,ITGA2
ANTI-TIM-3 MONOCLONAL ANTIBODY,1,HAVCR2
TAS1553,1,GBA1LP
ANTI-TIGIT MONOCLONAL ANTIBODY ASP8374,1,TIGIT
ANTI-TF MONOCLONAL ANTIBODY ALT-836,1,F3
ANTI-TAC 90 Y-HAT,1,IL2RA
ANTI-SCLEROSTIN,1,SOST
ANTI-PSCA MONOCLONAL ANTIBODY AGS-1C4D4,1,PSCA
ANTI-PKN3 SIRNA ATU027,1,PKN3
TASIDOTIN,1,TUBB1
ANTIAROL,1,VDR
ANTIANXIETY AGENT,1,KCNH2
ANTI-ENPP3/MMAF ANTIBODY-DRUG CONJUGATE AGS-16M8F,1,ENPP3
ANTI-ULCER AGENT,1,NOS1
ANTI-TIM3 MONOCLONAL ANTIBODY LY3321367,1,HAVCR2
VATIQUINONE,1,NQO1
ANTI-DIABETIC AGENT,1,CYP7B1
VATREPTACOG ALFA (ACTIVATED),1,F7
VCCL4,1,ACTA2
ANTI-CTLA-4 MONOCLONAL ANTIBODY,1,CTNNB1
VCN-01,1,RB1
ANTI-CEA/ANTI-HSG BISPECIFIC MONOCLONAL ANTIBODY TF2,1,CEACAM5
ANTI-CEA CAR T CELLS,1,CEACAM5
ANTI-CD70 ANTIBODY-DRUG CONJUGATE MDX-1203,1,CD70
ANTI-CD7 CAR T CELLS PREPARATION,1,CD7
VARLILUMAB,1,CD27
ANTI-CD47/ANTI-PD-L1 BISPECIFIC ANTIBODY PF-07257876,1,CD274
ANTI-VEGF MONOCLONAL ANTIBODY,1,VHL
VINCA ALKALOID COMPOUND,1,ABCB1
AR-C126313,1,APC
VINCLOZOLIN,1,AR
AR-C118925XX,1,APC
VILAPRISAN,1,PGR
AR-67,1,TOP1
APITEGROMAB,1,MSTN
VILOBELIMAB,1,C5
APILIMOD MESYLATE,1,PIKFYVE
2-OLEOYL GLYCEROL,1,ADH1C
APILIMOD DIMESYLATE CAPSULE,1,PIK3CA
2-PHENYL-1H-INDOLE,1,TARDBP
2-PHENYL-PROPYLAMINE,1,AQP7
TB-403,1,PGF
APN1125,1,CHRNA7
APLINDORE FUMARATE,1,DRD2
RIVENPROST,1,PTGER4
RMC-5552,1,PTEN
RM65,1,PRMT1
RM-2 GA-68,1,BLM
RLY-2608,1,PIK3CA
RLX-33,1,APRT
RLF-(A11-B10)-ISOPEPTIDE AMIDEA26 (XA11-B10),1,APPL1
TEGLARINAD CHLORIDE,1,NAMPT
RNR INHIBITOR COH29,1,APBB1
RNA POLYMERASE INHIBITOR,1,BDNF
2-METHYL GRAMINE,1,CYP3A4
RN1747,1,TRPV4
TEGEPROTAFIB,1,GTF3C2
RO-0622,1,ERVW-4
VERTEPORFIN,1,BDNF
RO 8-4304,1,KCNH2
RO 63-0563,1,NATP
RO116-9132/238,1,ACTB
RO116-4875/608,1,ACTB
RO0094889,1,DPYD
TBK1 PROTAC 3I,1,FEN1
RO-5458640,1,TNFSF12
RO3244794,1,APOC3
VERBASCOSIDE,1,ATP5F1C
RO320-2947/001,1,ACTB
RO3,1,ATP1A4
TAVILERMIDE,1,NTRK1
AR-H067637,1,FRA1C
TAVOLIMAB,1,TNFRSF4
TAXOL C,1,ABCB1
TAZEMETOSTAT HYDROBROMIDE,1,EZH2
RIVOGLITAZONE,1,PPARG
RIVOCERANIB MESYLATE,1,KDR
TAZOBACTAM SODIUM,1,AR
VINDESINE SULFATE,1,AR
TOXYLOXANTHONE C,1,HSP90AA1
AR-20.5,1,MUC1
TEGAFUR-GIMERACIL-OTERACIL POTASSIUM,1,TYMP
AQ-13,1,ACKR1
APX-3330,1,APEX1
APVO-414,1,FOLH1
APV207095A,1,TRPM5
RIVANICLINE,1,ATD
TOTROMBOPAG,1,MPL
RIBOPRINE,1,FDPS
RIFAXIMIN,1,NR1I2
ARANIDIPINE,1,AR
TECALCET,1,ACP5
ARAMCHOL,1,SCD
"3-BICYCLO[2.2.1]HEPT-2-YL-BENZENE-1,2-DIOL",1,ATRX
ARACHIDONYLCYCLOPROPYLAMIDE,1,ACTN3
"3,4-DIHYDROXYXANTHONE",1,ABCB1
TECALCET HYDROCHLORIDE,1,CASR
ARD-266,1,BEVI
TECARFARIN,1,VKORC1
ARCAINE,1,BTD
ARC-19499,1,TFPI
RN1734,1,TRPV4
ARC FUSION PROTEIN SL-279252,1,CD274
ARFOLITIXORIN,1,TYMS
ARECOLINE HYDROBROMIDE,1,MCOLN3
ARDEPARIN SODIUM,1,SERPINC1
ARD-69,1,BEVI
AESCULIOSIDE IIC,1,TOP1
APRUTUMAB,1,FGFR2
APRINDINE HYDROCHLORIDE,1,AR
APRIL,1,ECE1
APRICOXIB,1,PTGS2
APV207094A,1,TRPM5
APV207010A,1,TRPM5
APV206690A,1,TRPM5
AESCULIOSIDE IID,1,TOP1
"3,4-DIMETHOXYBENZALDEHYDE",1,ALDH1A1
RN-9893,1,TRPV4
RN-1,1,GEM
RINFABATE,1,IGF1R
RINDOPEPIMUT,1,EGFR
RIMTUZALCAP,1,ARF4P1
TECNAZENE,1,PPARG
2-METHYL-3-PHENETHYL-3H-PYRIMIDIN-4-ONE,1,ACP5
RIMIDUCID,1,FKBP1A
"2-METHYL-5,7,8-TRIMETHOXYISOFLAVONE",1,ALDH1A1
RIPK2 INHIBITOR 5,1,RIPK2
2-METHYLAMINOBENZOIC ACID METHYL ESTER,1,KDM4E
RIPA-56,1,FANCG
RINUCUMAB,1,PDGFRB
TOXAPHENE,1,CYP3A4
RIBOSOMAL PROTEIN S19,1,ACACB
RISEDRONATE SODIUM ANHYDROUS,1,FDPS
TECTORIGENIN,1,AKR1B1
2-METHYLHISTAMINE,1,AMELX
2-NITROANISOLE,1,ALDH1A1
TEDALINAB,1,CNR2
RIPK2 INHIBITOR 8,1,RIPK2
RITOBEGRON,1,ADRB3
3-ACETYLCOUMARIN,1,CYP1A2
RISUTEGANIB,1,VEGFA
TOVINONTRINE,1,PDE9A
RIDOGREL,1,TBXA2R
RICININE,1,CSNK1A1
TOVETUMAB,1,PDGFRA
RICCARDI C,1,NR1H3
RINTATOLIMOD,1,TLR3
APELIN RECEPTOR EARLY ENDOGENOUS LIGAND,1,ACADSB
AFEGOSTAT TARTRATE,1,GBA1
APELIN,1,APLNR
APD791,1,HTR2A
VIBOSTOLIMAB,1,TIGIT
AFELETECAN,1,TOP1
VICASINABIN,1,CNR2
AFELIMOMAB,1,TNF
VICRIVIROC MALEATE,1,CCR5
AGS62P1,1,FLT3
APG-1387,1,XIAP
APETX2,1,BTD
AGT-182,1,INSR
VESATOLIMOD,1,TLR7
RO-24-7429,1,TAT
"ANTIHEMOPHILIC FACTOR, PEGYLATED (MW 20000) HUMAN SEQUENCE RECOMBINANT",1,F8
AH 11110,1,ABCF1
VESTIPITANT MESYLATE,1,TACR1
ANTIEMETIC AGENT,1,TSHB
ANTIPLATELET AGENT,1,EDN1
VESTRONIDASE ALFA-VJBK,1,GUSB
VGX-100,1,VEGFC
ROMOSOZUMAB,1,SOST
VERMISTATIN,1,CASP1
VERNAKALANT,1,CYP2D6
"3,3',4',5-TETRACHLOROSALICYLANILIDE",1,AR
AH10-7,1,GYS1
ROSABULIN,1,TUBB
RORC2 INVERSE AGONIST 66 [PMID: 30130103],1,BAK1P1
VESENCUMAB,1,NRP1
RP-001,1,AMT
ROZROLIMUPAB,1,RHD
RPR749,1,ADORA1
VEGFB,1,DRD1
RPR121154,1,ACACB
RPI-MN,1,CHRNA4
RP67580,1,AQP3
RP-8-CPT-CGMPS,1,PRKG1
RP-67580,1,CYP3A4
RP-6685,1,HOXD@
ROME,1,FCER1A
ROMAZARIT,1,PPARA
TRASTUZUMAB DUOCARMAZINE,1,ERBB2
VEGFD,1,DRD3
APELIN-13,1,ACADSB
ROLAPITANT HYDROCHLORIDE,1,TACR1
TBC-3711,1,EDNRA
RONOPTERIN,1,NOS3
RONNEL,1,NFE2L2
APATORSEN,1,HSPB1
AFM-13,1,FCGR3A
APATINIB,1,KDR
AFP-07,1,APOC3
APARARENONE,1,NR3C2
VIALININ A,1,USP5
AFEGOSTAT,1,GBA1
APETX-1,1,BAD
APELIN-36,1,ACADSB
APELIN-17,1,ACADSB
ROLEDUMAB,1,RHD
AP5A,1,APBB2
APC-100,1,AR
3K3A-ACTIVATED PROTEIN C,1,PROC
APAXIFYLLINE,1,ADORA1
ROBATUMUMAB,1,IGF1R
"3S,4R-293B",1,AZF1
AGATOLIMOD,1,DNM1
RO64-6198,1,APBA1
3-METHYLHEXANAL,1,ZFP36L2
3-MPPTS,1,ANPEP
ROCAGLAMIDE,1,NFE2L2
AGATOLIMOD SODIUM,1,TLR9
ROCACETRAPIB,1,CETP
ROBUSTONE,1,CYP3A4
ROR1 CAR-SPECIFIC AUTOLOGOUS T-LYMPHOCYTES,1,ROR1
3-N3-PHPA-LVA,1,AQP9
3-PHENACYL-UDP,1,AIRE
ROGINOLISIB,1,F7
TRELAGLIPTIN SUCCINATE,1,DPP4
RODUCITABINE,1,DNMT1
RODATRISTAT ETHYL,1,TPH1
RO 48-8071,1,FRA10D
RO 46-8443,1,ALDH1A3
RO 41-5253,1,BCHE
TRC-093,1,COL4A4
3-HYDROXYLAURIC ACID,1,ADD3
3-HYDROXYOCTANOIC ACID,1,AOAH
RO-3201195,1,MAPK14
RO-281675,1,GCK
AGG-523,1,ADAMTS5
RO5166017,1,AQP7
RO5101576,1,AMFR
AH13205,1,APOC1
RO330-0802/001,1,ACTB
AGN 191976,1,APOC4
ROBOTNIKININ,1,SHH
ROBLITINIB,1,SLC26A3
APLINDORE,1,DRD2
TRANSFERRIN RECEPTOR-TARGETED LIPOSOMAL P53 CDNA,1,TP53
APLAVIROC,1,ACTBP2
2F-MT-45,1,APOF
AGN-211745,1,FLT1
APR19,1,BDNF
APOMINE,1,NR1H4
AP811,1,DLX5
APOMAB,1,TNFRSF10B
APOGOSSYPOL,1,BCL2L1
AGN194204,1,HCN2
APRICITABINE,1,ERVW-4
APRATOXIN F,1,MET
APRAMIDE A,1,F2
3-PYRIDINE-ACETIC ACID,1,ANXA13
APRAGLUTIDE,1,ALPP
AGONISTIC ANTI-OX40 MONOCLONAL ANTIBODY INCAGN01949,1,TNFRSF4
3570-0208 [PMID:19807662],1,ALDH3B2
APAFANT,1,APLP2
APADOLINE,1,OPRK1
3F-MT-45,1,APOF
APA,1,ODC1
AGN193836,1,BCHE
CHEMBL:CHEMBL584655,1,KCNH2
CHEMBL:CHEMBL584829,1,KCNH2
"FARNESYLTRANSFERASE/GERANYLGERANYLTRANSFERASE INHIBITOR L-778,123",1,IL2RA
FARUDODSTAT,1,DHODH
FASCAPLYSIN,1,CDK4
FANETIZOLE,1,AR
FARLETUZUMAB,1,FOLR1
FARNESOL,1,BLK
FENDRIX,1,MARCHF8
MRS2690,1,BIRC3
FENOBAM ANHYDROUS,1,SLC25A6
FENBUFEN,1,PTGS2
FENBUTATIN OXIDE,1,VDR
FENCAMFAMIN,1,SLC6A3
FENCHLORAZOL-ETHYL,1,AR
FELBINAC,1,COX8A
FELCISETRAG,1,HTR4
FELEZONEXOR,1,XPO1
FELYPRESSIN,1,AVPR1A
FENITROTHION,1,VDR
F16357,1,APOD
F16IL2,1,TNC
FD-1,1,GNRHR
FD1,1,COL1AR
FD6,1,COL4A1
FE 202767,1,OXTR
FASINUMAB,1,NGF
FASITIBANT CHLORIDE,1,BDKRB2
FARNESYL THIODIPHOSPHATE,1,BLK
CHEMBL:CHEMBL585265,1,PKM
CHEMBL:CHEMBL582471,1,RAD52
CHEMBL:CHEMBL582486,1,KCNH2
CHEMBL:CHEMBL582593,1,POLH
CHEMBL:CHEMBL585279,1,PLK1
CHEMBL:CHEMBL585417,1,ALDH1A1
CHEMBL:CHEMBL585439,1,NFE2L2
CHEMBL:CHEMBL585462,1,GMNN
CHEMBL:CHEMBL584905,1,TSHR
CHEMBL:CHEMBL585243,1,KCNH2
CHEMBL:CHEMBL582699,1,ATXN2
CHEMBL:CHEMBL583351,1,NFE2L2
CHEMBL:CHEMBL582666,1,KCNH2
CHEMBL:CHEMBL582694,1,EHMT2
CHEMBL:CHEMBL582697,1,EHMT2
FENTHION,1,CYP3A4
FENOVERINE,1,AR
FICERAFUSP ALFA,1,BRAF
FICLATUZUMAB,1,HGF
FIDANACOGENE ELAPARVOVEC,1,F9
FELZARTAMAB,1,CD38
FIDRISERTIB,1,DNM2
FGFR4 INHIBITOR H3B-6527,1,FGF19
FGI-101-1A6,1,TSG101
FHQC,1,FFAR3
FIANLIMAB,1,LAG3
FIBATUZUMAB,1,DSC1
FIBOFLAPON,1,ALOX5AP
FIBOFLAPON SODIUM,1,ALOX5AP
FIBRIN SEALANT,1,NRG1
FIDARESTAT,1,AKR1B1
FENARIMOL,1,AR
FE 203799,1,GLP2R
FEDOVAPAGON,1,AVPR2
FEXARAMINE,1,BCL5
FEZAKINUMAB,1,IL22
FERB 033,1,ESR2
FERRITARG P,1,FTH1
FERRUGINENE B,1,TRPV1
FERRUGINENE C,1,CNR2
CHEMBL:CHEMBL583150,1,EHMT2
FENTANYL HYDROCHLORIDE,1,OPRM1
CHEMBL:CHEMBL581449,1,CTDSP1
CHEMBL:CHEMBL581865,1,GLP1R
CHEMBL:CHEMBL581187,1,KCNH2
CHEMBL:CHEMBL583611,1,GPBAR1
CHEMBL:CHEMBL583997,1,MITF
CHEMBL:CHEMBL584031,1,MCOLN3
CHEMBL:CHEMBL584235,1,KCNH2
CHEMBL:CHEMBL582767,1,KCNH2
FERTIRELIN,1,GNRHR
EVP-21,1,MCOLN3
EVT401,1,P2RX7
EWB-3-14,1,APOF
EX-527,1,SIRT1
EXALAMIDE,1,AR
EVODENOSON,1,ADORA2A
CHEMBL:CHEMBL584841,1,KCNH2
CHEMBL:CHEMBL584508,1,THRB
CHEMBL:CHEMBL584619,1,PLK1
F105,1,ERVK-20
CHEMBL:CHEMBL586344,1,KCNH2
CHEMBL:CHEMBL586628,1,F2
CHEMBL:CHEMBL586870,1,PTH1R
CHEMBL:CHEMBL586024,1,ATXN2
CHEMBL:CHEMBL586026,1,KCNH2
CHEMBL:CHEMBL586033,1,KCNH2
CHEMBL:CHEMBL585788,1,KDM4E
CHEMBL:CHEMBL585795,1,GMNN
EVOGLIPTIN,1,DPP4
CHEMBL:CHEMBL586195,1,EHMT2
EUROPIUM-LABELLED MOUSE INSL5,1,KLK3
EUROPIUM-LABELLED R3(B1-22R),1,APRT
EUROPIUM-LABELLED RELAXIN,1,APP
EU-DTPA-HC3A,1,ACACA
EUCALYPTIN A,1,MET
EUGENOL,1,ALDH1A1
EUGENYL BENZOAT,1,CYP3A4
EUPALININ A,1,AKT1
ETOFENAMATE,1,CYP1A2
EXAMPLE 184 [WO2014186035],1,IDO2
ETOPOSIDE PHOSPHATE,1,TOP2A
ETOPOSIDE TONIRIBATE,1,TOP2A
EXAMORELIN,1,ALOX15
EXAMPLE 1.11 [WO2014139978],1,GRIK5
EXAMPLE 10 [CN110740999A],1,DXO
EXAMPLE 13 [WO2009109743],1,CRMP1
EXAMPLE 131 [WO2009133348],1,FFAR3
EXAMPLE 15 [WO2015079413],1,VCAN
EXAMPLE 166  [WO2014154727],1,CYP7A1
ETOKIMAB,1,IL33
EXAMPLE 20 [WO2010128058],1,FMOD
EXAMPLE 203 [WO2017058503A1],1,GK4P
EXAMPLE 25 [WO2018228934],1,HCVS
EXAMPLE 265 [WO2019097515A1],1,HLA-DRB6
EXAMPLE 31 [WO2018183145],1,ACTL5
FAMCICLOVIR,1,CSF2
FAMOXADONE,1,UQCR10
FANDOSENTAN POTASSIUM,1,AR
"FACTOR XIII, HUMAN",1,F13A1
EVORPACEPT,1,CD47
F16SIP 131I,1,TNC
F180,1,AQP9
F19 131I,1,FAP
F215,1,NAAA
F2L,1,ALDH3A2
F2L-[125I]TYR,1,ALDH3A2
F7H,1,FZD7
EZH2 INHIBITOR,1,KDM6A
F PEPTIDE,1,ALDH9A1
FADROZOLE HYDROCHLORIDE,1,CYP19A1
EVOXINE,1,HSD17B10
EVEXOMOSTAT,1,METAP2
EXP3174,1,ACADM
EXPECTORANT,1,MDH2
EZATIOSTAT,1,GSTP1
EZATIOSTAT HYDROCHLORIDE,1,GSTP1
EZETIMIBE / SIMVASTATIN,1,SLCO1B1
EXAMPLE A225 [WO2012170976A2],1,EFNB2
EXATECAN,1,TOP1
EXAMPLE 2 [WO2013054185],1,GRIK5
EXIFONE,1,AR
EXAMPLE 320 [WO2018198077A2],1,CTSV
EXAMPLE 36 [WO2016177845],1,LTC4S
EXAMPLE 373 [WO2012093101],1,GPR19
EXAMPLE 41 [WO2012028563],1,FMOD
EXAMPLE 494 [WO2014028479] PARENT MOLECULE,1,ACTL5
EXAMPLE 8 [WO1999033801A1],1,FRA8E
EXAMPLE 92 [WO2012095521],1,FMOD
EXAMPLE 98 [WO2011020806],1,FMOD
EXAMPLE 2 [WO2013026797A1],1,COL11A1
EXENDIN-3,1,ALPL
FMET-ILE-PHE-LEU,1,ALDH3B2
FMET-ILE-VAL-ILE-LEU,1,ALDH3B2
FLURPIRIDAZ F-18,1,NDUFA13
CHEMBL:CHEMBL548619,1,ATAD5
CHEMBL:CHEMBL548681,1,TARDBP
CHEMBL:CHEMBL547488,1,KCNH2
CHEMBL:CHEMBL547656,1,EHMT2
CHEMBL:CHEMBL548286,1,GLP1R
CHEMBL:CHEMBL576809,1,GLP1R
FGF401,1,FGFR4
CHEMBL:CHEMBL577222,1,EHMT2
CHEMBL:CHEMBL577365,1,PLK1
CHEMBL:CHEMBL577415,1,THRB
CHEMBL:CHEMBL577419,1,HTT
CHEMBL:CHEMBL576175,1,POLH
CHEMBL:CHEMBL576362,1,ATXN2
CHEMBL:CHEMBL576404,1,ATAD5
CHEMBL:CHEMBL569419,1,HDAC6
FLUTICASONE FUROATE,1,NR3C1
CHEMBL:CHEMBL577014,1,KCNH2
FLT3/CDK4/6 INHIBITOR FLX925,1,FLT3
FLUPHENAZINE DECANOATE,1,DRD2
FLUPHENAZINE ENANTHATE,1,DRD2
FLUOROQUINOLONE ANTIBIOTIC,1,TOP2A
FLUOXETINE / OLANZAPINE,1,CYP2D6
FLUPAROXAN,1,A1BG
FLUORESCEIN SODIUM,1,CTNNB1
FLUOROBEXAROTENE,1,HCN2
FLUOROMETHOLONE ACETATE,1,NR3C1
FLYSYN,1,FLT3
FLUORESCEIN DIPHOSPHATE,1,PTPN1
FMET-MET-TRP-LEU-LEU,1,ALDH3B2
FMH,1,HDC
FMK,1,CYB5A
FMOC-L-LEUCINE,1,CCND1
FMS-RELATED TYROSINE KINASE 3 LIGAND,1,DPYS
FLUTROPIUM BROMIDE,1,CHRM5
FLUVOXAMINE MALEATE,1,SLC6A4
FLX475,1,CCR4
FLUOROQUINOLONE,1,TOP2A
FR191413,1,BDKRB2
FR194921,1,ABAT
FR260010,1,HTR2C
FPRL1-INHIBITOR PROTEIN,1,ALDH9A1
FPYVAE PEPTIDE [PMID: 20494585],1,PRDM1
FR-122047,1,HSD17B10
FR-79620,1,NPY5R
FR122047,1,CPT1B
FOSTAMATINIB DISODIUM,1,SYK
FLUTICASONE/SALMETEROL,1,CHRM2
CHEMBL:CHEMBL546531,1,KCNH2
CHEMBL:CHEMBL539954,1,AR
CHEMBL:CHEMBL541230,1,AHR
CHEMBL:CHEMBL541754,1,GRM4
CHEMBL:CHEMBL545184,1,EHMT2
CHEMBL:CHEMBL545880,1,KCNH2
CHEMBL:CHEMBL557670,1,CDK2
CHEMBL:CHEMBL559271,1,GRM4
CHEMBL:CHEMBL559934,1,EHMT2
FOSTEMSAVIR,1,ERVK-20
FLUTOLANIL,1,AR
FLUROCHLORIDONE,1,AR
FLUROGESTONE ACETATE,1,AR
FORSYTHOSIDE B,1,ATP5F1C
FOSCARNET,1,CXCL8
FORMETOREX,1,TAAR1
FORODESINE HYDROCHLORIDE,1,PNP
FOROPAFANT,1,APLP2
FOMOCAINE,1,GMNN
FR190997,1,BDKRB2
FONTOLIZUMAB,1,IFNG
FORASARTAN,1,AGTR1
FORIGERIMOD ACETATE,1,HSPA8
FMS586,1,ANXA5
FN-1501,1,FLT3
FOLATE RECEPTOR-TARGETED VINCA ALKALOID EC0489,1,FOLR1
FR167344,1,BDKRB2
FR173657,1,BDKRB2
FR181157,1,APOC3
FONADELPAR,1,PPARD
FIRMONERTINIB,1,DXO
FIRUGLIPEL,1,ADH1C
FIRIBASTAT,1,ENPEP
FINAFLOXACIN,1,CCL18
FINERENONE,1,NR3C2
FINOTONLIMAB,1,PDCD1
FIGITUMUMAB,1,IGF1R
FIGOPITANT,1,TACR1
FILANESIB,1,KIF11
FLT3/ABL/AURORA KINASE INHIBITOR KW-2449,1,FLT3
FLOCTAFENINE,1,NFE2L2
FLOPROPIONE,1,CYP3A4
FLORBETAPIR F-18,1,APP
FLOVAGATRAN,1,F2
FLPLAR,1,ACACA
FLAZALONE,1,GMNN
FLESINOXAN,1,A1BG
FLETIKUMAB,1,IL20
FLIZASERTIB,1,FANCG
FIMASARTAN,1,AGTR1
FGFR INHIBITOR ASP5878,1,FGFR4
CHEMBL:CHEMBL580071,1,MAPT
CHEMBL:CHEMBL579143,1,RAB9A
CHEMBL:CHEMBL579315,1,KCNH2
CHEMBL:CHEMBL579420,1,GMNN
CHEMBL:CHEMBL579640,1,IDH1
CHEMBL:CHEMBL579725,1,ADRB2
CHEMBL:CHEMBL582180,1,KCNH2
CHEMBL:CHEMBL582276,1,GMNN
FGF-6,1,FGFR4
CHEMBL:CHEMBL581869,1,ALDH1A1
CHEMBL:CHEMBL581240,1,KCNH2
CHEMBL:CHEMBL581257,1,IDH1
FGFR1/2/3 INHIBITOR TYRA-200,1,FGFR2
FGFR3 INHIBITOR TYRA-300,1,FGFR3
FGFR4 ANTAGONIST INCB062079,1,FGFR4
FF-10501-01,1,CTLA4
FG-5893,1,A1BG
FGF-19,1,SLC26A3
CHEMBL:CHEMBL582278,1,MTOR
FLUDROCORTISONE ACETATE,1,NR3C2
FLUFENOXURON,1,AR
FLUINDIONE,1,VKORC1
FLTCHAAR,1,ACACA
CHEMBL:CHEMBL571453,1,GRM4
CHEMBL:CHEMBL572531,1,NPSR1
CHEMBL:CHEMBL572637,1,CYP19A1
CHEMBL:CHEMBL562352,1,AKR1C1
CHEMBL:CHEMBL564009,1,CHUK
FLAVIN ADENINE DINUCLEOTIDE,1,USP1
CHEMBL:CHEMBL565711,1,MGLL
CHEMBL:CHEMBL578896,1,EHMT2
CHEMBL:CHEMBL578883,1,FASN
CHEMBL:CHEMBL578276,1,TSHR
CHEMBL:CHEMBL578329,1,SIRT5
FLT-3 INHIBITOR III,1,DPYS
FLT3 INHIBITOR BMF-500,1,FLT3
FLT3 INHIBITOR FF-10101 SUCCINATE,1,FLT3
FLT3 TYROSINE KINASE INHIBITOR TTT-3002,1,FLT3
CHEMBL:CHEMBL565540,1,HRH3
FLAVOKAWAIN A,1,ABCB1
CHEMBL:CHEMBL578420,1,MTOR
CHEMBL:CHEMBL577862,1,FASN
CHEMBL:CHEMBL578109,1,BAZ2B
CHEMBL:CHEMBL578220,1,TOP1
CHEMBL:CHEMBL580353,1,KCNH2
CHEMBL:CHEMBL580381,1,HSD17B10
CHEMBL:CHEMBL580516,1,KCNH2
CHEMBL:CHEMBL580130,1,TARDBP
FLAVANOMAREIN,1,POLK
CHEMBL:CHEMBL580159,1,KCNH2
CHEMBL:CHEMBL580207,1,GLP1R
CHEMBL:CHEMBL580324,1,NPC1
CHEMBL:CHEMBL579761,1,POLI
CHEMBL:CHEMBL579882,1,RAC1
FLAVONOL,1,KDM4E
FK-788,1,APOC3
FL104,1,UTS2R
FLAGELLIN,1,DMBT1
FLANVOTUMAB,1,TYRP1
CHEMBL:CHEMBL580140,1,KCNH2
ENAVATUZUMAB,1,TNFRSF12A
ENBEZOTINIB,1,RET
ENCAINIDE,1,SCN5A
ENCALERET,1,ACP5
ENCALERET SULFATE,1,CASR
ENANTIO PAF C-16,1,APLP2
EMTRICITABINE/TENOFOVIR/EFAVIRENZ,1,CYP2B6
EMVODODSTAT,1,DHODH
EN450,1,HOXC12
EUROPIUM-LABELLED INSL5,1,KLK3
EMIVIRINE,1,ERVW-4
EMIXUSTAT,1,RPE65
EMIXUSTAT HYDROCHLORIDE,1,RPE65
EMLENOFLAST,1,DNAH9
ENITOCICLIB,1,EIF4G1
ENLIMOMAB,1,ICAM1
ENLIMOMAB PEGOL,1,ICAM1
ENMD-1198,1,HIF1A
ENFORTUMAB VEDOTIN,1,NECTIN4
EN67,1,HOXC13
ELEXACAFTOR,1,CFTR
ELIAPIXANT,1,ATP1A4
ELIGLUSTAT TARTRATE,1,UGCG
EMEPRONIUM,1,CHRM5
EMERFETAMAB,1,CD33
EMFILERMIN,1,LIFR
EMICERFONT,1,CRHR1
EMD-1201081,1,TLR9
EMD-1204831,1,MET
EM-523,1,ANTP4
EMD638683,1,CYB561
EMEDASTINE,1,HRH1
EMEDASTINE DIFUMARATE,1,HRH1
EMEPEPIMUT-S,1,MUC1
EMAPTICAP PEGOL,1,CCL2
EMAPUNIL,1,TSPO
EMATE,1,SULT2A1
ELUVIXTAMAB,1,CD33
ELVITEGRAVIR,1,ERVW-4
EMD-386088,1,NATP
EOSIN_Y,1,CTNNB1
ENTECAVIR ANHYDROUS,1,OCA2
ENTOLIMOD,1,TLR5
CHEMBL:CHEMBL593726,1,FZD1
CHEMBL:CHEMBL594153,1,TOP2A
CHEMBL:CHEMBL594257,1,TOP2A
CHEMBL:CHEMBL594259,1,TOP2A
CHEMBL:CHEMBL592786,1,KCNH2
CHEMBL:CHEMBL592813,1,ATAD5
ENFUVIRTIDE,1,ERVK-20
CHEMBL:CHEMBL592834,1,EHMT2
CHEMBL:CHEMBL592838,1,RAD54L
CHEMBL:CHEMBL592842,1,RAD54L
CHEMBL:CHEMBL593110,1,AR
CHEMBL:CHEMBL599165,1,PPARG
CHEMBL:CHEMBL598509,1,KHSRP
CHEMBL:CHEMBL598608,1,PPARD
CHEMBL:CHEMBL598680,1,ATAD5
CHEMBL:CHEMBL598883,1,IDH1
CHEMBL:CHEMBL592819,1,SMAD3
ENGINEERED TOXIN BODY TARGETING PD-L1 MT-6402,1,CD274
ENIBARCIMAB,1,ADM
ENDOSULFAN SULFATE,1,AR
ENDOTHELIN-2,1,ALDH1B1
CHEMBL:CHEMBL598268,1,EHMT2
CHEMBL:CHEMBL598279,1,KCNH2
CHEMBL:CHEMBL598369,1,KCNH2
CHEMBL:CHEMBL597244,1,GLP1R
CHEMBL:CHEMBL597248,1,KCNH2
ENVONALKIB,1,HBEGF
CHEMBL:CHEMBL597649,1,MITF
CHEMBL:CHEMBL600347,1,TP53
CHEMBL:CHEMBL600374,1,KCNH2
CHEMBL:CHEMBL600662,1,ATAD5
CHEMBL:CHEMBL600342,1,ALDH1A1
CHEMBL:CHEMBL600030,1,KCNH2
ENDOTHELIN-3,1,ALDH1A3
ENERISANT,1,HRH3
ENVAFOLIMAB,1,CD274
CHEMBL:CHEMBL597452,1,AHR
EFUNGUMAB,1,HSP90AA1
EG-1-230,1,APOF
EG00229,1,GYS2
EG01377,1,GYS2
EFIZONERIMOD,1,TNFRSF4
EFLORNITHINE HYDROCHLORIDE,1,ODC1
EFMARODOCOKIN ALFA,1,IL22
EFMOROCTOCOG ALFA,1,F8
EFATUTAZONE,1,PPARG
ELISMETREP,1,TRPM8
EFATUTAZONE HYDROCHLORIDE,1,PPARG
EFBEMALENOGRASTIM ALFA,1,CSF3
EFEPOETIN ALFA,1,EPOR
ELDACIMIBE,1,CES1
ELDECALCITOL,1,VDR
ELDELUMAB,1,CXCL10
ELECLAZINE,1,BBS1
ELEMICIN,1,CYP3A4
ELAGOLIX SODIUM,1,GNRHR
EFATUTAZONE DIHYDROCHLORIDE,1,PPARG
EDIVOXETINE,1,SLC6A2
EDONENTAN ANHYDROUS,1,ALDH1B1
EDOTECARIN,1,TOP1
EDOTREOTIDE,1,FASLG
ECTODYSPLASIN A2,1,EDA
EDAXETERKIB,1,CTNNA1
EDECESERTIB,1,EPHA7
EDELFOSINE,1,FAS
ECLITASERTIB,1,FANCG
EFTILAGIMOD ALPHA,1,LAG3
ECOTHIOPATE,1,FRA17A
ECRAPROST,1,PTGER1
ECTODYSPLASIN A1,1,EDAR
EG5 KINESIN-RELATED MOTOR PROTEIN INHIBITOR ARQ 621,1,KIF11
EGAPTIVON PEGOL,1,VWF
EGF,1,DXO
EGFR INHIBITOR,1,DXO
EGFR INHIBITOR 57,1,DXO
EFPEGLENATIDE,1,GLP1R
ECOPIPAM,1,DRD1
ELSIGLUTIDE,1,GLP2R
ELSILIMOMAB,1,IL6
ELND006,1,FRA6B
ELOCALCITOL,1,VDR
ELOSULFASE ALFA,1,GALNS
ELPAMOTIDE,1,KDR
ELINAFIDE,1,TOP2A
ELINOGREL,1,P2RY12
CHEMBL:CHEMBL600107,1,TARDBP
ELAPEGADEMASE,1,ADA
CHEMBL:CHEMBL599304,1,BAZ2B
CHEMBL:CHEMBL599469,1,NPC1
CHEMBL:CHEMBL601320,1,NFE2L2
CHEMBL:CHEMBL601325,1,KCNH2
CHEMBL:CHEMBL601358,1,GMNN
CHEMBL:CHEMBL601180,1,GMNN
CHEMBL:CHEMBL601311,1,SMAD3
CHEMBL:CHEMBL600956,1,ALPL
ELISIDEPSIN,1,ERBB3
CHEMBL:CHEMBL600255,1,TARDBP
ELAPEGADEMASE-LVLR,1,ADA
ELATOSIDE D,1,PPARG
ELBASVIR,1,IFNL3
ELCUBRAGISTAT,1,MGLL
ELABELA/TODDLER-11,1,ACADSB
ELABELA/TODDLER-21,1,ACADSB
ELABELA/TODDLER-32,1,ACADSB
CHEMBL:CHEMBL600971,1,NFE2L2
CHEMBL:CHEMBL600701,1,EHMT2
EI1,1,EZH2
CHEMBL:CHEMBL600769,1,EHMT2
CHEMBL:CHEMBL600773,1,IDH1
CHEMBL:CHEMBL602012,1,GLP1R
CHEMBL:CHEMBL602158,1,ALDH1A1
CHEMBL:CHEMBL602209,1,IDH1
CHEMBL:CHEMBL601822,1,NFE2L2
CHEMBL:CHEMBL601918,1,TARDBP
CHEMBL:CHEMBL601968,1,EHMT2
CHEMBL:CHEMBL601994,1,ALDH1A1
CHEMBL:CHEMBL601743,1,KCNH2
CHEMBL:CHEMBL600719,1,KDM4E
ETHISTERONE,1,AR
ETG-5773,1,SLC13A5
ETHACRIDINE,1,VDR
ETHACRYNATE SODIUM,1,SLC12A1
CHEMBL:CHEMBL587615,1,PRKAA1
CHEMBL:CHEMBL587728,1,GMNN
CHEMBL:CHEMBL587759,1,ALPG
CHEMBL:CHEMBL586962,1,KCNH2
CHEMBL:CHEMBL587104,1,NOX1
CHEMBL:CHEMBL597874,1,MTOR
CHEMBL:CHEMBL587247,1,ERAP1
CHEMBL:CHEMBL587389,1,NFE2L2
CHEMBL:CHEMBL589946,1,KCNH2
CHEMBL:CHEMBL590201,1,KCNH2
CHEMBL:CHEMBL590212,1,KCNH2
CHEMBL:CHEMBL590408,1,NPSR1
CHEMBL:CHEMBL589717,1,TARDBP
CHEMBL:CHEMBL589723,1,KCNH2
CHEMBL:CHEMBL589734,1,EHMT2
CHEMBL:CHEMBL587229,1,NFE2L2
CHEMBL:CHEMBL591135,1,ADAMTSL4-AS1
CHEMBL:CHEMBL591148,1,APOBEC3F
CHEMBL:CHEMBL590674,1,KCNH2
CHEMBL:CHEMBL590675,1,RACGAP1
ERW1041E,1,H2AZ1
ERYASPASE,1,ASRGL1
ERK INHIBITOR III,1,CTNNA1
ERK1/2 INHIBITOR JSI-1187,1,BRAF
ERLIZUMAB,1,ITGB2
ETHIONAMIDE,1,INHA
ESTRADIOL DISULFATE,1,CACNB1
ESTRADIOL ENANTHATE,1,AR
ESTRADIOL PHOSPHATE,1,AR
ESTRADIOL PROPIONATE,1,AR
ESTRADIOL VALERATE/DIENOGEST,1,PGR
EST64454,1,SIGMAR1
EST73502,1,SIGMAR1
ETHAVERINE HYDROCHLORIDE,1,CYP3A4
ETHINAMATE,1,CA2
ERTEBEREL,1,ESR2
CHEMBL:CHEMBL585999,1,BAZ2B
CHEMBL:CHEMBL585651,1,GFER
CHEMBL:CHEMBL585686,1,KCNH2
CHEMBL:CHEMBL588143,1,SUMO1
CHEMBL:CHEMBL588327,1,GBA1
CHEMBL:CHEMBL588501,1,KCNH2
CHEMBL:CHEMBL588749,1,PLK1
CHEMBL:CHEMBL587772,1,ALDH1A1
CHEMBL:CHEMBL587801,1,GMNN
CHEMBL:CHEMBL589909,1,GLP1R
CHEMBL:CHEMBL587923,1,KCNH2
CHEMBL:CHEMBL587433,1,GMNN
ETHYLISOTHIOUREA,1,CYP2D6
ETHYLMORPHINE,1,CYP2D6
ETHOFUMESATE,1,AR
ETHYL ANTHRANILATE,1,HSD17B10
ETHYL CAFFEATE,1,TTR
EUPARIN,1,CYP3A4
EUROPIUM-LABELLED INSL3,1,APPL1
CHEMBL:CHEMBL587892,1,KCNH2
CHEMBL:CHEMBL589915,1,FEN1
CHEMBL:CHEMBL589920,1,KCNH2
CHEMBL:CHEMBL589922,1,KCNH2
CHEMBL:CHEMBL589444,1,TARDBP
CHEMBL:CHEMBL589479,1,EHMT2
ETAZOLATE HYDROCHLORIDE,1,STS
ETEPLIRSEN,1,DMD
ET BROMODOMAIN INHIBITOR,1,EFNA3
ETAMICASTAT,1,DBH
CHEMBL:CHEMBL585966,1,KCNH2
ETIOCHOLANOLONE,1,CYP1A2
ETIPREDNOL DICLOACETATE,1,NR3C1
ETOCARLIDE,1,GNAS
ETOCRYLENE,1,AR
ETHYLNOREPINEPHRINE HYDROCHLORIDE,1,KDM4E
ETIGILIMAB,1,TIGIT
ETHYL NITRITE [SPIRIT],1,GMNN
ETHYL VANILLIN,1,ALDH1A1
ETHYLENEDIAMINE,1,ESR1
ETILEFRINE,1,GALR3
CHEMBL:CHEMBL594379,1,TOP2A
CHEMBL:CHEMBL594695,1,TOP2A
CHEMBL:CHEMBL595682,1,AR
CHEMBL:CHEMBL595816,1,ABCB1
CHEMBL:CHEMBL595911,1,AR
CHEMBL:CHEMBL593570,1,TOP2A
EP 157,1,APOC3
EP 171,1,APOC4
EP4 ANTAGONIST ONO-4578,1,PTGER4
CHEMBL:CHEMBL589270,1,SIRT2
EPROTIROME,1,THRB
EPTACOG ALFA (ACTIVATED),1,F7
EPTACOG ALFA PEGOL (ACTIVATED),1,F7
EPOPROSTENOL SODIUM,1,PTGIR
EPOXYCYTOCHALASIN H,1,GMNN
EPPTB,1,AQP7
EPRATUZUMAB,1,CD22
EPRATUZUMAB 90Y,1,CD22
EPLONTERSEN,1,TTR
EPROSARTAN MESYLATE,1,AGTR1
CHEMBL:CHEMBL59821,1,SLC6A9
ENROFLOXACIN,1,EHMT2
ENSACULIN HYDROCHLORIDE,1,HTR1A
ENOBOSARM,1,AR
ENOKIZUMAB,1,IL9
ENOXAMAST,1,EHMT2
EPINASTINE HYDROCHLORIDE,1,HRH1
EPIPREGNANOLONE SULPHATE,1,ATP4A
EPIRIZOLE,1,CYP1A2
CHEMBL:CHEMBL596847,1,ALDH1A1
EPELSIBAN,1,OXTR
EPERISONE,1,CAV1
EPETRABOROLE,1,LARS1
CHEMBL:CHEMBL592118,1,GLP1R
CHEMBL:CHEMBL591631,1,NFE2L2
CHEMBL:CHEMBL591641,1,KCNH2
CHEMBL:CHEMBL591836,1,POLB
CHEMBL:CHEMBL595912,1,AR
CHEMBL:CHEMBL596082,1,TOP2A
EPIGEN,1,DXO
CHEMBL:CHEMBL592578,1,WEE1
CHEMBL:CHEMBL592598,1,FEN1
CHEMBL:CHEMBL592332,1,KCNH2
CHEMBL:CHEMBL592344,1,KCNH2
CHEMBL:CHEMBL592363,1,NFE2L2
CHEMBL:CHEMBL591887,1,KCNH2
CHEMBL:CHEMBL592044,1,KCNH2
ERENUMAB,1,CALCRL
EPZ005687,1,EZH2
EPOETIN DELTA,1,EPOR
EPZ015666,1,PRMT5
EPZ020411,1,CNC2
ER-27319,1,FDX1
ER819762,1,AQP8
ERYTHROPOIESIS-STIMULATING AGENT,1,EPOR
ESAXERENONE,1,NR3C2
ERUCIN,1,TRPA1
ERVOGASTAT,1,HOXB1
CHEMBL:CHEMBL588965,1,MITF
EPZ011989,1,EZH2
EPOETIN THETA,1,EPOR
EPOFOLATE,1,FOLR1
EPITALON,1,TERT
EPITESTOSTERONE,1,AR
EPITINIB,1,EGFR
EPITIOSTANOL,1,AR
EPITUMOMAB,1,MUC1
EPITUMOMAB CITUXETAN,1,MUC1
ERIBAXABAN,1,FPR3
CHEMBL:CHEMBL592566,1,CACNA1H
ERITORAN,1,TLR4
ERGOSTEROL PEROXIDE,1,NR1H4
ERD-308,1,BCYRN1P2
CHEMBL:CHEMBL590695,1,TARDBP
CHEMBL:CHEMBL590914,1,KCNH2
CHEMBL:CHEMBL590422,1,NFE2L2
CHEMBL:CHEMBL590643,1,PAX8
CHEMBL:CHEMBL590660,1,ALDH1A1
CHEMBL:CHEMBL590670,1,CYP3A4
CHEMBL:CHEMBL592369,1,POLB
ERIODICTYOL CHALCONE,1,FOXL2
GSK-249320,1,MAG
GSK-2586881,1,AGT
GSK-1292263,1,GPR119
GSK-1521498,1,OPRM1
GSK-1614235,1,SLC5A1
GSK-180736A,1,YES1
GSK-189254,1,HRH3
GSK-1995057,1,TNFRSF1A
GSK1511931,1,DPH1
CHEMBL:CHEMBL560532,1,CASP3
GSK1614343,1,ALOX15
GSK1016790A,1,TRPV4
GSK1331258,1,ANPEP
GSK1331268,1,ANPEP
GSK1370319A,1,ATP1B3P1
GSK-718429A,1,YES1
GSK-923295,1,CENPE
GSK-BZ DERIVATIVE 2B,1,TRPV4
GSK-LSD1,1,GEM
GSK159802,1,ADRB2
GRN-529,1,SLC25A6
GROUP E 1682-2106 [PMID:16118363],1,ALDH3B2
GROWTH DIFFERENTIATION FACTOR 15,1,GUCY1A2
GSK-312948A,1,YES1
GSK-3174998,1,TNFRSF4
GSK-3179106,1,RET
GSK-319347A,1,YES1
GSK-364735,1,ERVW-4
GSK-3BETA INHIBITOR I,1,SLC29A1
GSK-2269557,1,PIK3CD
GSK-2647544,1,PLA2G7
GSK-270822A,1,YES1
GSK-299115A,1,YES1
GSK-3&BETA; INHIBITOR 3 [PMID: 25845281],1,SLC29A1
GSK-300014A,1,YES1
GSK-3117391,1,HDAC9
GSK-2239633,1,CCR4
GSK-2245035,1,TLR7
GSK-2256098,1,PTK2
GSK-3BETA INHIBITOR II,1,SLC29A1
GSK2194069,1,FASN
GSK2210875,1,SLC25A6
GSK963,1,FANCG
GT-0198,1,CD24P2
GT2394,1,HRH3
GTI-2501,1,RRM1
GTP,1,GPR17
GSK866,1,BDM
GSK931145,1,CD24P1
GSK065,1,GRB7
GSK4716,1,BDKRB2
GSK494581A,1,ADCY3
CHEMBL:CHEMBL445966,1,KYAT1
CHEMBL:CHEMBL446567,1,BRCA1
CHEMBL:CHEMBL447448,1,AKR1C1
CHEMBL:CHEMBL448084,1,CHRNA3
CHEMBL:CHEMBL433508,1,OPRK1
CHEMBL:CHEMBL44011,1,AR
CHEMBL:CHEMBL442906,1,SNCA
GSK933776,1,APP
GSK-466314A,1,YES1
GSK-466317A,1,YES1
GSK-586581A,1,YES1
GSK-610677,1,MAPK14
GSK-625137A,1,YES1
GSK-711701A,1,YES1
GSK2849466,1,AR
GSK3008348,1,FRA13A
GSK3050002,1,CCL20
GSK2193874,1,TRPV4
GSK2656157,1,CTTN
GSK2798745,1,TRPV4
GSK2831781,1,LAG3
GSK2256098,1,PTEN
GSK2292767,1,F7
GSK2332255B,1,ATP2B2
GSK239512,1,HRH3
GSK1795091,1,TLR4
GSK180,1,GRB7
GSK3145095,1,FANCG
CHEMBL:CHEMBL496266,1,GPR12
CHEMBL:CHEMBL490417,1,HTR1D
CHEMBL:CHEMBL49055,1,KCNH2
GP100:209-217(210M) PEPTIDE VACCINE,1,PMEL
GPI-0100,1,MUC2
GPI-1046,1,SLC29A2
GONADORELIN HYDROCHLORIDE,1,GNRHR
GOSOGLIPTIN,1,DPP4
GRC-17536,1,TRPA1
GRIFOLIC ACID METHYL ETHER,1,ADH4
GREPAFLOXACIN HYDROCHLORIDE,1,CCL18
GRI977143,1,AMPH
GRIFOLIC ACID,1,ADH4
GRANOTAPIDE,1,MTTP
GRAPEFRUIT JUICE,1,ABCB1
GRASP,1,GUCY1A2
GRACILIN A,1,EGFR
GRACILIN J,1,EGFR
GRAMICIDIN,1,ABCB1
GREPAFLOXACIN,1,KCNH2
"GR 125,743",1,A1BG
GR 125487,1,NAT1
GOSSYPOL ACETIC ACID,1,CGB5
GOSURANEMAB,1,MAPT
CHEMBL:CHEMBL477052,1,JUN
CHEMBL:CHEMBL477841,1,APP
CHEMBL:CHEMBL478141,1,PIM1
CHEMBL:CHEMBL471694,1,GLI1
CHEMBL:CHEMBL475813,1,EHMT2
CHEMBL:CHEMBL494669,1,KCNH2
CHEMBL:CHEMBL498513,1,RACGAP1
CHEMBL:CHEMBL498746,1,CNR1
CHEMBL:CHEMBL502057,1,KDM4A
CHEMBL:CHEMBL502242,1,CYP3A4
CHEMBL:CHEMBL502257,1,HPGD
CHEMBL:CHEMBL502496,1,ALOX5
CHEMBL:CHEMBL494081,1,HSD17B10
CHEMBL:CHEMBL494107,1,CDK2
CHEMBL:CHEMBL494283,1,TOP1
CHEMBL:CHEMBL496451,1,BACE1
GS-458967,1,BBS1
CHEMBL:CHEMBL460293,1,PDE5A
CHEMBL:CHEMBL461471,1,DHRS9
CHEMBL:CHEMBL455004,1,TOP1
CHEMBL:CHEMBL455078,1,LTA4H
CHEMBL:CHEMBL456414,1,DHRS9
CHEMBL:CHEMBL457246,1,TERT
CHEMBL:CHEMBL481160,1,TERT
CHEMBL:CHEMBL481161,1,TERT
GRAMICIDIN S,1,AR
CHEMBL:CHEMBL478323,1,PIM1
CHEMBL:CHEMBL478510,1,PIM1
CHEMBL:CHEMBL479463,1,TACR3
CHEMBL:CHEMBL480328,1,POLR2A
CHEMBL:CHEMBL480356,1,AKT1
CHEMBL:CHEMBL476302,1,NR1H4
GS-461203,1,POLR2A
GS-9667,1,ADORA1
GS-9901,1,PIK3CD
CHEMBL:CHEMBL483302,1,ENPP2
GRANDININ,1,BNIP2
GRANISETRON HYDROCHLORIDE,1,HTR3A
GR100679,1,AQP4
GR138676,1,AQP5
GR231118,1,ANXA4
GR79236,1,ABCA1
GR94800,1,AQP4
GSK-1000163A,1,YES1
GSK-1023156A,1,YES1
GS-444217,1,MAP3K5
GSK-1030061A,1,YES1
GSK-1030062A,1,YES1
GSK-1070806,1,IL18
GSA-10,1,ALOX12
GSK 172981,1,AQP5
GSK 256471,1,AQP5
GSK COMPOUND 34,1,ACTA2
GSK'547,1,FANCG
GROWTH HORMONE 2,1,DHFRP3
GRP94 INHIBITOR 54,1,GRIN2B
GSK-1030058A,1,YES1
GW786460X,1,YES1
GW791343,1,ATP1B3P1
CHEMBL:CHEMBL415711,1,MITF
CHEMBL:CHEMBL415893,1,CASP1
CHEMBL:CHEMBL415914,1,ATAD5
CHEMBL:CHEMBL408422,1,ABCB1
CHEMBL:CHEMBL408500,1,GBA1
CHEMBL:CHEMBL408564,1,YES1
CHEMBL:CHEMBL408732,1,YES1
CHEMBL:CHEMBL443343,1,NFE2L2
CHEMBL:CHEMBL45245,1,CYP1A2
CHEMBL:CHEMBL452847,1,HRH4
CHEMBL:CHEMBL453384,1,CYP3A4
CHEMBL:CHEMBL454890,1,HRH4
CHEMBL:CHEMBL448753,1,LHCGR
CHEMBL:CHEMBL449063,1,GSK3B
CHEMBL:CHEMBL449129,1,AKR1C1
CHEMBL:CHEMBL451158,1,RXRA
CHEMBL:CHEMBL451226,1,HIF1A
CHEMBL:CHEMBL409102,1,KIF11
GW513184X,1,YES1
GW542573X,1,ARF5
GW827106X,1,YES1
GW827396X,1,YES1
GW828525X,1,YES1
GW829055X,1,YES1
GW829115X,1,YES1
GW829906X,1,YES1
GW831090X,1,YES1
GW785804X,1,YES1
GW805758X,1,YES1
GW809897X,1,YES1
GW810372X,1,YES1
GW819077X,1,YES1
GW819230X,1,YES1
GW827099X,1,YES1
GW827102X,1,YES1
GW827105X,1,YES1
GW784684X,1,YES1
GW831091X,1,YES1
GW856804X,1,YES1
GW861893X,1,YES1
GW874091X,1,YES1
CHEMBL:CHEMBL400912,1,AGTR1
CHEMBL:CHEMBL401362,1,BAZ2B
CHEMBL:CHEMBL387152,1,TDP1
CHEMBL:CHEMBL389390,1,CYP2D6
CHEMBL:CHEMBL389685,1,MAPK3
CHEMBL:CHEMBL392369,1,KIF11
CHEMBL:CHEMBL451722,1,EHMT2
CHEMBL:CHEMBL428402,1,ABCG2
CHEMBL:CHEMBL421431,1,PLK1
CHEMBL:CHEMBL410907,1,ABCB1
GW876790X,1,YES1
GW832467X,1,YES1
GW833373X,1,YES1
GW837331X,1,YES1
GW842166,1,CNR2
GW848687X,1,APOBER1
CHEMBL:CHEMBL42661,1,CALCA
CHEMBL:CHEMBL444928,1,EHMT2
GW795486X,1,YES1
GW795493X,1,YES1
GW801372X,1,YES1
GW803430,1,AMY2B
GW766994,1,ACTB
GW779439X,1,YES1
GW780056X,1,YES1
GW780159X,1,YES1
GW853606,1,FABP1
GW7845,1,CCND1
"H-C[CYS-PHE-LAGL(N&BETA;ME,BENZOYL)-DTRP-LYS-THR-PHE-CYS]-OH",1,AQP1
"H-C[CYS-PHE-LAGL(N&BETA;ME,BENZOYL)-TRP-LYS-THR-PHE-CYS]-OH",1,AQP1
"H-C[DCYS-PHE-LAGL(N&BETA;ME,BENZOYL)-DTRP-LYS-THR-PHE-CYS]-OH",1,AQP1
H05,1,A12M3
GYPGKF-NH2,1,APOH
GYPGQV-NH2,1,APOH
GZ-389988,1,NTRK1
H-151,1,GRIN1
GW782612X,1,YES1
GUSPERIMUS TRIHYDROCHLORIDE,1,CD28
GUTTIFERONE K,1,STAT1
GV150013,1,CCKBR
GUANOSINE,1,PNP
GUANOSINE-5'-TRIPHOSPHATE,1,APCS
GUANYLIN,1,DLX6
GUANYLYL CYCLASE-ACTIVATING PROTEIN 1,1,ENUR1
GUANYLYL CYCLASE-ACTIVATING PROTEIN 2,1,ENUR1
GUE1654,1,AMPD2
GW493838,1,ADORA1
GUANETHIDINE,1,SLC6A2
GUANETHIDINE MONOSULFATE,1,SLC6A2
GUANIDINIUM CATION,1,PPA1
GUANINE,1,GCH1
GTS-21,1,CHRNA7
GUADECITABINE,1,DNMT1
GUAIACOL,1,CA2
GW301888X,1,YES1
GW4064,1,BCL5
GUMARONTINIB,1,DRD4
CHEMBL:CHEMBL443436,1,NFE2L2
CHEMBL:CHEMBL444161,1,LTA4H
CHEMBL:CHEMBL464631,1,SHBG
CHEMBL:CHEMBL464637,1,TOP1
CHEMBL:CHEMBL466398,1,CHRNA3
CHEMBL:CHEMBL462430,1,GMNN
CHEMBL:CHEMBL462731,1,CYP3A4
CHEMBL:CHEMBL463701,1,HSP90AA1
CHEMBL:CHEMBL464176,1,ALDH1A1
GURETOLIMOD,1,TLR7
CHEMBL:CHEMBL458855,1,PTPN1
CHEMBL:CHEMBL459574,1,DHRS9
GSK575594A,1,ADCY3
GSK583,1,RIPK2
GSK591,1,PRMT5
GSK334429,1,HRH3
GSK3527497,1,TRPV6
GSK3685032,1,DNMT1
GSK369796,1,CYP3A4
CHEMBL:CHEMBL464249,1,FZD1
GW682841X,1,YES1
GW695874X,1,YES1
GW703087X,1,YES1
GW711782X,1,YES1
GW621431X,1,YES1
GW621970X,1,YES1
GW627512B,1,YES1
GW631581B,1,YES1
GW642125X,1,YES1
GW434756X,1,YES1
GW643971X,1,YES1
GW6471,1,BCKDHA
GW561436X,1,YES1
GW572401X,1,YES1
GW580509X,1,YES1
GW581744X,1,YES1
GW589933X,1,YES1
GW590735,1,PPARA
GW612286X,1,YES1
GW642138X,1,YES1
GW279320X,1,YES1
GW280670X,1,YES1
GW284372X,1,YES1
GW290597X,1,YES1
GW300657X,1,YES1
GW300660X,1,YES1
GW301784X,1,YES1
GW-813893,1,F10
GW0072,1,CCND1
GW680975X,1,YES1
GW2433,1,BCKDHB
GVAX,1,B2M
GW 597599,1,TACR1
GW 627368,1,AQP8
GW-274150,1,NOS2
GW-328267,1,ADORA2A
GW-406381,1,PTGS2
GW678313X,1,YES1
GW679410X,1,YES1
GW680191X,1,YES1
GW1100,1,ABCD2
GANGLIOSIDE GM2,1,VIM
GANIRELIX ACETATE,1,GNRHR
GAMMA-AMINOBUTYRIC ACID,1,EHMT2
GAMMA-CYHALOTHRIN,1,NFE2L2
GAMMA-FAGARINE,1,BRCA1
GANCAONIN L,1,PPARG
GALR3ANT,1,ALOX12P1
CHEMBL:CHEMBL529177,1,RPS6KA3
CHEMBL:CHEMBL529348,1,KCNH2
GPX4 INHIBITOR C18,1,HOXD13
CHEMBL:CHEMBL528451,1,ALDH1A1
CHEMBL:CHEMBL528463,1,BAZ2B
CHEMBL:CHEMBL528492,1,GMNN
CHEMBL:CHEMBL533074,1,TARDBP
CHEMBL:CHEMBL533399,1,KCNH2
CHEMBL:CHEMBL533529,1,ATAD5
CHEMBL:CHEMBL532363,1,GMNN
CHEMBL:CHEMBL532510,1,KCNH2
CHEMBL:CHEMBL532525,1,KCNH2
CHEMBL:CHEMBL529640,1,KCNH2
G36,1,ALDH3B1
G4460,1,MYB
GA-DOTA-NOC,1,FASLG
GA-KE88,1,FASLG
GA-NODAGA-LM3,1,FASLG
GALICAFTOR,1,CFTR
GALINPEPIMUT-S,1,WT1
GALIXIMAB,1,CD80
GALANIN(9-25) (RAT/MOUSE),1,GALR2
GANGLEOIDIN ACETATE,1,CYP3A4
GALAPAGOS MAPKAPK5 INHIBITOR D,1,ESAT
GALEGENIMAB,1,HTRA1
GALANIN(3-30) (HUMAN),1,GALR2
GALANIN(5-29) (RAT/MOUSE),1,GALR2
GALANIN(1-12),1,GALR2
GALANIN(1-19) (HUMAN),1,ALOX12P1
GALANIN(1-20)  (HUMAN),1,GALR2
GALANIN(10-29) (PIG),1,GALR2
GALANIN(10-29) (RAT/MOUSE),1,GALR2
GALANIN(9-29) (RAT/MOUSE),1,GALR2
GASTRIN-34,1,CCKBR
GARDENIN B,1,ALDH1A1
GARENOXACIN,1,GLS
GARENOXACIN MESYLATE,1,CCL18
GARETOSMAB,1,INHBA
GANODERIC ACID TR,1,NR1H4
GANODERIOL F,1,NR1H4
GANODERMANONTRIOL,1,NR1H4
GANTACURIUM,1,CHRNA2
CHEMBL:CHEMBL532909,1,IDH1
GANTENERUMAB,1,APP
GARCINOIC ACID,1,NBEAP1
GEMCITABINE ELAIDATE,1,RRM2
GEMCITABINE TRIPHOSPHATE,1,POLRMT
GEMIFLOXACIN MESYLATE,1,CCL18
GDC-2394,1,DNAH9
GDC-6599,1,ATP1B1P1
GE-137,1,DRD4
GEA 3162,1,ATP3
GANTACURIUM CHLORIDE,1,CHRNA4
CHEMBL:CHEMBL531401,1,ADRB2
CHEMBL:CHEMBL531451,1,GMNN
CHEMBL:CHEMBL531611,1,KCNH2
GAMCEMETINIB,1,ERVT4
GALLINAMIDE A,1,CTSL
GALLOCATECHIN GALLATE,1,MET
GALMIC,1,ALOX12P1
GALNON,1,ALOX12P1
GASTRIN-71,1,CCKBR
GASTRIN-14,1,CCKBR
GAT100,1,ACRV1
GAT211,1,ACRV1
GATIPOTUZUMAB,1,MUC1
GATX1,1,CFTR
GATX2,1,BUB1
GARLIC EXTRACT,1,IL2
GARTISERTIB,1,ATR
GASTRIC INHIBITORY POLYPEPTIDE,1,ALPI
GASTRIN IMMUNOTOXIN,1,GAST
GASTRIN-RELEASING PEPTIDE,1,ACAT2
FT-1101,1,DNER
FTIDC,1,ANOP1
FTORMETAZINE,1,PPARD
FUB 349,1,HRH3
FRILUGLANSTAT,1,PTGES
FROVOCIMAB,1,PCSK9
FRAKEFAMIDE,1,OPRM1
FRANGULIN B,1,TOP2A
FRAXIDIN METHYL ETHER,1,HSD17B10
G207,1,MGMT
FXIA INHIBITOR 3F,1,FRA1A
FZ7-21,1,FZD7
FZM1,1,FZD4
FZM1.8,1,FZD4
G-1,1,ALDH3B1
FUTUXIMAB,1,EGFR
FX-005,1,MAPK14
FX06,1,CDH5
FX1,1,GTF2A1
FRAXINE,1,KAT2A
CHEMBL:CHEMBL561679,1,AR
CHEMBL:CHEMBL549330,1,GRM4
CHEMBL:CHEMBL554130,1,SPHK1
CHEMBL:CHEMBL548338,1,KCNH2
CHEMBL:CHEMBL548469,1,KCNH2
FOSTEMSAVIR TROMETHAMINE,1,ERVK-20
FP0429,1,SLC25A5
FOSFESTROL,1,ESR1
FOSFOSAL,1,COX8A
FSH DEGLYCOSYLATED &ALPHA;/&BETA;,1,ALS3
FOSMANOGEPIX,1,PIGW
FOSNETUPITANT CHLORIDE HYDROCHLORIDE,1,TACR1
FOSPIRATE,1,NFE2L2
"FUCHSIN, BASIC",1,HTT
FUDOSTEINE,1,AR
FUKINOLIC ACID,1,HTR7
FULACIMSTAT,1,CMA1
FULZERASIB,1,GPM6B
FUMAGILLIN,1,NFE2L2
FOSINOPRIL SODIUM,1,ACE
GALANIN(1-10),1,GALR2
GALANIN(1-11),1,ALOX12P1
GABACULINE,1,OAT
GABACULINE HYDROCHLORIDE,1,EHMT2
CHEMBL:CHEMBL532141,1,KCNH2
CHEMBL:CHEMBL532143,1,EHMT2
CHEMBL:CHEMBL530788,1,GMNN
CHEMBL:CHEMBL531043,1,ATAD5
CHEMBL:CHEMBL531079,1,NFE2L2
FUREGRELATE SODIUM,1,COX11
CHEMBL:CHEMBL537087,1,KCNH2
CHEMBL:CHEMBL53738,1,NFE2L2
CHEMBL:CHEMBL535315,1,NPSR1
CHEMBL:CHEMBL535730,1,KCNH2
CHEMBL:CHEMBL534319,1,KCNH2
GADOBENATE DIMEGLUMINE,1,ALB
GADOFOSVESET TRISODIUM,1,ALB
G100,1,TLR4
G15,1,ALDH3B1
CHEMBL:CHEMBL531296,1,BAZ2B
FURFURAL,1,AR
CHEMBL:CHEMBL534675,1,EIF2AK1
CHEMBL:CHEMBL535051,1,PLK1
CHEMBL:CHEMBL533921,1,KCNH2
CHEMBL:CHEMBL533965,1,MAPT
CHEMBL:CHEMBL534084,1,KCNH2
CHEMBL:CHEMBL547161,1,SMAD3
CHEMBL:CHEMBL547175,1,EHMT2
CHEMBL:CHEMBL547245,1,GMNN
GALACTITOL,1,ACHE
CHEMBL:CHEMBL546576,1,MAPT
CHEMBL:CHEMBL546580,1,EHMT2
CHEMBL:CHEMBL546975,1,BAZ2B
CHEMBL:CHEMBL545900,1,TP53
CHEMBL:CHEMBL546168,1,KCNH2
FUMAGILLIN-DERIVED POLYMER CONJUGATE XMT-1107,1,METAP2
FUMARIC ACID,1,IFNG
FURAPREVIR,1,KRAS
FURATHIOCARB,1,VDR
GAL-R2-DPEG24,1,GALR2
CHEMBL:CHEMBL547313,1,GMNN
CHEMBL:CHEMBL519155,1,LPAR3
CHEMBL:CHEMBL520095,1,TERT
CHEMBL:CHEMBL522887,1,RAD52
CHEMBL:CHEMBL514876,1,DHRS9
CHEMBL:CHEMBL517425,1,DHRS9
CHEMBL:CHEMBL507986,1,TOP2A
CHEMBL:CHEMBL512307,1,GLI1
GLPG-1837,1,CFTR
GLPG0492,1,AR
GDC-0334,1,ATP1B1P1
GLISOFLAVONE,1,PTPN1
GLISOXEPIDE,1,KCNJ10
GLP-1,1,GLP1R
GLP-2 ANALOGUE 10,1,ALPP
GLPDGG PEPTIDE [PMID: 20494585],1,PRDM1
GLPG-0259,1,MAPKAPK5
GM-CSF-ENCODING ONCOLYTIC ADENOVIRUS CGTG-102,1,CSF2
GMA-161,1,FCGR3A
GMX1777,1,NAMPT
GLPG1205,1,ADD3
GLUCAGON-LIKE PEPTIDE 2-(3-33),1,ALPP
GLUCOSAMINE,1,IL1B
GLUTACONATE,1,ME3
GLPG1837,1,CFTR
GLPG2534,1,EPHA7
GLUCAGON HYDROCHLORIDE,1,GCGR
GLUCAGON-LIKE PEPTIDE 1-(7-36) AMIDE,1,ALPL
GLUCAGON-LIKE PEPTIDE 1-(7-37),1,ALPL
GLUCAGON-LIKE PEPTIDE 2,1,ALPP
CHEMBL:CHEMBL487046,1,HSPA8
GLPG-0555,1,JAK1
GLPG-0974,1,FFAR2
GLPG-1205,1,GPR84
CHEMBL:CHEMBL491550,1,HSD17B10
CHEMBL:CHEMBL492528,1,EHMT2
CHEMBL:CHEMBL492591,1,DAO
CHEMBL:CHEMBL492651,1,KDM4A
CHEMBL:CHEMBL483835,1,KDM4E
CHEMBL:CHEMBL485756,1,MGMT
GLPG-0492,1,AR
GNRH III,1,GNRHR
GNRH PHARMACCINE,1,GNRH1
GO-203-2C,1,MUC1
GOITRIN,1,BSG
GNE-9605,1,EPS8
GNF-1331,1,HMBS
GNF-5,1,ABL1
GNF-6231,1,HMBS
GNF2133,1,EML1
GLYCYL-[13C3]-SARCOSINE,1,CDK11B
GNE-4997,1,EPHA8
GNE-8505,1,ERCC4
GR 159897,1,AQP4
GR 175737,1,HRH3
"GR 218,231",1,A1BG
GR 63799,1,APOC1P1
GPI-1485,1,FKBP1A
GPR15L (71-81),1,ACTN1
GPR4 ANTAGONIST 3B,1,ACTL4
GNE-3500,1,BAK1P1
GLYCYROL,1,GMNN
GLYH-101,1,CFTR
GLYT1 INHIBITOR 27A,1,CD24P1
GLYT1 INHIBITOR 51B,1,CD24P1
GLYCITEIN,1,ESR1
GLYCOCHENODEOXYCHOLIC ACID,1,CACNA1F
GLYCOOPTIMIZED TRASTUZUMAB-GEX,1,ERBB2
GLYCOPEG-GCSF,1,CSF3R
GLYCOVIR,1,MGAM
GNRH II,1,GNRHR
GLXC-26326,1,CXADR
GLYCERYLPHOSPHORYLCHOLINE,1,CHRM5
GOLCADOMIDE,1,CRBN
GOLIMUMAB,1,TNF
GOLODIRSEN,1,DMD
GOLOTIMOD,1,STAT3
GOMILIXIMAB,1,FCER2
GNKG-168,1,TLR9
GNRH I,1,GNRHR
GLUTATHIONE DISULFIDE,1,GAPDHP71
GETIACAULEIN,1,MAPT
GEVOKIZUMAB,1,IL1B
GFB-8438,1,ATP2B1
GERANIIN,1,SMAD2
GERANIOL,1,ALOX15
GERANYL BIPHOSPHONATE,1,BLVRA
GERANYL DIPHOSPHATE,1,BLK
GERONTOXANTHONE A,1,RARA
GERONTOXANTHONE B,1,RARA
GLAUCARUBINONE,1,CHUK
GEPIRONE,1,HTR1A
GEPTANOLIMAB,1,PDCD1
GEMIGLIPTIN,1,DPP4
GEMTUZUMAB,1,CD33
GENE TRANSDUCTION AGENT,1,NFE2L2
GENERIC DRUG,1,APOA1
GENIPIN,1,EGR1
GINSENOSIDE RH1,1,SIRT1
GIRIPLADIB,1,PLA2G4A
GENZ-644282,1,TOP1
CHEMBL:CHEMBL526763,1,FEN1
CHEMBL:CHEMBL526981,1,KCNH2
CHEMBL:CHEMBL524407,1,TARDBP
CHEMBL:CHEMBL524449,1,MIF
CHEMBL:CHEMBL524603,1,NPC1
CHEMBL:CHEMBL524930,1,KCNH2
CHEMBL:CHEMBL525098,1,GMNN
CHEMBL:CHEMBL525486,1,KCNH2
CHEMBL:CHEMBL530281,1,SMAD3
GC1118,1,EGFR
CHEMBL:CHEMBL529939,1,GBA1
CHEMBL:CHEMBL529984,1,KCNH2
CHEMBL:CHEMBL529986,1,NFE2L2
GDC-0349,1,MTOR
GDC-0834,1,EFNB2
GAVESTINEL SODIUM,1,ALOX15
GAVILIMOMAB,1,BSG
GB110,1,APOE
GB88,1,APOE
CHEMBL:CHEMBL529741,1,EHMT2
GIMERACIL,1,DPYD
GFT14,1,PPARA
GG-2P20,1,ALDH3B2
GGSTOP,1,CRH
GHRP-6,1,ALOX15
GI-6207,1,CEACAM5
GI-6301,1,TBXT
GLENZOCIMAB,1,GP6
GLEPAGLUTIDE,1,GLP2R
GIROCTOCOGENE FITELPARVOVEC,1,F8
GLAXO-11P,1,CCKAR
GLAXOSMITHKLINE COMPOUND 5H [PMID:20542694],1,APBB2
GLAXOSMITHKLINE COMPOUND 6I [PMID:18926700],1,APBB2
GLCC14C18,1,GSK1
GLECAPREVIR,1,KRAS
GLEMBATUMUMAB,1,GPNMB
GLABRIDIN,1,BRCA1
GLABRONE,1,PPARG
GLASDEGIB MALEATE,1,SMO
GLIOTOXIN,1,VDR
GISADENAFIL,1,PDE5A
GISENOSIDE RK1,1,SIRT1
GIMSILUMAB,1,CSF2
GIGANTOL,1,AKT1
GILMELISIB,1,F5
GILORALIMAB,1,CD40
CHEMBL:CHEMBL512935,1,RCE1
CHEMBL:CHEMBL514554,1,YES1
CHEMBL:CHEMBL505807,1,ALPL
GIMATECAN,1,TOP1
CHEMBL:CHEMBL507159,1,CDC25B
CHEMBL:CHEMBL528068,1,GPR55
CHEMBL:CHEMBL528245,1,KCNH2
CHEMBL:CHEMBL528316,1,AR
CHEMBL:CHEMBL528373,1,PLK1
CHEMBL:CHEMBL528390,1,NFE2L2
CHEMBL:CHEMBL527730,1,KCNH2
CHEMBL:CHEMBL525519,1,KCNH2
CHEMBL:CHEMBL525888,1,EHMT2
CHEMBL:CHEMBL526034,1,HTT
CHEMBL:CHEMBL506048,1,CHEK1
COMPOUND 15 [PMID: 22017539],1,DCR
COMPOUND 15 [PMID: 25313322],1,ADARB2
COMPOUND 15 [PMID: 25411721],1,ACADVL
COMPOUND 18 [PMID: 32330443],1,SPTSSB
COMPOUND 18 [PMID: 34212719],1,ERCC6
COMPOUND 18 [PMID: 8426367],1,PRDM1
COMPOUND 182 [PMID: 37500611],1,GTF3C2
COMPOUND 18C [PMID: 25901531],1,GRIN2B
COMPOUND 18C [PMID:19143533],1,ACP5
EDGEWORIN,1,POLB
COMPOUND 17C [PMID: 25497965],1,ASIC2
COMPOUND 17F [PMID: 19632837],1,CNA1
COMPOUND 17L [PMID: 26288691],1,BAK1P2
COMPOUND 18 [PMID: 15664838],1,FPGS
COMPOUND 18 [PMID: 21927650],1,SLC25A6
COMPOUND 17 [PMID: 24257095],1,ACACA
CONTUSUGENE LADENOVEC,1,TP53
COPPER CHLORIDE,1,JUN
CORIFOLLITROPIN ALFA,1,FSHR
COMPOUND 18J [PMID: 35446588],1,DXO
COMPOUND I3 [PMID: 23428964],1,ANPEP
COMPOUND II [PMID: 29351497],1,GOLGA2
COMPOUND III [PMID: 24045148],1,PTGES
COMPOUND III [PMID: 24080463],1,BIRC5
COMPOUND III [PMID: 29351497],1,GOLGA2
COMPOUND IV [PMID: 29351497],1,GOLGA2
COSFROVIXIMAB,1,RNF130
COSIBELIMAB,1,CD274
COSMOMYCIN C,1,STAT3
COMPOUND 15 [PMID: 19456099],1,BLVRB
CORTIVAZOL,1,NR3C1
CORYNEBACTERIUM GRANULOSUM P40,1,IFNA1
CORREOLIDE,1,ATP7B
CORT 108297,1,NR3C1
CORTICOSTEROID,1,ESRRA
COMPOUND 15 [PMID: 35450354],1,DMP1
COMPOUND 15A,1,ACADSB
COMPOUND 15A [PMID: 22464687],1,BLVRB
"COMPOUND 15 [HAY ET AL., 2013]",1,EFNA4
COTI-2,1,TP53
CR6086,1,AQP8
CR665,1,OPRK1
CRAC CHANNEL INHIBITOR 1 [PMID: 26256403],1,GTF2F2P1
CPPHA,1,SLC25A6
CPPZ,1,SLC25A6
CPS4,1,ACE2
CPTB,1,ALDOA
CPUY192018,1,KEAP1
CPG-52852,1,TLR7
CP-775146,1,BCKDHA
CPN-116,1,NMUR2
CPN-219,1,NMUR2
CPN-223,1,NMUR1
CPN-267,1,NMUR1
CP734432,1,AQP8
CP94253,1,A2M
CPCCOET,1,ANOP1
CPG 10101,1,TLR9
CPG OLIGODEOXYNUCLEOTIDE TLR9 AGONIST DV281,1,TLR9
CPI-203,1,EFNA4
CP-778875,1,PPARA
CP-866087,1,OPRM1
CP105696,1,AMFR
CP466722,1,EEF1B2P2
"CP55,244",1,ADCY3
"CP55,667",1,ADCY3
CP-461,1,PDE2A
"CP-481,715",1,ACTA1
CP-122721,1,TACR1
CR4056,1,FSHMD1A
"CP-424,174",1,DNAH9
COUMARIN-3-CARBOXYLIC ACID,1,TSHR
COUMERMYCIN,1,HSP90AB1
COXSACKIEVIRUS A21,1,CD55
CP 93129,1,A1BG
CP 99994,1,AQP3
CR-3465,1,CYSLTR1
CR-6086,1,PTGER4
CR002,1,PDGFD
"CP-316,311",1,ALAS2
COMPOUND 8A [PMID: 22861813],1,CYP7A1
COMPOUND 7R [PMID: 26080733],1,DPYSL2
COMPOUND 7U [PMID: 24775305],1,FRA2H
COMPOUND 8 [PMID: 15482908],1,SLC25A6
COMPOUND 8 [PMID: 17562362},1,ASS1P10
COMPOUND 8 [PMID: 19191557],1,BLVRB
COMPOUND A34 [PMID: 35635004],1,SLC26A3
COMPOUND B [PMID:18477808],1,ABCD2
COMPOUND C10 [PMID: 24297249],1,DLX4
COMPSTATIN,1,C3
COMPOUND D24 [PMID: 24374347],1,FUS
COMPOUND G1 [PMID: 36689364],1,GTF2IP1
COMPOUND I [PMID: 29351497],1,GOLGA2
COMPOUND 9F [PMID: 24412111],1,ASIC2
COMPOUND 9G [PMID: 24412111],1,ASIC2
COMPOUND 9N [PMID: 18752940],1,ANXA13
COMPOUND 9N [PMID: 23084894],1,ANOP1
COMPOUND A [PMID 24997608],1,ADH4
COMPOUND A [PMID: 28324017],1,ASIC2
COMPOUND C2 [PMID: 29990428],1,CNR2
COMPOUND 71 [WO2018191577A1],1,EFNB2
COMPOUND 6N [PMID: 31419141],1,BGN
COMPOUND 6O [PMID: 19524438],1,AOAH
COMPOUND 7 [PMID: 20638279],1,SLC25A5
COMPOUND 7 [PMID: 22533316],1,FRA10D
COMPOUND 7 [PMID: 25719566],1,GLC1B
COMPOUND 8F [PMID: 20615702],1,ANXA13
COMPOUND 8G [PMID: 21444206],1,ADH1C
COMPOUND 8IC [PMID: 19081254],1,CCR4
COMPOUND 87 [PMID: 20942471],1,GZMM
COMPOUND 8B [PMID: 22408719],1,TSHR
COMPOUND 8C [PMID: 28760529],1,GTF2A1
COMPOUND 8D [PMID: 15027864],1,DGKA
COMPOUND 8D [PMID: 24999562],1,NMUR1
COMPOUND 8E [PMID: 23044371],1,FRA7G
COMPOUND 8 [PMID: 22533316],1,FRA10D
COMPOUND 8 [PMID: 24044867],1,ERCC3
COMPOUND 83 [PMID: 23888932],1,ADAM10
COMPOUND 86 [PMID: 26982234],1,SIRT2
COMPOUND 8A [PMID: 24900283],1,ASIC2
"COMPOUND 1C [BROWN ET AL., 1997]",1,BLVRB
COMPOUND 1E [PMID: 2153213],1,PRDM1
COMPOUND 19A [PMID: 26506089],1,GYPA
COMPOUND 1A [PMID: 15055993],1,DCK
COMPOUND 9 [PMID: 26937601],1,FMO5
"COMPOUND 9A [PATIL ET AL., 1989]",1,PRDM1
COMPOUND 9A [PMID: 22266036],1,ANOP1
COMPOUND 9  [DOI:10.26434/CHEMRXIV.7072592.V1],1,GGTA1
"COMPOUND 9 [KUMAR ET AL., 2019]",1,CPT2
COMPOUND A127 [WO2013110309],1,EMX2
COMPOUND 9 [PMID: 11606127],1,COX4I1
COMPOUND 9 [PMID: 1738140],1,CYP2C9
COMPOUND 9 [PMID: 1992149],1,PRDM1
CONTULAKIN-G,1,ANXA6
CONCIZUMAB,1,TFPI
COMPOUND NRA 4 [PMID: 25262941],1,NMUR2
COMPOUND RAC-16 [PMID: 15603962],1,ARG2
COMPOUND T.14,1,DRD2
COMPOUND V [PMID: 29351497],1,GOLGA2
"COMPOUND 9 [LIN ET AL., 2023]",1,GNAI2
COMPOUND 9 [PMID: 22533316],1,FRA10D
COMPOUND 9 [PMID: 23517011],1,EFNA4
COMPOUND 17 [PMID: 29741897],1,BDM
COMPOUND 17 [PMID: 34176264],1,HBEGF
COMPOUND 1754-31 [PMID: 23788657],1,ALDH9A1
COMPOUND 16A [PMID: 14697765],1,SLC25A6
COMPOUND 16D [PMID: 36573286],1,CFTR
"COMPOUND 16D [TAO ET AL., 2009]",1,ERCC4
COMPOUND 16G [PMID: 35507418],1,THRB
COMPOUND 1B [PMID: 9871762],1,FRA10C
COMPOUND 16M [PMID: 19931453],1,SLC25A6
COMPOUND 17 [PMID: 15686906],1,PRDM1
COMPOUND 17 [PMID: 17125263],1,AMY2B
COMPOUND 1E [PMID: 27285276],1,CTSH
COMPOUND 1F [PMID: 2153213],1,PRDM1
COMPOUND 1J [PMID: 26314925],1,GAST
COMPOUND 1K [PMID: 35912476],1,ERCC2
COMPOUND 1L [PMID: 16644217],1,CHEK1
COMPOUND 1Q  [PMID: 18029181],1,ANXA13
"COMPOUND 2 [DREYER ET AL., 1991]",1,PRDM1
COMPOUND 16I [PMID: 31525963],1,ATP1B3P1
CYCLOHEXANONE OXIME,1,PPARD
"CYCLOLINOPEPTIDE 1-MSO,3-MET-CL6",1,ZFP36L2
CYCLIZINE LACTATE,1,HRH1
CYCLO APELIN-12 (1-12),1,ACADSB
CYCLO APELIN-12 (7-12),1,ACADSB
"CYCLO(7-12) DES-AA1,2,5-[GLU7,D-TRP8,IAMP9,M-I-TYR11,HHLYS12]SRIF",1,FAS
CYCLANDELATE,1,AR
COMPOUND 11D [PMID: 34406006],1,ACADVL
COMPOUND 11H [PMID: 29808961],1,EFNA4
CROVALIMAB,1,C5
COMPOUND 11 [PMID: 20638279],1,SLC25A5
COMPOUND 11 [PMID: 29442501],1,FRA6A
COMPOUND 11 [PMID: 35653642],1,EPHB2
COMPOUND 11 [PMID: 37449845],1,H2AZ1
"COMPOUND 14 [SCHNUTE ET AL., 2023]",1,BAK1P1
COMPOUND 14A [PMID: 34795866],1,ACADSB
COMPOUND 14F [PMID: 35063894],1,ACTG1P7
COMPOUND 14I [PMID: 37204466],1,HOXD9
COMPOUND 14J [PMID: 27050842],1,NOS1
COMPOUND 11JJ [PMID: 1656041],1,PRDM1
CXCL2,1,ACTBP9
CXCL3,1,ACTBP9
CXCL5,1,ACTBP9
CXCL7,1,ACTBP9
CXCL12&EPSILON;,1,ACTG1
CXCL12&GAMMA;,1,ACTG1
CXCL12&PHI;,1,ACTG1
CXCL12-(1-17),1,ACTG1
CXCL12-(1-9),1,ACTG1
CYCLOHETERPHYLLIN,1,KDM4A
CXCL122 (DIMER),1,ACTG1
CXCL12H25R (MONOMER),1,ACTG1
CX549,1,ACTG1
CXCL1,1,ACTBP9
CXCL12&BETA;,1,ACTG1
CXCL12&DELTA;,1,ACTG1
CYCLOCITRAL,1,OPN1LW
CYCLOCITRINOL,1,GPR12
CYCLOGUANIL,1,SLC22A1
CXCL12-(1-9) DIMER,1,ACTG1
CYM-50358,1,AMY1C
CYM-5541,1,AMY1B
CYM5181,1,AMT
CYCLOPIAZONIC ACID,1,EHMT2
CYCLOPROPARADICICOL,1,HSP90AB1
CYCLORELIX,1,GNRHR
CYCLOSPORIN H,1,ALDH3B2
CYCLOPENTENYL CYTOSINE,1,CTPS1
CYCLOPENTOLATE HYDROCHLORIDE,1,CHRM3
COMPOUND 13E [PMID: 16759857],1,PTPRB
CYCLOPHOSPHAMIDE,1,EHMT2
"D(CH2)5[D-ILE2,ILE4,TYR-NH29]AVP",1,ABCC6
"D(CH2)5[D-ILE2,ILE4]AVP",1,ABCC6
"D(CH2)5[D-ILE2,VAL4,TYR-NH29]AVP",1,ABCC6
"D(CH2)5[TYR(ME)2,ARG8]VP",1,AQP9
CYTIDINE 3'-MONOPHOSPHATE,1,RNASE1
CYTOKINE DOMAIN OF TYROSYL TRNA SYNTHETASE,1,ACTBP8
CYTOPROTECTIVE AGENT,1,NFE2L2
CYTOSPORONE B,1,NR4A1
CYCLOPENTYL PALMITATE,1,NAAA
COMPOUND 14 [PMID: 18800762],1,CXCR5
COMPOUND 14 [PMID: 19191557],1,BLVRB
COMPOUND 14 [PMID: 23634668],1,CYP2F1
COMPOUND 13 [PMID: 35653642],1,EPHB2
COMPOUND 13 [PMID: 37465299],1,HPE1
COMPOUND 130 [PMID: 29157600],1,TLE5
CYCLIC CRYPEVEIC,1,PIN1
CYCLIC INSL3 B-CHAIN ANALOGUE 6,1,APPL1
CYANIDIN,1,F2
CYM-50308,1,AMY1C
CYM5442,1,AMT
CYM5520,1,AMY1A
CYMOXANIL,1,NFE2L2
CYNARIN,1,SRSF10
CYNAROPICRIN,1,RELA
CYP17/CYP11B2 INHIBITOR LAE001,1,CYP17A1
CYCLOUREA APELIN-12 (1-7),1,ACADSB
CYCRIMINE,1,CHRM1
CYCRIMINE HYDROCHLORIDE,1,CHRM1
CYANIN,1,F2
CTA018,1,CYP24A1
CTCE-0214,1,CXCR4
CTCE-9908,1,CXCR4
CTEP,1,SLC25A6
CTLA-4-TARGETING AGENT,1,PBRM1
CTOP,1,APOF
CSF1R INHIBITOR PLX73086,1,CSF1
CSL-324,1,CSF3R
CSL-360,1,IL3RA
CXCL17,1,ADAM10
COMPOUND 13C [PMID: 20684591],1,CTF1
"COMPOUND 13 [CHEN ET AL., 2016]",1,GCNT1
COMPOUND 13 [PMID: 15686941],1,SLC25A6
COMPOUND 13 [PMID: 15925511],1,FCER2
COMPOUND 13 [PMID: 19456099],1,BLVRB
COMPOUND 13 [PMID: 23098072],1,TLR2
COMPOUND 13 [PMID: 23412139],1,FMO5
COMPOUND 16 [PMID: 19097778],1,CHI3L1
COMPOUND 16 [PMID: 20947351],1,GART
COMPOUND 13B [PMID: 19101153],1,GLUD1
CRS-207,1,MSLN
CRX-555,1,TLR4
CRYPTENAMINE ACETATES,1,CHRM5
CRYPTOCHINONE A,1,NR1H4
CROMAKALIM,1,KCNJ8
CROTOXIN,1,GCG
CRIDANIMOD SODIUM,1,PGR
CRILVASTATIN,1,HMGCR
CRINECERFONT,1,CRHR1
CU-CPT8M,1,DMP1
CRAC CHANNEL INHIBITOR 5B [PMID: 26256403],1,GTF2F2P1
CREATINE,1,MOBP
CREMOPHOR,1,TFPI
CREMOPHOR EL,1,ABCB1
CRENEZUMAB,1,APP
CRETOSTIMOGENE GRENADENOREPVEC,1,CSF2
CTP-37-DT VACCINE,1,LHCGR
CTPI-2,1,CEBPB
CTS-21166,1,BACE1
CRISDESALAZINE,1,PTGES
CVN424,1,ACTL5
CVX-060,1,ANGPT2
CVX-241,1,ANGPT2
CW85319,1,HOXD11
CX-5011,1,F9
CURCUMIN/DOXORUBICIN-ENCAPSULATING NANOPARTICLE IMX-110,1,STAT3
CUSATUZUMAB,1,CD70
CUSTIRSEN,1,CLU
CUTAMESINE,1,SIGMAR1
COMPOUND 16 [PMID: 23412139],1,FMO5
CUCURBITACIN E,1,STAT3
CUMINGIANOSIDE A,1,GMNN
CUPRESSUFLAVONE,1,POLH
CXCR4 ANTAGONIST 22,1,ACTG1
CXCR4 ANTAGONIST USL311,1,CXCR4
CXD-101,1,HDAC9
CY-09,1,DNAH9
CXCL13,1,ACTG2
CXCL16,1,ACTG1P1
CV-1674,1,ABCA1
COMPOUND 16 [PMID: 26794040],1,AMY1A
COMPOUND 16 [PMID: 31525966],1,PRF1
COMPOUND 16 [PMID: 31653597],1,FRA4A
COMPOUND 16 [PMID: 31977207],1,H1-2
COMPOUND 15B [PMID: 18334293],1,CYP2C8
COMPOUND 16 [PMID: 18800762],1,CXCR5
COMPOUND 15 [PMID: 25699151],1,FMO5
COMPOUND 15 [PMID: 32045236],1,CCR3
COMPOUND 15 [PMID: 33738061],1,AMY2A
CV-6209,1,APLP2
CT-(8-32) (SALMON),1,ACHE
CT-011,1,PDCD1
CT-2584,1,PCYT1B
CRYPTOCHINONE B,1,NR1H4
CRYPTOPHYCIN 52,1,TUB
CS-1003,1,PDCD1
CX-5279,1,F9
CX-5461,1,PTEN
CX157,1,MAOA
CX3CL1,1,ACTG1P2
COMPOUND 15 [PMID: 35034442],1,CHRNA3
COMPOUND 2 [PMID: 24486398],1,ANXA11
COMPOUND 2 [PMID: 24793972],1,PLIN2
"COMPOUND 2 [MAURER ET AL., 2012]",1,SIRT5
COMPOUND 2 [PMID: 11375253],1,AMY2B
COMPOUND 2 [PMID: 11934595],1,BMP1
COMPOUND 2 [PMID: 18295483],1,BLVRA
COMPOUND 2 [PMID: 19097784],1,FABP1
COMPOUND 2 [PMID: 19230660],1,GRK3
COMPOUND 22 [PMID: 17276684],1,ANOP1
COMPOUND 70 [PMID: 26161824],1,ACRV1
COMPOUND 22 [PMID: 21823616],1,EPHA1
COMPOUND 22 [PMID: 30457869],1,HOXB4
COMPOUND 22 [WO2019141694A1],1,F2R
COMPOUND 22A [PMID: 21688779],1,SLC25A5
COMPOUND 21 [PMID: 34855405],1,ACADSB
COMPOUND 21B [PMID: 12723954],1,ASIC2
COMPOUND 21B [PMID: 31136173],1,AAK1
COMPOUND 21B [PMID: 31944697],1,SMPD1
COMPOUND 21K [PMID: 34985886],1,FGB
COMPOUND 22 [PMID: 19899765],1,DARS1
COMPOUND 27 [PMID: 19854648],1,ADGRE1
COMPOUND 27 [PMID: 20346665],1,ANOP1
COMPOUND 27 [PMID: 22142545],1,COL19A1
"COMPOUND 25 [ZHANG ET AL., 2020]",1,BAK1P1
COMPOUND 25E [PMID: 25875054],1,APLP1
COMPOUND 26 [PMID: 21733693],1,GHSR
COMPOUND 26 [PMID: 24673130],1,ERVK3
COMPOUND 3 [PMID: 18255300],1,MAP3K8
COMPOUND 3 [PMID: 19191557],1,BLVRB
COMPOUND 2 [PMID: 22911925],1,FMO5
COMPOUND 3 [PMID: 21650226],1,CRAT
COMPOUND 3 [PMID: 22533316],1,FRA10D
COMPOUND 2F [PMID: 2153213],1,PRDM1
COMPOUND 2G [PMID: 19309152],1,ANXA13
COMPOUND 2T [PMID: 2296036],1,PRDM1
"COMPOUND 3 [DREYER ET AL., 1991]",1,PRDM1
COMPOUND 3 [PMID: 17942791],1,FRA7E
COMPOUND 2C [PMID: 2153213],1,PRDM1
COMPOUND 2D [PMID: 2153213],1,PRDM1
COMPOUND 3 [PMID: 21310611],1,ADH1C
COMPOUND 31 [PMID: 17963374],1,BLVRA
COMPOUND 31 [PMID: 23374866],1,ERCC6
COMPOUND 31 [PMID: 24809814],1,FUSE
COMPOUND 30 [PMID: 16455256],1,CDC5L
COMPOUND 30 [PMID: 21757343],1,SLC25A6
COMPOUND 30 [PMID: 22239545],1,CYP2C19
COMPOUND 30 [PMID: 22468970],1,CBS
COMPOUND 3 [PMID: 26055709],1,HOXA11
COMPOUND 3 [PMID: 27347366],1,FMOD
COMPOUND 21N [PMID: 17656086],1,CREBL2
COMPOUND 3 [PMID: 31804822],1,MAP2K1
COMPOUND 3 [PMID: 32636746],1,BDKRB2
COMPOUND 36J [PMID: 21536438],1,ADH1C
COMPOUND 37 [PMID: 16250654],1,ARAF
COMPOUND 37 [PMID: 24418773],1,FRA5C
COMPOUND 37 [PMID: 29193967],1,MAPK14
COMPOUND 37 [PMID: 36384290],1,HIVEP1
COMPOUND 38 [PMID: 22123324],1,AMYP1
COMPOUND 35 [PMID: 24157366],1,CYP11B1
COMPOUND 3 [PMID: 29633584],1,GGTL2
COMPOUND 20O [PMID: 22984835],1,APEX1
COMPOUND 21 [PMID: 19191557],1,BLVRB
COMPOUND 21 [PMID: 21185185],1,ANXA13
COMPOUND 21 [PMID: 22802221],1,ACADS
COMPOUND 2E [PMID: 19013076],1,CMR3A
COMPOUND 2E [PMID: 31900320],1,CNN1
COMPOUND 2F [PMID: 17532216],1,ANOP1
COMPOUND 29 [PMID: 15686906],1,PRDM1
COMPOUND 29 [PMID: 31934767],1,DPYD
COMPOUND 30 [PMID: 23414845],1,ACSL1
COMPOUND 29A [PMID: 21444206],1,ADH1C
COMPOUND 29B [PMID: 20809633],1,SLC25A6
COMPOUND 2B-1 [PMID: 12614873],1,ACTA1
COMPOUND 31 [PMID: 29968758],1,TLE5
COMPOUND 31 [PMID: 31259550],1,CCR4
COMPOUND 32,1,NRG1
COMPOUND 32 [PMID: 19191557],1,BLVRB
COMPOUND 32 [PMID: 31638797],1,BAK1P1
COMPOUND 33 [PMID: 17574412],1,PRDM1
"COMPOUND 29 [VIETOR, ET AL., 2023]",1,NR4A2
&ALPHA;-CONOTOXIN GI,1,SERPINC1
&BETA;-NEOENDORPHIN,1,NUDT2
&ALPHA;-CONOTOXIN AUIB,1,CHRNA3
&ALPHA;-METHYLSERINE-O-PHOSPHATE,1,ANTP2
&ALPHA;-CONOTOXIN ARIB,1,ATF4
&ALPHA;-NEOENDORPHIN,1,NUDT2
&ALPHA;-NETA,1,ACTG1P7
&ALPHA;-CGRP,1,ACHE
&RHO;-DA1A,1,ABCB7
COMPOUND 27 [PMID: 18337095],1,CYP2C8
(&PLUSMN;)-TRANS-H2-PAT,1,AMD1
(&PLUSMN;)YM796,1,AADAC
&BETA;-PHENYLETHYLAMINE,1,AQP7
&BETA;-SCORPION TOXIN CN2,1,BBS2
&BETA;3-TETRAPEPTIDE,1,AQP1
&DELTA;R3/I5,1,KLK3
&GAMMA;-MSH,1,ANGPT1
&BETA;-CGRP,1,ACHE
&BETA;-CYANO-L-ALANINE,1,CSHL1
(&PLUSMN;)-CIS-H2-PAT,1,AMD1
&ALPHA;-CONOTOXIN IMI,1,ATF4
&ALPHA;-CONOTOXIN MI,1,SERPINC1
"&ALPHA;-CONOTOXIN MII [H9A, L15A]",1,ATF3
&ALPHA;-CONOTOXIN PIA,1,ATF3
[D-PHE6]BOMBESIN(6-13)PROPYLAMIDE,1,ACAT2
"[D-PRO4,D-TRP7,9,10]SUBSTANCE P (4-11)",1,ACAT2
[TRP8]GNRH,1,GNRHR
[TYR34]PTH-(1-34) (HUMAN),1,XIAP
[TYR36]-PTHRP-(1-36) AMIDE (HUMAN),1,XIAP
&BETA;-D-HYDROXYBUTYRIC ACID,1,ANXA13
&ALPHA;-HELICAL CRF,1,ALAS2
"[SAR1,ILE8]ANG-II",1,ACADM
"[SAR9,MET(O2)11]SP",1,AQP3
"[SER11](N-CNP,C-ANP)PBNP2-15",1,DLX4
[SER8]GNRH,1,GNRHR
"[THI5,8,D-PHE7]BRADYKININ",1,BDKRB2
[PRO7]NEUROKININ B,1,AQP5
[PYR1]APELIN-13,1,ACADSB
"[SAR,D-PHE8,DES-ARG9]BRADYKININ",1,ASIC1
[TYR8]GNRH,1,GNRHR
COMPOUND 23N [PMID: 24900877],1,GPI
COMPOUND 24 [PMID: 15955699],1,CUX1
COMPOUND 24 [PMID: 16451050],1,APBA1
COMPOUND 22E [PMID: 20167483],1,ASIC2
COMPOUND 22M [PMID: 19831390],1,CLN8
COMPOUND 23 [PMID: 21444206],1,ADH1C
COMPOUND 23 [PMID: 35944849],1,FOLR2
COMPOUND 28 [PMID: 16460935],1,FN1
COMPOUND 28 [PMID: 18324760],1,ACE2
COMPOUND 21 [PMID: 24900635],1,FANCG
COMPOUND 28 [PMID: 35439002],1,FCAR
COMPOUND 28XVII [PMID: 8809154],1,CRYBB2P1
COMPOUND 29 [PMID: 1527791],1,PRDM1
COMPOUND 27 [PMID: 26938474],1,GRIA4
COMPOUND 27 [PMID: 29775310],1,CTNNA1
COMPOUND 27 [WO2019226977A1],1,SARDH
COMPOUND 27F [PMID: 25625617],1,FGFR4
COMPOUND 26 [PMID: 31710475],1,MAP3K5
COMPOUND 26 [PMID: 34543009],1,EGR2
COMPOUND 28 [PMID: 28671460],1,GNG5P1
COMPOUND 21 [PMID: 25259874],1,ACACA
COMPOUND 20 [PMID: 25091930],1,FOXA3
COMPOUND 20 [PMID: 35584373],1,ARRB1
COMPOUND 20 [PMID:12127536],1,FRA1J
COMPOUND 20C [PMID: 34181850],1,GUCY1B1
COMPOUND 20F [PMID: 21536438],1,ADH1C
COMPOUND 25 [PMID: 18068976],1,ADAM10
COMPOUND 25 [PMID: 28038940],1,ERPL1
COMPOUND 25 [PMID: 32023060],1,GPM6B
COMPOUND 23I [PMID: 17929793],1,ANOP1
COMPOUND 24 [PMID: 20346665],1,ANOP1
COMPOUND 24 [PMID: 23374867],1,SLC25A6
COMPOUND 24 [PMID: 26987013 ],1,ACTBP6
COMPOUND 24 [PMID: 31343176],1,HINT1
COMPOUND 24 [PMID: 36723914],1,H1-2
COMPOUND 24D [PMID: 23357634],1,SLC25A6
COMPOUND 23A [PMID: 33417443],1,LTB4R
COMPOUND 23C [PMID: 17929793],1,ANOP1
COMPOUND 23E [PMID: 17929793],1,ANOP1
COMPOUND 23H [PMID: 17929793],1,ANOP1
COMPOUND 25 [PMID: 32105470],1,MNX1
COMPOUND 4G [PMID: 30893553],1,EFNB2
COMPOUND 4I [PMID: 2296036],1,PRDM1
COMPOUND 4Q [PMID: 7650673],1,BLVRB
COMPOUND 49 [PMID: 36529947],1,CCR3
COMPOUND 4B [PMID: 19683441],1,AMY2B
COMPOUND 4F [PMID: 34328319],1,CRKL
COMPOUND 4FF [PMID: 1656041],1,PRDM1
COMPOUND 5B [PMID: 25974655],1,BST2
COMPOUND 5C [PMID: 27894870],1,AMY1C
COMPOUND 35M [PMID: 36073117],1,GART
COMPOUND 5E [PMID: 17975902],1,BLVRA
COMPOUND 5G [PMID: 21571530],1,TLE5
COMPOUND 58L [PMID: 30843696],1,APEX1
COMPOUND 5B [PMID: 17358052],1,AOAH
COMPOUND 5B [PMID: 25349648],1,GPI
COMPOUND 54,1,APP
COMPOUND 56 [PMID: 36136378],1,MLKL
COMPOUND 56 [PMID: 8568816],1,DXO
COMPOUND 57 [PMID: 16610804],1,CRYGGP
COMPOUND 5D [PMID: 25815150],1,NMUR1
COMPOUND 19 [PMID: 35925768],1,DHODH
COMPOUND 19 [PMID: 8831774],1,FNL1
COMPOUND 2-3-1 [PMID: 24900824],1,EFNB3
COMPOUND 2-3-2 [PMID: 24900824],1,EFNB3
"COMPOUND 20 [BERGERON ET AL., 2016]",1,EIF4EP1
COMPOUND 20 [PMID: 12372533],1,FNTAP2
COMPOUND 20 [PMID: 22153340],1,ACE
COMPOUND 20 [PMID: 23489211],1,DRP2
COMPOUND 20 [PMID: 23692593],1,KLK3
COMPOUND 4G [PMID: 2680437],1,SLC29A1
COMPOUND 2 [PMID: 28621538],1,GPR19
COMPOUND 2 [PMID: 31932225],1,ANXA11
COMPOUND 2 [PMID: 8410973],1,FOLH1
COMPOUND 2-1-1 [PMID: 24900824],1,EFNB3
COMPOUND 2-13-1 [PMID: 24900824],1,EFNB3
COMPOUND 2-2C [PMID: 32003560],1,EML1
COMPOUND 2 [PMID: 21627121],1,ETV3
COMPOUND 2 [PMID: 21939274],1,ADH1C
COMPOUND 2 [PMID: 22380603],1,CACNB2
COMPOUND 2 [PMID: 26061392],1,EFNA2
COMPOUND 60 [PMID: 26155854],1,GPC3
COMPOUND 5K [PMID: 23528296],1,CHD4
COMPOUND 6 [PMID: 10395480],1,CYP4A11
COMPOUND 6 [PMID: 17948018],1,FRA9C
COMPOUND 6 [PMID: 22533316],1,FRA10D
COMPOUND 7B [PMID: 17583500],1,FRA2I
COMPOUND 7D [PMID: 19111466],1,GART
COMPOUND 7D [PMID: 25703523],1,EFNA4
COMPOUND 7D [PMID: 29672049],1,DPYS
COMPOUND 57 [PMID: 20121197],1,FRA1E
COMPOUND 7F [PMID: 29191554],1,CMA1
COMPOUND 7F [PMID: 29283260],1,GUCY1A1
COMPOUND 74A [PMID: 27077528],1,ATP5F1C
COMPOUND 77A [PMID: 37639383],1,ACADVL
COMPOUND 7A [PMID: 24884590],1,ADCY2
COMPOUND 7A [PMID: 33730669],1,KLK3
COMPOUND 7 [PMID: 32302132],1,COX10
COMPOUND 7 [PMID: 34333981],1,FCGR3A
COMPOUND 7 [PMID: 37428122],1,SLC13A5
COMPOUND 7E [PMID: 21571530],1,TLE5
COMPOUND 57 [PMID: 26155854],1,GPC3
COMPOUND 58 [PMID: 21273063],1,ADH1C
COMPOUND 51 [PMID: 18800762],1,CXCR5
COMPOUND 51 [PMID: 19743866],1,FNTA
COMPOUND 52 [PMID: 36749735],1,DXO
COMPOUND 53 [PMID: 23434029],1,SLC25A6
COMPOUND 53 [PMID: 33038794],1,GRIN1
COMPOUND 6B [PMID: 22749870],1,CD63
COMPOUND 6B [PMID: 24999562],1,NMUR2
COMPOUND 6 [PMID: 7629799],1,BLVRB
COMPOUND 6F [PMID: 35476936],1,GYPB
COMPOUND 6G [PMID: 30633509],1,DXO
COMPOUND 6J [PMID: 27219676],1,DUSP1
COMPOUND 65 [PMID: 36126387],1,ADH1A
COMPOUND 66 [PMID: 21802293],1,FCER1G
COMPOUND 66 [PMID: 36126387],1,ADH1A
COMPOUND 6641,1,APPL1
"COMPOUND 6A [PATIL ET AL., 1989]",1,PRDM1
COMPOUND 6 [PMID: 29579323],1,ATP4B
COMPOUND 6C [PMID: 34435786],1,ABCA3
COMPOUND 3B [PMID:28943244],1,A12M3
COMPOUND 3D [PMID: 3941405],1,CTSC
"COMPOUND 3F [FESTA ET AL., 2019]",1,BCL5
COMPOUND 3F [PMID: 12238936],1,BLVRB
COMPOUND 3J [PMID: 21444206],1,ADH1C
COMPOUND 39A [PMID: 15634016],1,CORD4
"COMPOUND 3A [BADOLATO ET AL., 2019]",1,ADCY3
"COMPOUND 3A [PIPIONNE ET AL, 2018]",1,ERCC6
COMPOUND 3A [PMID: 12238936],1,BLVRB
COMPOUND 19 [PMID: 22142545],1,COL19A1
COMPOUND 3A [PMID: 21444206],1,ADH1C
COMPOUND 3B [PMID: 24946214],1,FRA6D
COMPOUND 38A [PMID: 15634016],1,CORD4
COMPOUND 38K [PMID: 34351741],1,DRD3
COMPOUND 39 [PMID: 34982553],1,ACADSB
COMPOUND 39 [PMID: 36127295],1,EMX2
COMPOUND 39 [PMID: 36402081],1,TRPM5
COMPOUND 47 [PMID: 18800762],1,CXCR5
COMPOUND 47 [PMID: 21295468],1,SLC25A6
COMPOUND 3A [PMID: 18606542],1,HRH3
COMPOUND 36 [PMID: 21273063],1,ADH1C
COMPOUND 36 [PMID: 32429662],1,CRKL
COMPOUND 36 [PMID: 34843241],1,GTF2F2P1
COMPOUND 34 [PMID: 20866075],1,ATF6B
COMPOUND 34 [PMID: 24749861],1,EN2
COMPOUND 34F [PMID: 37535845],1,DPYS
COMPOUND 34H [PMID: 27055065],1,FGFR4
COMPOUND 35 [PMID: 19191557],1,BLVRB
COMPOUND 33 [PMID: 19908842],1,FRA2B
COMPOUND 4 [PMID: 23083103],1,APEX1
COMPOUND 33 [PMID: 32003991],1,FNZ
"COMPOUND 33 [TODA ET AL., 2013]",1,ADK
COMPOUND 33A [PMID: 35944901],1,ABL1
COMPOUND 34 [PMID: 20189382],1,EMP3
COMPOUND 34 [PMID: 20409708],1,ANPEP
COMPOUND 4 [PMID: 16495056],1,COX5BP3
COMPOUND 4 [PMID: 18163548],1,FRA5A
COMPOUND 4 [PMID: 22533316],1,FRA10D
COMPOUND 4 [PMID: 22984835],1,APEX1
COMPOUND 33 [PMID: 26230603],1,GPC3
COMPOUND 5 [PMID: 34779204],1,F3
"COMPOUND 5 [STECULA ET AL., 2020]",1,HMAB
COMPOUND 5 {PMID: 24900446],1,FRA2D
COMPOUND 5  [PMID: 24900526],1,ACE
"COMPOUND 5 [NOBLE ET AL., 1992]",1,CSNK1D
COMPOUND 5 [PMID: 17618114],1,ECM2
COMPOUND 5 [PMID: 19338355],1,SLC29A1
COMPOUND 5 [PMID: 21838328],1,CLDN7
COMPOUND 5 [PMID: 22533316],1,FRA10D
COMPOUND 47 [PMID: 35640059],1,AQP8
COMPOUND 4G [PMID: 17709461],1,BLVRB
COMPOUND 4G [PMID: 21316219],1,EPHA8
COMPOUND 4G [PMID: 22220592],1,ABCA1
COMPOUND 1A [PMID: 2153213],1,PRDM1
COMPOUND 1A [PMID: 23597791],1,CDB2
COMPOUND 1A [PMID: 24900311],1,ADH6
COMPOUND 18N [PMID: 34382802],1,SEPTIN7
COMPOUND 19 [PMID: 18800762],1,CXCR5
COMPOUND 19 [PMID: 19191557],1,BLVRB
COMPOUND 5 [PMID: 23232060],1,FGB
COMPOUND 48 [PMID: 22364337],1,ANPEP
COMPOUND 48 [PMID: 25815140],1,SLC28A2
COMPOUND 48/80,1,GRK3
COMPOUND 42 [PMID: 22545772],1,ADH1C
COMPOUND 42 [PMID: 26938474],1,GRIA4
COMPOUND 44 [PMID: 19748780],1,PTGES
COMPOUND 41 [PMID: 15026062],1,GAMT
COMPOUND 41 [PMID: 17574411],1,PRDM1
COMPOUND 41 [PMID: 23434029],1,SLC25A6
COMPOUND 5 [PMID: 29579323],1,ATP4B
COMPOUND 41 [PMID: 35436124],1,NPBWR1
COMPOUND 42 [PMID: 17574411],1,PRDM1
COMPOUND 42 [PMID: 22420767],1,ANXA13
COMPOUND 4 [PMID: 25259874],1,ACACA
COMPOUND 4 [PMID: 26191369],1,DUSP1
COMPOUND 4 [PMID: 27074625],1,ABCD2
COMPOUND 4-3 [PMID: 34027661],1,SLC29A1
COMPOUND 40 [PMID: 33470814],1,GRIN1
COMPOUND 40 [PMID: 34982553],1,ACADSB
COMPOUND 5 [PMID: 28038940],1,ERPL1
COMPOUND 41 [PMID: 25000588],1,CTBP2
CHIPS-(28-149),1,ACADL
CHGB (511-532),1,ADCY3
CHLOROTHIAZIDE SODIUM,1,SLC12A3
CHLOROTOXIN,1,CLC
CHLOROTRIPHENYLSTANNANE,1,NFE2L2
CHLOROPHENOTHANE,1,NFE2L2
CHLOROPICRIN,1,ATP1B1P1
CHLOROQUINE-PYROLIDINYL,1,RAD54L
CHLORMEZANONE,1,TSPO
CZ415,1,ETFB
CHLOROACETOXYQUINOLINE,1,KDM4E
DIPHENIDOL HYDROCHLORIDE,1,CHRM1
DIOLEOYLPHOSPHATIDIC ACID,1,ADCY6
DITHIODIMORPHOLINE,1,AR
DITIOCARB SODIUM,1,AR
DISPROCYNIUM24,1,CDK6
DISTIGMINE,1,ACHE
DISULFOTON,1,ALDH1A1
DITHIANON,1,AR
CHLOROACETIC ACID,1,NFE2L2
CHOLINE CHLORIDE,1,CYP3A4
CHOLINE FENOFIBRATE,1,PPARA
CHMFL-BTK-11,1,EFNB2
CHMFL-KIT-8140,1,DPT
"CHOLESTAN-3BETA,5ALPHA,6BETA-TRIOL",1,NPC1
CHLORPROPHAM,1,HPGD
DIMETHYLMYLERAN,1,LCT
DIMETHYL SUCCINATE,1,GMNN
DIMETHYL-W84,1,AAMP
DIPHENHYDRAMINE CITRATE,1,HRH1
DIMETHYLAMINOETHANOL,1,AR
DIPHOSPHOGLYCOLYL PROLINE,1,BLMH
DIPHOSPHORIC ACID,1,BLVRA
DIPHTHERIA TOXIN,1,PLAUR
DIPHENYLBORONIC ANHYDRIDE,1,ATP5F1BP1
DIPHENYLENEIODONIUM CHLORIDE,1,ACTG1P10
DIPHENYLETHER,1,LTA4H
DIPHENYLPYRALINE HYDROCHLORIDE,1,HRH1
DIPHENYLSULFANE,1,PPARD
DIMETHYLALLYL DIPHOSPHATE,1,BLK
CHEMBL:CHEMBL79513,1,TOP1
CHEMBL:CHEMBL83159,1,AR
CHEMBL:CHEMBL8328,1,ALOX15
CHEMBL:CHEMBL83761,1,NFE2L2
CHLORBROMURON,1,AR
CHK2 INHIBITOR II,1,CHEK2
CHLAMYDOCIN,1,HDAC1
CHLOPHEDIANOL,1,HRH1
CHLORALIN,1,AR
DIRLOTAPIDE,1,CYP3A4
CHIPS,1,ACACB
DMP696,1,ALAS2
DMPP,1,EHMT2
DNA INTERCALATING AGENT,1,HMGB1
DNA METHYLTRANSFERASE INHIBITOR,1,STAT4
DIXANTHOGEN,1,VDR
DKFZ‐251,1,FRA2D
DKN-01,1,DKK1
DL-175,1,ADD3
CHINOMETHIONAT,1,VDR
DIROXIMEL FUMARATE,1,KEAP1
DISITERTIDE,1,TGFB1
DIPLAMINE B,1,MDM2
DIPROPYLDOPAMINE HYDROBROMIDE,1,KDM4E
DIPROTEVERINE,1,SLC25A20
DIPROTIN A,1,KDM4A
DIPROVOCIM-1,1,TLR2
DO264,1,HELLS
DOCARPAMINE,1,DRD2
CHEMBL:CHEMBL8488,1,HSD17B10
DNA-DEPENDENT PROTEIN KINASE-TARGETING SIDNA DT01,1,BRAF
DNA-PK INHIBITOR V,1,GOLGA1
DNAL-CYC(CYS-TYR-DTRP-ORN-VAL)-NAL-NH2,1,ACAT1
DNK333,1,TACR1
DNMT1 MIXED-BACKBONE ANTISENSE OLIGONUCLEOTIDE MG 98,1,DNMT1
DNPA,1,ANXA1
DL-TRYPTOPHAN,1,ALOX15
DM-CHX,1,SLC29A2
DMAMCL,1,H1-2
DOCIPARSTAT SODIUM,1,SERPINC1
DIHYDROERGOCRYPTINE,1,A12M4
DIHYDROERGOTOXINE,1,DRD2
DIHYDROGUAIARETIC ACID,1,TTR
DIHYDRALAZINE,1,EHMT2
"DIHYDRO-12-HYDROXY-2,2-DIMETHYL-2H,6H-PYRANO[3,2-B]XANTHEN-6-ONE",1,ABCB1
DIHYDRO-OBLIQUIN,1,HSD17B10
DIHYDROCODEINE BITARTRATE,1,OPRM1
DIFLUOROAGOMELATINE,1,ANK2
CHS-828,1,NAMPT
CHOLESTEROL SULPHATE,1,BCL2L1
CHORIONIC SOMATOMAMMOTROPIN HORMONE-LIKE 1,1,PRLR
CHPG,1,SLC25A6
CHROMAN 28,1,ASIC1
CHRYSANTHEMUM MORIFOLIUM/GANODERMA LUCIDUM/GLYCYRRHIZA GLABRA/ISATIS INDIGOTICA/PANAX PSEUDOGINSENG/RABDOSIA RUBESCENS/SCUTELLARIA BAICALENSIS/SERONA REPENS SUPPLEMENT,1,KLK3
CIMIPRONIDINE,1,HTR7
CINNAMIC ACID,1,ANXA13
CIM0216,1,ATP4A
CIMETIDINE HYDROCHLORIDE,1,HRH2
CIMETROPIUM BROMIDE,1,CHRM5
CHORIOMAMMOTROPIN,1,PRLR
DIDODECANOYLPHLOROGLUCINOL,1,FFAR1
CILTACABTAGENE AUTOLEUCEL,1,TNFRSF17
CILUPREVIR,1,KRAS
CILASTATIN,1,DPEP1
CILASTATIN SODIUM,1,DPEP1
CILIARY NEUROTROPHIC FACTOR,1,CNTFR
CIRMTUZUMAB,1,ROR1
CIRSIMARITIN,1,GBA1
"CIS-1,2-CYCLOPROPANEDICARBOXYLIC ACID",1,TLE5
DIDEMNIN B,1,IL2
CIS-EPOXYSUCCINIC ACID,1,TLE5
CIPRALISANT,1,HRH3
CIPRALISANT MALEATE,1,HRH3
CIPROFLOXACIN HYDROCHLORIDE,1,CCL18
CINPANEMAB,1,SNCA
CINROMIDE,1,CD27
CINSEBRUTINIB,1,EFNB2
DIETHANOLAMINE,1,HSD17B10
DIDECYLDIMETHYLAMMONIUM CHLORIDE,1,AR
CIS-10 [PMID: 15771457],1,ANOP1
CIFEA,1,ANK3
CI-988,1,CCKBR
CICHORIC ACID,1,HSD17B10
CICLOPIROX,1,GNAI2
DIHYDROKAINATE,1,CBLN1
DIHYDROSTREPTOMYCIN,1,MT-RNR1
DIHYDROTACHYSTEROL,1,VDR
DINITROPHENYLENE,1,NFE2L2
DINOTERB,1,AR
CIMICOXIB,1,PTGS2
DINITRAMINE,1,AR
DIMETHYLENASTRON,1,KIF11
DIMETHYLFORMAMIDE,1,RXRA
DIMETHYLHISTAPRODIFEN,1,AMD1
CHLOROBENZILATE,1,AR
CHLOROBENZYLIDENE MALONONITRILE,1,ATP1B1P1
CHLORHEXIDINE DIACETATE,1,RXRA
CHLORISONDAMINE,1,KAT2A
CHLORMADINONE,1,AR
DINUTUXIMAB,1,MYCN
CIMIFUGIN,1,TRPV4
DIFLAPOLIN,1,GTF2IP1
DIFLOXACIN HYDROCHLORIDE,1,AR
DIFLUCORTOLONE 21-VALERATE,1,AR
DIMETACRINE,1,CYP2D6
DIMETHINDENE,1,HRH1
DIMETHISOQUIN HYDROCHLORIDE,1,AR
DIMETHISTERONE,1,NFE2L2
DIMETHOMORPH,1,AR
CID2440433,1,ADCY3
DIHYDROXYBERGAMOTTIN,1,CYP3A4
CHLOROXYLENOL,1,NFE2L2
CHLORPHENOXAMINE,1,HRH1
CHLORPHENTERMINE HYDROCHLORIDE,1,SLC6A4
CHLORPHRIFOS OXON,1,PPARD
CHLORPROGUANIL,1,PDF
CID1172084,1,ADCY3
CID16020046,1,ADCY3
CID16197121,1,FRA7E
CID1792197,1,ADCY3
DIM,1,ADD3
E232,1,NFE2L2
E-52862,1,SIGMAR1
E-64,1,CBX1
E-64C,1,EHMT2
E-7820,1,ITGA2
E-7974,1,TUB
E. COLI HEAT-STABLE ENTEROTOXIN (STA),1,DLX6
D[LEU4]LVP,1,AR
CHEMBL:CHEMBL602552,1,KCNH2
DL-LACTIC ACID,1,AR
CHEMBL:CHEMBL602580,1,KCNH2
CHEMBL:CHEMBL602312,1,KCNH2
CHEMBL:CHEMBL602383,1,NFE2L2
CHEMBL:CHEMBL602400,1,RAD54L
CHEMBL:CHEMBL602408,1,EHMT2
CHEMBL:CHEMBL602413,1,KCNH2
CHEMBL:CHEMBL607308,1,KCNH2
CHEMBL:CHEMBL607534,1,TOP2A
CHEMBL:CHEMBL608846,1,RAPGEF4
CHEMBL:CHEMBL602575,1,ATAD5
DRUGSATFDA.NDA:021717,1,G6PD
DS-1001B,1,IDH1
DS-1971A,1,SCN9A
DS-3078A,1,MTOR
DX-2507,1,FCGRT
DX-9065A,1,FPR3
DX600,1,ACE2
DUTOGLIPTIN,1,DPP4
DUTPASE/DPD INHIBITOR TAS-114,1,DUT
E2078,1,NUDT2
DUVORTUXIZUMAB,1,CD19
DWP05195,1,TRPV1
DURAMYCIN,1,ACTC1
DUSQUETIDE,1,SQSTM1
DUTEPLASE,1,PLG
DUTETRABENAZINE,1,SLC18A2
DUBORIMYCIN,1,AKR1A1
DUO3,1,AAMP
E1001,1,SLC5A7
DUVOGLUSTAT HYDROCHLORIDE,1,GAA
CHEMBL:CHEMBL601439,1,P2RY4
CHEMBL:CHEMBL601492,1,KCNH2
CHEMBL:CHEMBL601534,1,KCNH2
CHEMBL:CHEMBL601554,1,TARDBP
CHEMBL:CHEMBL602940,1,KCNH2
CHEMBL:CHEMBL602946,1,ATXN2
CHEMBL:CHEMBL602954,1,BAZ2B
CHEMBL:CHEMBL602987,1,HTT
CHEMBL:CHEMBL602922,1,TP53
CHEMBL:CHEMBL608855,1,KCNH2
CHEMBL:CHEMBL602526,1,NLRP3
EBI-2511,1,EZH2
E339-3D6,1,ACADSB
E55888,1,SERPINA3
E5700,1,BLVRB
E6801,1,NATP
E7,1,ACACA
EDRALBRUTINIB,1,BTK
EDROPHONIUM CHLORIDE,1,ACHE
CHEMBL:CHEMBL602927,1,BAZ2B
CHEMBL:CHEMBL608862,1,TERT
CHEMBL:CHEMBL606159,1,KCNH2
CHEMBL:CHEMBL607138,1,TARDBP
CHEMBL:CHEMBL604528,1,NFE2L2
CHEMBL:CHEMBL604538,1,HSD11B1
"D[VAL4,DARG8]VP",1,ABCC6
E-101 SOLUTION,1,MPO
E-2212,1,GLUL
DYRENE,1,NFKB1
CHEMBL:CHEMBL601764,1,HSD17B10
ECHINOMYCIN,1,HEXA
ECHOTHIOPHATE,1,ACHE
EBLASAKIMAB,1,IL13RA1
EBROTIDINE,1,HRH2
EC 5-21,1,FASLG
EC18,1,ARL3
EC5026,1,GTF2IP1
EAI045,1,DXO
EB-42486,1,EPS8
ECHINATIN,1,PPARG
DOTA-BASS,1,FASLG
CHEMBL:CHEMBL6665,1,POLB
CHEMBL:CHEMBL609030,1,ALDH1A1
CHEMBL:CHEMBL610622,1,IDH1
CHEMBL:CHEMBL95207,1,YES1
CHEMBL:CHEMBL95502,1,YES1
CHEMBL:CHEMBL89250,1,TERT
CHEMBL:CHEMBL89977,1,TERT
CHEMBL:CHEMBL91163,1,TERT
DRUGSATFDA.NDA:016727,1,HTR1B
CHEMBL:CHEMBL84281,1,PLK1
CHEMBL:CHEMBL84440,1,ACP1
DOTA-JR11,1,FASLG
DOTA/EU RELAXIN-3,1,APRT
DOPEXAMINE,1,DRD2
DORAVIRINE,1,ERVW-4
DRINABANT,1,CNR1
DROFENINE HYDROCHLORIDE,1,CYP3A4
DPO-1,1,ALDH7A1P2
CHEMBL:CHEMBL91609,1,ATAD5
DOMVANALIMAB,1,TIGIT
DONANEMAB,1,APP
DONECOPRIDE,1,FRA17A
DONEPEZIL HYDROCHLORIDE,1,ACHE
DOOKU1,1,GSTM5P1
DOLICHOL PHOSPHATE,1,BLK
DOMAGROZUMAB,1,MSTN
DOMITROBAN,1,APOC4
DOFEQUIDAR FUMARATE,1,ABCC1
DOSIMERTINIB,1,DXO
DOLASTATIN 10,1,BCL2
DOCOSAPENTAENOIC ACID,1,RGS4
DODECYL GALLATE,1,AR
DODINE,1,AR
DOXORUBICIN-ELUTING BEADS,1,TOP2A
DOXORUBICIN-HPMA CONJUGATE,1,TOP2A
DOXORUBICIN-MAGNETIC TARGETED CARRIER COMPLEX,1,TOP2A
DOXAPRAM,1,CRYGD
DORZOLAMIDE HYDROCHLORIDE,1,CA2
DOLASETRON MESYLATE,1,HTR3A
CHEMBL:CHEMBL605753,1,GMNN
CHEMBL:CHEMBL603031,1,ALDH1A1
CHEMBL:CHEMBL603130,1,GLP1R
CHEMBL:CHEMBL604100,1,GAA
CHEMBL:CHEMBL604311,1,ADRB2
CHEMBL:CHEMBL74675,1,CYP3A4
CHEMBL:CHEMBL76398,1,RHEB
CHEMBL:CHEMBL77971,1,MPHOSPH8
CHEMBL:CHEMBL6931,1,FFAR1
DPOC-4088,1,F2
CHEMBL:CHEMBL73820,1,KCNK2
CHEMBL:CHEMBL74189,1,CYP1A2
CHEMBL:CHEMBL74644,1,IDH1
CHEMBL:CHEMBL62231,1,SLC9A1
DS21360717,1,ENG
DS37001789,1,UTS2R
DS69910557,1,XIAP
DS88790512,1,ATP2B2
DROZITUMAB,1,TNFRSF10B
CHEMBL:CHEMBL71271,1,RAB9A
DR-4004,1,SERPINA3
DRAFLAZINE,1,CHI3L2
DRB,1,ATAD5
DRF 2519,1,BCKDHA
DRF-1042,1,TOP1
DRF-10945,1,PPARA
DOXYLAMINE SUCCINATE,1,HRH1
DP-B99,1,MMP9
DP-VPA,1,ABAT
CHEMBL:CHEMBL605708,1,GLP1R
DU 125530,1,HTR1A
DU172,1,ABAT
DS96432529,1,EIF4EP1
DSM421,1,DHODH
DSM705,1,DHODH
DSTBULET,1,APAF1
DTAG-13,1,CRBN
DTRIM24,1,FGF7
DS-3801B FREE BASE,1,ANTP4
DS2,1,ARSF
DTS-201,1,TOP2A
DARIZMETINIB,1,ERBB3
DAROMUN,1,FN1
DARUISOLINE,1,KCNH2
DAPTOMYCIN,1,ABCB1
DARBUFELONE MESYLATE,1,AR
DARGLITAZONE,1,NFE2L2
DCMU,1,APEX1
DD-03-171,1,EFNB2
DDO-3055,1,CXCR3
DIETHYLNORSPERMINE,1,XIAP
DC 23-60,1,FASLG
DC591053,1,KLK3
DCDPC,1,C1QBP
DAZODALIBEP,1,CD40LG
DAZOXIBEN,1,COX11
DAZOXIBEN HYDROCHLORIDE,1,BAZ2B
COCHINCHINENIN C,1,ALB
COCLAURINE,1,EHMT2
COBALT CO-60,1,MYC
DBRD9-A,1,GLC3B
COMPOUND 10 [PMID: 34279934],1,CPT2
COMPOUND 10 [PMID: 34989568],1,NR2E1
COMPOUND 108 [PMID: 37918435],1,NR4A2
COMPOUND 10A [PMID: 1447738],1,COX11
"COMPOUND 10 [O'MAHONY ET AL., 2022]",1,CCND1
COMPOUND 10 [PMID: 15482906],1,SLC25A6
COMPOUND 10 [PMID: 15482908],1,SLC25A6
COMPOUND 10 [PMID: 18759424],1,BICD1
DANAPAROID SODIUM,1,SERPINC1
DASIGLUCAGON HYDROCHLORIDE,1,GCGR
DATP,1,APEH
DATP&ALPHA;S,1,APBB2
DAU 6285,1,NAT1
DAUNORUBICIN CITRATE,1,TOP2A
DARUNAVIR ETHANOLATE,1,ERVW-4
DAS-431 IV,1,DRD1
DASA-58,1,H1-2
DASABUVIR,1,IFNL3
DASIGLUCAGON,1,GCGR
DANBURSTOTUG,1,CD274
DBPR112,1,DXO
DAVP,1,ABCC6
DAX,1,ABCA2
DAXDILIMAB,1,LILRA4
DEHYDROEPIANDROSTERONE ACETATE,1,NFE2L2
DEHYDROMUTACTIN,1,ELAVL1
DEFERITAZOLE,1,GTF2E1
DEGARELIX ACETATE,1,GNRHR
DECITABINE AND CEDAZURIDINE,1,DNMT1
COBIPROSTONE,1,CLCN2
DECYL DIHYDROGEN PHOSPHATE,1,AMPH
DEMETON S,1,RXRA
DEMETON-S-METHYL,1,NFE2L2
DEMOTATE 2,1,FASLG
DENATONIUM BENZOATE,1,CYP2D6
DENDROAMIDE A,1,ABCB1
DEMETHYLZEYLASTERONE,1,TOP2A
DELPARANTAG,1,SERPINC1
DELPHINIDIN,1,KDR
DECTREKUMAB,1,IL13
COBITOLIMOD,1,TLR9
COBITOLIMOD SODIUM,1,TLR9
COMPOUND 1 [PMID: 24900526],1,ACE
COMPOUND 1 [PMID: 24900608],1,ADARB2
COMPOUND 1 [PMID: 24930776],1,TNFRSF4
COMPOUND 1 [PMID: 25241924],1,ACADSB
COMPOUND 1 [PMID: 25719566],1,GLC1B
COMPOUND 1 [PMID: 26055709],1,HOXA11
COMPOUND 1 [PMID: 20080612],1,APOC1
DBPR-108,1,DPP4
COMPOUND 1 [PMID: 21882820],1,DVL2
COMPOUND 1 [PMID: 21939274],1,ADH1C
COMPOUND 1 [PMID: 22465637],1,SLC25A5
COMPOUND 1 [PMID: 22533316],1,FRA10D
COMPOUND 1 [PMID: 22795084],1,CMTX3
"COMPOUND 1 [PATEL ET AL., 1991]",1,PRDM1
COMPOUND 1 [PMID: 10498202],1,FNZ
COMPOUND 1 [PMID: 11425539],1,FOLR1
DBET6,1,EFNA4
COMPOUND 1 [PMID: 21273063],1,ADH1C
COMPOUND 10 [PMID: 18790648],1,DCTD
COMPOUND 10 [PMID: 22533316],1,FRA10D
COMPOUND 1 [PMID: 31465224],1,H1-2
COMPOUND 1 [PMID: 34917254],1,PTK2B
COMPOUND 1 [PMID: 37741852],1,GPR61
COMPOUND 1 [XIAO ET AL. 2014],1,DAPK1
COMPOUND 12 [PMID:28626832],1,FMO5
COMPOUND 12C [PMID: 16516466],1,DES
COMPOUND 12D [PMID: 33821636],1,LONP1
COMPOUND 10 [PMID: 31663733],1,CPT1A
"COMPOUND 12P [LARSON ET AL., 2017]",1,DMP1
COMPOUND 11NN [PMID: 1656041],1,PRDM1
COMPOUND 11Q [PMID: 19433355],1,ANOP1
COMPOUND 11S [PMID: 19433355],1,ANOP1
COMPOUND 12  [PMID: 12014956],1,CXCR5
COMPOUND 12 [PMID: 12723943],1,ASIC1
COMPOUND 12 [PMID: 22521646],1,CTNNB1
COMPOUND 12 [PMID: 27448772],1,ERPL1
COMPOUND 12 [PMID: 31990537],1,GALNT3
COMPOUND 12E [PMID: 22266036],1,ANOP1
CZC 24832,1,F7R
CYT-500 177LU,1,FOLH1
CYT006-ANGQB,1,AGT
CYT007-TNFQB,1,TNF
CYPPTS,1,ANPEP
CYROMAZINE,1,HSPB1
D5261,1,DRD5P1
D6808,1,DRD4
DA-6886,1,HTR4
D-ALANINE,1,RGS4
DABELOTINE,1,FDXR
D-KYNURENINE,1,AOAH
D-LACTIC ACID,1,ANXA11
D-LYS0-[DES-ARG10]KALLIDIN,1,ASIC1
D-METHIONINE,1,METAP2
D-PHENYLALANINE,1,AOAH
D-23487,1,GNRHR
D-24710,1,GNRHR
D-3263,1,TRPM8
DA-8031,1,SLC6A4
DAPHNORETIN,1,RAPGEF3
DAPIPRAZOLE HYDROCHLORIDE,1,ADRA1A
DANOPREVIR,1,KRAS
COMPOUND 1 [PMID: 16650987],1,FRA1D
COMPOUND 1 [PMID: 16821802],1,CSF3R
COMPOUND 1 [PMID: 18507370],1,DAXX
COMPOUND (+)17A [PMID: 20363624],1,ANXA13
COMPOUND (R)-10H [PMID: 22490048],1,AMY2B
COMPOUND (S)-29 [PMID: 37606563],1,F7
COMPOUND 11A [PMID: 14697765],1,SLC25A6
"COMPOUND 1 [GOTTELAND ET AL., 1997]",1,FRA10D
"COMPOUND 1 [LOLLI ET AL., 2019]",1,CRABP2
COMPOUND 10A [PMID: 31283223],1,SARDH
COMPOUND 10F [PMID: 24556381],1,FPR2
COMPOUND 10H [PMID: 20832306],1,COD2
COMPOUND 10I [PMID: 23084894],1,ANOP1
COMPOUND 10L [PMID: 24556381],1,FPR2
COMPOUND 11 [PMID: 12812482],1,ASIC1
COMPOUND 10 [PMID: 31411465],1,KEAP1
COMPOUND (S)-3H [PMID: 15686947],1,ACP5
COMPOUND 11C [PMID: 17929793],1,ANOP1
COMPOUND 11D  [PMID: 23981898],1,FMO5
D-AP4,1,GRM8
D-(-)-AMYGDALIN,1,BPGM
D-157495,1,DCPS
DALMELITINIB,1,DRD4
DALOTUZUMAB,1,IGF1R
DALTROBAN,1,APOC4
DALUTRAFUSP ALFA,1,CCR3
DAPAGLIFLOZIN PROPYLENE GLYCOL,1,SLC5A2
DALBAVANCIN,1,PNLIP
DALBERGIONE,1,VDR
DACTHAL,1,NFE2L2
DABIGATRAN ETEXILATE MESYLATE,1,F2
DACETUZUMAB,1,CD40
DAPIROLIZUMAB PEGOL,1,CD40LG
DAPITANT,1,TACR1
DAPIVIRINE,1,ERVW-4
DAPK INHIBITOR 13,1,ELK3
DAPORINAD,1,NAMPT
DALAZATIDE,1,KCNA3
DEXTROMETHORPHAN/QUINIDINE,1,CYP2D6
DEXTRORPHAN,1,GRIN2C
DEXVERAPAMIL,1,ABCC1
DEZAMIZUMAB,1,APCS
DEXNIGULDIPINE,1,ABCA3
DEXTOFISOPAM,1,TSPO
DEXETIMIDE,1,AAMP
DEXLOXIGLUMIDE,1,CCKAR
DIAPLASININ,1,SERPINE1
DELTIBANT,1,BDKRB2
DIAZIRINE,1,TOP2A
DIAZOOXONORLEUCINE,1,HSPA4
DIAMIDE 7,1,ALDH3B2
DIANEXIN,1,ANXA5
DIAPEP 277,1,TLR2
DIAPEP-277,1,HSPD1
DG051,1,LTA4H
DH97,1,ANK3
DHA-PACLITAXEL,1,IL2RA
DIAZEPINOMICIN,1,TSPO
CLAUSINE E,1,RHOA
CLAZAKIZUMAB,1,IL6
CLORINDIONE,1,EHMT2
CLOSTEBOL,1,AR
CLOPERASTINE HYDROCLORIDE,1,CYP3A4
CLOPIDOGREL (ACTIVE METABOLITE),1,APEX1
CLOPIDOGREL BISULFATE,1,P2RY12
CITRONELLAL,1,ZFP36L2
CITRONELLOL,1,ALOX15
DESULFATED CHOLECYSTOKININ-8,1,CCKBR
CIS/TRANS-ISOEUGENOL,1,NFE2L2
CLIVATUZUMAB TETRAXETAN,1,MUC5AC
CLK INHIBITOR CTX-712,1,SRSF2
CLOCAPRAMINE,1,PPARD
CLOCINNAMOX,1,OPRM1
CLEVUDINE,1,OCA2
CLEBOPRIDE MALEATE,1,CYP3A4
DEUCRICTIBANT,1,BDKRB2
DESOXYCORDIFOLINE,1,ACHE
CITRONELLYL ACETATE,1,ALOX15
CLADRIN,1,HSD17B10
CITRULLINE,1,ACP3
CIZOLIRTINE,1,CALCA
CJ-042794,1,AQP8
CJ13610,1,CREB1
CJM-112,1,IL17A
CITATUZUMAB BOGATOX,1,EPCAM
CITCO,1,BCL9
CITIBRASINE,1,FOLR3
DI-LEU16-IL2,1,MS4A1
DICHLOFENTHION,1,VDR
DICHLOFLUANID,1,AR
DIAZOXIDE CHOLINE,1,ABCC8
DIBEKACIN,1,AR
DIBENZOXAZEPINE,1,ATP1B1P1
DIETHYLTOLUAMIDE,1,HPGD
DIFENOXIN HYDROCHLORIDE,1,OPRM1
DIFENPIRAMIDE,1,TARDBP
DIETHYLCARBAMAZINE,1,ALOX5
DICARBONODITHIOIMIDIC DIAMIDE,1,HSPB1
DIABZI-4,1,GRIN1
DIACETYLMORPHINE,1,OPRM1
DF2593A,1,ACACB
DF3016A,1,ACACB
DFGYVAE,1,PRDM1
DG-041,1,APOC1P1
DG-051,1,CRHR2
DG031,1,ALOX5AP
DG041,1,PTGER3
CL82198,1,DCR
DICHLORISONE ACETATE,1,NFE2L2
DICHLOROTRIPHENYLBISMUTHANE,1,AR
DIBUTYLPHTHALATE,1,ATP1B1P1
CINNAMIC ACID HYDROXAMATE,1,HDAC2
CINNAMTANNIN B1,1,SRC
CINOXACIN,1,TOP2A
CL 246738,1,IFNA1
CL-329167,1,AGTR1
CL316243,1,ACAA1
DICHLOROXYLENOL,1,AR
DEPUDECIN,1,HDAC1
DEPX,1,ABCA2
"DERIVATIVE 17 [NAKAHATA ET AL., 2018]",1,ADCY2
DEOXYURIDINE MONOPHOSPHATE,1,TYMS
DEPATUXIZUMAB,1,EGFR
DEPATUXIZUMAB MAFODOTIN,1,EGFR
DEPELESTAT,1,ELANE
DEPEMOKIMAB,1,IL5
DENUFOSOL TETRASODIUM,1,P2RY2
CLENOLIXIMAB,1,CD4
CLOFIBRIC ACID,1,CYP2D6
CO2+,1,GAS8-AS1
COAGULATION FACTOR IX,1,F10
"COAGULATION FACTOR IX (RECOMBINANT), GLYCOPEGYLATED",1,F9
COAGULATION FACTOR IX RECOMBINANT IMMUNOGLOBULIN G1 FUSION PROTEIN,1,F9
COAGULATION FACTOR X HUMAN,1,F10
"COAGULATION FACTOR X, HUMAN",1,F10
CN-105,1,APOE
CNGRC PEPTIDE-TNF ALPHA CONJUGATE,1,ANPEP
CLODRONATE DISODIUM,1,KMT2A
CMF-019,1,ACADSB
CMP5 [PMID: 25742700],1,PRMT5
CMPD-1,1,GNRHR
CLUL1 (52-77),1,ADCY3
CLX-0921,1,PPARG
COLESTIPOL HYDROCHLORIDE,1,LDLR
COLTUXIMAB RAVTANSINE,1,CD19
COLUBRINIC ACID,1,GLI1
COFETUZUMAB PELIDOTIN,1,PTK7
DELCASERTIB,1,PRKCD
COL-1,1,CEACAM5
COBOLIMAB,1,HAVCR2
COBOMARSEN,1,MIR155
DELTORPHIN II,1,APAF1
DEMCIZUMAB,1,DLL4
DELAFLOXACIN MEGLUMINE,1,CCL18
DELANZOMIB,1,PRB2
DELAPRIL,1,ACE
DELAVIRDINE MESYLATE,1,ERVW-4
COFORMYCIN,1,ADA
DESACETOXYMATRICARIN,1,NFE2L2
DESACETYL SALANNIN,1,HSP90AA1
DESACETYLBUFOTALIN,1,CLCN3
"DESGLYNH2-D(CH2)5[TYR(ME)2,THR4,ORN8]OT",1,ARAF
DERRUSNIN,1,CYP3A4
DERRUSTONE,1,CYP3A4
DERSIMELAGON,1,MC1R
"DES-AA1,2,5,12,13-[D-TRP8]SRIF",1,FAS
"DES-AA1,5-[TYR2,D-TRP8,IAMP9]SRIF",1,FAS
CNTO-5825,1,IL13
DEXAMETHASONE VALARATE,1,AR
DEXCHLORPHENIRAMINE MALEATE,1,HRH1
DEXELVUCITABINE,1,ERVW-4
DEXAMETHASONE DIPROPIONATE,1,AR
DEXAMETHASONE PALMITATE,1,ESRRA
DESULFATED GASTRIN-14,1,CCKBR
DESULFATED GASTRIN-17,1,CCKBR
DESULFATED GASTRIN-34,1,CCKBR
DESULFATED GASTRIN-71,1,CCKBR
"DES-ALA1,2,5-[D-TRP8,IAMP9]SRIF",1,FAS
CNV-2197944,1,CACNA1B
CNV2197944,1,CACNA1B
CNX-774,1,EFNB2
CO-TRIMOXAZOLE,1,G6PD
CM-TPMF,1,ARF5
CMB-401,1,MUC1
DEOXYSAPPANONE B TRIMETHYL ETHER,1,CYP3A4
DENDROASPIS NATRIURETIC PEPTIDE,1,DLX3
DENENICOKIN,1,IL21R
DES-BR-NEUROPEPTIDE B-29,1,ANXA2P1
DENIFANSTAT,1,FASN
DENINTUZUMAB,1,CD19
DENINTUZUMAB MAFODOTIN,1,CD19
DESMETHEYLASTEMIZOLE,1,KCNH2
DESMETHYLENYLNOCARDAMINE,1,KDM4E
DESMOSDUMOTIN C,1,VDR
DESMOTEPLASE,1,PLG
DESIDUSTAT,1,NPBWR2
DESLORELIN,1,GNRHR
DES-BR-NEUROPEPTIDE B-23,1,ANXA2P1
DENFIVONTINIB HYDROCHLORIDE,1,FLT3
MITOBRONITOL,1,AR
MITOGUAZONE,1,MYC
MK-3577,1,GCGR
MK-4256,1,SHROOM2
MK-4280,1,LAG3
MK-4721,1,PSCA
MK-499,1,BAAT
MK-1454,1,STING1
MK-1496,1,PLK1
GW852849X,1,YES1
MK-3207,1,CALCRL
MK-0773,1,AR
MK-0812,1,CCR2
CALINDOL,1,ACP5
CALOTHRIXIN A,1,TOP1
CALCISEPTINE,1,ATP6V1E1
CALCITONIN GENE-RELATED PEPTIDE,1,CALCRL
"CALCITRIOL-26,23-LACTONE",1,BCL7A
CANTHIN-6-ONE,1,AKT1
MK-2894,1,AQP8
MK-0159,1,GMPR
MK-0354,1,HCAR2
MIVAVOTINIB CITRATE,1,SYK
MIZAGLIFLOZIN,1,CD3D
MITOMYCIN C ANALOG KW-2149,1,TNF
MITOQUINONE MESYLATE,1,RET
CANF4-23,1,DLX5
CANFOSFAMIDE,1,GSTP1
CANFOSFAMIDE HYDROCHLORIDE,1,GSTP1
MIV-701,1,CTSK
CAMPTOTHECIN-20-O-PROPIONATE,1,TOP1
CARBAZOLE,1,HSD17B10
CARBENICILLIN INDANYL,1,GLS
CARBENOXOLONE SODIUM,1,NFE2L2
CAR T-CELLS AMG 119,1,DLL3
CARBASALATE CALCIUM,1,G6PD
CAPROMAB PENDETIDE,1,DGKA
CAPROMORELIN,1,GHSR
CAPROSPINOL,1,APP
CANGITOXIN II,1,BAK1
MK-8189,1,COL19A1
MK-8262,1,HPGD
MK-5435,1,ANOP1
MK-7110,1,FOXA1
MK-7246,1,PTGDR2
ML385,1,HCL2
ML398,1,ALDH2
ML9,1,ATP2B2
MLI-2,1,EPS8
CANTUZUMAB RAVTANSINE,1,MUC1
MLN-0415,1,IKBKB
ML323,1,FRA9D
ML351,1,ATF6B
ML354,1,APOH
ML355,1,CREBBP
ML375,1,AAVS1
ML380,1,AAVS1
ML221,1,ACADSB
ML233,1,ACADSB
MLN-01,1,ITGB2
CANGRELOR TETRASODIUM,1,P2RY12
CANNABINOR,1,CNR2
CANDOXATRILAT,1,DAP
MK-0941,1,GCK
MK-0429,1,FRA13A
MK-0533,1,PPARG
MK-0557,1,NPY5R
MK-0616,1,FRA4A
MK-0731,1,KIF11
MK-8153,1,ASCL1
ML 10375,1,NAT1
ML-18,1,ASIC2
ML-SA5,1,ALDH7A1
ML1-SA1,1,ALDH7A1
MK0686,1,BDKRB1
MK0731,1,KIF11
MK2A INHIBITOR,1,ERVT4
MK3207,1,CALCRL
MK-7725,1,ASIC2
MK-0736,1,HSD11B1
CARBOCYSTEINE,1,PAH
CARBOFENOTION,1,POLK
CARBOGEN,1,TYMS
CARTPT (76-96),1,ADCY8
CASEARINOL B,1,ITGAL
CASEARINONE A,1,ITGAL
CASEARINONE B,1,ITGAL
CASIMERSEN,1,DMD
CAROTEGRAST METHYL,1,FRA11F
MK 6892,1,ANXA13
CARMOTEROL,1,ADRB2
CARMOXIROLE,1,DRD2
MI-503,1,KMT2A
MF 498,1,AQP8
MF101,1,ESR2
MF266-1,1,APOBER1
MG-277,1,CRBN
MIMOPEZIL,1,ACHE
MIMOSINE,1,EHMT2
CARMOFUR,1,CYP3A4
CB-5083,1,VCP
CBIPES,1,ANPEP
CBIQ,1,CFTR
CBOBNEA,1,ANK2
CATPB,1,ALDOA
METOPROLOL FUMARATE,1,ADRB1
METOCURINE,1,CHRNA2
MIFAMURTIDE,1,NOD2
MIBAVADEMAB,1,LEPR
CARBOCYCLIC THROMBOXANE A2,1,APOC4
MICAFUNGIN,1,CYP3A4
MICAFUNGIN SODIUM,1,GSC
MICELLAR PACLITAXEL,1,BCL2
MGIPANT-1,1,ALPI
MHC BINDING PEPTIDE,1,ALDH9A1
MI-1148,1,FRA1G
CARBOSULFAN,1,AR
CARBOXYATRACTYLOSIDE,1,CENPE
CARBINOXAMINE MALEATE,1,HRH1
MIBOLERONE,1,BEVI
CARFENTRAZONE-ETHYL,1,NFE2L2
CARICOTAMIDE,1,NQO2
CARICOTAMIDE/TRETAZICAR,1,NQO2
CARINATIN G,1,TOP2A
CARBOXYCINNAMIC ACID BISHYDROXAMIDE,1,HDAC1
CARBOXYLATED GLUCOSAMINE,1,MMP9
CARBOXYMETHYL-TRIMETHYL-ARSONIUM,1,JUN
CARCINOEMBRYONIC ANTIGEN PEPTIDE 1-6D VIRUS-LIKE REPLICON PARTICLES VACCINE,1,CEACAM5
CARCINOEMBRYONIC ANTIGEN-EXPRESSING MEASLES VIRUS,1,CEACAM5
MINI-TYRRS,1,ACTBP8
CARDIOTROPHIN-1,1,CTF1
CARBONIC ANHYDRASE INHIBITOR,1,AQP1
MIRIDESAP,1,APCS
MIRIPIRIUM CHLORIDE,1,AR
MINNELIDE,1,HSPA1A
MJN110,1,CRKL
MJN228,1,GRK6P1
MK 0354,1,ANXA13
MK 1903,1,ANXA13
CARDIOPROTECTIVE AGENT,1,CP
MINIMISED INSL5 ANALOGUE 7,1,KLK3
MILREBRUTINIB,1,EFNB2
MILRINONE LACTATE,1,PDE3A
MILVETEROL,1,ADRB2
MILADEMETAN TOSYLATE,1,MDM2
MILBEMYCIN A4,1,AR
MIGOPROTAFIB,1,HOXA6
MIK-BETA-1,1,IL2RB
MITAPIVAT SULFATE,1,PKLR
CAREBASTINE,1,HRH1
MITEMCINAL FUMARATE,1,MLNR
MIRISTALKONIUM CHLORIDE,1,AR
MIROCOCEPT,1,CR1
MIROGABALIN,1,CACNA2D1
MIRVETUXIMAB,1,FOLR1
MIRICORILANT,1,BDM
CAPTAMINE,1,VDR
CAPLACIZUMAB-YHDP,1,VWF
CAPMATINIB HYDROCHLORIDE,1,MET
CAPRAVIRINE,1,ERVW-4
MITEMCINAL,1,MLNR
MOTILIN-(1-11) (HUMAN),1,ANTP4
MOTILIN-(1-12) (HUMAN),1,ANTP4
MOTILIN-(1-13) (HUMAN),1,ANTP4
MOTILIN-(1-19) (HUMAN),1,ANTP4
MOTILIN-(2-22) (HUMAN),1,ANTP4
MRS1476,1,ABCA3
MRS1486,1,ABCA3
MRS1505,1,ABCA3
MRS2211,1,BIRC2
ML277,1,AZF1
MRS1097,1,ABCA3
MRS1132,1,ABCA1
MRS1177,1,ABCA3
MRS1186,1,ABCA3
MRS-1477,1,ATP5F1BP1
MRS1065,1,ABCA1
MRS1066,1,ABCA1
MRS1067,1,ABCA3
MRS1084,1,ABCA1
MRS1086,1,ABCA1
CABOTEGRAVIR,1,ERVW-4
CABOTEGRAVIR SODIUM,1,ERVW-4
CACA,1,EHMT2
MORAB-066,1,F3
MONOCLONAL ANTIBODY 11D10 ANTI-IDIOTYPE VACCINE,1,MFGE8
MONOCLONAL ANTIBODY 1F5,1,MS4A1
MONOCLONAL ANTIBODY 3H1 ANTI-IDIOTYPE VACCINE,1,CEACAM5
MONOCLONAL ANTIBODY ICR62,1,NRG1
MONOCLONAL ANTIBODY R24,1,IL2RA
MOXIDECTIN,1,CLC
MONOETHANOLAMINE,1,ESR1
MONOMETHYL AURISTATIN E,1,ABCC3
MPPA,1,GTF2IP1
MQ1,1,AMY2B
MR-1817,1,TRPV1
MRA 003 US,1,IL6
MP1104,1,NUDT2
MPC-MECA,1,ABCA3
MPI-674,1,CYP19A1
MONOCLONAL ANTIBODY SGN-14,1,CD40
MRS2698,1,APC
MRS2768,1,APC
BUTOXAMINE,1,ABR
BUTYL 2-AMINOBENZOATE,1,HSD17B10
BUTANAL,1,ALDH1A1
BUTINOLINE,1,JUN
C3A,1,ACACA
C3A RECEPTOR AGONIST,1,ACACA
C5A HEXAPEPTIDE ANALOGUE,1,ACADL
MRE 3010F20,1,ABCA3
C646,1,GLI1
C1-27,1,MNX1
C108297,1,BDM
C2-NPY (PIG),1,ANXA3
C3,1,AMY2B
"C34 [ZHU ET AL., 2023]",1,DXO
C391,1,APOE
C-FOS ANTISENSE,1,AGTR1
C-MET INHIBITOR,1,MET
C5APEP,1,ACADL
MRI-1867,1,ACRV1
MRK-003,1,FBXW7
MRL-871,1,BAK1P1
MRL20,1,CCND1
MRL24,1,CCND1
MRS4478,1,BIRC3
MRS4625,1,BIRC3
MRS5698,1,ABCA3
MRS7469,1,ABAT
MRS2693,1,AIRE
MRS923,1,ABCA1
MRS2950,1,APBB2
MRS2957,1,AIRE
MRS4062,1,APCS
MRS4162-BODIPY CONJUGATE,1,AIRE
MRS4174,1,BIRC3
MRS4183,1,BIRC3
MRS4458,1,BIRC3
&ALPHA;.&BETA;-METHYLENE-2-THIO-UDP,1,BIRC3
MRS8054,1,ABCA3
MLN8054,1,AURKA
MLNM-2201,1,ITGB2
MLS000536924,1,CREBL2
MLS1547,1,ABCD1
CACCINH-A01,1,C1QBP
C7/3-PHTH,1,AAMP
C7683,1,HOXD8
CAMIDANLUMAB TESIRINE,1,IL2RA
CAMONAGREL,1,COX11
CAFICRESTAT,1,AKR1B1
CALOTHRIXIN B,1,TOP1
CALPHOSTIN C,1,VDR
CALYCULIN A,1,HTT
CALCIUM PANTOTHENATE,1,AR
CALHEX 231,1,ACP5
MM 11253,1,BCHEL3
MM-093,1,AFP
MM-121,1,ERBB3
MLN-120B,1,DMTN
CAMOTESKIMAB,1,IL18
ML290,1,APP
ML297,1,ASIP
ML3-SA1,1,MCOLN3
ML321,1,ABCD1
ML162,1,HOXD13
ML169,1,AADAC
ML193,1,ADCY3
ML2-SA1,1,MCOLN2
ML213,1,AZGP1
MN-305,1,HTR1A
MNI-136,1,ANPEP
MNI-137,1,ANPEP
MOBOCERTINIB SUCCINATE,1,EGFR
MOC31-PE,1,EPCAM
MM-433593,1,CRMP1
MM07,1,ACADSB
MM3122,1,FRA8C
MM54,1,ACADSB
MMK-1,1,ALDH9A1
MNI-135,1,ANPEP
MOROLIC ACID,1,PTPN1
MOROLIMUMAB,1,RHD
MORPHANTHRIDINE,1,ATP1B1P1
MORPHINE SULFATE,1,OPRM1
MONTEPLASE,1,PLG
MONZOSERTIB,1,EGR3
C-MET INHIBITOR MK2461,1,MET
C-RAF ANTISENSE OLIGONUCLEOTIDE ISIS 5132,1,RAF1
C-TYPE NATRIURETIC PEPTIDE,1,DLX4
MLN-2704,1,FOLH1
BX-430,1,ATP1B1
BYAKANGELICIN,1,BACE1
BYROSTATIN 1,1,RASGRP1
BZT-7,1,EFNA4
CAFUSERTIB,1,PLK1
CAL,1,PTHLH
CALASPARGASE PEGOL,1,ASRGL1
CALCDPWW,1,SNCA
CADPR,1,ATP3
C089,1,ACACB
MLN-4760,1,ACE2
MLN-591RL,1,FOLH1
MLN0905,1,FABP1
MLN3126,1,CCR9
MONGERSEN,1,SMAD7
MONNA,1,C1QBP
MONO-DGA-RFB4,1,CD22
MONO-N-ACETYL DAPSONE,1,CYP2C19
MONOCLONAL ANTIBODY 11D10,1,SERPINH1
MOTEXAFIN LUTETIUM,1,KLK3
MONATEPIL,1,AR
MONENSIN SODIUM,1,AR
MOFEZOLAC,1,PTGS1
MOGAMULIZUMAB,1,CCR4
MOLGRAMOSTIM,1,CSF2RA
MOCRAVIMOD HYDROCHLORIDE,1,S1PR1
MODOTUXIMAB,1,EGFR
MOEXIPRIL HYDROCHLORIDE,1,ACE
MOSAPRAMINE,1,PPARD
MOTESANIB DIPHOSPHATE,1,KIT
MOLINATE,1,NFE2L2
MDL-800,1,GK2
MDM2 ANTAGONIST RO5045337,1,MDM2
MDM2 INHIBITOR AMGMDS3,1,TP53
MDR MODULATOR CBT-1,1,ABCB1
MDX-018,1,CXCL8
MCH6-17,1,AMY2B
MCL-1 INHIBITOR MIK665,1,ADAMTSL4-AS1
MCL0129,1,ANGPT2
CERLIPONASE ALFA,1,TPP1
CB-189625,1,TRPA1
CEQ508,1,CTNNB1
CER-001,1,APOA1
CER-002,1,PPARD
CERE-110,1,NGF
CGP 47656,1,ALOX5
CGP 54626A,1,CYP1A2
CGP 55845,1,CYP2D6
CGP-37157,1,CEBPA
CGP-71683A,1,EHMT2
CERTOLIZUMAB,1,TNF
MANNOMUSTINE,1,MYO9B
MB07811,1,THRB
MBP10,1,ANGPT2
MAVEROPEPIMUT-S,1,BIRC5
MAVOGLURANT,1,GRM5
MAXY-G34,1,CSF3R
MAST CELL DEGRANULATING PEPTIDE,1,ALDH7A1P3
MASUPIRDINE,1,HTR6
MATRIX METALLOPROTEINASE INHIBITOR,1,FCGR3A
MDG 548,1,CCND1
MAUROTOXIN,1,ARG2
MARSTACIMAB,1,TFPI
MARZEPTACOG ALFA (ACTIVATED),1,F7
MASILUKAST,1,CYSLTR1
MDX-070,1,FOLH1
MDX-1303,1,PRDX1
MDX-1342,1,CD19
MDX-1411,1,CD70
ME BROMODOMAIN INHIBITOR,1,EFNA3
MATUZUMAB,1,EGFR
MECLIZINE HYDROCHLORIDE,1,HRH1
MEBUTAMATE,1,GABRG3
CENTAUREIDIN,1,IDH1
CELL DIFFERENTIATING AGENT,1,IL2
CETRORELIX ACETATE,1,GNRHR
CETUXIMAB SAROTALOCAN,1,EGFR
CERTOPARIN SODIUM,1,F10
CERULENIN,1,FASN
CERULETIDE DIETHYLAMINE,1,CCKAR
CG250 177LU,1,CA9
CETALKONIUM CHLORIDE,1,AR
CERGUTUZUMAB AMUNALEUKIN,1,CEACAM5
MECARBAM,1,VDR
MECASERMIN RINFABATE,1,IGF1R
ME36,1,ANTP4
ME4,1,ANTP4
ME67,1,ANTP4
MEBEVERINE,1,CHRM5
MEK-1/MEKK-1 INHIBITOR E6201,1,ACVR1
CET KRAS ANTISENSE OLIGONUCLEOTIDE AZD4785,1,KRAS
CGEN-855A,1,ALDH9A1
CGEN-856,1,ADRA2A
CGEN-857,1,ADRA2A
CGI1746,1,EFNB2
CGI560,1,EFNB2
CFMMC,1,ANOP1
CFMTI,1,ANOP1
CFT1946,1,BRAF
CFTRINH-172,1,CFTR
MEDI-5117,1,IL6
MD-222,1,CRBN
MBX-2044,1,PPARG
MBX-8025,1,PPARD
MC148R,1,ACTA2
MCC950,1,DNAH9
MCCG,1,ANTP2
MECLOFENOXATE,1,CYP1A2
MEDI-3617,1,ANGPT2
MEDI-4212,1,IGHE
MCOPPB,1,APBA1
CHEMBL:CHEMBL1092740,1,PRMT1
CHEMBL:CHEMBL1092743,1,ENPP2
CHEMBL:CHEMBL10835,1,KCNH2
CHEMBL:CHEMBL1084941,1,CHRM3
CHEMBL:CHEMBL1085282,1,CTSK
CHEMBL:CHEMBL1086397,1,AKT1
CHEMBL:CHEMBL1086624,1,CETP
CHEMBL:CHEMBL1087333,1,PREP
CHEMBL:CHEMBL108851,1,ALDH1A1
MANGIFERIN HEPTASULFATE,1,F10
CHEMBL:CHEMBL1077603,1,CYP19A1
CHEMBL:CHEMBL1077773,1,EGFR
CHEMBL:CHEMBL1078000,1,EGFR
M372049,1,DLX5
M0002,1,AVPR2
MALINAMIDE,1,NFE2L2
MALTOTRIOSE,1,AR
"MALTOTRIOSE-[125I][TYR3,THR8]OCTREOTIDE",1,FASLG
MALVIDIN-3-GLUCOSIDE,1,BNIP2
CHEMBL:CHEMBL1089321,1,ENPP2
LY86057,1,A12M3
LYM-1,1,HLA-DRB1
MAB92,1,DKC1
MABP1,1,IL1A
MACIMORELIN ACETATE,1,GHSR
MACLURAXANTHONE,1,MAPT
MACROCARPAL A,1,MET
MACROCARPAL B,1,MET
M4344,1,ATR
CHEMBL:CHEMBL1091502,1,PKM
MA-2029,1,ANTP4
MAB-425,1,EGFR
M195,1,CD33
CH-4051,1,DHFR
CH7233163,1,DXO
CGP42112,1,ACADS
CGS 24012,1,ABCA1
CHEMBL:CHEMBL1089501,1,PPARA
CHEMBL:CHEMBL1091137,1,ESR1
M65,1,ADCYAP1R1
CHECKPOINT KINASE INHIBITOR AZD7762,1,RAD50
CH 275,1,FAS
CH-1504,1,DHFR
MAHANIMBINE,1,MAPT
MAHANINE,1,DNMT1
MACROPHAGE STIMULATING PROTEIN 1,1,DRD5
MAFTIVIMAB,1,RNF130
MAREIN,1,POLK
MARGETUXIMAB,1,EN1
MAMBALGIN-1,1,BST2
MARALIXIBAT CHLORIDE,1,SLC10A2
MANNOSE 6-PHOSPHATE,1,IGF2R
MANSC (415-431),1,ADCY3
MANSONONE F,1,TOP1
MANZAMINE A,1,GSK3B
MAP4,1,ANTP2
MANAGLINAT DIALANETIL,1,FBP1
MANASSANTIN B,1,HIF1A
MANEB,1,NFE2L2
MAPATUMUMAB,1,TNFRSF10A
MAKALUVAMINE A,1,TOP2A
MAKALUVAMINE C TFA SALT,1,TOP2A
MAKALUVAMINE E,1,TOP2A
MAKALUVAMINE F,1,TOP2A
MALIC ACID,1,PKD2L1
MAGLI 432,1,CRKL
MAGNESIUM CHLORIDE ANHYDROUS,1,ACHE
CG-200745,1,HDAC9
CG0070,1,CSF2RA
CHAULMOSULFONE,1,USP2
CETUXIMAB SAROTALOCAN SODIUM,1,EGFR
CETYLPYRIDINIUM,1,SMAD3
CEVIDOPLENIB DIMESYLATE,1,SYK
CFI-400945,1,PLK4
CHELIDONINE,1,NRAS
CHELIDONINE (+),1,CYP3A4
CHEMBL:CHEMBL101510,1,CYP2D6
CHEMBL:CHEMBL101804,1,YES1
CHARYBDOTOXIN-GLU32 ANALOG,1,ARG2
"CHAULMOOGRIC ACID, ETHYL ESTER",1,ALOX15
CG250 111IN,1,CA9
CCT-018159,1,HSP90AA1
CCT129957,1,CRY2
METHIONINE BENZIMIDAZOLE 6,1,ALDH3B2
METHAPYRILENE,1,CYP2D6
METHAPYRILENE FUMARATE,1,HRH1
METHDILAZINE,1,HRH1
METHYLBENZETHONIUM,1,USP1
METHYL ANTHRANILATE,1,HSD17B10
METHYL DEOXYCHOLATE,1,GMNN
MEL57A,1,ARL3
METHYL ISOCYANATE,1,ATP1B1P1
METHYL-PIPERIDINO-PYRAZOLE,1,BCYRN1P2
"METHYL 5-[(4-TERT-BUTYLBENZOYL)AMINO]-2H-1,2,4-TRIAZOLE-3-CARBOXYLATE",1,FRA1B
CAVOSONSTAT,1,ADH5
CAVROTOLIMOD,1,TLR9
CASOXIN C,1,ACACA
CASP 4 INHIB,1,BRINP1
CASTANIN,1,KLK7
CCL23,1,ACTA1
METHYL ISOBUTYL KETONE,1,ALDH1A1
METAGLIDASEN,1,PPARG
METHOPRENE,1,NFE2L2
METHOPRENE ACID,1,HCN2
METHOTREXATE SODIUM,1,DHFR
METHOHEXITAL,1,GABRA1
METHDILAZINE HYDROCHLORIDE,1,HRH1
METHENOLONE ENANTHATE,1,AR
METHIDATHION,1,AR
CCL17,1,CCR4
CCR5MAB004,1,CCR5
CCG258747,1,CSRP2
CCK-39,1,CCKAR
CCK-4,1,CCKBR
CD2665,1,BCHEL3
CD30 LIGAND,1,E4F1
CD70,1,E2F6
CCX-354,1,CCR1
CD19-TARGETED CAR T2 CELLS,1,CD19
CD19CAR-CD3ZETA-4-1BB-EXPRESSING ALLOGENEIC T-LYMPHOCYTE CELLS,1,CD19
CCG-4986,1,GP1BA
METHYLEUGENOL,1,NFE2L2
METHYLGLYOXAL,1,ATP1B1P1
METHYLHISTAPRODIFEN,1,AMD1
MEZIGDOMIDE,1,CRBN
MEZLOCILLIN,1,AR
METRH,1,AQP6
METRIBOLONE,1,BEVI
METRIBUZIN,1,RXRA
METRIFUDIL,1,ABCA1
CCL27,1,ACTBP7
CARNITINE,1,SLC22A5
CAROTEGRAST,1,FRA11F
CARIPORIDE,1,SLC9A1
CARISBAMATE,1,XK
CARLUMAB,1,CCL2
CARMEGLIPTIN,1,DPP4
CC-90006,1,PDCD1
CAY10441,1,APOC3
CAY10583,1,AMH
METOLACHOR,1,NFE2L2
CCL20-SEAP(HIS)6,1,ACTBP3
CCL21B,1,ACTBP4
CCL22,1,CCR4
CCK-58,1,CCKAR
CCL1,1,ACTBP5
METHYL ABIETATE,1,NFE2L2
METHYL ALCOHOL,1,NFE2L2
METHYL AMINOLEVULINATE,1,FECH
METHYL AMINOLEVULINATE HYDROCHLORIDE,1,KDM4E
METHYLEPHEDRINE,1,ALDH1A1
METHOXYVERAPAMIL HYDROCHLORIDE,1,KCNH2
METHYLTHIOURACIL,1,AR
METILDIGOXIN,1,AR
METHYLPARABEN,1,NFE2L2
METHYLROSANILINE,1,KCNH2
METHYLSELENOCYSTEINE,1,EHMT2
METHYLISOTHIOCYANATE,1,ESR1
METHYLLYCACONITINE,1,ATF4
METHYLMERCAPTOPURINE RIBOSIDE,1,ADA
METHOXY POLYETHYLENE GLYCOL-EPOETIN BETA,1,EPOR
MEDI6012,1,LCAT
MEPHEDRONE,1,CYP2D6
MENERBA,1,ESR2
MENINGOCOCCAL GROUP B VACCINE,1,CFH
CDK9 INHIBITOR AZD4573,1,CDK9
CDK9 INHIBITOR PRT2527,1,PBRM1
CDP-484,1,IL1B
CDP-850,1,SELE
CDK INHIBITOR AT7519,1,CDK2
METADOXINE,1,SLC6A1
CDK1 INHIBITOR,1,EGR4
CELIPROLOL HYDROCHLORIDE,1,FDXR
CEFPIROME,1,VDR
CEFPODOXIME PROXETIL,1,AR
CEFQUINOME,1,GLS
CEFEPIME,1,IL2
MEN10627,1,AQP4
MENADIONE SODIUM BISULPHITE,1,AR
MENATETRENONE,1,NR1I2
CDK INHIBITOR SNS-032,1,CCNE1
MEK INHIBITOR CI-1040,1,PTEN
MEK INHIBITOR GDC-0623,1,KRAS
MEDICA 16,1,ABCD2
CEFONICID,1,VDR
CEFONICID SODIUM,1,AR
CEFAMANDOLE NAFATE,1,GLS
CEFATRIZINE,1,GLS
CEPHALORIDINE,1,APEX1
CEPHALOSPORIN ANTIBIOTIC,1,ANPEP
MEDI0680,1,PDCD1
CEP-2563 DIHYDROCHLORIDE,1,NTRK1
CEP-9722,1,PARP1
CENICRIVIROC MESYLATE,1,CCR5
CENSAVUDINE,1,ERVW-4
MEDI-547,1,EPHA2
MEDI-570,1,ICOS
MEDI-578,1,NGF
MEDI-6469,1,TNFRSF4
MEDI-8968,1,IL1R1
CEPHALOSTATIN,1,DIABLO
CDX-1140,1,CD40
CDX-301,1,FLT3
CDX-3379,1,ERBB3
CE-224535,1,P2RX7
MERIGOLIX,1,GNRHR
MEPLAZUMAB,1,HLA-DRB5
MEPRYLCAINE,1,CYP2D6
MEQUINOL,1,TYR
MEQUITAZINE,1,HRH1
MELARSOPROL,1,PPIG
METHANESULFONYL FLUORIDE,1,ACHE
METHANTHELINE BROMIDE,1,HRH2
METFORMIN GLYCINATE,1,INSR
METAPROTERENOL SULFATE,1,ADRB2
METATINIB,1,DTNA
METCONAZOLE,1,AR
METABUTETHAMINE,1,G6PD
METACETAMOL,1,CYP2E1
METACRESOL,1,NFE2L2
METHANDROSTENOLONE,1,AR
MELK INHIBITOR OTS167,1,FLT3
MELOGLIPTIN,1,DPP4
MESTANOLONE,1,AR
MET TYROSINE KINASE INHIBITOR SGX523,1,MET
MET-CK&BETA;7,1,ACTB
MET-MET-TRP-LEU-LEU,1,ALDH3B2
MEROPENEM ANHYDROUS,1,TNF
MESDOPETAM,1,DRD3
MESO-DAP,1,DMWD
CDX-1135,1,CR1
CCP,1,NAAA
CCR2-RA-[R],1,ACTA2
CCR5 ANTAGONIST 34,1,ACTBP2
CCR5 MAB,1,CCR5
CE-245677,1,TEK
CE-326597,1,CCKAR
CEBSULFASE ALFA,1,ARSA
CEDELIZUMAB,1,CD4
CDP-860,1,PDGFRB
CDPPB,1,SLC25A6
MERCURIC IODIDE,1,AR
NOX-6-18,1,ADH5
NOX-6-7,1,ADH5
NP-1815-PX,1,ATP1B1
NP-G2-044,1,FSCN1
NOV-002,1,GSR
NOVAFERON,1,IFNA2
NORLEUCINE,1,HNF1A
NORMAL SALINE,1,BDNF
NORMEPERIDINE,1,CYP2C19
C-MET INHIBITOR AMG 208,1,MET
NS3763,1,ASS1P5
NS5818,1,TSPO
NS6180,1,ARG2
NS9283,1,ATD
NS11021,1,ARF4P1
NPY-(26-36) (PIG),1,ANXA3
NQN-1,1,GART
NRF2 PEPTIDE [PMID: 23647822],1,KEAP1
NRX195183,1,RARA
NS3623,1,BAD
BMY-14802,1,A1BG
BMS-986187,1,APAF1
BMS-986224,1,ACADSB
BMS-986278,1,AMPD3
BMS-986318,1,BCL5
BMS-986339,1,BCL5
BMS-986122,1,APOF
BMS-986123,1,APOF
BMS-986124,1,APOF
NOVOKININ,1,ACADS
NODAGA-[TYR3]-OCTREOTIDE,1,FASLG
NOFAZINLIMAB,1,CD274
NOLASIBAN,1,OXTR
NOLPITANTIUM,1,AQP3
NPC-349,1,BDKRB2
NPC-567,1,BDKRB2
NPS(1-4)NH2,1,ANXA2
NPS-2143,1,CASR
NOVIFLUMURON,1,NFE2L2
NONOXYNOL-9,1,CYP3A4
BLESELUMAB,1,CD40
BLISIBIMOD,1,TNFSF13B
BLOSOZUMAB,1,SOST
BMS-863233,1,CDC7
BMS-903452,1,GPR119
BMS-908662,1,BRAF
BMS-911172,1,AAK1
BMS-919373,1,KCNA5
BMS-936559,1,CD274
NS 2028,1,CYP1A2
BMS-830216,1,MCHR1
BMS-833923,1,SMO
BMS-707035,1,INTU
NTZDPA,1,CCND1
NU-7026,1,GOLGA1
NSC 157449,1,ACTBP9
NSC 23766,1,RAC1
NSC151066,1,TRPV4
NSC212069,1,TRPV4
BMS-816336,1,HSD11B1
NS-018,1,JAK2
NS-220,1,BCKDHA
NPY-(16-36) (PIG),1,ANXA3
NPY-(20-36) (PIG),1,ANXA3
NPY-(22-36) (PIG),1,ANXA3
NVP-DKY709,1,CRBN
NVP-SAA164,1,ASIC1
NUDT7-COV-1,1,HMG1P
NURULIMAB,1,GLRB
BMS COMPOUND 87B,1,ACTB
NVP 231,1,FRA22A
NVP-2,1,EIF4G1
NT-0796,1,DNAH9
NTE-1,1,FRA1L
NTE-2,1,FRA1L
NTP42,1,APOC4
"BMS 181,101",1,A2M
BMS COMPOUND 16 [PMID:23368907],1,APBB2
BMS COMPOUND 4C,1,APBB2
NUSINERSEN,1,SMN2
NITROSOPRODENAFIL,1,PDE5A
NITROUS OXIDE,1,MTHFR
NITROVIN,1,HTT
NITROGEN MUSTARD HN-3,1,NFE2L2
NITROOLEIC ACID,1,ATP1B1P1
NITROSCANATE,1,AR
NITROBENZENE,1,ALDH1A1
BMS-986166,1,AMT
BMS-986172,1,MOGAT2
BMY 45778,1,APOC3
BMS-963272,1,MOGAT2
BMS-986104,1,S1PR1
BMS-986104 DERIVATIVE 12,1,AMT
BMS-986104 DERIVATIVE 24,1,AMT
BMS-986120,1,APOH
BMS-986121,1,APOF
BORIC ACID,1,ESR1
BOS-589,1,RET
BOMBESIN ANTAGONIST,1,SST
BMS-955176,1,ERVK-10
"BN-81,644",1,SHROOM2
"BN-81,674",1,SHROOM2
BNC-210,1,CHRNA7
BO1,1,ABL1
BRADYZIDE,1,BDKRB2
BRAF INHIBITOR,1,BRAF
BRAF(V600E) KINASE INHIBITOR ABM-1310,1,BRAF
BRAF(V600E) KINASE INHIBITOR RO5212054,1,BRAF
BPS-804,1,SOST
NIL,1,NOS2
BQ 3020,1,ALDH1A3
BQ-123,1,EDNRA
BQ123,1,ALDH1B1
BQCA,1,AADAC
BPH-715,1,CXCR5
BPH-742,1,CXCR5
BPH-830,1,BLVRB
NIMETAZEPAM,1,AR
NIK-21273,1,APBA1
BPTI-K15R/R17G,1,FRA5F
NN-DIMETHYL-D-ERYTHROSPHINGOSINE,1,ATP4A
NIZOFENONE,1,NFE2L2
NK3201,1,CMA1
NLY-01,1,GLP1R
NORFENFLURAMINE,1,A12M4
NONYL 4-HYDROXYBENZOATE,1,AR
NORARMEPAVINE,1,GMNN
NORDEFRIN HYDROCHLORIDE,1,KDM4E
NOMEGESTROL,1,PGR
BOMPPA,1,ANK3
BMS-779788,1,NR1H2
BMS-561392,1,DDX10
BMS-564929,1,AR
BMS-698769,1,MET
BMS309403,1,APOA1
BMS614,1,BCHE
BMS641,1,BCHEL1
BMS753,1,BCHE
BMX-IN-1,1,EFNA1
BMS-770767,1,HSD11B1
BONE METASTASIS TARGETING PEPTIDE-11,1,IL11RA
BONGKREK ACID,1,CENPE
BOP,1,ITGA9
BODILISANT,1,HRH3
NITROBLUE TETRAZOLIUM CHLORIDE,1,AR
NISOXETINE HYDROCHLORIDE,1,KCNH2
NITIDINE CHLORIDE,1,TOP1
NITISINONE,1,HPD
NITRALIN,1,AR
NMU (104-114),1,ASIC2
NOBERASTINE,1,HRH1
NOBILAMIDE B,1,TRPV1
NOCARDAMINE,1,KDM4E
NNC 92-1687,1,ALPG
NNC-711,1,CD14
NNC0114-0006,1,IL21
NNC0640,1,ALPG
NNC1702,1,ALPG
NMS-1116354,1,CDC7
NMS-1286937,1,PLK1
NNC269100,1,AQP1
ONO-AE1-437,1,PTGER4
ONO-AE3-208,1,AQP8
ONO-AE3-237,1,APOB
ONTAMALIMAB,1,MADCAM1
ONO-7579,1,NTRK1
ONO-8539,1,PTGER1
ONO-8590580,1,ARRB1
ONO-8713,1,APOBER1
ONO-9780307,1,AMPD3
NSC600684,1,TRPV4
ONO-AE-248,1,APOC1P1
ONO-2952,1,TSPO
ONO-3080573,1,AMPD3
ONO-3708,1,APOC4
ONO-4057,1,AMFR
BIM 28163,1,ALOX15
BIM28011,1,ALOX15B
BIM 23058,1,SHROOM2
BIM 23127,1,UTS2R
ONO-9910539,1,AMPD3
OLITIGALTIN,1,LGALS3
OLIVOMYCIN I,1,TOP1
ONC212,1,ADH5
ONCOLYSIN B,1,CD19
ONCOLYSIN CD6,1,CD6
ONCOLYSIN M,1,CD33
ONCOLYSIN S,1,NCAM1
ONCOLYTIC TYPE 2 HERPES SIMPLEX VIRUS EXPRESSING GRANULOCYTE MACROPHAGE COLONY-STIMULATING FACTOR OH2,1,CD274
OMO-1,1,DRD4
ONO-AE1-329,1,AQP8
OMS405,1,PPARG
ONAMETOSTAT,1,PRMT5
OMFILOCTOCOG ALFA,1,F8
OMIDENEPAG ISOPROPYL,1,PTGER2
OMBIPEPIMUT-S,1,WT1
OMBITASVIR,1,IFNL3
OMBURTAMAB,1,TNC
OMBURTAMAB I-131,1,CD276
OMEGA-3 FATTY ACIDS,1,PTGS2
OMPT,1,BIN1
ORDESEKIMAB,1,IL15
ORDOPIDINE,1,DRD2
ORE-1001,1,ACE2
OREGOVOMAB,1,MUC16
OPIORPHIN,1,ANPEP
OPIPRAMOL,1,DRD1
OPIRANSERIN,1,CD24P2
OPTODARG,1,ATP2B2
OPIGOLIX,1,GNRHR
BISEGLIPTIN,1,DPP4
ONTUXIZUMAB,1,CD248
ONVATILIMAB,1,VSIR
ONX-0914,1,PSMB8
ORSELLINIC ACID,1,CYP3A4
"ORSELLINIC ACID, ETHYL ESTER",1,CYP3A4
ORTERONEL,1,CYP17A1
ORILANOLIMAB,1,FCGRT
ORISMILAST,1,PDE4A
ORLUDODSTAT,1,DHODH
ONTORPACEPT,1,CD47
BISINDOLYLMALEIMIDE IV,1,CTAA1
BISLEUCONOTHINE A,1,MTOR
BISMUTH,1,ALB
BIROPEPIMUT-S,1,MAGEA3
BIRT 377,1,FRA12D
BIS(2-ETHYLHEXYL) PHTHALATE,1,ALDH1A1
BIS(PIPERIDINYLTHIOCARBONYL)DISULFIDE,1,AR
BISABOLOL,1,ALOX15
BIPERIDEN HYDROCHLORIDE,1,CHRM1
ORBIFLOXACIN,1,AR
ONO-4817,1,ECI1
ONO-5334,1,CTSK
ONO-7300243,1,AMPD3
ONERCEPT,1,TNF
ONFASPRODIL,1,GRIN2B
ONFEKAFUSP ALFA,1,FN1
ONGERICIMAB,1,PCSK9
ONO-1301,1,TBXAS1
ONO-2570366,1,AMPD1
BIPERIDEN LACTATE,1,CHRM1
OD36,1,RIPK2
OCTABENZONE,1,NFE2L2
OCTADECYLAMINE,1,RXRA
BITOLTEROL MESYLATE,1,ADRB2
BISMUTH SUBGALLATE,1,F12
BISOPROLOL FUMARATE,1,ADRB1
BITERTANOL,1,NFE2L2
BMS-223131,1,KCNMA1
BMS-303141,1,ACLY
OLINVACIMAB,1,KDR
BMS PYRAZOLE INHIBITOR 7F,1,CNA1
BMS-184476,1,TUB
BMS-188797,1,TUB
BMS-189532,1,BCHE
BMS-214662,1,CCR10
BM213,1,ACACB
BM221,1,ACACB
BMN-044,1,DMD
OCTHILINONE,1,MGLL
BMS-394136,1,KCNA5
NSC61610,1,HGF
OBLIMERSEN,1,BCL2
OBOVATAL,1,MMP2
OCARATUZUMAB,1,MS4A1
OBILTOXAXIMAB,1,PRDX1
O-ARACHIDONOYL ETHANOLAMINE,1,ADCY3
O-CHLOROACETYLCARBAMOYLFUMAGILLOL,1,CDK2
O-METHYLCALOTHRIXIN A,1,TOP1
O3,1,ATP1B1P1
OCTRIZOLE,1,GMNN
NVS-1,1,GLE1
NY0116,1,NMUR2
NYLIDRIN HYDROCHLORIDE,1,KCNH2
NYX-2925,1,GRIN2A
"O,O'-DIMETHYLCAFFEIC ACID",1,HSD17B10
ODESIVIMAB,1,RNF130
ODIPARCIL,1,F2
ODITRASERTIB,1,FANCG
ODULIMOMAB,1,ITGAL
OAADPR,1,ATP3
OLOCROLIMUS,1,FKBP1A
OLODATEROL HYDROCHLORIDE,1,ADRB2
BIPHENYL-4-AMINE,1,CYP3A4
BIPHENYLINDANONE A,1,ANPEP
BIO-32546,1,GRIK5
BIO1211,1,ITGA4
BIOTIN,1,IDE
BJG-05-039,1,EXT3
BJP-06-005-3,1,FOXA3
OCTOCOG ALFA,1,F8
BL22,1,CD22
BIVATUZUMAB,1,CD44
BIW-8962,1,GM2A
BIX 02565,1,CYB5A
BIZELESIN,1,MYC
BITOLTEROL,1,ADRB3
OLOKIZUMAB,1,IL6
OLOPATADINE,1,HRH1
OLEUROPEIN,1,BNIP3
BL-1020,1,DRD2
OCTOCRYLENE,1,AR
OCEDURENONE,1,NR3C2
OCHROMYCINONE,1,STAT3
OCIFISERTIB,1,FABP5
OCIPERLIMAB,1,TIGIT
OLENDALIZUMAB,1,C5
OLEOYL-LYSOPHOSPHATIDYLCHOLINE,1,ADH1C
OLEOYL-THIOPHOSPHATE,1,AMPD3
OLAPTESED PEGOL,1,CXCL12
OLPRINONE,1,EHMT2
OLEANDEROLIDE,1,TOP2A
OHM-11526,1,ANTP4
OICR-8268,1,HPE1
OLACAFTOR,1,CFTR
OFRANERGENE OBADENOVEC,1,FAS
OFTASCEINE,1,ABCC2
OG-L002,1,GEM
OGERIN,1,ADCY8
OM-1700,1,HLA-DMB
OMAPATRILAT,1,SLC2A4
OLCEGEPANT,1,CALCRL
BTK INHIBITOR 16 [PMID: 30122225],1,EFNB2
BURIXAFOR,1,CXCR4
BUROSUMAB-TWZA,1,FGF23
BUSERELIN ACETATE,1,MUC16
BUPIVACAINE HYDROCHLORIDE,1,SCN4A
N-(2-OXOTETRAHYDROFURAN-3-YL)OCTANAMIDE,1,FOXL2
N-(3-AMINOPROPYL)-2-NITROBENZENAMINE,1,GLI3
N-(4-CHLOROPHENYL)-2-[(PYRIDIN-4-YLMETHYL)AMINO]BENZAMIDE,1,DRD2
"N-(5-{4-CHLORO-3-[(2-HYDROXYETHYL)SULFAMOYL]PHENYL}-4-METHYL-1,3-THIAZOL-2-YL)ACETAMIDE",1,F2R
BN 50739,1,APLP2
N-1-ISOPROPYLTRYPTAMINE,1,A12M3
NACOLOMAB TAFENATOX,1,TPBG
NADH,1,MT-ND3
N36,1,ALDH9A1
N4-PHENYLETHOXYCYTIDINE-5'-TRIPHOSPHATE,1,APCS
N6-BENZYLADENOSINE,1,TP53
N-SULFOGLUCOSAMINE SULFOHYDROLASE RECOMBINANT,1,SGSH
N-{3-[(4-{[3-(TRIFLUOROMETHYL)PHENYL]AMINO}PYRIMIDIN-2-YL)AMINO]PHENYL}CYCLOPROPANECARBOXAMIDE,1,EEF1D
N/OFQ-(1-13)-NH2,1,APBA1
N-1-ISOPROPYL-5-MEOT,1,A12M3
N-METHYL-PHE-LYS-PRO-D-CHA-CHA-D-ARG-CO2H,1,ACACB
N-METHYL-PHE-LYS-PRO-D-CHA-TRP-D-ARG-CO2H,1,ACACB
N-METHYLANTHRANILIC ACID,1,HSD17B10
N-METHYLCALOTHRIXIN B,1,TOP1
N-METHYLFORMAMIDE,1,GLO1
N-METHYLHISTAMINE DIHYDROCHLORIDE,1,KDM4A
N-DESALKYLQUETIAPINE,1,CD8B
N-DESMETHYLTAMOXIFEN,1,ABCG2
N-ETHYLHISTAMINE,1,AMELX
BTK INHIBITOR,1,BTK
N-ACETYLASPARTIC ACID,1,ERG
BTRX-335140,1,OPRK1
BU-E 47,1,AMD1
BUCELIPASE ALFA,1,CEL
BT-11,1,HGF
BTB07018,1,ANPEP
BTD,1,ATP2B1
BTDM,1,ATP2B2
BTI-410,1,REG3A
N-ME-AMINOPYRIMIDINONE 9,1,SCN9A
BUCLIZINE HYDROCHLORIDE,1,HRH1
BUDIGALIMAB,1,PDCD1
BTK INHIBITOR DTRMWXHS-12,1,BTK
BTK INHIBITOR TL-895,1,BTK
BTRX-246040,1,OPRL1
NAFTIDROFURYL,1,CYP3A4
NADIFLOXACIN,1,CCL18
NADOFARAGENE FIRADENOVEC,1,IFNA2
NAFARELIN ACETATE,1,GNRHR
N/OFQ-NH2,1,APBA1
NAPABUCASIN,1,TP53
NAPHMETHONIUM,1,CHRM2
NAPHTHYLAMINE,1,HSD17B10
NANGIBOTIDE,1,TREM1
NANOLUC-INSL3,1,APPL1
NANOLUCIFERASE-LABELLED RELAXIN,1,APP
NALUZOTAN,1,HTR1A
NAMILUMAB,1,CSF2
BRL35135,1,ADRB1
NANOPARTICLE SN-38-ENCAPSULATED MICELLE FORMULATION IT-141,1,TOP1
N-PROPYL BROMIDE,1,ESR1
NALFURAFINE,1,NUDT2
NALIDIXATE SODIUM,1,BAZ2B
NAFTOPIDIL DIHYDROCHLORIDE,1,BAZ2B
NAGRESTIPEN,1,CCL3
NAHUOIC ACID A,1,KMT5A
NAKIJIQUINONE I,1,ERBB2
NAKIJIQUINONES G,1,ERBB2
NAKIJIQUINONES H,1,ERBB2
BUCLADESINE,1,CYP2D6
NAFCILLIN SODIUM,1,GLS
BROMODIOLONE,1,NFE2L2
BROMODIPHENHYDRAMINE,1,HRH1
BROMODIPHENHYDRAMINE HYDROCHLORIDE,1,HRH1
BROMOETHANE,1,TOP1
BROMOPRIDE,1,DRD2
BROMOPYROGALLOL RED,1,RELA
BUFALIN,1,CLCN3
BUFURALOL,1,ADRB1
NAFCILLIN,1,NR1I2
MS8815,1,HOXA7
MSC-2364447,1,BTK
MSC2032964A,1,MAP3K5
MSMB (91-114),1,ADCY3
MSOPPE,1,ANTP2
MS05,1,ANCR
MS154,1,DXO
MS39,1,DXO
MRT-92,1,ALOX12
N-METHYL-2-PYRROLIDONE,1,EFNA4
MRTX1133,1,GPM6B
MRTX1719,1,PRMT5
MRX-2843,1,FLT3
MS-1819,1,PNLIP
MURABUTIDE,1,NOD2
MURELETECAN,1,TOP1
MULTI-GLIOBLASTOMA-PEPTIDE-TARGETING AUTOLOGOUS DENDRITIC CELL VACCINE ICT-107,1,IL13RA2
MULTI-LEU (ML)-PEPTIDE,1,FRA3C
MULTI-SUBTYPE NATURAL HUMAN LEUKOCYTE INTERFERON ALPHA,1,STAT5B
MRTX0902,1,HIVEP1
C-MET INHIBITOR AMG 337,1,MET
MRS2782,1,AIRE
MRS2802,1,BIRC3
MRS2905,1,BIRC3
MRS2927,1,APCS
MRS2279,1,APBB2
MRS2298,1,APBB2
MRS2365,1,APBB2
MRS2496,1,APBB2
MS48107,1,ADCY8
MRS2567,1,AIRE
MRS2578,1,AIRE
MRS2603,1,BIRC2
MSVIII-19,1,ASS1P5
MSX-122,1,CXCR4
MT-3995,1,NR3C2
MT-45,1,APOF
MT-8,1,ARHGAP4
MS436,1,EFNA4
MRS2500,1,APBB2
BURAPITANT,1,TACR1
BUNAMIDINE,1,USP1
BUNAMIDINE HYDROCHLORIDE,1,AR
BUNTANETAP,1,ACHE
BWA868C,1,APOB
BX 048,1,APEX1
BX 471,1,ACTA1
BX 667,1,APEX1
BUTYLSCOPOLAMINE,1,CHRM5
MULTIVITAMIN,1,MTHFR
BVT173187,1,ALDH3B2
BW 245C,1,APOB
BW B70C,1,CREB1
BUTONATE,1,AR
MX-DNG1,1,CCNG1
MYCOBACTERIUM TUBERCULOSIS ARABINOMANNAN Z-100,1,IFNR
MURUCOIDIN V,1,ABCB1
MUSCLE RELAXANT,1,AGTR1
MUTANT ANP,1,DLX3
BVT.115959,1,ADORA2A
MTORC1/2 KINASE INHIBITOR BI 860585,1,MTOR
MU-BC-1,1,FN1
MUC-1 ANTIGEN,1,BCL2
MUC1-TARGETED PEPTIDE GO-203-2C,1,KRAS
MUCRONULATOL(+/-),1,POLI
MULBERROFURAN H,1,RELA
MTEB,1,SLC25A6
MTEP,1,SLC25A6
MTK458,1,F12
BUPROFEZIN,1,NFE2L2
"N&#8242;,2-DIPHENYLQUINOLINE-4-CARBOHYDRAZIDE",1,AQP5
"N',2-DIPHENYLQUINOLINE-4-CARBOHYDRAZIDE 8M",1,AQP5
"N,N-DIMETHYLHISTAMINE",1,AMELX
"N,N`-BIS-ALKYL BUTYLIMMIDAZOLE 12B",1,ACADM
N-&ALPHA;-METHYLHISTAMINE,1,AMELX
MYRCLUDEX B,1,SLC10A1
MZ1,1,EFNA4
MUTANT-SELECTIVE PI3K-ALPHA H1047R INHIBITOR LOXO-783,1,PIK3CA
MW150,1,CTNNB1
BUPRENORPHINE/NALOXONE,1,UGT2B7
MTOR KINASE INHIBITOR PP242,1,PIK3CA
BPH-608,1,CXCR5
BPH-675,1,CXCR5
BRICICLIB,1,CCND1
BRILANESTRANT,1,ESR1
BRILLIANT BLUE G,1,ATP1B3P1
"BRIMAPITIDE, C-TERMINAL ACID",1,MAPK10
BREQUINAR,1,DHODH
BRETYLIUM,1,ADRB1
BRETYLIUM TOSYLATE,1,SLC6A2
BRIOBACEPT,1,TNFSF13B
BREMELANOTIDE ACETATE,1,MC4R
NERELIMOMAB,1,TNF
NERIDRONIC ACID,1,FDPS
NERINETIDE,1,DLG4
NEROLIDOL,1,ALOX15
NF340,1,APEH
NF449,1,ATP1A3
NF546,1,APEH
NF770,1,ATP12A
BREXUCABTAGENE AUTOLEUCEL,1,CD19
NEOCYCLOCITRINOL C,1,GPR12
NEMORUBICIN,1,TOP2A
NENDRATAREOTIDE UZATANSINE,1,SSTR2
NEOCHAMAEJASMIN A,1,JUN
NEOCYCLOCITRINOL B,1,GPR12
NELIPEPIMUT-S,1,ERBB2
NELOTANSERIN,1,HTR2A
NEMIFITIDE,1,HTR2A
NEMOLIZUMAB,1,IL31RA
BPH-252,1,CXCR5
NEUROPEPTIDE HEAD ACTIVATOR,1,ADAR
NEUREGULIN-3,1,ERBB4
NEUREGULIN-4,1,ERBB4
NEUROMEDIN C,1,ACAT2
NESVACUMAB,1,ANGPT2
NETAZEPIDE,1,CCKBR
BPIQ-I,1,DXO
BOVINE ADRENAL MEDULLA PEPTIDE 8-22,1,GRK2
BOVINE PITUITARY EXTRACT,1,CD34
NEUROPEPTIDE B-23,1,ANXA2P2
NIBR-0213,1,AMT
NIC-0102,1,FRA6F
NG291,1,BDKRB2
NGB 2904,1,ALDH1A1
NGD-8243,1,TRPV1
NGF,1,EBVS1
NGX-267,1,CHRM1
NGX267,1,CHRM1
NHWD-870,1,EFNA4
NF778,1,ATP12A
NISEVOKITUG,1,TGFB1
NISOXETINE,1,CD8B
NIP-142,1,KCNJ5
NIPECOTIC ACID,1,DRD1
NIPOCALIMAB,1,FCGRT
NIPRADILOL,1,ADRB3
NIMACIMAB,1,CNR1
BODIPY-PIRENZEPINE,1,AADAC
BOMA,1,SLC25A6
NIRAVOLINE,1,OPRK1
NG29,1,ASIC1
NEXOPAMIL,1,SLC25A20
NF-56-EJ40,1,TLE5
NF023,1,ATP1A3
NF157,1,APEH
NF279,1,ATP1A3
NEUROTROPHIN-4,1,EBVS1
NEVANIMIBE,1,SOAT1
NEVANIMIBE HYDROCHLORIDE,1,SOAT1
NI-0801,1,CXCL10
NEUROPEPTIDE K,1,AQP3
NEUROPEPTIDE S,1,ANXA2
NEUROPEPTIDE Y-(3-36),1,ANXA3
NEUROPEPTIDE-&GAMMA;,1,AQP3
NICOXAMAT,1,HDAC6
NIFEKALANT,1,VDR
NIFURALDEZONE,1,GMNN
NICARAVEN,1,PARP1
NICOTINE BITARTRATE,1,EHMT2
NEXINHIB20,1,GRM6
NARASIN,1,AR
ND0801,1,CHRNA7
ND7001,1,PDE2A
NDD-713,1,ABO
NDD-825,1,ABO
NDI-091143,1,ACLY
NDPPC,1,CTNNB1
NDT-19795,1,DNAH9
NDT9513727,1,ACACB
NEPAPRAZOLE,1,NFE2L2
NCRW0005-F05,1,ADH6
NCRW0105-E06,1,ADH6
NCX 1022,1,COX8A
NCX-1000,1,CRTAP
NCX-4016,1,COX8A
ND-2110,1,EPHA7
ND-2158,1,EPHA7
NBTGR,1,CHI3L2
NC00075159,1,AZGP1
NCL-1,1,GEM
BRIVOLIGIDE,1,EGR1
BRIVUDINE PHOSPHORAMIDATE,1,GADD45A
BRORPHINE,1,APOF
BROTIZOLAM,1,AR
BRP-LPA,1,AMPD3
BRUCEANTIN,1,JUN
BROMPHENIRAMINE MALEATE,1,HRH1
BROMUCONAZOLE,1,AR
NAMITECAN,1,TOP1
NAPROPAMIDE,1,AR
NALTALIMIDE,1,OPRM1
NAVOCAFTOR,1,CFTR
NAXIFYLLINE,1,ADORA1
NARONAPRIDE,1,HTR4
NARSOPLIMAB,1,MASP2
NATURAL CYTOTOXICITY TRIGGERING RECEPTOR 3 LIGAND 1,1,HLCS
NARLAPREVIR,1,KRAS
NARMAFOTINIB,1,ACSL1
NARNATUMAB,1,MST1R
NAMOLINE,1,KDM1A
BRE-3 90Y,1,MFGE8
BROMOACETONE,1,ATP1B1P1
BROMOCHLOROACETIC ACID,1,NFE2L2
BROMOCICLEN,1,GMNN
BROMOCRESOL GREEN,1,AR
BROMODICHLOROACETIC ACID,1,NFE2L2
BROLUCIZUMAB,1,VEGFA
BROMAMINIC ACID,1,NFE2L2
BROMEBRIC ACID,1,AR
NCG21,1,ADH4
NEBENTAN,1,EDNRA
NEBICAPONE,1,COMT
NDT9520492,1,ACACB
NE 52-QQ57,1,ACTL4
NE-100,1,SIGMAR1
NE10575,1,BLVRA
NE10790,1,BLVRA
NE11808,1,BLVRA
NE58018,1,BLVRA
BROMHEXINE HYDROCHLORIDE,1,GMNN
NCGC 84,1,ANXA2
NCGC607,1,GUCA1A
NB-598,1,BLVRB
NBI-59159,1,SLC1A1
NBI-74330,1,ACTC1
NBI27914,1,ALAS2
NEDOSIRAN,1,AGXT
NEIHULIZUMAB,1,SELPLG
NEBRACETAM,1,CHRM1
BRD9539,1,OPN1MW
NEDOMETINIB,1,MAP2K1
NE58027,1,BLVRA
NE58043,1,BLVRA
NE58062,1,BLVRA
NE97220,1,BLVRA
BRENSOCATIB,1,CTSC
BRENTUXIMAB,1,TNFRSF8
BRANAPLAM,1,SMN1
BRASOFENSINE,1,SLC6A4
BRD9185,1,DHODH
NECROSTATIN-1S,1,FANCG
INSULIN DETEMIR,1,INSR
"INS(3,4,5,6)P4",1,C1QBP
INS48823,1,AIRE
INS49266,1,APEX1
INSL3 B CHAIN DIMER ANALOGUE 8,1,APPL1
INSL3 B-CHAIN ANALOGUE,1,APPL1
INSL3 [A(5-26):B(7-27)],1,APPL1
"INSULIN [INJECTION], BIPHASIC",1,INSR
"INSULIN, ISOPHANE",1,INSR
LY593093,1,AADAC
"INSULIN, REGULAR, PORK",1,INSR
INSULIN-LIKE GROWTH FACTOR 2,1,DPH1
INT131,1,PPARG
INSULIN ZINC SUSP PROMPT PURIFIED PORK,1,INSR
INSULIN ZINC SUSP PURIFIED BEEF,1,INSR
INSULIN ZINC SUSP PURIFIED BEEF/PORK,1,INSR
INSULIN ZINC SUSP PURIFIED PORK,1,INSR
INSULIN ZINC SUSP SEMISYNTHETIC PURIFIED HUMAN,1,INSR
"INSULIN ZINC, EXTENDED",1,INSR
"INSULIN, PROTAMINE ZINC",1,INSR
INDOXIMOD PRODRUG NLG802,1,IDO1
INEBILIZUMAB,1,GMFB
INSULIN SENSITIZER S-707106,1,INSR
INSULIN SUSP ISOPHANE BEEF,1,INSR
INSULIN SUSP ISOPHANE BEEF/PORK,1,INSR
INSULIN SUSP ISOPHANE PURIFIED BEEF,1,INSR
INSULIN SUSP ISOPHANE PURIFIED PORK,1,INSR
INSULIN SUSP ISOPHANE SEMISYNTHETIC PURIFIED HUMAN,1,INSR
INSULIN GLARGINE-YFGN,1,INSR
"INSULIN ASPART PROTAMINE, HUMAN",1,INSR
"INSULIN HUMAN, ISOPHANE",1,INSR
INSULIN LISPRO PROTAMINE RECOMBINANT,1,INSR
INSULIN LISPRO-AABC,1,INSR
INSULIN PURIFIED BEEF,1,INSR
INSULIN PURIFIED PORK,1,INSR
INSL5 AMIDE (HUMAN),1,KLK3
INSL5 ANALOGUE 13,1,KLK3
INSL5-A13NR,1,KLK3
INSULIN ASPART PROTAMINE RECOMBINANT,1,INSR
"INSULIN GLULISINE, HUMAN",1,INSR
INTOPLICINE,1,TOP1
CHEMBL:CHEMBL20377,1,CYP2D6
CHEMBL:CHEMBL2047666,1,BACE1
CHEMBL:CHEMBL2057864,1,PPARG
CHEMBL:CHEMBL2058994,1,LDHA
CHEMBL:CHEMBL2023733,1,TOP2A
CHEMBL:CHEMBL2028044,1,KCNH2
CHEMBL:CHEMBL2028045,1,KCNH2
CHEMBL:CHEMBL2028050,1,KCNH2
"INSULIN ZINC, PROMPT",1,INSR
CHEMBL:CHEMBL2028063,1,KCNH2
CHEMBL:CHEMBL2028066,1,KCNH2
CHEMBL:CHEMBL2028068,1,KCNH2
CHEMBL:CHEMBL2171117,1,PTGS2
CHEMBL:CHEMBL2171778,1,TOP1
CHEMBL:CHEMBL2171782,1,TOP1
CHEMBL:CHEMBL2171793,1,TOP1
CHEMBL:CHEMBL2171795,1,TOP1
CHEMBL:CHEMBL210411,1,NR3C1
CHEMBL:CHEMBL2028056,1,KCNH2
INSULIN SUSP PROTAMINE ZINC PURIFIED BEEF,1,INSR
INSULIN SUSP PROTAMINE ZINC PURIFIED PORK,1,INSR
INSULIN TREGOPIL,1,INSR
INSULIN ZINC SUSP BEEF,1,INSR
INSULIN ZINC SUSP EXTENDED BEEF,1,INSR
INSULIN ZINC SUSP EXTENDED PURIFIED BEEF,1,INSR
INSULIN ZINC SUSP EXTENDED RECOMBINANT HUMAN,1,INSR
INSULIN ZINC SUSP PROMPT BEEF,1,INSR
IODINE-131-TOSITUMOMAB,1,MS4A1
INTERMEDINE,1,POMC
IODOCARB,1,AR
IODOPROXYFAN,1,HRH3
IODINE,1,ESR1
IODINE I 124 GIRENTUXIMAB,1,CA9
IODINE I 124 OMBURTAMAB,1,CD276
IODINE I 131 APAMISTAMAB,1,PTPRC
IODINE I 131 MONOCLONAL ANTIBODY 81C6,1,TNC
IODINE I 131 TM-601,1,CLC
IODINE I 131-6-BETA-IODOMETHYL-19-NORCHOLESTEROL,1,NRAS
IODIPAMIDE,1,ALB
CHEMBL:CHEMBL2178586,1,PPARG
CHEMBL:CHEMBL2178596,1,PPARG
CHEMBL:CHEMBL2332128,1,TOP2A
CHEMBL:CHEMBL2332580,1,ESR2
CHEMBL:CHEMBL2332783,1,HSPB1
CHEMBL:CHEMBL2333445,1,PTK2
CHEMBL:CHEMBL233611,1,LDLR
CHEMBL:CHEMBL230686,1,SRC
CHEMBL:CHEMBL2313444,1,ESR1
INDOXACARB,1,AR
CHEMBL:CHEMBL2316602,1,CTSK
CHEMBL:CHEMBL2332126,1,TOP2A
CHEMBL:CHEMBL2332127,1,TOP2A
IN-NODAGATOC,1,FASLG
INAMRINONE LACTATE,1,PDE3A
IMMURAIT-LL2,1,CD22
IMNOPITANT,1,AQP3
IMO-2055,1,TLR9
IMPENTAMINE,1,HRH3
CHEMBL:CHEMBL2313445,1,ESR1
IMEGLIMIN,1,PRKAA2
IMETELSTAT SODIUM,1,TERT
IMETIT DIHYDROBROMIDE,1,EHMT2
INCB8761,1,ACTA2
INCB-047986,1,JAK1
INCB-086550,1,CD274
INCB-40093,1,PIK3CD
INCB-9471,1,CCR5
INCB086550,1,CD274
CHEMBL:CHEMBL2178583,1,PPARG
IMRECOXIB,1,PTGS2
IN-3,1,GNRHR
CHEMBL:CHEMBL2181046,1,MAPT
CHEMBL:CHEMBL2182009,1,KDM1A
CHEMBL:CHEMBL219416,1,APOBEC3F
CHEMBL:CHEMBL2171803,1,TOP1
CHEMBL:CHEMBL2171807,1,TOP1
CHEMBL:CHEMBL2172378,1,CTNNB1
CHEMBL:CHEMBL217425,1,ABCB1
IMR-1,1,GPR37
CHEMBL:CHEMBL2094499,1,HSPB1
CHEMBL:CHEMBL2204495,1,LRRK2
CHEMBL:CHEMBL2205805,1,CCR1
CHEMBL:CHEMBL2207339,1,PTPN1
CHEMBL:CHEMBL2208195,1,PPARG
CHEMBL:CHEMBL2208196,1,PPARG
CHEMBL:CHEMBL2208197,1,PPARG
CHEMBL:CHEMBL2203704,1,TACR1
CHEMBL:CHEMBL2203706,1,TACR1
IMPROGAN,1,AMELX
CHEMBL:CHEMBL2203709,1,TACR1
CHEMBL:CHEMBL2179805,1,ITK
CHEMBL:CHEMBL2181039,1,MAPT
CHEMBL:CHEMBL2181040,1,MAPT
CHEMBL:CHEMBL2181041,1,MAPT
INFLUENZA VACCINE,1,HLA-DRB1
ING-1,1,EPCAM
INGLIFORIB,1,AR
INDOTECAN,1,TOP1
CHEMBL:CHEMBL2203708,1,TACR1
INDOLE-3-ACETIC ACID,1,KYAT1
INDOLE-3-BUTYRIC ACID,1,NFE2L2
INDOLE-3-PROPIONIC ACID,1,ERCC8
INDIPLON,1,GABRA1
INDIRUBIN DERIVATIVE E804,1,EMX1
INDIUM-111,1,EGFR
INDECAINIDE,1,SCN5A
INDIMITECAN,1,TOP1
INDACATEROL MALEATE,1,ADRB2
CHEMBL:CHEMBL2094665,1,GMNN
INDATUXIMAB RAVTANSINE,1,SDC1
INO-1001,1,PARP1
INOLIMOMAB,1,IL2RA
INOSINE 5'-MONOPHOSPHATE DEHYDROGENASE INHIBITOR FF-10501-01,1,CTLA4
INOTERSEN,1,TTR
INOTUZUMAB,1,CD22
INHIBITOR 19 [PMID: 21476495],1,LNPEP
INHIBITOR CB3,1,CD27
INHIBITOR E18,1,CD27
INHIBITOR E4,1,CD27
INDALPINE,1,SLC6A4
ISPINESIB,1,KIF11
ISS-1018,1,TLR9
ISOX-CHA-CHG-ARK(SULFO-CY5)-NH2,1,APOE
ISOXABEN,1,PPARD
ISOXANTHOPTERIN,1,CBX1
ISOXAZOLE AZEPINE COMPOUND 3,1,EFNA4
ISOTHIOUREA-1A,1,ACTG1
ISOTHIOUREA-1T,1,ACTG1
ISOTONITAZENE,1,APOF
CHEMBL:CHEMBL211042,1,EHMT2
ISOX-CHA-CHG-ALA-ARG-DPR(4FB)-NH2,1,APOE
ISOQUINOLINE 17 [PMID: 30122040],1,KEAP1
ISOSAKURANETIN,1,ATP4A
IXEKIZUMAB,1,IL17A
IZOKIBEP,1,IL17A
J-104118,1,BLVRB
J-104123,1,BLVRB
J-113397,1,APBA1
J-2156,1,AQP1
ISOVANILLIN,1,AOX1
ISATIN,1,NFE2L2
ISATORIBINE,1,TLR7
ISOPROPYL PALMITATE,1,NFE2L2
ISOPROPYLUREIDO-FLFLF,1,ALDH9A1
ISONIAZID / PYRAZINAMIDE / RIFAMPIN,1,NAT2
ISOPIMPINELLIN,1,CYP3A4
ISOPROPAMIDE,1,CYP2D6
ISOGINKGETIN,1,MAPT
CHEMBL:CHEMBL1915271,1,NR3C1
ISOETHARINE HYDROCHLORIDE,1,ADRB2
CHEMBL:CHEMBL1915783,1,FAAH
CHEMBL:CHEMBL1888586,1,YES1
CHEMBL:CHEMBL2003658,1,CDC25B
CHEMBL:CHEMBL200762,1,SIRT1
CHEMBL:CHEMBL202243,1,PPARG
CHEMBL:CHEMBL1994034,1,GMNN
CHEMBL:CHEMBL1956069,1,CDK4
CHEMBL:CHEMBL196814,1,MAPT
ISOKOBUSONE,1,CYP3A4
CHEMBL:CHEMBL191534,1,TRPV1
CHEMBL:CHEMBL1915270,1,NR3C1
IU1,1,FRA9E
IV FLUID,1,NPPA
IVABRADINE HYDROCHLORIDE,1,HCN4
IT-139,1,HSPA5
ITASETRON,1,HTR3A
ITEPEKIMAB,1,IL33
ITH15004,1,ATP1B3P1
JH-XI-10-02,1,EIF4EP1
IVUXOLIMAB,1,TNFRSF4
JI-38,1,ALOX15B
JINGZHAOTOXIN-III,1,BBS1
JJKK 048,1,CRKL
JK1,1,KLK3
JBI-589,1,GPX2
JBJ-04-125-02,1,DXO
JBJ-09-063,1,DXO
JCAR014,1,CD19
JDTIC,1,NUDT2
JH-XII-03-02,1,EPS8
ITP,1,APCS
ITRIGLUMIDE,1,CCKBR
ITURELIX,1,GNRHR
CHEMBL:CHEMBL1797709,1,KAT2B
CHEMBL:CHEMBL1797712,1,CREBBP
CHEMBL:CHEMBL1770735,1,CYP2A6
CHEMBL:CHEMBL177126,1,APP
CHEMBL:CHEMBL1773343,1,TOP2A
CHEMBL:CHEMBL1784521,1,AR
CHEMBL:CHEMBL1915269,1,NR3C1
CHEMBL:CHEMBL1933308,1,IDO1
CHEMBL:CHEMBL1934585,1,GLI1
CHEMBL:CHEMBL1939433,1,PIK3CA
CHEMBL:CHEMBL1939687,1,BAZ2B
CHEMBL:CHEMBL1941031,1,OPRK1
CHEMBL:CHEMBL1923521,1,HRH1
CHEMBL:CHEMBL1923999,1,AR
CHEMBL:CHEMBL1927048,1,BMP2
CHEMBL:CHEMBL190474,1,TERT
CHEMBL:CHEMBL1785002,1,YES1
IONIS-FGFR4RX,1,FGFR4
IOPAMIDOL,1,AR
IOPANOIC ACID,1,NFE2L2
IROSUSTAT,1,STS
IRPAGRATINIB,1,SLC26A3
IRSENONTRINE,1,PDE9A
IRSOGLADINE MALEATE,1,POLI
IRX-2,1,CRH
IRX-5183,1,RARA
ISAM-140,1,ABCA2
IRISOLIDONE,1,JUN
IRON CARBONYL,1,HFE
IROPLACT,1,CXCL10
IRATUMUMAB,1,TNFRSF8
IRDABISANT,1,HRH3
IPRONIAZID SULFATE,1,VDR
IR502,1,TRBV20OR9-2
IRAK3 PROTAC 23,1,EPHA5
IRAK4 INHIBITOR 4B [PMID: 18474425],1,EPHA7
IRINOTECAN SUCROSOFATE,1,TOP1
CHEMBL:CHEMBL211405,1,SENP1
CHEMBL:CHEMBL2152070,1,FFAR1
CHEMBL:CHEMBL2164761,1,AR
CHEMBL:CHEMBL2094532,1,KDM4A
INULIN,1,INS
IOBENGUANE I-123,1,SLC6A2
IOBENGUANE I-131,1,SLC6A2
INTERLEUKIN-12,1,STAT4
INTERLEUKIN-2 GENE,1,IL2RA
IOFLUPANE I-123,1,SLC6A3
IPRAGLIFLOZIN L-PROLINE,1,SLC5A2
IPRODIONE,1,PPARG
IPRONIAZID PHOSPHATE,1,EHMT2
IPAFRICEPT,1,FZD8
IPAMORELIN,1,GHSR
IPN60090,1,GRIA2
IOPOFOSINE,1,PIK3CG
IOWH-032,1,CFTR
IP5I,1,ATP1A3
IPOMEANOL,1,GGT1
CHEMBL:CHEMBL2063052,1,DNMT1
CHEMBL:CHEMBL2063510,1,ADM
CHEMBL:CHEMBL2071180,1,ESR1
CHEMBL:CHEMBL208519,1,GNRH1
CHEMBL:CHEMBL2059067,1,CDC25B
CHEMBL:CHEMBL2059068,1,CDC25B
CHEMBL:CHEMBL2059074,1,CDC25B
CHEMBL:CHEMBL2059274,1,CDC25B
CHEMBL:CHEMBL2062277,1,CXCR4
IRAK4 INHIBITOR RAC-45 [PMID: 18501603],1,EPHA7
CHEMBL:CHEMBL2062863,1,STAT3
CHEMBL:CHEMBL203365,1,ABCB1
CHEMBL:CHEMBL2036072,1,CYP27B1
ISIS 104838,1,TNF
ISIS 113715,1,PTPN1
ISIS 2503,1,HRAS
IS1,1,APOA1
IS20,1,APOA1
ISA-2011B,1,F13A3
CHEMBL:CHEMBL2062862,1,STAT3
ISOBONDUCELLIN,1,TERT
ISOCEPHAELINE,1,HIF1A
ISOCHLOROGENIC ACID A,1,ATP5F1C
ISIS-2503,1,HRAS
ISLATRAVIR,1,ERVW-4
ISO-1,1,MIF
ISO-FLUDELONE,1,TUBB
ISOAMYL-AGOMELATINE,1,ANK3
ISOBAVACHALCONE,1,PTPN1
CHEMBL:CHEMBL2062869,1,STAT3
ISAVUCONAZONIUM SULFATE,1,CYP51A1
ISCALIMAB,1,CD40
ISCHEMIN,1,GLG1
CHEMBL:CHEMBL1945287,1,ALB
CHEMBL:CHEMBL1946013,1,AR
CHEMBL:CHEMBL1946014,1,AR
CHEMBL:CHEMBL1946449,1,AR
CHEMBL:CHEMBL194881,1,AR
CHEMBL:CHEMBL1952259,1,OPN1LW
CHEMBL:CHEMBL2062868,1,STAT3
ISOBERGAPTENE,1,CYP3A4
HJC 0350,1,COL6A3
HTMT,1,AMELX
HU3S193,1,FUT3
HUA33,1,GPA33
HUANG LIAN,1,TNF
HUHMFG1,1,MUC1
HUJ591 111IN,1,FOLH1
HSTX1[R14A],1,ATP7B
HT1042,1,PSMB8
IMD-2560,1,IKBKB
HTH-01-015,1,NUAK1
HSP90 INHIBITOR,1,ERBB2
HSP90 INHIBITOR BIIB021,1,HSP90AA1
CHEMBL:CHEMBL277845,1,FFAR1
CHEMBL:CHEMBL278751,1,TSHR
CHEMBL:CHEMBL280099,1,ATAD5
CHEMBL:CHEMBL29166,1,SRD5A1
CHEMBL:CHEMBL332670,1,AR
CHEMBL:CHEMBL324554,1,NPY1R
HTERT-LAMP MRNA-LOADED AUTOLOGOUS DENDRITIC CELL VACCINE GRNVAC1,1,TERT
CHEMBL:CHEMBL354663,1,ESR1
CHEMBL:CHEMBL357170,1,CDC25B
HGCGR ANTAGONIST,1,ALPG
HGS-1025,1,CCR5
HOOKEROSIDE A,1,PNLIP
HOOKEROSIDE B,1,PNLIP
HORMONE THERAPY AGENT,1,ESR1
HORSE ANTI-MOUSE ANTI-LYMPHOCYTE SERUM,1,CSF2
HOKT3,1,CD3E
HIV-1 MATRIX PROTEIN P17,1,ACTBP9
HOMATROPINE HYDROBROMIDE,1,AR
HOMO-AMPA,1,GRM6
HOMOERIODICTYOL,1,FOXL2
HK2P01 DERIVATIVE KLK2 INHIBITOR,1,FRA1M
HLA-A*0201 RESTRICTED TERT(572Y)/TERT(572) PEPTIDES VACCINE VX-001,1,TERT
HM01,1,ALOX15
HM50316,1,FYN
HMR-1556,1,AZF1
HIV VACCINE,1,IL7
HOLACANTHONE,1,JUN
HUMAX-IL15,1,CD38
HUMAX-IL8,1,CXCL8
HUMIK-BETA-1,1,IL2RB
HUPAM4,1,MUC1
HUJ591 177LU,1,FOLH1
HUMAN GIP(1-30)NH2,1,ALPI
HUMAN GIP(3-30)NH2,1,ALPI
HUMAN GIP(3-42)NH2,1,ALPI
HUMAN GIP(5-30)NH2,1,ALPI
CHEMBL:CHEMBL324774,1,ALDH1A1
HYDROXYFASUDIL,1,PRKX
HYDROXYLAMMONIUM CHLORIDE,1,KDM4E
HYDRONIDONE,1,GATM
HYDROXYAMINE,1,CBX1
HYDROCORTISONE CYPIONATE,1,NR3C1
HYDROCORTISONE HEMISUCCINATE,1,NFE2L2
CHEMBL:CHEMBL269450,1,YES1
CHEMBL:CHEMBL270688,1,ABCB1
CHEMBL:CHEMBL261129,1,YES1
HYDROXYETHYLAMINE TRANSITION-STATE INHIBITOR 1,1,FMOD
CHEMBL:CHEMBL327209,1,POLB
CHEMBL:CHEMBL328540,1,RACGAP1
CHEMBL:CHEMBL329040,1,YES1
CHEMBL:CHEMBL317356,1,EHMT2
CHEMBL:CHEMBL317364,1,KCNH2
HSP90 INHIBITOR LAM-003,1,FLT3
HPG1860,1,BCL5
HPN,1,GTF3C2
HR1405-01,1,CPT2
HUMAN INTERLEUKIN-2,1,IL2
HYDRASTINE,1,CYP2C19
HYDRAZINE,1,CYP1A2
HYDRAZOBENZENE,1,ALDH1A1
HUPERZINE A,1,ACHE
HURATOXIN,1,TOP2A
HUWENTOXIN IV,1,NKX3-2
HWL-088,1,ABCD2
HX 531,1,HCN2
HYALURONATE SODIUM,1,LYVE1
HS-173,1,F5
CHEMBL:CHEMBL346551,1,YES1
CHEMBL:CHEMBL347610,1,AGTR1
CHEMBL:CHEMBL351569,1,DDAH1
CHEMBL:CHEMBL352222,1,YES1
CHEMBL:CHEMBL354318,1,RORC
CHEMBL:CHEMBL404954,1,VDR
CHEMBL:CHEMBL406834,1,HSD17B10
CHEMBL:CHEMBL407113,1,YES1
CHEMBL:CHEMBL407501,1,TP53
CHEMBL:CHEMBL375971,1,AR
CHEMBL:CHEMBL401607,1,HTR4
CHEMBL:CHEMBL402456,1,BAZ2B
CHEMBL:CHEMBL402915,1,CDK2
CHEMBL:CHEMBL403308,1,SIRT1
CHEMBL:CHEMBL395814,1,TRPC5
CHEMBL:CHEMBL398021,1,LTA4H
HE3286,1,NR3C1
HARPAGOSIDE,1,EHMT2
HC-056456,1,RHOB
CHEMBL:CHEMBL401570,1,YES1
HARMALOL HYDROCHLORIDE,1,HSD17B10
HAMI3379,1,AMPD1
HALETHAZOLE,1,GMNN
HALICIN,1,CTNNA2
H3 14S18 STAPLED B-CHAIN,1,APRT
H3 AC-B10-27(13-17 HC),1,APRT
H4 ANTAGONIST 48,1,AMELX
H87/07,1,ABO
HEMAY-022,1,ERBB2
CHEMBL:CHEMBL367966,1,FAAH
HENAGLIFLOZIN,1,SLC5A2
HEAVY MINERAL OIL,1,EPCAM
HEFI-1,1,TNFRSF8
HELATX1,1,ATP7A
HELIPARVIFOLINE,1,GFER
HC067047,1,TRPV4
HCBE-11,1,LTBR
HCG,1,LHCGR
HCL,1,PKD2L1
HEMOPRESSIN,1,CNR1
HISTAPRODIFEN,1,AMD1
HISTERELIN,1,GNRHR
HGS-TR2J,1,TNFRSF10B
HIMB1636-MMAE,1,UTS2R
HIMEIC ACID A,1,UBA1
HINSL5: A8-21 (T15K),1,KLK3
HINSL5: A8-21 (T9R),1,KLK3
CHEMBL:CHEMBL317869,1,HSD17B10
CHEMBL:CHEMBL318892,1,YES1
HC-TOXIN,1,HDAC1
CHEMBL:CHEMBL313154,1,GMNN
CHEMBL:CHEMBL314639,1,MAPT
CHEMBL:CHEMBL381625,1,GABRA3
CHEMBL:CHEMBL382194,1,ADORA3
CHEMBL:CHEMBL384441,1,ESR1
CHEMBL:CHEMBL385911,1,NR5A2
CHEMBL:CHEMBL372375,1,SIRT1
CHEMBL:CHEMBL373822,1,CDK2
CHEMBL:CHEMBL373937,1,ATAD5
CHEMBL:CHEMBL322862,1,ADRB3
HC030031,1,ATP1B1P1
HETROMBOPAG OLAMINE,1,MPL
HEXACONAZOLE,1,AR
HEXADECYLTRIMETHYLAMMONIUM CHLORIDE,1,AR
HEXAFLUORENIUM,1,BCHE
HEXAFLUORENIUM BROMIDE,1,ACHE
HEXAHYDROCURCUMIN,1,DNMT1
HERNIARIN,1,HSD17B10
HET0016,1,COX7A2P2
HIRUDIN,1,F2
HETROMBOPAG,1,MPL
HEPTANE,1,AR
HER2 ECD+TM VIRUS-LIKE REPLICON PARTICLES VACCINE AVX901,1,ERBB2
"HER2 INHIBITOR CP-724,714",1,ERBB3
HER2-TARGETED LIPOSOMAL DOXORUBICIN HYDROCHLORIDE MM-302,1,ERBB2
HERACLENOL,1,EHMT2
HERNANDEZINE,1,VDR
HEPALATIDE,1,SLC10A1
HEPATOCYTE GROWTH FACTOR,1,DRD4
HIPPURISTANOL,1,EIF4A1
HETEROCODEINE,1,ABCB1
IDRABIOTAPARINUX SODIUM,1,F10
IDECABTAGENE VICLEUCEL,1,TNFRSF17
IDETREXED,1,TYMS
ICOTINIB HYDROCHLORIDE,1,EGFR
ICOVAMENIB,1,NRAS
ICRUCUMAB,1,FLT1
ICT-121 DENDRITIC CELL VACCINE,1,PROM1
IL-21,1,IL21
IL-27 SUBUNIT &ALPHA;,1,TP53
CHEMBL:CHEMBL261440,1,YES1
IL-37,1,GTF2I
IKK-2 INHIBITOR IV,1,DMTN
IKK-BETA INHIBITOR R-28,1,DMTN
IKS124,1,AZF1
IL-15,1,IL15RA
IGN-101,1,EPCAM
IGOVOMAB,1,MUC16
CHEMBL:CHEMBL225869,1,CYP3A4
CHEMBL:CHEMBL221733,1,HSD17B10
IL-34,1,DPYD
CHEMBL:CHEMBL259820,1,NR3C1
CHEMBL:CHEMBL259865,1,NFE2L2
CHEMBL:CHEMBL259103,1,CYP1A2
ICATIBANT ACETATE,1,BDKRB2
ICENTICAFTOR,1,CFTR
ICG-001,1,APC
IC-87114,1,F7
IC14,1,CD14
ICA-27243,1,AZF2
IDOXURIDINE,1,TGFB1
IDRAPARINUX,1,F10
IDRAPARINUX SODIUM,1,F10
IDRX-42,1,KIT
IERAMILIMAB,1,LAG3
IFABOTUZUMAB,1,EPHA3
IDH2 MUTANT INHIBITOR SH1573,1,IDH2
IDH2 MUTANT INHIBITOR TQB3455,1,IDH2
IDH305,1,IDH1
IDO-1 INHIBITOR LY3381916,1,IDO1
ICANBELIMOD,1,AMT
IMAPRELIMAB,1,GUK2
IMARIKIREN HYDROCHLORIDE,1,REN
ILLUDALIC ACID,1,DVL1
ILODECAKIN,1,IL10
ILX23-7553,1,VDR
IMMETHRIDINE,1,HRH3
IMMUCIN,1,MUC1
IMMUNOADJUVANT,1,IL15
IMMUNOCONJUGATE,1,KLK3
CHEMBL:CHEMBL254077,1,NFE2L2
IMIPENEM ANHYDROUS,1,IL2
IMIPENEM-CILASTATIN SODIUM,1,IL6
IMLUNESTRANT,1,BCYRN1P2
IMGN-388,1,ITGAV
IMIDACLOPRID,1,PLK1
IMIDAFENACIN,1,CHRM3
IMIDAPRILAT,1,DAPK3
IMIDAZOLE ACETIC ACID,1,EHMT2
IMD-1041,1,IKBKB
IMMUNOSTIMULANT,1,TNF
CHEMBL:CHEMBL254156,1,SIRT1
CHEMBL:CHEMBL255067,1,OPRK1
CHEMBL:CHEMBL244023,1,GMNN
CHEMBL:CHEMBL244268,1,TOP2A
CHEMBL:CHEMBL249190,1,TSHR
CHEMBL:CHEMBL250053,1,CYP2C19
CHEMBL:CHEMBL237570,1,YES1
IHMT-MST1-58,1,STK4
IFERANSERIN,1,HTR2A
IMALUMAB,1,MIF
IFETROBAN SODIUM,1,TBXA2R
IFN-&BETA;,1,DHODH
IMBUTAMINE,1,HRH3
IMC-1C11,1,KDR
IMC-3C5,1,FLT4
IMC-CS4,1,CSF1R
IMC-EB10,1,FLT3
IMD-0354,1,IKBKB
IM-12,1,SLC29A1
IFETROBAN,1,APOC4
HYPOTAURINE,1,EHMT2
HYRTIOERECTINE B,1,UBA1
HYGROMYCIN B,1,MT-RNR1
HYMECROMONE METHYL ETHER,1,HSD17B10
CHEMBL:CHEMBL259422,1,TP53
CHEMBL:CHEMBL255068,1,BAZ2B
CHEMBL:CHEMBL255300,1,OPRM1
CHEMBL:CHEMBL255683,1,SIRT1
CHEMBL:CHEMBL256062,1,KDM4A
CHEMBL:CHEMBL259819,1,RNASEL
CHEMBL:CHEMBL275168,1,YES1
CHEMBL:CHEMBL275200,1,YES1
CHEMBL:CHEMBL275724,1,YES1
CHEMBL:CHEMBL275798,1,YES1
CHEMBL:CHEMBL271256,1,TRPC5
CHEMBL:CHEMBL273891,1,BRCA1
CHEMBL:CHEMBL274863,1,YES1
CHEMBL:CHEMBL268584,1,IDH1
CHEMBL:CHEMBL26886,1,ALDH1A1
CHEMBL:CHEMBL258316,1,HTT
CHEMBL:CHEMBL265439,1,CASP2
CHEMBL:CHEMBL265715,1,HSD17B10
CHEMBL:CHEMBL306147,1,AR
CHEMBL:CHEMBL306786,1,ABCB1
CHEMBL:CHEMBL308106,1,TOP1
CHEMBL:CHEMBL309917,1,CYP3A4
CHEMBL:CHEMBL31020,1,PPARD
CHEMBL:CHEMBL310871,1,ELANE
CHEMBL:CHEMBL29878,1,NFE2L2
HYPOGLAUCIN A,1,ACTC1
CHEMBL:CHEMBL305195,1,DRD1
CHEMBL:CHEMBL305695,1,VDR
CHEMBL:CHEMBL294878,1,HSD17B10
HYDROCORTAMATE HYDROCHLORIDE,1,NR3C1
I-191,1,APOE
I-287,1,APOE
I-ABA,1,ABCA3
I-BET282,1,EFNA4
I-BOC-MET-LEU-PHE,1,ALDH3B2
CHEMBL:CHEMBL303124,1,ADORA1
ICO-007,1,RAF1
ICOFUNGIPEN,1,LINC00273
ICHORCUMAB,1,F2
ICI 169369,1,NATP
ICI 192605,1,APOC4
ICI-118551,1,ADRB2
ICI-89406,1,ABO
ICARIIN,1,PDE5A
ICARITIN,1,ESR1
CHEMBL:CHEMBL269105,1,NR1H4
CHEMBL:CHEMBL241813,1,ALOX15
CHEMBL:CHEMBL2336666,1,TERT
CHEMBL:CHEMBL2347630,1,CXCR4
CHEMBL:CHEMBL2347631,1,CXCR4
CHEMBL:CHEMBL2347632,1,CXCR4
CHEMBL:CHEMBL2347633,1,CXCR4
CHEMBL:CHEMBL2347759,1,CYP1B1
CHEMBL:CHEMBL260417,1,YES1
CHEMBL:CHEMBL259633,1,RNASEL
ICATCXPZ-01,1,CTSC
HYOSCYAMINE,1,CHRM5
HYP 9,1,ATP2B2
HYDROXYSTILBAMIDINE,1,POLI
HYDROXYTOLUIC ACID,1,HSD17B10
IBROLIPIM,1,LPL
IBUTAMOREN MESYLATE,1,GHSR
IBERIOTOXIN,1,ARF4P1
IBI-939,1,TIGIT
IBREXAFUNGERP,1,GSC
ICM3,1,ICAM3
IANALUMAB,1,TNFRSF13C
IBANDRONATE SODIUM,1,FDPS
IBC 293,1,AOAH
I-BOP,1,APOC4
I-BRD9,1,GLC3B
I-SAP,1,APOC4
I3MT-3,1,CSN1S1
IACS-52825,1,ERCC4
ICLAPRIM,1,DHFR
ICLEPERTIN,1,CD24P1
IBREXAFUNGERP CITRATE,1,GSC
CHEMBL:CHEMBL1256778,1,DRD3
CHEMBL:CHEMBL1256863,1,EHMT2
CHEMBL:CHEMBL1256868,1,CYP3A4
CHEMBL:CHEMBL1320798,1,BRCA1
CHEMBL:CHEMBL1321401,1,BMP2
CHEMBL:CHEMBL1326758,1,ALDH1A1
CHEMBL:CHEMBL1290139,1,FPR2
LINERIXIBAT,1,SLC10A2
LIGANDROL,1,AR
JFD00064,1,ANPEP
LISSOCLINIDINE B,1,MDM2
LISTERIA MONOCYTOGENES-LLO-PSA VACCINE ADXS31-142,1,KLK3
LITENIMOD,1,TLR9
LISINOPRIL HYDRATE,1,EHMT2
LISINOPRIL-TRYPTOPHAN,1,DAPK3
LISOCABTAGENE MARALEUCEL,1,CD19
LIPUSTOBART,1,PDCD1
LIQUIRITIN,1,P4HB
LIRENTELIMAB,1,SIGLEC8
LILOTOMAB,1,H1-6
CHEMBL:CHEMBL1288106,1,CYP1A2
CHEMBL:CHEMBL135115,1,AR
CHEMBL:CHEMBL135561,1,VDR
CHEMBL:CHEMBL1363033,1,NFE2L2
CHEMBL:CHEMBL1339206,1,GFER
CHEMBL:CHEMBL1344912,1,RAD54L
CHEMBL:CHEMBL1333798,1,BRCA1
CHEMBL:CHEMBL1333982,1,CDC25B
LH (MENOTROPINS),1,LHCGR
CHEMBL:CHEMBL1257013,1,IDH1
LFB-R603,1,MS4A1
LFM-A13,1,EFNB2
LG-100268,1,HCN2
LG190178,1,BCL7A
LINZAGOLIX,1,GNRHR
LIPEGFILGRASTIM,1,CSF3R
LIPID ENCAPSULATED ANTI-PLK1 SIRNA TKM-PLK1,1,PLK1
LINPERLISIB,1,F7
LIMONIN,1,AR
LEXIPAFANT,1,PTAFR
CHEMBL:CHEMBL1255758,1,SLC5A7
CHEMBL:CHEMBL1255836,1,KDM4A
CHEMBL:CHEMBL1255966,1,KCNH2
CHEMBL:CHEMBL1275761,1,NR3C1
CHEMBL:CHEMBL1277315,1,TOP1
CHEMBL:CHEMBL128729,1,NFE2L2
CHEMBL:CHEMBL1257081,1,CYP2C19
CHEMBL:CHEMBL12658,1,BRCA1
CHEMBL:CHEMBL1270061,1,CDC25B
LIPID NANOPARTICLE ENCAPSULATED OX40L MRNA-2416,1,TNFRSF4
CHEMBL:CHEMBL1256920,1,EHMT2
LIXUMISTAT ACETATE,1,PRKAA2
LITHOGLYCOCHOLATE,1,EPHA2
LITORIN,1,ACAT2
LITRONESIB,1,KIF11
LIVE ATTENUATED INFLUENZA VACCINE,1,MARCHF8
LORCASERIN HYDROCHLORIDE,1,HTR2C
LORGLUMIDE,1,CCKBR
LORGLUMIDE SODIUM,1,FASN
CHEMBL:CHEMBL1256885,1,EHMT2
LIPIDYL PSEUDOPTERANE A,1,PTPN1
LIPIDYL PSEUDOPTERANE D,1,PTPN1
LIPOSOMAL ALPHA GALACTOSYLCERAMIDE,1,TRBV20OR9-2
LIPOSOMAL MUC1/PET-LIPID A VACCINE ONT-10,1,MUC1
LIPOTECAN,1,TOP1
LOBEGLITAZONE,1,PPARA
LOBELINE,1,SLC18A2
LOBELINE HYDROCHLORIDE,1,KCNH2
LODAPOLIMAB,1,CD274
CHEMBL:CHEMBL1255660,1,KDM4A
LOFEPRAMINE HYDROCHLORIDE,1,AR
LLL12,1,GYPB
LLY-283,1,PRMT5
LLY-507,1,GKP4
LM10,1,GRB10
LMB-2,1,IL2RA
LOBAPLATIN,1,MYC
LIVER ENRICHED ANTIMICROBIAL PEPTIDE 2,1,ALOX15
LIVMONIPLIMAB,1,GRM3
LODOXAMIDE TROMETHAMINE,1,ADAM10
LEI-401,1,CRK
LEMILDIPINE,1,AR
LEVAMFETAMINE,1,AQP7
LEVETIMIDE,1,AAMP
LEUKOCYTE INTERLEUKIN,1,IL2RB
LEUKOTRIENE D4,1,RGS4
LEUPROLIDE MESYLATE,1,GNRHR
LEUVECTIN,1,IL2
LEVALBUTEROL TARTRATE,1,ADRB2
LGD-6972,1,GCGR
CHEMBL:CHEMBL1374370,1,STAT6
CHEMBL:CHEMBL1374568,1,GMNN
CHEMBL:CHEMBL1366623,1,GMNN
CHEMBL:CHEMBL1367935,1,CYP1A2
CHEMBL:CHEMBL1368535,1,HPGD
CHEMBL:CHEMBL1422704,1,GLP1R
CHEMBL:CHEMBL1422873,1,GAA
CHEMBL:CHEMBL1431017,1,IDH1
CHEMBL:CHEMBL1432305,1,ESR1
LETAXABAN,1,F10
LB42908,1,CCR10
LB80380,1,OCA2
LBA,1,ATP4B
LAURIC ACID,1,ADD3
LAUROCAPRAM,1,AR
LAURYL ALCOHOL DIPHOSPHONIC ACID,1,CXCR5
LEPUNAFUSP ALFA,1,TLX2
LEQ506,1,SMO
LERDELIMUMAB,1,TGFB2
LENTINAN,1,IL2RA
LENZILUMAB,1,CSF2
LEO 134310,1,BDM
LEO 239652,1,COL12A1
LEO 29102,1,COL12A1
LEO-15520,1,MAPK14
LEOIDIN,1,HPGD
LEPTOMYCIN B,1,XPO1
LENERCEPT,1,TNF
LENPERONE,1,GMNN
LERIGLITAZONE,1,PPARG
CHEMBL:CHEMBL138061,1,NFE2L2
CHEMBL:CHEMBL1386434,1,ALDH1A1
LEVOLEUCOVORIN,1,DKK1
LEVOMEPROMAZINE MALEATE,1,IDH1
LEVOMEQUITAZINE,1,HR
LEVILIMAB,1,IL6R
LEVOBETAXOLOL,1,ADRB1
LEVOBETAXOLOL HYDROCHLORIDE,1,ADRB1
LEVOBUPIVACAINE HYDROCHLORIDE,1,SCN4A
CHEMBL:CHEMBL14145,1,IDO1
LIDAMIDINE HYDROCHLORIDE,1,GMNN
LIDORESTAT,1,AKR1B1
LIDORESTAT ANHYDROUS,1,GNA12
LICARBAZEPINE,1,SCN5A
LICARIN A,1,SNCA
LICOAGRODIN,1,PTPN1
LICOAGRONE,1,PTPN1
LICOFLAVANONE A,1,PPARG
LGD-2941,1,AR
LEVOCABASTINE HYDROCHLORIDE,1,HRH1
CHEMBL:CHEMBL1414990,1,CDC25B
CHEMBL:CHEMBL1417470,1,GNAS
CHEMBL:CHEMBL1420457,1,IDH1
CHEMBL:CHEMBL1408031,1,CDC25B
LERISETRON,1,HTR3A
LERODALCIBEP,1,PCSK9
LERSIVIRINE,1,ERVW-4
LERZEPARIB,1,GNAI2
LEVORPHANOL TARTRATE,1,OPRM1
CHEMBL:CHEMBL1376851,1,GMNN
LEXACALCITOL,1,BCL7A
LEXAPTEPID PEGOL,1,HAMP
LEXATUMUMAB,1,TNFRSF10B
LEVOMETHADYL ACETATE HYDROCHLORIDE,1,OPRM1
CHEMBL:CHEMBL1337519,1,GLP1R
CHEMBL:CHEMBL1329326,1,CYP2D6
CHEMBL:CHEMBL1331754,1,CDC25B
CHEMBL:CHEMBL1392894,1,ATXN2
CHEMBL:CHEMBL1394328,1,CYP2D6
CHEMBL:CHEMBL1376091,1,RECQL
LEVOSALBUTAMOL,1,ABO
LY293284,1,A1BG
LY2979165,1,GRM2
LY301875,1,ACADM
LY2584702,1,CXADR
LY2590443,1,HTR7
LY2623091,1,NR3C2
LY2624803,1,HRH1
LY2811376,1,FMO5
LY2828360,1,CNR2
LORNEIC ACID A,1,PDE5A
LY2181308,1,BIRC5
LY2275796,1,EIF4E
LY2365109,1,CD24P1
LY2389575,1,SLC25A4
LY2452473,1,AR
LY2077855,1,CRP
LY2090314,1,SLC29A1
LY215840,1,A12M3
LY456066,1,ANOP1
LY2881835,1,FFAR1
LURTOTECAN,1,TOP1
LY-377604,1,ADRB3
LY-517717,1,F10
LY063518,1,A12M3
LY134046,1,FTH1P1
LY-2787106,1,HAMP
LY-2811376,1,BACE1
LY-2881835,1,FFAR1
LY-288513,1,CCKBR
LY2928057,1,SLC40A1
LY-2584702,1,RPS6KB1
LY-2606368,1,CHEK1
LY-2608204,1,GCK
LY-2623091,1,NR3C2
LY-2624587,1,CXCR4
LY-2624803,1,HRH1
"LY 165,163",1,A1BG
LY-2183240,1,ALDH1A1
LY-2334737,1,RRM2
LY-3007113,1,MAPK14
CHEMBL:CHEMBL1183425,1,TAAR1
CHEMBL:CHEMBL1162521,1,CYP1A2
CHEMBL:CHEMBL1164954,1,UMPS
CHEMBL:CHEMBL1164975,1,ALOX12
CHEMBL:CHEMBL1099168,1,ARG1
CHEMBL:CHEMBL113897,1,ALDH1A1
LY3405105,1,EIF4EBP2
LY3022855,1,DPYD
LY3023703,1,PTGES
LY456236,1,ANOP1
LY314228,1,A12M3
LY3154885,1,ALCAM
LY320954,1,A12M3
LYSERGIC ACID,1,A2MP1
LYSOPHOSPHATIDYLETHANOLAMINE,1,ADH1C
LYOPHILIZED HUMAN RECOMBINANT INTERFERON-BETA 1A FP-1201,1,IFNB1
LYS-KALLIDIN,1,ASIC1
LYS006,1,CRHR2
LY545694,1,GRM5
LY303336,1,ACADM
LY466195,1,ASS1P5
LY3463251,1,GUCY1A2
LY3499446,1,GPM6B
LY3522348,1,HOXD10
LY3540378,1,APP
LY382884,1,ASS1P5
LY3295668,1,RB1
LY334362,1,HTR2C
LY3372689,1,HK3
CHEMBL:CHEMBL118280,1,AR
CHEMBL:CHEMBL1081326,1,GSK3B
CHEMBL:CHEMBL1083499,1,F2
CHEMBL:CHEMBL102936,1,YES1
CHEMBL:CHEMBL103080,1,YES1
CHEMBL:CHEMBL103098,1,YES1
CHEMBL:CHEMBL107513,1,GPR35
CHEMBL:CHEMBL107518,1,PPARA
CHEMBL:CHEMBL1173140,1,RACGAP1
CHEMBL:CHEMBL1173141,1,RACGAP1
CHEMBL:CHEMBL1080077,1,TOP2A
CHEMBL:CHEMBL1256726,1,KCNH2
CHEMBL:CHEMBL1256754,1,KCNH2
CHEMBL:CHEMBL1256776,1,EHMT2
CHEMBL:CHEMBL1256390,1,GLA
CHEMBL:CHEMBL1256647,1,KCNH2
CHEMBL:CHEMBL1256663,1,KCNH2
CHEMBL:CHEMBL1256025,1,CYP3A4
CHEMBL:CHEMBL1256177,1,CYP1A2
LORUKAFUSP ALFA,1,IL2
LUPULONE,1,FOXL2
LUFIRONIL,1,P4HA1
LULICONAZOLE,1,AR
LUMACAFTOR,1,CFTR
LUMASIRAN,1,AGXT
LUF5831,1,ABAT
LUF6000,1,ABCA3
LUF6096,1,ABCA3
LUF7244,1,BAD
LTK-14,1,GLI3
LOSIGAMONE,1,CYP2A6
LONODELESTAT,1,ELANE
LONTUCIREV,1,TP53
LORACARBEF,1,AR
LONAPEGSOMATROPIN,1,GHR
LONAPRISAN,1,PGR
LONCHOCARPIC ACID,1,USP1
LOMATIN,1,HSD17B10
LOMIFYLLINE,1,RXFP1
LPS,1,TLR4
CHEMBL:CHEMBL12019,1,GAA
LRRK2-IN-1,1,EPS8
LS-104,1,JAK2
LSN2463359,1,SLC25A6
LP-360924,1,ADH6
LP-403812,1,CD24P4
LP-471756,1,ADH6
LP533401,1,LTB4R
LOVASTATIN ACID,1,SLCO1B1
CHEMBL:CHEMBL1224312,1,IDO1
LRE1,1,HDGF
CHEMBL:CHEMBL1094674,1,TOP1
CHEMBL:CHEMBL1094675,1,TOP1
CHEMBL:CHEMBL109873,1,AR
CHEMBL:CHEMBL1099140,1,AR
CHEMBL:CHEMBL1099167,1,ARG1
CHEMBL:CHEMBL1242101,1,PLK1
CHEMBL:CHEMBL1242210,1,CXCR4
CHEMBL:CHEMBL124460,1,EHMT2
CHEMBL:CHEMBL1254091,1,TERT
LU AF21934,1,SLC25A5
CHEMBL:CHEMBL1235854,1,AR
CHEMBL:CHEMBL1236602,1,EHMT2
CHEMBL:CHEMBL1237255,1,KCNH2
CHEMBL:CHEMBL1241268,1,TP53
CHEMBL:CHEMBL1224310,1,TAAR1
LUTEINIZING HORMONE,1,GFAP
LUMRETUZUMAB,1,ERBB3
LUNA18,1,GPM6B
LUPEOL,1,TOP2A
CHEMBL:CHEMBL123349,1,DRD1
LUCANTHONE,1,TOP2A
LUCERASTAT,1,UGCG
LUCIDUMOL A,1,NR1H4
LSN2814617,1,SLC25A6
LSN3318839,1,ALPL
LSZ102,1,BCYRN1P2
LV-2186,1,APLP1
LV-2211,1,APLP1
LW106,1,XCR1
CHEMBL:CHEMBL1094358,1,TOP1
LX1031,1,TPH1
LUTETIUM LU 177 VIPIVOTIDE TETRAXETAN,1,FOLH1
LUTROPIN ALFA,1,LHCGR
LUVADAXISTAT,1,DAO
LUVIXASERTIB,1,FGFR4
LV-2172,1,APLP1
LUT014,1,EFNA2
CHEMBL:CHEMBL1162298,1,POLB
CHEMBL:CHEMBL1162414,1,PTPN1
CHEMBL:CHEMBL1093490,1,ENPP2
LX-7101,1,MAP3K20
CHEMBL:CHEMBL1762594,1,TOP1
CHEMBL:CHEMBL1765371,1,RPA1
CHEMBL:CHEMBL1728638,1,KDM4A
CHEMBL:CHEMBL1728978,1,EHMT2
CHEMBL:CHEMBL173729,1,GUCY2D
CHEMBL:CHEMBL1738936,1,AR
CHEMBL:CHEMBL1738937,1,AR
CHEMBL:CHEMBL1702181,1,TP53
CHEMBL:CHEMBL1709259,1,BRCA1
CHEMBL:CHEMBL1474,1,AR
KASANOSIN B,1,POLG
KAEMPFERITRIN,1,TOP2A
KAI-1455,1,PRKCE
KAI-1678,1,PRKCE
KALLSTROEMIN D,1,ACTC1
KH064,1,CRYBB3
KH28,1,ANXA6
KH7,1,HDGF
KHK-2866,1,HBEGF
KASANOSIN A,1,POLG
KC-130,1,FKBP5
KC-706,1,MAPK14
KB-004,1,EPHA3
KB-130015,1,BAD
KB-NB142-70,1,CTF1
KB002,1,CSF2
KANZONOL W,1,PPARG
KANZONOL X,1,PPARG
CHEMBL:CHEMBL1627202,1,CBX1
CHEMBL:CHEMBL1762593,1,TOP1
CHEMBL:CHEMBL163970,1,NFE2L2
CHEMBL:CHEMBL1600564,1,CDC25B
CHEMBL:CHEMBL160333,1,YES1
CHEMBL:CHEMBL1608067,1,HSD17B10
CHEMBL:CHEMBL160937,1,YES1
CHEMBL:CHEMBL1740701,1,KCNH2
CHEMBL:CHEMBL17442,1,TERT
CHEMBL:CHEMBL175296,1,SPSB2
CHEMBL:CHEMBL1761683,1,NFE2L2
CHEMBL:CHEMBL1627429,1,STS
KN62,1,ATP1B3P1
KO 143,1,ABCG2
KISSPEPTIN-14,1,AMELY
KISSPEPTIN-15,1,AMELY
KISSPEPTIN-28,1,AMELY
KISSPEPTIN-54,1,AMELY
KISSPEPTIN-9,1,AMELY
KITE-585,1,TNFRSF17
KL044,1,GPX1
KHK-4083,1,TNFRSF4
KIN-3248,1,FGFR2
KINETIN,1,TSHR
KISSPEPTIN-13,1,AMELY
KYT-0353,1,CCND3
L-&BETA;&GAMMA;-MEATP,1,ATP1A3
L-&BETA;-BA,1,SLC1A1
"L-054,522",1,FASLG
"L-152,804",1,ANXA5
"L-156,602",1,ACACB
KLEBSIELLA PNEUMONIAE GLYCOPROTEIN,1,CXCL8
KHK2455,1,IDO1
KHRINONE E,1,HSD17B10
KF 17837S,1,ABCA1
KF24345,1,CHI3L2
KELIXIMAB,1,CD4
KCL-286,1,BCHEL1
KD-247,1,ERVK-20
KD3010,1,PPARD
KD7040,1,NOS2
KN-62,1,ATAD5
KOBOPHENOL A,1,CASP3
KOLAVENIC ACID,1,RAPGEF4
KOS1326,1,ANTP4
KPR-5714,1,TRPM8
KLUGINE,1,HIF1A
KML110,1,GRK6P1
KML29,1,CRKL
KMN-159,1,AQP8
KN-026,1,ERBB2
KDOAM25,1,GGTA1
JMR-132,1,ALOX15B
JMS-053,1,HOXC8
JMS-17-2,1,ACTG1P2
JMV1116,1,BDKRB2
JMV180,1,CCKAR
JMV3008,1,ALOX15
JNJ40355003,1,CRMP1
JNK INHIBITOR V,1,CTNNA1P1
JNJ-67869386,1,BST2
KBP-088,1,ACHE
JNJ17203212,1,ATP5F1BP1
JNJ1930942,1,ATF4
JNJ303,1,AZF1
JNJ-54175446,1,P2RX7
JNJ-63533054,1,ADH6
JNJ-63576253,1,BEVI
CHEMBL:CHEMBL1710181,1,ATAD5
CHEMBL:CHEMBL1683024,1,IMPDH2
CHEMBL:CHEMBL1684097,1,GATA4
JNJ-799760,1,BST2
JAK3 INHIBITOR VI,1,EPS8
JATRORRHIZINE,1,RAD52
JB 98064,1,HRH3
JB991,1,PPARG
J30-8,1,CTNNA1P1
J591 177LU,1,FOLH1
JAK2 INHIBITOR AZD1480,1,RET
JNJ-38431055,1,ADH1C
JNJ-38877605,1,MET
JNJ-10191584,1,AMELX
JNJ-39319202,1,UTS2R
JNJ-39393406,1,CHRNA7
JNJ-40068782,1,ANPEP
JNJ-17156516,1,CCKAR
JNJ-17216498,1,HRH3
JNJ-26070109,1,CCKBR
JNJ-27141491,1,ACTA2
JNJ-37822681,1,DRD2
JND3229,1,DXO
JNJ-39220675,1,HRH3
JNJ-46281222,1,ANPEP
JNJ-49095397,1,MAP3K20
JNJ-5207787,1,ANXA3
K-8794,1,ALDH1A3
K31440,1,ALB
K41498,1,ALB
KADCYLA,1,ERBB2
K 252A,1,FLT3
K-80003,1,HCN2
CHEMBL:CHEMBL1684098,1,GATA4
JTE-151,1,RORC
JTS-653,1,TRPV1
JTV-803,1,FPR3
JWH-133,1,CNR2
JZL184,1,CRKL
JPE1375,1,ACACB
JR14A,1,ACACA
JT010,1,ATP1B1P1
KBP-066,1,ACHE
K-877,1,PPARA
CHEMBL:CHEMBL1684099,1,GATA4
CHEMBL:CHEMBL1687979,1,STAT3
CHEMBL:CHEMBL169335,1,SMAD3
CHEMBL:CHEMBL1701911,1,GLO1
CHEMBL:CHEMBL1834951,1,PPARG
CHEMBL:CHEMBL1836411,1,TLR2
CHEMBL:CHEMBL18380,1,SLC10A2
CHEMBL:CHEMBL1863271,1,NFE2L2
CHEMBL:CHEMBL1865517,1,HKDC1
JNJ-42226314,1,CRKL
CHEMBL:CHEMBL1797713,1,CREBBP
CHEMBL:CHEMBL1801219,1,TP53
CHEMBL:CHEMBL1823787,1,STS
CHEMBL:CHEMBL1833984,1,PPARG
CHEMBL:CHEMBL1834096,1,HSP90AA1
CHEMBL:CHEMBL1797159,1,RHOB
JNJ-65234637,1,GTF2A1
JNJ-67856633,1,GUCY1B1
JNJ-41443532,1,CCR2
JNJ-42153605,1,ANPEP
CHEMBL:CHEMBL1871992,1,PLK1
LANOTEPLASE,1,PLG
LANPERISONE,1,SCN4A
LANDIOLOL,1,ADRB1
LANDIPIRDINE,1,HTR6
LANDOGROZUMAB,1,MSTN
LANINAMIVIR OCTANOATE,1,XK
LAFUTIDINE,1,HRH2
LAGASCATRIOL,1,NFE2L2
LAMELLARIN D,1,TOP1
KV-37,1,CRABP2
CHEMBL:CHEMBL1491941,1,DDO
CHEMBL:CHEMBL149246,1,RAPGEF4
CHEMBL:CHEMBL1481453,1,CDC25B
CHEMBL:CHEMBL1481721,1,BRCA1
CHEMBL:CHEMBL1483413,1,EHMT2
CHEMBL:CHEMBL1485420,1,HPGD
CHEMBL:CHEMBL1485809,1,MAPK1
CHEMBL:CHEMBL1534035,1,SNCA
CHEMBL:CHEMBL1529479,1,IDH1
CHEMBL:CHEMBL1491455,1,CYP1A2
"L-759,633",1,CNR2
"L-759,656",1,CNR2
L-764406,1,CCND1
LABUXTINIB,1,DPT
LACTIMIDOMYCIN,1,EEF2
LACTOMEDIN 1,1,ACACB
L873724,1,FOLR2
L902688,1,AQP8
LABETUZUMAB,1,CEACAM5
LANIQUIDAR,1,ABCB1
LABRADIMIL,1,BDKRB2
L742791,1,ACAA1
L760735,1,AQP3
L19IL2,1,FN1
L19SIP 131I,1,FN1
L19TNFA,1,FN1
L655708,1,ARRB1
L659989,1,APLP2
L6H21,1,GRIA1
LABETUZUMAB GOVITECAN,1,CEACAM5
CHEMBL:CHEMBL1501622,1,SIRT3
LAPAQUISTAT ACETATE,1,FDFT1
LAPRITUXIMAB EMTANSINE,1,EGFR
LAPULEUCEL-T,1,ERBB2
LARCAVIXIMAB,1,RNF130
LEBRIKIZUMAB,1,IL13
LECOZOTAN HYDROCHLORIDE,1,HTR1A
LEFITOLIMOD,1,TLR9
LBY-135,1,TNFRSF10B
CHEMBL:CHEMBL1529609,1,HSD17B10
LCK INHIBITOR,1,EPHX2
LDN-91946,1,FRA9B
LAZABEMIDE,1,FSHMD1B
LAZUCIRNON,1,ACTB
CHEMBL:CHEMBL1410004,1,CYP2D6
CHEMBL:CHEMBL140130,1,RAPGEF4
CHEMBL:CHEMBL1404865,1,BRCA1
CHEMBL:CHEMBL1467165,1,BMP2
CHEMBL:CHEMBL1472891,1,GLP1R
LC52-0332,1,ACTG1P7
CHEMBL:CHEMBL1529697,1,ATAD5
CHEMBL:CHEMBL152133,1,HDAC1
CHEMBL:CHEMBL1522743,1,RAB9A
LATANOPROST (FREE ACID FORM),1,APOC2
LATIGLUTENASE,1,PREP
LAU159,1,ARRB2
LAU463,1,ARRB2
LAS101057,1,ADORA2B
LASMIDITAN SUCCINATE,1,HTR1F
CHEMBL:CHEMBL1500913,1,GNAS
LARGE NEUROTENSIN,1,ANXA6
LARGE PROLINE-RICH PROTEIN BAG6,1,HLCS
CHEMBL:CHEMBL1438389,1,HIF1A
CHEMBL:CHEMBL1443422,1,CTDSP1
CHEMBL:CHEMBL1446150,1,CGA
CHEMBL:CHEMBL144757,1,TERT
CHEMBL:CHEMBL1504762,1,KDM4A
CHEMBL:CHEMBL1506226,1,GNAS
CHEMBL:CHEMBL1509789,1,EHMT2
CHEMBL:CHEMBL1500740,1,HSD17B10
LARGE NEUROMEDIN N,1,ANXA6
CHEMBL:CHEMBL1623897,1,KCNH2
KURARINONE,1,BACE1
KUSHENOL A,1,BACE1
KRN-330,1,GPA33
KRN-7000,1,CD1D
KRP203,1,S1PR1
KS0365,1,ATP5F1C
KSQ-4279,1,FRA9D
"L-692,429",1,ALOX15
L-748337,1,ACAA1
"L-739,750",1,CCR10
L-740093,1,CCKBR
"L-368,228",1,ARAF
"L-368,899",1,ARAF
"L-368,930",1,ARAF
"L-369,020",1,ARAF
"L-371,257",1,ARAF
L-372662,1,ARAF
L-377202,1,TOP2A
"L-703,606",1,AQP3
KW-2478,1,HSP90AA1
KW-3635,1,APOC4
KY-1005,1,TNFSF4
KU-0063794,1,ETFB
CHEMBL:CHEMBL1567041,1,NPC1
CHEMBL:CHEMBL1569213,1,CYP1A2
CHEMBL:CHEMBL1547715,1,PLK1
CHEMBL:CHEMBL1553566,1,TARDBP
CHEMBL:CHEMBL156075,1,ALDH1A1
CHEMBL:CHEMBL1623028,1,KCNH2
CHEMBL:CHEMBL156263,1,YES1
CHEMBL:CHEMBL1673039,1,MAPK7
CHEMBL:CHEMBL167316,1,NFE2L2
CHEMBL:CHEMBL167529,1,NFE2L2
CHEMBL:CHEMBL1682200,1,AKR1C3
CHEMBL:CHEMBL1682201,1,AKR1C3
CHEMBL:CHEMBL1682202,1,AKR1C3
CHEMBL:CHEMBL164585,1,DAO
CHEMBL:CHEMBL1668301,1,IDO1
CHEMBL:CHEMBL1561747,1,GNAS
CHEMBL:CHEMBL152543,1,HDAC1
CHEMBL:CHEMBL15134,1,CYP3A4
CHEMBL:CHEMBL1576659,1,ATAD5
CHEMBL:CHEMBL1580175,1,ALDH1A1
CHEMBL:CHEMBL1588237,1,BAZ2B
CHEMBL:CHEMBL1593717,1,CYP2D6
CHEMBL:CHEMBL1594640,1,ALDH1A1
CHEMBL:CHEMBL1594756,1,MITF
CHEMBL:CHEMBL1570199,1,CACNA1H
"L-644,698",1,APOB
CHEMBL:CHEMBL1572415,1,GMNN
CHEMBL:CHEMBL157258,1,YES1
CHEMBL:CHEMBL1563246,1,CALCA
CHEMBL:CHEMBL1563896,1,NFE2L2
CHEMBL:CHEMBL1564100,1,ATAD5
"L-797,591",1,FAS
"L-798,106",1,APOC1P1
"L-803,087",1,AQP1
L-748328,1,ACAA1
CHEMBL:CHEMBL1572261,1,CYP3A4
"L-363,377",1,FASLG
"L-365,209",1,ARAF
"L-366,509",1,ARAF
"L-366,682",1,ARAF
"L-366,875",1,ARAF
"L-366,948",1,ARAF
"L-367,773",1,ARAF
"L-367,938",1,ARAF
"L-163,101",1,ACADM
"L-796,778",1,SHROOM2
"L-168,049",1,ALPG
L-LACTIC ACID,1,ANXA11
L-METHYLFOLATE,1,MTHFR
L-NAME,1,NOS3
L-PHE-PHE-PHE,1,BMPR2
L-826266,1,APOC1P1
L-97-1,1,ABAT
L-CYSTEINE SULPHINIC ACID,1,EHMT2
"L-775,606",1,A2M
"L-779,976",1,FASLG
L-165461,1,CCND1
