drug1,drug2,similarity
DORLIMOMAB ARITOX,EXALUREN,1.0
MT-3724,DORLIMOMAB ARITOX,0.9876543209876543
MT-3724,EXALUREN,0.9876543209876543
ME-344,NV-128,0.9803921568627451
ATALUREN,DORLIMOMAB ARITOX,0.975609756097561
ATALUREN,EXALUREN,0.975609756097561
ATALUREN,MT-3724,0.963855421686747
METFORMIN HYDROCHLORIDE,ME-344,0.9107142857142857
METFORMIN HYDROCHLORIDE,NV-128,0.8928571428571429
CYCLOHEXIMIDE,ATALUREN,0.84375
CYCLOHEXIMIDE,EXALUREN,0.8421052631578947
CYCLOHEXIMIDE,DORLIMOMAB ARITOX,0.8421052631578947
CYCLOHEXIMIDE,MT-3724,0.8333333333333334
NERISPIRDINE,DALFAMPRIDINE,0.6896551724137931
CENISERTIB,NVP-TAE684,0.6870229007633588
BORTEZOMIB,CARFILZOMIB,0.6590909090909091
CENISERTIB,ILORASERTIB,0.6137931034482759
CENISERTIB,CYC-116,0.5925925925925926
CENISERTIB,PF-562271,0.5915492957746479
CYC-116,SP-600125,0.5630252100840336
PF-562271,NVP-TAE684,0.5401459854014599
NVP-TAE684,RG-1530,0.5390625
ILORASERTIB,DOVITINIB,0.5390070921985816
NVP-TAE684,CYC-116,0.5384615384615384
SP-600125,GW441756X,0.5247524752475248
CYC-116,GW441756X,0.514018691588785
ILORASERTIB,PF-562271,0.5135135135135135
ILORASERTIB,LINIFANIB,0.5076923076923077
PF-562271,RG-1530,0.5074626865671642
PF-562271,CYC-116,0.5073529411764706
ILORASERTIB,NVP-TAE684,0.5
ILORASERTIB,RG-1530,0.5
CENISERTIB,RG-1530,0.49295774647887325
PF-562271,TAMATINIB,0.4921875
CYC-116,TAMATINIB,0.48760330578512395
ILORASERTIB,CYC-116,0.4791666666666667
CENISERTIB,TAMATINIB,0.47794117647058826
PF-562271,DOVITINIB,0.47183098591549294
NVP-TAE684,DOVITINIB,0.4676258992805755
NVP-TAE684,TAMATINIB,0.4645669291338583
CENISERTIB,DOVITINIB,0.46
CENISERTIB,SP-600125,0.45774647887323944
ILORASERTIB,TOZASERTIB,0.44274809160305345
PF-562271,GW441756X,0.44166666666666665
PF-562271,TOZASERTIB,0.4365079365079365
ENTRECTINIB,PD-0166285,0.4342105263157895
RG-1530,TAMATINIB,0.4274193548387097
DOVITINIB,TOZASERTIB,0.4262295081967213
CYC-116,RG-1530,0.4253731343283582
RG-1530,ENTRECTINIB,0.42452830188679247
PF-562271,ENTRECTINIB,0.4224137931034483
PF-562271,SP-600125,0.4172661870503597
DOVITINIB,RG-1530,0.41304347826086957
CENISERTIB,GW441756X,0.4076923076923077
NVP-TAE684,SP-600125,0.40145985401459855
ILORASERTIB,TAMATINIB,0.4014084507042254
ILORASERTIB,SP-600125,0.3945578231292517
ILORASERTIB,GW441756X,0.3923076923076923
CENISERTIB,ENTRECTINIB,0.3888888888888889
CENISERTIB,TOZASERTIB,0.38405797101449274
RG-1530,TOZASERTIB,0.38016528925619836
NVP-TAE684,ENTRECTINIB,0.3793103448275862
ILORASERTIB,CEDIRANIB,0.3790322580645161
ENTRECTINIB,ALISERTIB,0.3783783783783784
NVP-TAE684,GW441756X,0.3770491803278688
SP-600125,TAMATINIB,0.376
DOVITINIB,CYC-116,0.375
ILORASERTIB,ENTRECTINIB,0.373015873015873
CYC-116,ENTRECTINIB,0.36283185840707965
PF-562271,LINIFANIB,0.36231884057971014
DOVITINIB,GW441756X,0.36065573770491804
NVP-TAE684,PD-0166285,0.35964912280701755
PF-562271,JNJ-7706621,0.35833333333333334
DOVITINIB,CEDIRANIB,0.3565217391304348
CENISERTIB,LINIFANIB,0.3561643835616438
RG-1530,SP-600125,0.35555555555555557
ILORASERTIB,PD-0166285,0.3548387096774194
JNJ-7706621,PD-0166285,0.35443037974683544
NVP-TAE684,TOZASERTIB,0.35384615384615387
DOVITINIB,LINIFANIB,0.35074626865671643
LINIFANIB,CEDIRANIB,0.35
ENTRECTINIB,CEDIRANIB,0.3493975903614458
CENISERTIB,PD-0166285,0.3492063492063492
DOVITINIB,SP-600125,0.3475177304964539
TAMATINIB,TOZASERTIB,0.3448275862068966
SP-600125,LINIFANIB,0.3412698412698413
RG-1530,PD-0166285,0.3394495412844037
RG-1530,LINIFANIB,0.3384615384615385
GEFITINIB,ERLOTINIB,0.3368421052631579
RG-1530,ALISERTIB,0.33653846153846156
TAMATINIB,GW441756X,0.3333333333333333
ENTRECTINIB,JNJ-7706621,0.3333333333333333
CYC-116,LINIFANIB,0.3308270676691729
DOVITINIB,PD-0166285,0.33043478260869563
TOZASERTIB,PD-0166285,0.32978723404255317
GW441756X,ALSTERPAULLONE,0.32954545454545453
PAZOPANIB,CEDIRANIB,0.32941176470588235
TOZASERTIB,ENTRECTINIB,0.32653061224489793
TOZASERTIB,ALISERTIB,0.3258426966292135
RG-1530,GW441756X,0.325
SP-600125,PHA-767491,0.3247863247863248
PF-562271,PD-0166285,0.32231404958677684
DOVITINIB,JNJ-7706621,0.3220338983050847
TAMATINIB,ENTRECTINIB,0.32075471698113206
TAMATINIB,ALISERTIB,0.31958762886597936
TOZASERTIB,JNJ-7706621,0.31958762886597936
CYC-116,PD-0166285,0.3185840707964602
RG-1530,JNJ-7706621,0.3185840707964602
NVP-TAE684,JNJ-7706621,0.31666666666666665
CYC-116,PHA-767491,0.31451612903225806
CENISERTIB,PHA-767491,0.3142857142857143
DOVITINIB,TAMATINIB,0.3142857142857143
GW441756X,ENTRECTINIB,0.3118279569892473
PF-562271,PHA-767491,0.3082706766917293
CYC-116,TOZASERTIB,0.3076923076923077
NVP-TAE684,LINIFANIB,0.30714285714285716
RG-1530,CEDIRANIB,0.30701754385964913
DASATINIB ANHYDROUS,CEDIRANIB,0.3069306930693069
LINIFANIB,GW441756X,0.3063063063063063
NVP-TAE684,CEDIRANIB,0.30578512396694213
DOVITINIB,ENTRECTINIB,0.30578512396694213
GOSSYPOL,MASOPROCOL,0.3055555555555556
PAZOPANIB,SUNITINIB,0.3048780487804878
CEDIRANIB,PD-0166285,0.3048780487804878
CENISERTIB,JNJ-7706621,0.3007518796992481
ALSTERPAULLONE,KENPAULLONE,0.2987012987012987
ILORASERTIB,ALISERTIB,0.29838709677419356
TAMATINIB,PD-0166285,0.2980769230769231
PHA-767491,GW441756X,0.297029702970297
CENISERTIB,CEDIRANIB,0.291044776119403
PF-562271,ALSTERPAULLONE,0.2903225806451613
HESPERADIN,ENTRECTINIB,0.2897196261682243
CENISERTIB,ALSTERPAULLONE,0.2878787878787879
LINIFANIB,TOZASERTIB,0.2857142857142857
SORAFENIB,LINIFANIB,0.2847682119205298
CYC-116,ALSTERPAULLONE,0.28448275862068967
PHA-767491,ALSTERPAULLONE,0.2826086956521739
NVP-TAE684,SOTRASTAURIN,0.28125
NVP-TAE684,ALSTERPAULLONE,0.2809917355371901
SP-600125,ENTRECTINIB,0.2807017543859649
VANDETANIB,PD-0166285,0.27906976744186046
CENISERTIB,SOTRASTAURIN,0.2785714285714286
VORINOSTAT,TRICHOSTATIN A,0.27848101265822783
TOZASERTIB,GW441756X,0.2777777777777778
CYC-116,JNJ-7706621,0.2773109243697479
PD-0166285,ALISERTIB,0.27631578947368424
ILORASERTIB,JNJ-7706621,0.27611940298507465
DOXORUBICIN HYDROCHLORIDE,DAUNORUBICIN LIPOSOMAL,0.2751322751322751
PF-562271,ALISERTIB,0.275
TAMATINIB,LINIFANIB,0.2734375
CLOZAPINE,OLANZAPINE,0.27205882352941174
DASATINIB ANHYDROUS,TOZASERTIB,0.2711864406779661
NVP-TAE684,PHA-767491,0.2706766917293233
SP-600125,ALSTERPAULLONE,0.2702702702702703
VANDETANIB,CEDIRANIB,0.2696629213483146
LINIFANIB,ENTRECTINIB,0.26851851851851855
TOZASERTIB,CEDIRANIB,0.26732673267326734
PACLITAXEL,CARBOPLATIN,0.2645161290322581
DOVITINIB,HESPERADIN,0.2638888888888889
CHEMBL:CHEMBL429095,MASOPROCOL,0.2631578947368421
PF-562271,HESPERADIN,0.26
SP-600125,KENPAULLONE,0.25688073394495414
CYC-116,ALISERTIB,0.25663716814159293
PACLITAXEL,DOCETAXEL ANHYDROUS,0.2565789473684211
CHEMBL:CHEMBL429095,GOSSYPOL,0.2564102564102564
GEFITINIB,GW441756X,0.25471698113207547
NVP-TAE684,ALISERTIB,0.2542372881355932
ILORASERTIB,DASATINIB ANHYDROUS,0.2532467532467532
SP-600125,JNJ-7706621,0.25217391304347825
HESPERADIN,TOZASERTIB,0.25203252032520324
CLOZAPINE,RISPERIDONE,0.25190839694656486
TAMATINIB,HESPERADIN,0.25190839694656486
CYC-116,KENPAULLONE,0.25
NVP-TAE684,DASATINIB ANHYDROUS,0.25
RG-1530,HESPERADIN,0.25
PAZOPANIB,PD-0166285,0.25
HESPERADIN,ALISERTIB,0.24752475247524752
ILORASERTIB,HESPERADIN,0.2468354430379747
GOSSYPOL,IDARUBICIN,0.24675324675324675
CYC-116,CEDIRANIB,0.2459016393442623
GW441756X,PD-0166285,0.24468085106382978
NIFEDIPINE,MASOPROCOL,0.24390243902439024
DOVITINIB,ALSTERPAULLONE,0.24390243902439024
PF-562271,SOTRASTAURIN,0.2426470588235294
GEMCITABINE,CARBOPLATIN,0.23972602739726026
CURCUMIN,COLCHICINE,0.23711340206185566
SP-600125,TOZASERTIB,0.2366412213740458
ILORASERTIB,SORAFENIB,0.23655913978494625
PAZOPANIB,ENTRECTINIB,0.23655913978494625
TOZASERTIB,VANDETANIB,0.2358490566037736
GW441756X,SOTRASTAURIN,0.23529411764705882
PF-562271,CEDIRANIB,0.23484848484848486
ILORASERTIB,PAZOPANIB,0.23404255319148937
PHA-767491,SOTRASTAURIN,0.23300970873786409
DOVITINIB,PAZOPANIB,0.23255813953488372
TAMATINIB,JNJ-7706621,0.23214285714285715
VINCRISTINE,COLCHICINE,0.23148148148148148
HESPERADIN,PD-0166285,0.23148148148148148
TAMATINIB,PHA-767491,0.23140495867768596
RG-1530,SOTRASTAURIN,0.23015873015873015
SP-600125,SOTRASTAURIN,0.22950819672131148
SORAFENIB,PAZOPANIB,0.22857142857142856
DASATINIB ANHYDROUS,VANDETANIB,0.22727272727272727
LINIFANIB,PHA-767491,0.226890756302521
HESPERADIN,GW441756X,0.226890756302521
SP-600125,GEFITINIB,0.2265625
ILORASERTIB,ALSTERPAULLONE,0.22627737226277372
ERLOTINIB,CEDIRANIB,0.22580645161290322
CENISERTIB,ALISERTIB,0.22556390977443608
LINIFANIB,ALISERTIB,0.22549019607843138
DASATINIB ANHYDROUS,ERLOTINIB,0.22522522522522523
CYC-116,SOTRASTAURIN,0.2248062015503876
GW441756X,CEDIRANIB,0.22448979591836735
SORAFENIB,DASATINIB ANHYDROUS,0.22435897435897437
LINIFANIB,ALSTERPAULLONE,0.2222222222222222
GW441756X,ALISERTIB,0.2222222222222222
LINIFANIB,PD-0166285,0.2222222222222222
SP-600125,CEDIRANIB,0.22033898305084745
CEDIRANIB,ALISERTIB,0.21951219512195122
CYC-116,HESPERADIN,0.2191780821917808
ILORASERTIB,GEFITINIB,0.2185430463576159
PROGESTERONE,ESTRADIOL VALERATE,0.21839080459770116
TAMATINIB,GEFITINIB,0.21774193548387097
ILORASERTIB,VANDETANIB,0.21678321678321677
RG-1530,ALSTERPAULLONE,0.21666666666666667
VORINOSTAT,COLCHICINE,0.2159090909090909
CENISERTIB,GEFITINIB,0.21568627450980393
RALOXIFENE HYDROCHLORIDE,MASOPROCOL,0.21518987341772153
GW441756X,KENPAULLONE,0.21505376344086022
SORAFENIB,DOVITINIB,0.21468926553672316
METHOTREXATE,CYTARABINE,0.2138364779874214
ILORASERTIB,PHA-767491,0.21333333333333335
CYC-116,GEFITINIB,0.21323529411764705
NVP-TAE684,GEFITINIB,0.2127659574468085
RG-1530,PHA-767491,0.21212121212121213
GW441756X,JNJ-7706621,0.21212121212121213
CENISERTIB,DASATINIB ANHYDROUS,0.2111801242236025
DOVITINIB,DASATINIB ANHYDROUS,0.2108843537414966
HESPERADIN,LINIFANIB,0.21052631578947367
TAMATINIB,CEDIRANIB,0.21052631578947367
NIFEDIPINE,GOSSYPOL,0.20930232558139536
JNJ-7706621,PALBOCICLIB,0.20930232558139536
ERLOTINIB,ENTRECTINIB,0.20833333333333334
SP-600125,ALISERTIB,0.2072072072072072
DASATINIB ANHYDROUS,ENTRECTINIB,0.2072072072072072
SORAFENIB,CEDIRANIB,0.20714285714285716
ATORVASTATIN CALCIUM TRIHYDRATE,SIMVASTATIN,0.20689655172413793
DOVITINIB,ALISERTIB,0.2066115702479339
SORAFENIB,TOZASERTIB,0.2064516129032258
RG-1530,PAZOPANIB,0.20634920634920634
CENISERTIB,HESPERADIN,0.20606060606060606
DASATINIB ANHYDROUS,PD-0166285,0.205607476635514
PF-562271,GEFITINIB,0.2054794520547945
SP-600125,PD-0166285,0.20512820512820512
JNJ-7706621,ALISERTIB,0.20481927710843373
NIFEDIPINE,CHEMBL:CHEMBL429095,0.20454545454545456
RG-1530,DASATINIB ANHYDROUS,0.20422535211267606
ILORASERTIB,SOTRASTAURIN,0.20408163265306123
NVP-TAE684,HESPERADIN,0.20261437908496732
PD-0166285,PALBOCICLIB,0.20238095238095238
SORAFENIB,RG-1530,0.2023121387283237
TOZASERTIB,ALSTERPAULLONE,0.20192307692307693
CLOZAPINE,HALOPERIDOL DECANOATE,0.2013888888888889
LINIFANIB,PAZOPANIB,0.2
SORAFENIB,CYC-116,0.19886363636363635
SORAFENIB,SUNITINIB,0.19852941176470587
LINIFANIB,DASATINIB ANHYDROUS,0.1984732824427481
NVP-TAE684,KENPAULLONE,0.1984126984126984
DASATINIB ANHYDROUS,GEFITINIB,0.19834710743801653
TAMOXIFEN,RALOXIFENE HYDROCHLORIDE,0.19791666666666666
VANDETANIB,ALISERTIB,0.19767441860465115
CENISERTIB,PAZOPANIB,0.19727891156462585
SP-600125,HESPERADIN,0.19718309859154928
DOVITINIB,VANDETANIB,0.19548872180451127
ERLOTINIB,ALISERTIB,0.19540229885057472
CEDIRANIB,SUNITINIB,0.19540229885057472
CENISERTIB,KENPAULLONE,0.19424460431654678
CURCUMIN,VORINOSTAT,0.1941747572815534
TAMATINIB,DASATINIB ANHYDROUS,0.19402985074626866
PF-562271,DASATINIB ANHYDROUS,0.1935483870967742
NVP-TAE684,VANDETANIB,0.1925925925925926
SOTRASTAURIN,ENTRECTINIB,0.1919191919191919
PF-562271,KENPAULLONE,0.19083969465648856
CHEMBL:CHEMBL429095,RALOXIFENE HYDROCHLORIDE,0.19047619047619047
ILORASERTIB,ERLOTINIB,0.19047619047619047
DOVITINIB,GEFITINIB,0.19014084507042253
CENISERTIB,SORAFENIB,0.18974358974358974
SOTRASTAURIN,ALSTERPAULLONE,0.18947368421052632
CENISERTIB,VANDETANIB,0.1891891891891892
CISPLATIN,CARBOPLATIN,0.18877551020408162
PACLITAXEL,VINCRISTINE,0.18867924528301888
DASATINIB ANHYDROUS,IMATINIB,0.1875
NVP-TAE684,PALBOCICLIB,0.1875
RG-1530,VANDETANIB,0.1875
SORAFENIB,PF-562271,0.18716577540106952
SORAFENIB,SP-600125,0.1871345029239766
SORAFENIB,NVP-TAE684,0.18579234972677597
SORAFENIB,ERLOTINIB,0.18493150684931506
DASATINIB ANHYDROUS,ALISERTIB,0.18446601941747573
LINIFANIB,GEFITINIB,0.184
VALPROIC ACID,TRICHOSTATIN A,0.1839080459770115
NVP-TAE684,PAZOPANIB,0.18382352941176472
PAZOPANIB,VANDETANIB,0.1836734693877551
RG-1530,KENPAULLONE,0.18333333333333332
CYC-116,PAZOPANIB,0.183206106870229
RALOXIFENE HYDROCHLORIDE,ESTRADIOL VALERATE,0.18292682926829268
CEDIRANIB,JNJ-7706621,0.1827956989247312
HESPERADIN,JNJ-7706621,0.1826086956521739
CYC-116,ERLOTINIB,0.18181818181818182
OLANZAPINE,RISPERIDONE,0.18181818181818182
ERLOTINIB,VANDETANIB,0.18181818181818182
CYCLOPHOSPHAMIDE ANHYDROUS,CYTARABINE,0.18115942028985507
ACETAMINOPHEN,PAREGORIC,0.18072289156626506
SORAFENIB,TAMATINIB,0.17964071856287425
QUERCETIN,MASOPROCOL,0.1792452830188679
DAUNORUBICIN LIPOSOMAL,CYTARABINE,0.1780821917808219
NIFEDIPINE,RALOXIFENE HYDROCHLORIDE,0.17777777777777778
PAZOPANIB,JNJ-7706621,0.17708333333333334
PACLITAXEL,COLCHICINE,0.17647058823529413
CENISERTIB,PALBOCICLIB,0.176056338028169
QUERCETIN,GOSSYPOL,0.17592592592592593
CEDIRANIB,ALSTERPAULLONE,0.17582417582417584
CYC-116,DASATINIB ANHYDROUS,0.17567567567567569
IMATINIB,ERLOTINIB,0.17543859649122806
FLUOROURACIL,CYCLOPHOSPHAMIDE ANHYDROUS,0.17543859649122806
IDARUBICIN,MASOPROCOL,0.175
TAMATINIB,PAZOPANIB,0.175
TOZASERTIB,KENPAULLONE,0.17475728155339806
SP-600125,ERLOTINIB,0.1746031746031746
NVP-TAE684,ERLOTINIB,0.17391304347826086
DOVITINIB,SOTRASTAURIN,0.17391304347826086
VANDETANIB,ENTRECTINIB,0.17346938775510204
HESPERADIN,CEDIRANIB,0.1724137931034483
CENISERTIB,ERLOTINIB,0.17218543046357615
GEFITINIB,CEDIRANIB,0.17142857142857143
JNJ-7706621,KENPAULLONE,0.17045454545454544
ERLOTINIB,PAZOPANIB,0.17
DOCETAXEL ANHYDROUS,VORINOSTAT,0.1694915254237288
LINIFANIB,VANDETANIB,0.1694915254237288
TOZASERTIB,ERLOTINIB,0.168141592920354
HESPERADIN,VANDETANIB,0.16806722689075632
CYC-116,PALBOCICLIB,0.168
RALOXIFENE HYDROCHLORIDE,GOSSYPOL,0.16666666666666666
FLUOROURACIL,IRINOTECAN HYDROCHLORIDE,0.16666666666666666
CHEMBL:CHEMBL429095,IDARUBICIN,0.16666666666666666
DOXORUBICIN HYDROCHLORIDE,CISPLATIN,0.16600790513833993
DOXORUBICIN HYDROCHLORIDE,CYCLOPHOSPHAMIDE ANHYDROUS,0.1658291457286432
PACLITAXEL,CURCUMIN,0.16556291390728478
TOZASERTIB,GEFITINIB,0.1652892561983471
TOZASERTIB,SOTRASTAURIN,0.16521739130434782
VANDETANIB,JNJ-7706621,0.16494845360824742
SOTRASTAURIN,PD-0166285,0.16494845360824742
ENTRECTINIB,PALBOCICLIB,0.16483516483516483
VINCRISTINE,CURCUMIN,0.1640625
TAMATINIB,ERLOTINIB,0.16393442622950818
SORAFENIB,ENTRECTINIB,0.16326530612244897
JNJ-7706621,ALSTERPAULLONE,0.16304347826086957
PF-562271,PALBOCICLIB,0.16296296296296298
DOCETAXEL ANHYDROUS,CURCUMIN,0.16153846153846155
TAMATINIB,SOTRASTAURIN,0.16129032258064516
PF-562271,PAZOPANIB,0.16083916083916083
SORAFENIB,PD-0166285,0.16083916083916083
SORAFENIB,ALISERTIB,0.16058394160583941
DOVITINIB,PHA-767491,0.1597222222222222
PF-562271,ERLOTINIB,0.1597222222222222
TOZASERTIB,PAZOPANIB,0.1592920353982301
TAMATINIB,KENPAULLONE,0.1592920353982301
SORAFENIB,GEFITINIB,0.1592356687898089
GW441756X,ERLOTINIB,0.1588785046728972
PAZOPANIB,ALISERTIB,0.15730337078651685
PACLITAXEL,VORINOSTAT,0.15602836879432624
TAMATINIB,VANDETANIB,0.1557377049180328
DOVITINIB,KENPAULLONE,0.15503875968992248
DOXORUBICIN HYDROCHLORIDE,CYTARABINE,0.155
METHOTREXATE,CYCLOPHOSPHAMIDE ANHYDROUS,0.15476190476190477
VALPROIC ACID,VORINOSTAT,0.15463917525773196
TAMOXIFEN,ESTRADIOL VALERATE,0.15463917525773196
DOXORUBICIN HYDROCHLORIDE,METHOTREXATE,0.15418502202643172
LINIFANIB,JNJ-7706621,0.15384615384615385
DASATINIB ANHYDROUS,PAZOPANIB,0.15384615384615385
ENTRECTINIB,KENPAULLONE,0.15384615384615385
GEFITINIB,ALISERTIB,0.15306122448979592
DACTOLISIB,PALBOCICLIB,0.15294117647058825
PF-562271,VANDETANIB,0.1527777777777778
SORAFENIB,IMATINIB,0.1524390243902439
PHA-767491,JNJ-7706621,0.1523809523809524
GW441756X,PALBOCICLIB,0.15151515151515152
GENISTEIN,RESVERATROL,0.15053763440860216
RG-1530,ERLOTINIB,0.15037593984962405
SP-600125,PALBOCICLIB,0.15
PROGESTERONE,NIFEDIPINE,0.15
PHA-767491,PALBOCICLIB,0.15
RG-1530,GEFITINIB,0.14893617021276595
LINIFANIB,ERLOTINIB,0.1487603305785124
SOTRASTAURIN,JNJ-7706621,0.1485148514851485
KENPAULLONE,ALISERTIB,0.14814814814814814
CYCLOPHOSPHAMIDE ANHYDROUS,VINCRISTINE,0.14788732394366197
ENTRECTINIB,ALSTERPAULLONE,0.14736842105263157
ILORASERTIB,KENPAULLONE,0.14685314685314685
DOCETAXEL ANHYDROUS,VINCRISTINE,0.14685314685314685
SORAFENIB,VANDETANIB,0.14666666666666667
GEFITINIB,VANDETANIB,0.14545454545454545
DOVITINIB,PALBOCICLIB,0.1450381679389313
CEDIRANIB,KENPAULLONE,0.14444444444444443
ERLOTINIB,PD-0166285,0.14432989690721648
DOCETAXEL ANHYDROUS,COLCHICINE,0.1440677966101695
HALOPERIDOL DECANOATE,RISPERIDONE,0.144
HALOPERIDOL DECANOATE,OLANZAPINE,0.14285714285714285
VINCRISTINE,VORINOSTAT,0.14285714285714285
LINIFANIB,SUNITINIB,0.1415929203539823
SP-600125,PAZOPANIB,0.13953488372093023
HESPERADIN,PAZOPANIB,0.13934426229508196
DAUNORUBICIN LIPOSOMAL,IDARUBICIN,0.13934426229508196
DAUNORUBICIN LIPOSOMAL,VINCRISTINE,0.1390728476821192
SIROLIMUS,TRAMETINIB DIMETHYL SULFOXIDE,0.13829787234042554
FLUOROURACIL,CAPECITABINE,0.13815789473684212
TAMATINIB,PALBOCICLIB,0.13793103448275862
TRAMETINIB DIMETHYL SULFOXIDE,PALBOCICLIB,0.13793103448275862
SOTRASTAURIN,CEDIRANIB,0.13725490196078433
LINIFANIB,SOTRASTAURIN,0.13709677419354838
SP-600125,DASATINIB ANHYDROUS,0.136986301369863
NIFEDIPINE,COLCHICINE,0.1368421052631579
ERLOTINIB,DACTOLISIB,0.1368421052631579
GEFITINIB,ENTRECTINIB,0.13636363636363635
DOVITINIB,SUNITINIB,0.13636363636363635
PROGESTERONE,SIMVASTATIN,0.13541666666666666
DOVITINIB,ERLOTINIB,0.1347517730496454
CISPLATIN,PACLITAXEL,0.13452914798206278
SORAFENIB,GW441756X,0.13291139240506328
PROGESTERONE,COLCHICINE,0.1326530612244898
DOXORUBICIN HYDROCHLORIDE,VINCRISTINE,0.1323529411764706
GEFITINIB,PD-0166285,0.1320754716981132
NIFEDIPINE,ESTRADIOL VALERATE,0.13186813186813187
CYTARABINE,IDARUBICIN,0.13157894736842105
CYC-116,VANDETANIB,0.13138686131386862
ALSTERPAULLONE,PD-0166285,0.13043478260869565
IMATINIB,CEDIRANIB,0.13043478260869565
GEMCITABINE,CYTARABINE,0.12987012987012986
FLUOROURACIL,PACLITAXEL,0.12935323383084577
PHA-767491,KENPAULLONE,0.12871287128712872
HESPERADIN,DASATINIB ANHYDROUS,0.12857142857142856
CELECOXIB,NIFEDIPINE,0.12844036697247707
GW441756X,PAZOPANIB,0.12844036697247707
CISPLATIN,FLUOROURACIL,0.1282051282051282
DASATINIB ANHYDROUS,JNJ-7706621,0.1282051282051282
CYCLOPHOSPHAMIDE ANHYDROUS,ETOPOSIDE,0.128
ENTRECTINIB,DACTOLISIB,0.1276595744680851
VANDETANIB,KENPAULLONE,0.1276595744680851
SOTRASTAURIN,ALISERTIB,0.1276595744680851
TAMOXIFEN,CHEMBL:CHEMBL429095,0.12745098039215685
SORAFENIB,HESPERADIN,0.12716763005780346
DASATINIB ANHYDROUS,GW441756X,0.12698412698412698
VANDETANIB,SUNITINIB,0.12631578947368421
PAZOPANIB,DACTOLISIB,0.12631578947368421
RG-1530,PALBOCICLIB,0.12598425196850394
QUERCETIN,NIFEDIPINE,0.125
DASATINIB ANHYDROUS,DACTOLISIB,0.125
CYTARABINE,VINCRISTINE,0.125
IRINOTECAN HYDROCHLORIDE,CAPECITABINE,0.125
PROGESTERONE,GENISTEIN,0.125
DOXORUBICIN HYDROCHLORIDE,IDARUBICIN,0.125
TAMATINIB,ALSTERPAULLONE,0.125
CISPLATIN,IRINOTECAN HYDROCHLORIDE,0.12432432432432433
QUERCETIN,IDARUBICIN,0.12389380530973451
IMATINIB,PD-0166285,0.12389380530973451
ERLOTINIB,TRAMETINIB DIMETHYL SULFOXIDE,0.12371134020618557
DAUNORUBICIN LIPOSOMAL,CYCLOPHOSPHAMIDE ANHYDROUS,0.12337662337662338
SORAFENIB,TRAMETINIB DIMETHYL SULFOXIDE,0.1232876712328767
DAUNORUBICIN LIPOSOMAL,TRICHOSTATIN A,0.12295081967213115
QUERCETIN,DACTOLISIB,0.12280701754385964
ATORVASTATIN CALCIUM TRIHYDRATE,PAREGORIC,0.12222222222222222
CARBOPLATIN,ERLOTINIB,0.12213740458015267
DASATINIB ANHYDROUS,ALSTERPAULLONE,0.12173913043478261
QUERCETIN,CHEMBL:CHEMBL429095,0.12173913043478261
GEFITINIB,ALSTERPAULLONE,0.12149532710280374
DAUNORUBICIN LIPOSOMAL,VALPROIC ACID,0.12121212121212122
TAMOXIFEN,MASOPROCOL,0.12121212121212122
ESTRADIOL VALERATE,MASOPROCOL,0.12048192771084337
TAMOXIFEN,NIFEDIPINE,0.12037037037037036
IMATINIB,ENTRECTINIB,0.11864406779661017
DOXORUBICIN HYDROCHLORIDE,GOSSYPOL,0.11864406779661017
JNJ-7706621,DACTOLISIB,0.11827956989247312
PHA-767491,ENTRECTINIB,0.11818181818181818
TAMOXIFEN,GENISTEIN,0.11818181818181818
METHOTREXATE,ETOPOSIDE,0.11764705882352941
CARBOPLATIN,DOCETAXEL ANHYDROUS,0.11764705882352941
RG-1530,SUNITINIB,0.1171875
TAMOXIFEN,ETOPOSIDE,0.11711711711711711
ILORASERTIB,IMATINIB,0.11695906432748537
IMATINIB,TRAMETINIB DIMETHYL SULFOXIDE,0.11607142857142858
DASATINIB ANHYDROUS,KENPAULLONE,0.11607142857142858
PAZOPANIB,KENPAULLONE,0.11578947368421053
NIFEDIPINE,SIMVASTATIN,0.11578947368421053
DEXAMETHASONE,PROGESTERONE,0.11538461538461539
RESVERATROL,GOSSYPOL,0.11494252873563218
ILORASERTIB,SUNITINIB,0.11486486486486487
ILORASERTIB,PALBOCICLIB,0.11486486486486487
ATORVASTATIN CALCIUM TRIHYDRATE,ACETAMINOPHEN,0.11458333333333333
GEFITINIB,PALBOCICLIB,0.11428571428571428
GENISTEIN,RALOXIFENE HYDROCHLORIDE,0.1134020618556701
VANDETANIB,TRAMETINIB DIMETHYL SULFOXIDE,0.1134020618556701
PAZOPANIB,TRAMETINIB DIMETHYL SULFOXIDE,0.1134020618556701
METHOTREXATE,TAMOXIFEN,0.11320754716981132
LINIFANIB,KENPAULLONE,0.11304347826086956
QUERCETIN,RESVERATROL,0.11304347826086956
TAMATINIB,IMATINIB,0.11267605633802817
NERISPIRDINE,CARBAMAZEPINE,0.11235955056179775
SOTRASTAURIN,KENPAULLONE,0.11224489795918367
DOXORUBICIN HYDROCHLORIDE,PACLITAXEL,0.11206896551724138
GEFITINIB,SOTRASTAURIN,0.11206896551724138
TOZASERTIB,PHA-767491,0.112
RG-1530,IMATINIB,0.1118421052631579
SORAFENIB,JNJ-7706621,0.1118421052631579
DOXORUBICIN HYDROCHLORIDE,ETOPOSIDE,0.11170212765957446
DOXORUBICIN HYDROCHLORIDE,FLUOROURACIL,0.1115702479338843
PD-0166285,KENPAULLONE,0.1111111111111111
DOXORUBICIN HYDROCHLORIDE,CHEMBL:CHEMBL429095,0.1111111111111111
DOCETAXEL ANHYDROUS,SIROLIMUS,0.1111111111111111
PACLITAXEL,CYCLOPHOSPHAMIDE ANHYDROUS,0.1111111111111111
CYTARABINE,ETOPOSIDE,0.1111111111111111
CARBOPLATIN,IRINOTECAN HYDROCHLORIDE,0.11029411764705882
PD-0166285,DACTOLISIB,0.10989010989010989
CYC-116,IMATINIB,0.10967741935483871
CYCLOSPORINE,ATORVASTATIN CALCIUM TRIHYDRATE,0.109375
COLCHICINE,SIMVASTATIN,0.10869565217391304
IMATINIB,GEFITINIB,0.10852713178294573
DEXAMETHASONE,ESTRADIOL VALERATE,0.10833333333333334
GW441756X,VANDETANIB,0.10810810810810811
DOXORUBICIN HYDROCHLORIDE,MASOPROCOL,0.10734463276836158
CISPLATIN,GEMCITABINE,0.10697674418604651
FLUOROURACIL,CARBOPLATIN,0.10695187165775401
DOVITINIB,IMATINIB,0.1069182389937107
ERLOTINIB,JNJ-7706621,0.10679611650485436
SORAFENIB,ALSTERPAULLONE,0.10666666666666667
DOXORUBICIN HYDROCHLORIDE,QUERCETIN,0.10628019323671498
METHOTREXATE,DEXAMETHASONE,0.10614525139664804
DEXAMETHASONE,CYTARABINE,0.10596026490066225
PACLITAXEL,ERLOTINIB,0.10596026490066225
CENISERTIB,DACTOLISIB,0.10596026490066225
GEFITINIB,PAZOPANIB,0.10526315789473684
GENISTEIN,ESTRADIOL VALERATE,0.10526315789473684
NIFEDIPINE,RESVERATROL,0.10526315789473684
CEDIRANIB,TRAMETINIB DIMETHYL SULFOXIDE,0.10526315789473684
CYCLOSPORINE,SIMVASTATIN,0.10483870967741936
ERLOTINIB,SIROLIMUS,0.10476190476190476
RESVERATROL,MASOPROCOL,0.10465116279069768
IMATINIB,TOZASERTIB,0.1044776119402985
DASATINIB ANHYDROUS,TRAMETINIB DIMETHYL SULFOXIDE,0.10434782608695652
SIROLIMUS,PALBOCICLIB,0.10416666666666667
GENISTEIN,KENPAULLONE,0.10416666666666667
SIROLIMUS,DACTOLISIB,0.10416666666666667
HESPERADIN,GEFITINIB,0.1037037037037037
METHOTREXATE,DAUNORUBICIN LIPOSOMAL,0.10326086956521739
VANDETANIB,DACTOLISIB,0.10309278350515463
PAZOPANIB,PALBOCICLIB,0.10309278350515463
DOVITINIB,DACTOLISIB,0.10294117647058823
CISPLATIN,GOSSYPOL,0.10285714285714286
PHA-767491,PD-0166285,0.102803738317757
HESPERADIN,ERLOTINIB,0.10236220472440945
SIMVASTATIN,ESTRADIOL VALERATE,0.10227272727272728
CHEMBL:CHEMBL429095,ESTRADIOL VALERATE,0.10227272727272728
ALSTERPAULLONE,ALISERTIB,0.10227272727272728
ERLOTINIB,PALBOCICLIB,0.10204081632653061
RISPERIDONE,ACETAMINOPHEN,0.10185185185185185
CISPLATIN,DOCETAXEL ANHYDROUS,0.10144927536231885
NVP-TAE684,DACTOLISIB,0.10144927536231885
RALOXIFENE HYDROCHLORIDE,IDARUBICIN,0.10112359550561797
IMATINIB,ALISERTIB,0.10091743119266056
SIMVASTATIN,CARBAMAZEPINE,0.1
SOTRASTAURIN,PALBOCICLIB,0.1
RALOXIFENE HYDROCHLORIDE,RESVERATROL,0.1
GENISTEIN,COLCHICINE,0.1
TRAMETINIB DIMETHYL SULFOXIDE,DACTOLISIB,0.1
COLCHICINE,ESTRADIOL VALERATE,0.1
METHOTREXATE,CYCLOSPORINE,0.09944751381215469
IMATINIB,VANDETANIB,0.09917355371900827
IMATINIB,PAZOPANIB,0.09917355371900827
PHA-767491,ALISERTIB,0.09900990099009901
DOXORUBICIN HYDROCHLORIDE,RALOXIFENE HYDROCHLORIDE,0.0989010989010989
NVP-TAE684,IMATINIB,0.09876543209876543
GEFITINIB,PHA-767491,0.09836065573770492
PD-0166285,SUNITINIB,0.09782608695652174
CYTARABINE,TAMOXIFEN,0.09774436090225563
DOXORUBICIN HYDROCHLORIDE,CYCLOSPORINE,0.09722222222222222
METHOTREXATE,MASOPROCOL,0.09722222222222222
RISPERIDONE,PAREGORIC,0.0970873786407767
TAMOXIFEN,GOSSYPOL,0.0970873786407767
DOXORUBICIN HYDROCHLORIDE,TAMOXIFEN,0.09693877551020408
CENISERTIB,IMATINIB,0.09659090909090909
ASPIRIN,ACETAMINOPHEN,0.09659090909090909
METHOTREXATE,ESTRADIOL VALERATE,0.09655172413793103
SORAFENIB,SIROLIMUS,0.09615384615384616
PACLITAXEL,IRINOTECAN HYDROCHLORIDE,0.09615384615384616
TAMOXIFEN,RESVERATROL,0.09615384615384616
NIFEDIPINE,IDARUBICIN,0.09473684210526316
CEDIRANIB,DACTOLISIB,0.09473684210526316
CEDIRANIB,PALBOCICLIB,0.09473684210526316
QUERCETIN,SOTRASTAURIN,0.09375
HESPERADIN,KENPAULLONE,0.09322033898305085
LINIFANIB,PALBOCICLIB,0.09322033898305085
PALBOCICLIB,ALISERTIB,0.09302325581395349
VALPROIC ACID,CARBAMAZEPINE,0.09278350515463918
ERLOTINIB,PROGESTERONE,0.09259259259259259
IMATINIB,JNJ-7706621,0.09243697478991597
DOCETAXEL ANHYDROUS,ETOPOSIDE,0.09230769230769231
CARBOPLATIN,CAPECITABINE,0.09230769230769231
CLOZAPINE,VALPROIC ACID,0.09219858156028368
ERLOTINIB,KENPAULLONE,0.09183673469387756
VANDETANIB,PALBOCICLIB,0.09183673469387756
SOTRASTAURIN,VANDETANIB,0.09174311926605505
DOXORUBICIN HYDROCHLORIDE,CARBOPLATIN,0.09174311926605505
RG-1530,DACTOLISIB,0.0916030534351145
LINIFANIB,IMATINIB,0.09154929577464789
PACLITAXEL,ETOPOSIDE,0.0915032679738562
CISPLATIN,MASOPROCOL,0.09142857142857143
SIMVASTATIN,PAREGORIC,0.09090909090909091
CARBOPLATIN,GEFITINIB,0.09090909090909091
SORAFENIB,PHA-767491,0.09090909090909091
DEXAMETHASONE,GENISTEIN,0.09090909090909091
METHOTREXATE,VINCRISTINE,0.0903954802259887
CYCLOSPORINE,CYCLOPHOSPHAMIDE ANHYDROUS,0.09032258064516129
PROGESTERONE,RALOXIFENE HYDROCHLORIDE,0.09
PROGESTERONE,CHEMBL:CHEMBL429095,0.09
VALPROIC ACID,ACETAMINOPHEN,0.09
RESVERATROL,KENPAULLONE,0.0898876404494382
CYCLOSPORINE,ETOPOSIDE,0.08955223880597014
DAUNORUBICIN LIPOSOMAL,VORINOSTAT,0.08955223880597014
RISPERIDONE,ATORVASTATIN CALCIUM TRIHYDRATE,0.08928571428571429
PF-562271,IMATINIB,0.08928571428571429
IRINOTECAN HYDROCHLORIDE,ETOPOSIDE,0.08928571428571429
TOZASERTIB,PALBOCICLIB,0.08928571428571429
IRINOTECAN HYDROCHLORIDE,ERLOTINIB,0.08928571428571429
DOXORUBICIN HYDROCHLORIDE,GENISTEIN,0.08900523560209424
SP-600125,VANDETANIB,0.08888888888888889
GEFITINIB,JNJ-7706621,0.08849557522123894
TRAMETINIB DIMETHYL SULFOXIDE,SUNITINIB,0.08791208791208792
IMATINIB,SUNITINIB,0.08771929824561403
TAMOXIFEN,PROGESTERONE,0.08771929824561403
TAMOXIFEN,ERLOTINIB,0.08771929824561403
METHOTREXATE,CHEMBL:CHEMBL429095,0.087248322147651
SORAFENIB,KENPAULLONE,0.087248322147651
SORAFENIB,SOTRASTAURIN,0.08695652173913043
CHEMBL:CHEMBL429095,SIMVASTATIN,0.08695652173913043
SORAFENIB,DACTOLISIB,0.08666666666666667
CARBOPLATIN,TRAMETINIB DIMETHYL SULFOXIDE,0.08661417322834646
IRINOTECAN HYDROCHLORIDE,TRAMETINIB DIMETHYL SULFOXIDE,0.08653846153846154
VALPROIC ACID,NIFEDIPINE,0.08653846153846154
PACLITAXEL,GEMCITABINE,0.08648648648648649
GEMCITABINE,DOCETAXEL ANHYDROUS,0.08641975308641975
SP-600125,IMATINIB,0.08609271523178808
ALSTERPAULLONE,PALBOCICLIB,0.08602150537634409
CYCLOSPORINE,ACETAMINOPHEN,0.0859375
ILORASERTIB,DACTOLISIB,0.08552631578947369
CYTARABINE,MASOPROCOL,0.08547008547008547
PD-0166285,TRAMETINIB DIMETHYL SULFOXIDE,0.0851063829787234
QUERCETIN,RALOXIFENE HYDROCHLORIDE,0.08403361344537816
DEHYDRATED ALCOHOL,HALOPERIDOL DECANOATE,0.08391608391608392
DEXAMETHASONE,CYCLOPHOSPHAMIDE ANHYDROUS,0.08387096774193549
METHOTREXATE,NIFEDIPINE,0.08387096774193549
GEMCITABINE,TRAMETINIB DIMETHYL SULFOXIDE,0.08333333333333333
HESPERADIN,IMATINIB,0.08333333333333333
CYTARABINE,IMATINIB,0.08333333333333333
HESPERADIN,PALBOCICLIB,0.08333333333333333
GEFITINIB,DACTOLISIB,0.08333333333333333
CYCLOSPORINE,NIFEDIPINE,0.08333333333333333
CYTARABINE,RALOXIFENE HYDROCHLORIDE,0.08264462809917356
ETOPOSIDE,MASOPROCOL,0.08247422680412371
NIFEDIPINE,CARBAMAZEPINE,0.08247422680412371
PROGESTERONE,MASOPROCOL,0.08247422680412371
ETOPOSIDE,NICOTINE POLACRILEX,0.08247422680412371
JNJ-7706621,TRAMETINIB DIMETHYL SULFOXIDE,0.08247422680412371
CARBOPLATIN,SIROLIMUS,0.08208955223880597
HALOPERIDOL DECANOATE,NIFEDIPINE,0.08196721311475409
GENISTEIN,GOSSYPOL,0.08163265306122448
ETOPOSIDE,ESTRADIOL VALERATE,0.08163265306122448
ENTRECTINIB,SUNITINIB,0.08163265306122448
CYC-116,DACTOLISIB,0.08148148148148149
DOCETAXEL ANHYDROUS,IRINOTECAN HYDROCHLORIDE,0.08148148148148149
CISPLATIN,CYTARABINE,0.08133971291866028
CYCLOSPORINE,DEXAMETHASONE,0.08125
DOXORUBICIN HYDROCHLORIDE,IRINOTECAN HYDROCHLORIDE,0.08121827411167512
CISPLATIN,CYCLOPHOSPHAMIDE ANHYDROUS,0.08095238095238096
VALPROIC ACID,SIMVASTATIN,0.08080808080808081
ENTRECTINIB,TRAMETINIB DIMETHYL SULFOXIDE,0.08080808080808081
CYCLOPHOSPHAMIDE ANHYDROUS,COLCHICINE,0.08064516129032258
DACTOLISIB,ALISERTIB,0.08045977011494253
ERLOTINIB,SUNITINIB,0.08
PACLITAXEL,CAPECITABINE,0.08
GENISTEIN,CHEMBL:CHEMBL429095,0.08
PROGESTERONE,CARBAMAZEPINE,0.08
METHOTREXATE,RALOXIFENE HYDROCHLORIDE,0.08
TOZASERTIB,DACTOLISIB,0.07964601769911504
GOSSYPOL,ESTRADIOL VALERATE,0.07954545454545454
SORAFENIB,PALBOCICLIB,0.07947019867549669
CISPLATIN,ETOPOSIDE,0.07936507936507936
CARBOPLATIN,GOSSYPOL,0.07936507936507936
ERLOTINIB,RALOXIFENE HYDROCHLORIDE,0.07920792079207921
ERLOTINIB,SIMVASTATIN,0.07920792079207921
ETOPOSIDE,CHEMBL:CHEMBL429095,0.07920792079207921
DOXORUBICIN HYDROCHLORIDE,DOCETAXEL ANHYDROUS,0.0787037037037037
CARBAMAZEPINE,ESTRADIOL VALERATE,0.07865168539325842
DOXORUBICIN HYDROCHLORIDE,NIFEDIPINE,0.07853403141361257
VANDETANIB,ALSTERPAULLONE,0.0784313725490196
PACLITAXEL,SIROLIMUS,0.0784313725490196
RISPERIDONE,VALPROIC ACID,0.0782608695652174
CURCUMIN,NIFEDIPINE,0.0782608695652174
DASATINIB ANHYDROUS,SOTRASTAURIN,0.078125
SP-600125,SUNITINIB,0.078125
DEXAMETHASONE,COLCHICINE,0.078125
CYCLOSPORINE,TAMOXIFEN,0.07801418439716312
DOXORUBICIN HYDROCHLORIDE,DEXAMETHASONE,0.0776255707762557
CISPLATIN,TRETINOIN,0.0776255707762557
GEFITINIB,SIROLIMUS,0.07758620689655173
DAUNORUBICIN LIPOSOMAL,GOSSYPOL,0.07751937984496124
CYCLOSPORINE,COLCHICINE,0.07751937984496124
CENISERTIB,SUNITINIB,0.07741935483870968
PACLITAXEL,CYCLOSPORINE,0.07734806629834254
DOXORUBICIN HYDROCHLORIDE,PROGESTERONE,0.07731958762886598
IMATINIB,GW441756X,0.07692307692307693
CISPLATIN,TAMOXIFEN,0.07692307692307693
COLCHICINE,MASOPROCOL,0.07692307692307693
CHEMBL:CHEMBL429095,KENPAULLONE,0.07692307692307693
CISPLATIN,QUERCETIN,0.07692307692307693
VALPROIC ACID,ATORVASTATIN CALCIUM TRIHYDRATE,0.07692307692307693
ERLOTINIB,CAPECITABINE,0.0761904761904762
RALOXIFENE HYDROCHLORIDE,CARBAMAZEPINE,0.07608695652173914
CLOZAPINE,CYCLOSPORINE,0.07602339181286549
DEXAMETHASONE,NIFEDIPINE,0.07575757575757576
DOCETAXEL ANHYDROUS,ERLOTINIB,0.07575757575757576
GEMCITABINE,PALBOCICLIB,0.07575757575757576
CYTARABINE,ESTRADIOL VALERATE,0.07563025210084033
PF-562271,DACTOLISIB,0.07534246575342465
CISPLATIN,METHOTREXATE,0.07531380753138076
RALOXIFENE HYDROCHLORIDE,SIMVASTATIN,0.07526881720430108
DOXORUBICIN HYDROCHLORIDE,SIMVASTATIN,0.07526881720430108
LINIFANIB,DACTOLISIB,0.075
CISPLATIN,NIFEDIPINE,0.0748663101604278
TAMOXIFEN,SIMVASTATIN,0.07476635514018691
PAZOPANIB,SIROLIMUS,0.07476635514018691
METHOTREXATE,IMATINIB,0.07471264367816093
CISPLATIN,SIROLIMUS,0.07446808510638298
ACETAMINOPHEN,CARBAMAZEPINE,0.07446808510638298
COLCHICINE,CARBAMAZEPINE,0.07446808510638298
GEFITINIB,KENPAULLONE,0.07407407407407407
DEXAMETHASONE,ERLOTINIB,0.07407407407407407
CURCUMIN,GOSSYPOL,0.07407407407407407
CYTARABINE,CHEMBL:CHEMBL429095,0.07377049180327869
COLCHICINE,CHEMBL:CHEMBL429095,0.07368421052631578
ACETAMINOPHEN,SIMVASTATIN,0.07368421052631578
COLCHICINE,RALOXIFENE HYDROCHLORIDE,0.07368421052631578
CYC-116,SUNITINIB,0.07352941176470588
ASPIRIN,RESVERATROL,0.07344632768361582
ETOPOSIDE,GENISTEIN,0.07339449541284404
TAMOXIFEN,COLCHICINE,0.07339449541284404
ERLOTINIB,GENISTEIN,0.07339449541284404
CLOZAPINE,DEHYDRATED ALCOHOL,0.07317073170731707
TAMATINIB,SUNITINIB,0.07317073170731707
ASPIRIN,CHEMBL:CHEMBL429095,0.07303370786516854
METHOTREXATE,QUERCETIN,0.07303370786516854
CURCUMIN,CHEMBL:CHEMBL429095,0.07272727272727272
GEFITINIB,TRAMETINIB DIMETHYL SULFOXIDE,0.07272727272727272
DOCETAXEL ANHYDROUS,TRAMETINIB DIMETHYL SULFOXIDE,0.07258064516129033
CYCLOSPORINE,PAREGORIC,0.07258064516129033
CYCLOSPORINE,TETRADECANOYLPHORBOL ACETATE,0.07258064516129033
HESPERADIN,ALSTERPAULLONE,0.07258064516129033
SORAFENIB,GEMCITABINE,0.07253886010362694
SORAFENIB,PACLITAXEL,0.07246376811594203
CARBOPLATIN,IMATINIB,0.07236842105263158
CAPECITABINE,TRAMETINIB DIMETHYL SULFOXIDE,0.07216494845360824
ACETAMINOPHEN,COLCHICINE,0.07216494845360824
VALPROIC ACID,ESTRADIOL VALERATE,0.07216494845360824
JNJ-7706621,SUNITINIB,0.07216494845360824
GENISTEIN,MASOPROCOL,0.07216494845360824
DASATINIB ANHYDROUS,SIROLIMUS,0.072
CARBOPLATIN,MASOPROCOL,0.072
TRETINOIN,GENISTEIN,0.07194244604316546
SORAFENIB,TAMOXIFEN,0.0718562874251497
CLOZAPINE,CYCLOPHOSPHAMIDE ANHYDROUS,0.0718562874251497
ATORVASTATIN CALCIUM TRIHYDRATE,RALOXIFENE HYDROCHLORIDE,0.07142857142857142
CISPLATIN,TRAMETINIB DIMETHYL SULFOXIDE,0.07142857142857142
ETOPOSIDE,PAREGORIC,0.07142857142857142
DEXAMETHASONE,CARBAMAZEPINE,0.07142857142857142
SOTRASTAURIN,ERLOTINIB,0.07142857142857142
DEXAMETHASONE,TAMOXIFEN,0.07092198581560284
DEXAMETHASONE,SIMVASTATIN,0.07086614173228346
PAZOPANIB,GOSSYPOL,0.0707070707070707
GEMCITABINE,ERLOTINIB,0.07042253521126761
NVP-TAE684,SUNITINIB,0.07042253521126761
CYTARABINE,NIFEDIPINE,0.0703125
CYCLOSPORINE,RALOXIFENE HYDROCHLORIDE,0.0703125
CARBOPLATIN,RESVERATROL,0.0703125
PACLITAXEL,IMATINIB,0.07017543859649122
TOZASERTIB,SUNITINIB,0.07017543859649122
TAMOXIFEN,SIROLIMUS,0.07017543859649122
DOXORUBICIN HYDROCHLORIDE,RESVERATROL,0.06989247311827956
NICOTINE POLACRILEX,PAREGORIC,0.06976744186046512
IMATINIB,IRINOTECAN HYDROCHLORIDE,0.06976744186046512
FLUOROURACIL,TRAMETINIB DIMETHYL SULFOXIDE,0.06962025316455696
CARBOPLATIN,CYTARABINE,0.06962025316455696
TOZASERTIB,TRAMETINIB DIMETHYL SULFOXIDE,0.06956521739130435
NIFEDIPINE,ACETAMINOPHEN,0.06930693069306931
CYCLOPHOSPHAMIDE ANHYDROUS,VALPROIC ACID,0.06923076923076923
DEXAMETHASONE,"INSULIN, REGULAR, HUMAN",0.06923076923076923
DAUNORUBICIN LIPOSOMAL,QUERCETIN,0.06918238993710692
SORAFENIB,NIFEDIPINE,0.06918238993710692
ESTRADIOL VALERATE,NICOTINE POLACRILEX,0.06896551724137931
IMATINIB,DACTOLISIB,0.06896551724137931
IMATINIB,PALBOCICLIB,0.06896551724137931
DOXORUBICIN HYDROCHLORIDE,SORAFENIB,0.06882591093117409
METHOTREXATE,PROGESTERONE,0.06875
VINCRISTINE,ETOPOSIDE,0.06870229007633588
CYCLOPHOSPHAMIDE ANHYDROUS,GENISTEIN,0.06870229007633588
ASPIRIN,MASOPROCOL,0.06857142857142857
GEMCITABINE,IRINOTECAN HYDROCHLORIDE,0.0684931506849315
PHA-767491,ERLOTINIB,0.06837606837606838
SUNITINIB,ALISERTIB,0.06818181818181818
PF-562271,SUNITINIB,0.06802721088435375
HALOPERIDOL DECANOATE,RALOXIFENE HYDROCHLORIDE,0.06779661016949153
HALOPERIDOL DECANOATE,CHEMBL:CHEMBL429095,0.06779661016949153
HESPERADIN,SOTRASTAURIN,0.06766917293233082
GEMCITABINE,DACTOLISIB,0.06766917293233082
PACLITAXEL,SIMVASTATIN,0.06756756756756757
CARBAMAZEPINE,PAREGORIC,0.06741573033707865
CARBAMAZEPINE,MASOPROCOL,0.06741573033707865
NIFEDIPINE,ATORVASTATIN CALCIUM TRIHYDRATE,0.0673076923076923
ETOPOSIDE,COLCHICINE,0.0673076923076923
ETOPOSIDE,ACETAMINOPHEN,0.0673076923076923
ERLOTINIB,ALSTERPAULLONE,0.0673076923076923
DASATINIB ANHYDROUS,PHA-767491,0.06716417910447761
DAUNORUBICIN LIPOSOMAL,CURCUMIN,0.06711409395973154
CYTARABINE,IRINOTECAN HYDROCHLORIDE,0.06666666666666667
RESVERATROL,ESTRADIOL VALERATE,0.06666666666666667
IRINOTECAN HYDROCHLORIDE,DACTOLISIB,0.06666666666666667
CYCLOSPORINE,SIROLIMUS,0.06666666666666667
IRINOTECAN HYDROCHLORIDE,PALBOCICLIB,0.06666666666666667
METHOTREXATE,IDARUBICIN,0.06666666666666667
METHOTREXATE,GOSSYPOL,0.06666666666666667
SIROLIMUS,ATORVASTATIN CALCIUM TRIHYDRATE,0.06666666666666667
HALOPERIDOL DECANOATE,COLCHICINE,0.06666666666666667
DOXORUBICIN HYDROCHLORIDE,ERLOTINIB,0.0663265306122449
ASPIRIN,COLCHICINE,0.06629834254143646
SUNITINIB,KENPAULLONE,0.06593406593406594
RESVERATROL,IDARUBICIN,0.06593406593406594
FLUOROURACIL,ETOPOSIDE,0.0658682634730539
METHOTREXATE,SIMVASTATIN,0.06578947368421052
CLOZAPINE,CARBAMAZEPINE,0.06569343065693431
CYCLOSPORINE,PROGESTERONE,0.06569343065693431
HESPERADIN,SUNITINIB,0.06557377049180328
CISPLATIN,RALOXIFENE HYDROCHLORIDE,0.06557377049180328
HESPERADIN,DACTOLISIB,0.06557377049180328
PROGESTERONE,ATORVASTATIN CALCIUM TRIHYDRATE,0.06542056074766354
CELECOXIB,ESTRADIOL VALERATE,0.06542056074766354
GEFITINIB,MASOPROCOL,0.06542056074766354
GENISTEIN,NIFEDIPINE,0.06542056074766354
TAMOXIFEN,PALBOCICLIB,0.06542056074766354
TAMOXIFEN,CARBAMAZEPINE,0.06542056074766354
CURCUMIN,MASOPROCOL,0.06542056074766354
FLUOROURACIL,GEMCITABINE,0.06532663316582915
CYCLOPHOSPHAMIDE ANHYDROUS,TAMOXIFEN,0.06521739130434782
RALOXIFENE HYDROCHLORIDE,KENPAULLONE,0.06521739130434782
ACETAMINOPHEN,NICOTINE POLACRILEX,0.06521739130434782
COLCHICINE,NICOTINE POLACRILEX,0.06521739130434782
CLOZAPINE,RALOXIFENE HYDROCHLORIDE,0.06521739130434782
CLOZAPINE,CHEMBL:CHEMBL429095,0.06521739130434782
COLCHICINE,PAREGORIC,0.06521739130434782
CYCLOPHOSPHAMIDE ANHYDROUS,CARBAMAZEPINE,0.06504065040650407
SORAFENIB,SIMVASTATIN,0.06493506493506493
METHOTREXATE,ACETAMINOPHEN,0.06493506493506493
DOXORUBICIN HYDROCHLORIDE,ESTRADIOL VALERATE,0.06486486486486487
ASPIRIN,NIFEDIPINE,0.06486486486486487
ERLOTINIB,NIFEDIPINE,0.06481481481481481
ETOPOSIDE,NIFEDIPINE,0.06481481481481481
VANDETANIB,SIROLIMUS,0.06481481481481481
DOCETAXEL ANHYDROUS,TAMOXIFEN,0.06474820143884892
DOXORUBICIN HYDROCHLORIDE,CLOZAPINE,0.06465517241379311
FLUOROURACIL,METHOTREXATE,0.06451612903225806
"INSULIN, REGULAR, HUMAN",STREPTOZOCIN,0.06451612903225806
DEXAMETHASONE,TETRADECANOYLPHORBOL ACETATE,0.06451612903225806
DOCETAXEL ANHYDROUS,CYCLOPHOSPHAMIDE ANHYDROUS,0.06451612903225806
CYCLOPHOSPHAMIDE ANHYDROUS,CHEMBL:CHEMBL429095,0.06451612903225806
DOCETAXEL ANHYDROUS,PALBOCICLIB,0.06451612903225806
IMATINIB,SIROLIMUS,0.06451612903225806
CHEMBL:CHEMBL429095,RESVERATROL,0.06451612903225806
CLOZAPINE,ACETAMINOPHEN,0.06428571428571428
ETOPOSIDE,SIROLIMUS,0.06422018348623854
ETOPOSIDE,VALPROIC ACID,0.06422018348623854
PROGESTERONE,SIROLIMUS,0.06422018348623854
ILORASERTIB,TRAMETINIB DIMETHYL SULFOXIDE,0.0641025641025641
IMATINIB,GENISTEIN,0.064
CYTARABINE,ACETAMINOPHEN,0.064
HALOPERIDOL DECANOATE,VALPROIC ACID,0.064
FLUOROURACIL,SORAFENIB,0.0639269406392694
ASPIRIN,ETOPOSIDE,0.06382978723404255
TRETINOIN,ETOPOSIDE,0.06382978723404255
GEMCITABINE,SIROLIMUS,0.06382978723404255
FLUOROURACIL,CYTARABINE,0.06382978723404255
DEXAMETHASONE,VINCRISTINE,0.06369426751592357
RISPERIDONE,RALOXIFENE HYDROCHLORIDE,0.06363636363636363
HALOPERIDOL DECANOATE,PAZOPANIB,0.06349206349206349
SORAFENIB,CYCLOSPORINE,0.06349206349206349
CYCLOSPORINE,ESTRADIOL VALERATE,0.06349206349206349
DOVITINIB,TRAMETINIB DIMETHYL SULFOXIDE,0.06338028169014084
CYCLOSPORINE,CYTARABINE,0.06329113924050633
DOXORUBICIN HYDROCHLORIDE,COLCHICINE,0.06315789473684211
SORAFENIB,CARBOPLATIN,0.06315789473684211
ETOPOSIDE,PROGESTERONE,0.06306306306306306
ASPIRIN,METHOTREXATE,0.06302521008403361
DEXAMETHASONE,RESVERATROL,0.06299212598425197
CURCUMIN,CELECOXIB,0.06299212598425197
SORAFENIB,ATORVASTATIN CALCIUM TRIHYDRATE,0.06289308176100629
CISPLATIN,IMATINIB,0.06280193236714976
ACETAMINOPHEN,RALOXIFENE HYDROCHLORIDE,0.0625
CELECOXIB,ACETAMINOPHEN,0.0625
ANTIDEPRESSANT AGENT,RALOXIFENE HYDROCHLORIDE,0.0625
GEMCITABINE,DASATINIB ANHYDROUS,0.0625
CYCLOSPORINE,CARBAMAZEPINE,0.0625
NIFEDIPINE,PAREGORIC,0.0625
QUERCETIN,GENISTEIN,0.06201550387596899
DOCETAXEL ANHYDROUS,CAPECITABINE,0.06201550387596899
TRETINOIN,TETRADECANOYLPHORBOL ACETATE,0.06201550387596899
CYCLOSPORINE,CHEMBL:CHEMBL429095,0.06201550387596899
IRINOTECAN HYDROCHLORIDE,SIROLIMUS,0.061946902654867256
CAPECITABINE,PALBOCICLIB,0.061855670103092786
SIROLIMUS,TETRADECANOYLPHORBOL ACETATE,0.061855670103092786
ASPIRIN,TAMOXIFEN,0.061855670103092786
VALPROIC ACID,PAREGORIC,0.061855670103092786
ASPIRIN,GOSSYPOL,0.06179775280898876
DOXORUBICIN HYDROCHLORIDE,TRETINOIN,0.06167400881057269
QUERCETIN,ETOPOSIDE,0.06153846153846154
DOXORUBICIN HYDROCHLORIDE,VALPROIC ACID,0.06153846153846154
SP-600125,DACTOLISIB,0.06153846153846154
IRINOTECAN HYDROCHLORIDE,PAZOPANIB,0.06140350877192982
PHA-767491,CEDIRANIB,0.06140350877192982
TRETINOIN,CYCLOPHOSPHAMIDE ANHYDROUS,0.06134969325153374
DOXORUBICIN HYDROCHLORIDE,IMATINIB,0.06132075471698113
CLOZAPINE,ETOPOSIDE,0.061224489795918366
ATORVASTATIN CALCIUM TRIHYDRATE,CARBAMAZEPINE,0.061224489795918366
GENISTEIN,TRICHOSTATIN A,0.061224489795918366
NIFEDIPINE,KENPAULLONE,0.061224489795918366
DOXORUBICIN HYDROCHLORIDE,GEMCITABINE,0.0611353711790393
ASPIRIN,RALOXIFENE HYDROCHLORIDE,0.06111111111111111
HALOPERIDOL DECANOATE,MASOPROCOL,0.06086956521739131
HALOPERIDOL DECANOATE,PAREGORIC,0.06086956521739131
TAMOXIFEN,VALPROIC ACID,0.06086956521739131
HALOPERIDOL DECANOATE,NICOTINE POLACRILEX,0.06086956521739131
DAUNORUBICIN LIPOSOMAL,RESVERATROL,0.06060606060606061
CYTARABINE,ERLOTINIB,0.06060606060606061
PROGESTERONE,PAREGORIC,0.06060606060606061
DASATINIB ANHYDROUS,IRINOTECAN HYDROCHLORIDE,0.06060606060606061
PROGESTERONE,NICOTINE POLACRILEX,0.06060606060606061
CARBOPLATIN,CYCLOSPORINE,0.06060606060606061
PACLITAXEL,TRAMETINIB DIMETHYL SULFOXIDE,0.06040268456375839
IMATINIB,KENPAULLONE,0.0603448275862069
PACLITAXEL,GEFITINIB,0.060240963855421686
DEXAMETHASONE,ATORVASTATIN CALCIUM TRIHYDRATE,0.06015037593984962
CISPLATIN,RESVERATROL,0.060109289617486336
FLUOROURACIL,IMATINIB,0.060109289617486336
CISPLATIN,PALBOCICLIB,0.060109289617486336
SORAFENIB,IRINOTECAN HYDROCHLORIDE,0.059880239520958084
TRETINOIN,DEXAMETHASONE,0.059880239520958084
HALOPERIDOL DECANOATE,GOSSYPOL,0.05982905982905983
DOCETAXEL ANHYDROUS,DASATINIB ANHYDROUS,0.059602649006622516
FLUOROURACIL,ERLOTINIB,0.05952380952380952
GENISTEIN,CARBAMAZEPINE,0.0594059405940594
VALPROIC ACID,RALOXIFENE HYDROCHLORIDE,0.0594059405940594
CURCUMIN,SIROLIMUS,0.059322033898305086
DEHYDRATED ALCOHOL,NICOTINE POLACRILEX,0.059322033898305086
CLOZAPINE,PAREGORIC,0.05925925925925926
CYCLOPHOSPHAMIDE ANHYDROUS,QUERCETIN,0.05921052631578947
DEXAMETHASONE,IMATINIB,0.05921052631578947
METHOTREXATE,RESVERATROL,0.05921052631578947
DAUNORUBICIN LIPOSOMAL,CARBOPLATIN,0.05917159763313609
ETOPOSIDE,CARBAMAZEPINE,0.058823529411764705
CELECOXIB,PROGESTERONE,0.058823529411764705
CYCLOSPORINE,IMATINIB,0.058823529411764705
CYCLOSPORINE,VALPROIC ACID,0.058823529411764705
DEXAMETHASONE,PAZOPANIB,0.058823529411764705
RG-1530,TRAMETINIB DIMETHYL SULFOXIDE,0.058823529411764705
PAZOPANIB,RALOXIFENE HYDROCHLORIDE,0.058823529411764705
CELECOXIB,ERLOTINIB,0.058823529411764705
CURCUMIN,GENISTEIN,0.058823529411764705
ERLOTINIB,CARBAMAZEPINE,0.058823529411764705
DASATINIB ANHYDROUS,SUNITINIB,0.058823529411764705
QUERCETIN,ESTRADIOL VALERATE,0.058823529411764705
DASATINIB ANHYDROUS,PALBOCICLIB,0.058823529411764705
DEXAMETHASONE,ETOPOSIDE,0.058394160583941604
CURCUMIN,ERLOTINIB,0.058333333333333334
CISPLATIN,DAUNORUBICIN LIPOSOMAL,0.05829596412556054
ETOPOSIDE,RALOXIFENE HYDROCHLORIDE,0.05825242718446602
SORAFENIB,DEXAMETHASONE,0.0582010582010582
METHOTREXATE,CARBOPLATIN,0.0582010582010582
DOXORUBICIN HYDROCHLORIDE,ASPIRIN,0.05818181818181818
CYCLOPHOSPHAMIDE ANHYDROUS,MASOPROCOL,0.05785123966942149
DEXAMETHASONE,DEHYDRATED ALCOHOL,0.057692307692307696
CARBOPLATIN,PROGESTERONE,0.05755395683453238
HESPERADIN,PHA-767491,0.05755395683453238
METHYLPHENIDATE HYDROCHLORIDE,NICOTINE POLACRILEX,0.05747126436781609
CYTARABINE,GOSSYPOL,0.05737704918032787
CYCLOPHOSPHAMIDE ANHYDROUS,ESTRADIOL VALERATE,0.05737704918032787
PACLITAXEL,VANDETANIB,0.05732484076433121
CISPLATIN,SORAFENIB,0.05714285714285714
ERLOTINIB,COLCHICINE,0.05714285714285714
PROGESTERONE,ACETAMINOPHEN,0.05714285714285714
TAMOXIFEN,PAREGORIC,0.05714285714285714
TAMOXIFEN,NICOTINE POLACRILEX,0.05714285714285714
PACLITAXEL,DASATINIB ANHYDROUS,0.05714285714285714
ASPIRIN,CYTARABINE,0.05714285714285714
CISPLATIN,ERLOTINIB,0.05699481865284974
DOXORUBICIN HYDROCHLORIDE,CAPECITABINE,0.05699481865284974
TOZASERTIB,SIROLIMUS,0.056910569105691054
CYTARABINE,RESVERATROL,0.056910569105691054
CYCLOPHOSPHAMIDE ANHYDROUS,IDARUBICIN,0.056910569105691054
ASPIRIN,CYCLOPHOSPHAMIDE ANHYDROUS,0.05687203791469194
ESTRADIOL VALERATE,STREPTOZOCIN,0.056818181818181816
DOXORUBICIN HYDROCHLORIDE,ATORVASTATIN CALCIUM TRIHYDRATE,0.05670103092783505
IRINOTECAN HYDROCHLORIDE,RESVERATROL,0.05660377358490566
CENISERTIB,TRAMETINIB DIMETHYL SULFOXIDE,0.05660377358490566
SIROLIMUS,VORINOSTAT,0.05660377358490566
CYCLOSPORINE,VINCRISTINE,0.05660377358490566
GEFITINIB,IRINOTECAN HYDROCHLORIDE,0.056451612903225805
FLUOROURACIL,CYCLOSPORINE,0.05641025641025641
METHOTREXATE,VALPROIC ACID,0.05625
IDARUBICIN,TRICHOSTATIN A,0.056179775280898875
KENPAULLONE,MASOPROCOL,0.056179775280898875
KENPAULLONE,TRICHOSTATIN A,0.056179775280898875
ASPIRIN,ESTRADIOL VALERATE,0.056179775280898875
GENISTEIN,ATORVASTATIN CALCIUM TRIHYDRATE,0.056074766355140186
TAMOXIFEN,KENPAULLONE,0.056074766355140186
IRINOTECAN HYDROCHLORIDE,RALOXIFENE HYDROCHLORIDE,0.056074766355140186
CYCLOPHOSPHAMIDE ANHYDROUS,SIMVASTATIN,0.056
CYCLOPHOSPHAMIDE ANHYDROUS,RALOXIFENE HYDROCHLORIDE,0.056
TAMATINIB,DACTOLISIB,0.056
CELECOXIB,TAMOXIFEN,0.056
DOCETAXEL ANHYDROUS,GEFITINIB,0.055944055944055944
PACLITAXEL,CYTARABINE,0.055865921787709494
DOXORUBICIN HYDROCHLORIDE,DASATINIB ANHYDROUS,0.05581395348837209
CYCLOSPORINE,NICOTINE POLACRILEX,0.05555555555555555
GW441756X,DACTOLISIB,0.05555555555555555
CYCLOSPORINE,MASOPROCOL,0.05555555555555555
TRAMETINIB DIMETHYL SULFOXIDE,ALISERTIB,0.05555555555555555
RESVERATROL,TRICHOSTATIN A,0.05555555555555555
IDARUBICIN,ESTRADIOL VALERATE,0.05555555555555555
CLOZAPINE,NIFEDIPINE,0.05517241379310345
DEHYDRATED ALCOHOL,ATORVASTATIN CALCIUM TRIHYDRATE,0.05511811023622047
CYCLOPHOSPHAMIDE ANHYDROUS,ACETAMINOPHEN,0.05511811023622047
CURCUMIN,ESTRADIOL VALERATE,0.05504587155963303
SIMVASTATIN,MASOPROCOL,0.054945054945054944
RALOXIFENE HYDROCHLORIDE,PAREGORIC,0.054945054945054944
RALOXIFENE HYDROCHLORIDE,TRICHOSTATIN A,0.054945054945054944
CHEMBL:CHEMBL429095,PAREGORIC,0.054945054945054944
SORAFENIB,ETOPOSIDE,0.054878048780487805
SORAFENIB,PROGESTERONE,0.054878048780487805
DAUNORUBICIN LIPOSOMAL,IRINOTECAN HYDROCHLORIDE,0.0547945205479452
BORTEZOMIB,RESVERATROL,0.0546875
DEHYDRATED ALCOHOL,NIFEDIPINE,0.0546875
HALOPERIDOL DECANOATE,PROGESTERONE,0.0546875
HALOPERIDOL DECANOATE,ETOPOSIDE,0.0546875
PROGESTERONE,VALPROIC ACID,0.05454545454545454
CISPLATIN,CYCLOSPORINE,0.05454545454545454
CELECOXIB,RESVERATROL,0.05454545454545454
CISPLATIN,CURCUMIN,0.054455445544554455
CYCLOSPORINE,CURCUMIN,0.05442176870748299
PALBOCICLIB,KENPAULLONE,0.05434782608695652
CURCUMIN,GEFITINIB,0.05426356589147287
VINCRISTINE,ATORVASTATIN CALCIUM TRIHYDRATE,0.05426356589147287
DEXAMETHASONE,CHEMBL:CHEMBL429095,0.05426356589147287
DEXAMETHASONE,RALOXIFENE HYDROCHLORIDE,0.05426356589147287
METHOTREXATE,IRINOTECAN HYDROCHLORIDE,0.05421686746987952
CURCUMIN,RESVERATROL,0.05405405405405406
CISPLATIN,CHEMBL:CHEMBL429095,0.05405405405405406
CELECOXIB,RALOXIFENE HYDROCHLORIDE,0.05405405405405406
SORAFENIB,CYTARABINE,0.05405405405405406
CELECOXIB,SIMVASTATIN,0.05405405405405406
CARBOPLATIN,CURCUMIN,0.05405405405405406
TAMOXIFEN,ACETAMINOPHEN,0.05405405405405406
CLOZAPINE,QUERCETIN,0.05389221556886228
FLUOROURACIL,SIROLIMUS,0.05389221556886228
CARBOPLATIN,CARBAMAZEPINE,0.05384615384615385
CARBOPLATIN,PALBOCICLIB,0.05384615384615385
SORAFENIB,CYCLOPHOSPHAMIDE ANHYDROUS,0.053763440860215055
SIMVASTATIN,IDARUBICIN,0.053763440860215055
ACETAMINOPHEN,MASOPROCOL,0.053763440860215055
ASPIRIN,ATORVASTATIN CALCIUM TRIHYDRATE,0.053763440860215055
PACLITAXEL,RESVERATROL,0.053691275167785234
ERLOTINIB,ETOPOSIDE,0.05357142857142857
DAUNORUBICIN LIPOSOMAL,DEXAMETHASONE,0.05357142857142857
FLUOROURACIL,PAZOPANIB,0.05357142857142857
SORAFENIB,DOCETAXEL ANHYDROUS,0.053475935828877004
QUERCETIN,PROGESTERONE,0.05343511450381679
TRETINOIN,ESTRADIOL VALERATE,0.05343511450381679
DEXAMETHASONE,ACETAMINOPHEN,0.05343511450381679
CARBOPLATIN,RALOXIFENE HYDROCHLORIDE,0.05343511450381679
QUERCETIN,ERLOTINIB,0.05343511450381679
DEXAMETHASONE,ANTIDEPRESSANT AGENT,0.05343511450381679
CYCLOPHOSPHAMIDE ANHYDROUS,NIFEDIPINE,0.05343511450381679
GEMCITABINE,TAMOXIFEN,0.05333333333333334
CHEMBL:CHEMBL429095,CARBAMAZEPINE,0.05319148936170213
SIMVASTATIN,RESVERATROL,0.05319148936170213
ACETAMINOPHEN,ESTRADIOL VALERATE,0.05319148936170213
FLUOROURACIL,QUERCETIN,0.05319148936170213
DOXORUBICIN HYDROCHLORIDE,CURCUMIN,0.05314009661835749
SOTRASTAURIN,PAZOPANIB,0.05309734513274336
TRETINOIN,GOSSYPOL,0.05303030303030303
PACLITAXEL,DAUNORUBICIN LIPOSOMAL,0.05291005291005291
CISPLATIN,CAPECITABINE,0.05291005291005291
METHOTREXATE,PACLITAXEL,0.05263157894736842
DOXORUBICIN HYDROCHLORIDE,TRAMETINIB DIMETHYL SULFOXIDE,0.05263157894736842
COLCHICINE,KENPAULLONE,0.05263157894736842
SORAFENIB,MASOPROCOL,0.05263157894736842
TAMOXIFEN,ATORVASTATIN CALCIUM TRIHYDRATE,0.05263157894736842
CURCUMIN,ACETAMINOPHEN,0.05263157894736842
ACETAMINOPHEN,KENPAULLONE,0.05263157894736842
VINCRISTINE,PROGESTERONE,0.05263157894736842
SORAFENIB,CELECOXIB,0.05232558139534884
METHOTREXATE,CARBAMAZEPINE,0.05228758169934641
CYCLOPHOSPHAMIDE ANHYDROUS,DEHYDRATED ALCOHOL,0.05228758169934641
CYCLOPHOSPHAMIDE ANHYDROUS,ERLOTINIB,0.05223880597014925
DOCETAXEL ANHYDROUS,GENISTEIN,0.05223880597014925
IRINOTECAN HYDROCHLORIDE,VANDETANIB,0.05217391304347826
ALSTERPAULLONE,DACTOLISIB,0.052083333333333336
ATORVASTATIN CALCIUM TRIHYDRATE,NICOTINE POLACRILEX,0.052083333333333336
COLCHICINE,RESVERATROL,0.052083333333333336
CISPLATIN,GENISTEIN,0.05181347150259067
HALOPERIDOL DECANOATE,METHYLPHENIDATE HYDROCHLORIDE,0.05172413793103448
NIFEDIPINE,NICOTINE POLACRILEX,0.05154639175257732
NIFEDIPINE,TRICHOSTATIN A,0.05154639175257732
ACETAMINOPHEN,CHEMBL:CHEMBL429095,0.05154639175257732
CLOZAPINE,NICOTINE POLACRILEX,0.051470588235294115
CLOZAPINE,MASOPROCOL,0.051470588235294115
DEXAMETHASONE,VALPROIC ACID,0.051470588235294115
CLOZAPINE,METHYLPHENIDATE HYDROCHLORIDE,0.051470588235294115
HALOPERIDOL DECANOATE,ESTRADIOL VALERATE,0.05128205128205128
TAMOXIFEN,PAZOPANIB,0.05128205128205128
SORAFENIB,METHOTREXATE,0.05116279069767442
QUERCETIN,TAMOXIFEN,0.051094890510948905
CARBOPLATIN,NIFEDIPINE,0.051094890510948905
VINCRISTINE,IRINOTECAN HYDROCHLORIDE,0.051094890510948905
SIROLIMUS,MASOPROCOL,0.05102040816326531
SIROLIMUS,STREPTOZOCIN,0.05102040816326531
VALPROIC ACID,MASOPROCOL,0.05102040816326531
CELECOXIB,SIROLIMUS,0.05084745762711865
GEFITINIB,NIFEDIPINE,0.05084745762711865
CELECOXIB,VALPROIC ACID,0.05084745762711865
DOXORUBICIN HYDROCHLORIDE,SIROLIMUS,0.050761421319796954
SP-600125,NIFEDIPINE,0.050724637681159424
CYCLOSPORINE,GENISTEIN,0.050724637681159424
CYCLOPHOSPHAMIDE ANHYDROUS,IRINOTECAN HYDROCHLORIDE,0.050724637681159424
SORAFENIB,COLCHICINE,0.05063291139240506
ASPIRIN,PACLITAXEL,0.05063291139240506
ATORVASTATIN CALCIUM TRIHYDRATE,SUNITINIB,0.050505050505050504
ASPIRIN,CELECOXIB,0.050505050505050504
VORINOSTAT,PALBOCICLIB,0.050505050505050504
CAPECITABINE,RALOXIFENE HYDROCHLORIDE,0.050505050505050504
IMATINIB,SIMVASTATIN,0.05042016806722689
DEHYDRATED ALCOHOL,TETRADECANOYLPHORBOL ACETATE,0.05042016806722689
CARBOPLATIN,PAZOPANIB,0.050359712230215826
CARBOPLATIN,VANDETANIB,0.050359712230215826
DAUNORUBICIN LIPOSOMAL,ATORVASTATIN CALCIUM TRIHYDRATE,0.050359712230215826
PACLITAXEL,PROGESTERONE,0.050314465408805034
METHOTREXATE,CLOZAPINE,0.05025125628140704
GEMCITABINE,CAPECITABINE,0.05
ERLOTINIB,MASOPROCOL,0.05
ETOPOSIDE,STREPTOZOCIN,0.05
ERLOTINIB,PAREGORIC,0.05
HALOPERIDOL DECANOATE,SIMVASTATIN,0.05
CURCUMIN,VANDETANIB,0.05
QUERCETIN,GEFITINIB,0.05
CISPLATIN,DEXAMETHASONE,0.05
SP-600125,QUERCETIN,0.05
ASPIRIN,IDARUBICIN,0.05
"INSULIN, REGULAR, HUMAN",COLCHICINE,0.05
CARBOPLATIN,VINCRISTINE,0.049689440993788817
SP-600125,ETOPOSIDE,0.04964539007092199
CYTARABINE,PAREGORIC,0.049586776859504134
VINCRISTINE,NICOTINE POLACRILEX,0.049586776859504134
DASATINIB ANHYDROUS,RALOXIFENE HYDROCHLORIDE,0.049586776859504134
ASPIRIN,SIMVASTATIN,0.04945054945054945
METHOTREXATE,GENISTEIN,0.04938271604938271
CYCLOPHOSPHAMIDE ANHYDROUS,PAREGORIC,0.04918032786885246
FLUOROURACIL,ACETAMINOPHEN,0.049079754601226995
ETOPOSIDE,GOSSYPOL,0.049019607843137254
SIROLIMUS,SIMVASTATIN,0.049019607843137254
ERLOTINIB,GOSSYPOL,0.049019607843137254
VALPROIC ACID,CHEMBL:CHEMBL429095,0.049019607843137254
ETOPOSIDE,KENPAULLONE,0.049019607843137254
PROGESTERONE,KENPAULLONE,0.049019607843137254
ATORVASTATIN CALCIUM TRIHYDRATE,COLCHICINE,0.049019607843137254
PAZOPANIB,CARBAMAZEPINE,0.049019607843137254
CISPLATIN,IDARUBICIN,0.04891304347826087
DOXORUBICIN HYDROCHLORIDE,BORTEZOMIB,0.04888888888888889
QUERCETIN,SIMVASTATIN,0.04878048780487805
TRETINOIN,CYTARABINE,0.04878048780487805
VINCRISTINE,IDARUBICIN,0.04878048780487805
IMATINIB,CAPECITABINE,0.04878048780487805
CYTARABINE,KENPAULLONE,0.04878048780487805
CISPLATIN,DACTOLISIB,0.04864864864864865
ERLOTINIB,RESVERATROL,0.04854368932038835
ETOPOSIDE,RESVERATROL,0.04854368932038835
PROGESTERONE,RESVERATROL,0.04854368932038835
GENISTEIN,SIMVASTATIN,0.04854368932038835
PACLITAXEL,TAMOXIFEN,0.048484848484848485
IMATINIB,ATORVASTATIN CALCIUM TRIHYDRATE,0.04838709677419355
LINIFANIB,TRAMETINIB DIMETHYL SULFOXIDE,0.04838709677419355
CYTARABINE,CARBAMAZEPINE,0.04838709677419355
DAUNORUBICIN LIPOSOMAL,DOCETAXEL ANHYDROUS,0.04819277108433735
CARBOPLATIN,DEXAMETHASONE,0.04819277108433735
ETOPOSIDE,SIMVASTATIN,0.04807692307692308
IRINOTECAN HYDROCHLORIDE,MASOPROCOL,0.04807692307692308
VALPROIC ACID,COLCHICINE,0.04807692307692308
ERLOTINIB,CHEMBL:CHEMBL429095,0.04807692307692308
CYTARABINE,SIMVASTATIN,0.048
VINCRISTINE,SIMVASTATIN,0.048
QUERCETIN,COLCHICINE,0.048
DASATINIB ANHYDROUS,CAPECITABINE,0.048
NVP-TAE684,TRAMETINIB DIMETHYL SULFOXIDE,0.04794520547945205
CARBOPLATIN,TAMOXIFEN,0.04794520547945205
CENISERTIB,QUERCETIN,0.047872340425531915
FLUOROURACIL,VALPROIC ACID,0.047619047619047616
PACLITAXEL,TETRADECANOYLPHORBOL ACETATE,0.047619047619047616
PAZOPANIB,ALSTERPAULLONE,0.047619047619047616
DEXAMETHASONE,STREPTOZOCIN,0.047619047619047616
CYCLOSPORINE,CELECOXIB,0.047619047619047616
CYC-116,QUERCETIN,0.047619047619047616
ASPIRIN,QUERCETIN,0.047619047619047616
DOXORUBICIN HYDROCHLORIDE,CARBAMAZEPINE,0.04736842105263158
DEHYDRATED ALCOHOL,OLANZAPINE,0.0472972972972973
DOCETAXEL ANHYDROUS,RALOXIFENE HYDROCHLORIDE,0.047244094488188976
CYTARABINE,COLCHICINE,0.047244094488188976
GEFITINIB,TAMOXIFEN,0.047244094488188976
SIROLIMUS,CAPECITABINE,0.04716981132075472
IRINOTECAN HYDROCHLORIDE,GOSSYPOL,0.04716981132075472
ASPIRIN,PROGESTERONE,0.04712041884816754
DAUNORUBICIN LIPOSOMAL,CYCLOSPORINE,0.047058823529411764
VINCRISTINE,IMATINIB,0.04697986577181208
CYC-116,ETOPOSIDE,0.04697986577181208
TRETINOIN,TAMOXIFEN,0.04697986577181208
DEXAMETHASONE,KENPAULLONE,0.046875
IMATINIB,PROGESTERONE,0.046875
PACLITAXEL,PALBOCICLIB,0.04666666666666667
CYCLOPHOSPHAMIDE ANHYDROUS,IMATINIB,0.04666666666666667
FLUOROURACIL,DOCETAXEL ANHYDROUS,0.046632124352331605
VINCRISTINE,DASATINIB ANHYDROUS,0.046357615894039736
CELECOXIB,MASOPROCOL,0.046296296296296294
RISPERIDONE,MASOPROCOL,0.046296296296296294
RISPERIDONE,NICOTINE POLACRILEX,0.046296296296296294
CISPLATIN,VINCRISTINE,0.046296296296296294
PAZOPANIB,ATORVASTATIN CALCIUM TRIHYDRATE,0.046296296296296294
DEHYDRATED ALCOHOL,SIROLIMUS,0.046153846153846156
ASPIRIN,DEXAMETHASONE,0.04608294930875576
ASPIRIN,CYCLOSPORINE,0.045871559633027525
CURCUMIN,NICOTINE POLACRILEX,0.045871559633027525
PAZOPANIB,NIFEDIPINE,0.045871559633027525
ERLOTINIB,VORINOSTAT,0.045871559633027525
GW441756X,SUNITINIB,0.045871559633027525
GEFITINIB,PAREGORIC,0.045871559633027525
CARBOPLATIN,SUNITINIB,0.04580152671755725
DAUNORUBICIN LIPOSOMAL,MASOPROCOL,0.04580152671755725
METHOTREXATE,KENPAULLONE,0.0457516339869281
SORAFENIB,PAREGORIC,0.0457516339869281
CYC-116,DEXAMETHASONE,0.045714285714285714
MASOPROCOL,TRICHOSTATIN A,0.045454545454545456
CARBOPLATIN,CHEMBL:CHEMBL429095,0.045454545454545456
GEMCITABINE,GEFITINIB,0.045454545454545456
CYTARABINE,VALPROIC ACID,0.045454545454545456
MASOPROCOL,STREPTOZOCIN,0.045454545454545456
CELECOXIB,DALFAMPRIDINE,0.045454545454545456
CISPLATIN,BORTEZOMIB,0.04524886877828054
CYTARABINE,PAZOPANIB,0.045112781954887216
CYTARABINE,GENISTEIN,0.045112781954887216
CYCLOPHOSPHAMIDE ANHYDROUS,SIROLIMUS,0.045112781954887216
CELECOXIB,CARBAMAZEPINE,0.04504504504504504
CELECOXIB,DACTOLISIB,0.04504504504504504
ASPIRIN,CURCUMIN,0.045
ESTRADIOL VALERATE,PAREGORIC,0.0449438202247191
ESTRADIOL VALERATE,TRICHOSTATIN A,0.0449438202247191
CYCLOSPORINE,HALOPERIDOL DECANOATE,0.04487179487179487
SORAFENIB,RESVERATROL,0.04487179487179487
IMATINIB,TAMOXIFEN,0.04477611940298507
FLUOROURACIL,DAUNORUBICIN LIPOSOMAL,0.04477611940298507
CYTARABINE,PROGESTERONE,0.04477611940298507
TAMATINIB,SIROLIMUS,0.04477611940298507
VINCRISTINE,ERLOTINIB,0.04477611940298507
ASPIRIN,PAREGORIC,0.0446927374301676
ASPIRIN,STREPTOZOCIN,0.0446927374301676
ASPIRIN,NICOTINE POLACRILEX,0.0446927374301676
ETOPOSIDE,VANDETANIB,0.044642857142857144
CELECOXIB,NERISPIRDINE,0.044642857142857144
CELECOXIB,TRAMETINIB DIMETHYL SULFOXIDE,0.044642857142857144
PROGESTERONE,VANDETANIB,0.044642857142857144
SORAFENIB,CHEMBL:CHEMBL429095,0.044585987261146494
METHOTREXATE,COLCHICINE,0.044585987261146494
DAUNORUBICIN LIPOSOMAL,CHEMBL:CHEMBL429095,0.044444444444444446
GOSSYPOL,TRICHOSTATIN A,0.044444444444444446
GEFITINIB,SIMVASTATIN,0.04424778761061947
IRINOTECAN HYDROCHLORIDE,ATORVASTATIN CALCIUM TRIHYDRATE,0.04424778761061947
IRINOTECAN HYDROCHLORIDE,CEDIRANIB,0.04424778761061947
GEFITINIB,RALOXIFENE HYDROCHLORIDE,0.04424778761061947
SOTRASTAURIN,SIROLIMUS,0.04424778761061947
CURCUMIN,RALOXIFENE HYDROCHLORIDE,0.04424778761061947
CURCUMIN,SIMVASTATIN,0.04424778761061947
CISPLATIN,GEFITINIB,0.04411764705882353
DOCETAXEL ANHYDROUS,PROGESTERONE,0.04411764705882353
GEMCITABINE,CARBAMAZEPINE,0.04411764705882353
DASATINIB ANHYDROUS,TAMOXIFEN,0.04411764705882353
CYCLOSPORINE,QUERCETIN,0.0440251572327044
RESVERATROL,TETRADECANOYLPHORBOL ACETATE,0.04395604395604396
RESVERATROL,STREPTOZOCIN,0.04395604395604396
SORAFENIB,HALOPERIDOL DECANOATE,0.04395604395604396
KENPAULLONE,ESTRADIOL VALERATE,0.04395604395604396
TAMOXIFEN,CAPECITABINE,0.043859649122807015
CELECOXIB,COLCHICINE,0.043859649122807015
IMATINIB,CURCUMIN,0.043795620437956206
TRETINOIN,ANTIDEPRESSANT AGENT,0.043795620437956206
CARBOPLATIN,DEHYDRATED ALCOHOL,0.04375
CARBOPLATIN,QUERCETIN,0.04375
SIMVASTATIN,TRICHOSTATIN A,0.043478260869565216
SIMVASTATIN,NICOTINE POLACRILEX,0.043478260869565216
GOSSYPOL,KENPAULLONE,0.043478260869565216
CLOZAPINE,ESTRADIOL VALERATE,0.043478260869565216
FLUOROURACIL,PALBOCICLIB,0.043478260869565216
FLUOROURACIL,CARBAMAZEPINE,0.043478260869565216
CISPLATIN,ESTRADIOL VALERATE,0.043478260869565216
IDARUBICIN,KENPAULLONE,0.043478260869565216
TAMOXIFEN,VORINOSTAT,0.043478260869565216
CHEMBL:CHEMBL429095,TRICHOSTATIN A,0.043478260869565216
DOXORUBICIN HYDROCHLORIDE,CELECOXIB,0.04326923076923077
SORAFENIB,QUERCETIN,0.043243243243243246
FLUOROURACIL,SIMVASTATIN,0.043209876543209874
DASATINIB ANHYDROUS,CURCUMIN,0.04316546762589928
QUERCETIN,PHA-767491,0.04316546762589928
DAUNORUBICIN LIPOSOMAL,CAPECITABINE,0.04316546762589928
BORTEZOMIB,ETOPOSIDE,0.04316546762589928
DACTOLISIB,KENPAULLONE,0.043010752688172046
PACLITAXEL,BORTEZOMIB,0.043010752688172046
SP-600125,CYTARABINE,0.04294478527607362
CYCLOSPORINE,ERLOTINIB,0.04285714285714286
VINCRISTINE,TAMOXIFEN,0.04285714285714286
DEHYDRATED ALCOHOL,RISPERIDONE,0.04285714285714286
SORAFENIB,VINCRISTINE,0.0427807486631016
ILORASERTIB,QUERCETIN,0.0427807486631016
METHOTREXATE,DOCETAXEL ANHYDROUS,0.0427807486631016
GW441756X,SIROLIMUS,0.042735042735042736
OLANZAPINE,NICOTINE POLACRILEX,0.042735042735042736
GEFITINIB,CAPECITABINE,0.042735042735042736
METHOTREXATE,ERLOTINIB,0.042682926829268296
PALBOCICLIB,SUNITINIB,0.0425531914893617
ANTIDEPRESSANT AGENT,NICOTINE POLACRILEX,0.0425531914893617
COLCHICINE,TETRADECANOYLPHORBOL ACETATE,0.0425531914893617
DOXORUBICIN HYDROCHLORIDE,PAREGORIC,0.0425531914893617
QUERCETIN,CURCUMIN,0.0425531914893617
DOXORUBICIN HYDROCHLORIDE,TETRADECANOYLPHORBOL ACETATE,0.0425531914893617
PALBOCICLIB,RESVERATROL,0.0425531914893617
TRETINOIN,NIFEDIPINE,0.0425531914893617
PD-0166285,TETRADECANOYLPHORBOL ACETATE,0.0425531914893617
ANTIDEPRESSANT AGENT,PAREGORIC,0.0425531914893617
ACETAMINOPHEN,METHYLPHENIDATE HYDROCHLORIDE,0.0425531914893617
COLCHICINE,TRICHOSTATIN A,0.0425531914893617
CLOZAPINE,SIMVASTATIN,0.0425531914893617
COLCHICINE,METHYLPHENIDATE HYDROCHLORIDE,0.0425531914893617
CYC-116,TRAMETINIB DIMETHYL SULFOXIDE,0.0425531914893617
SORAFENIB,GENISTEIN,0.04242424242424243
RISPERIDONE,NIFEDIPINE,0.0423728813559322
SP-600125,PROGESTERONE,0.04225352112676056
TRETINOIN,SIROLIMUS,0.04225352112676056
ILORASERTIB,SIROLIMUS,0.04216867469879518
RALOXIFENE HYDROCHLORIDE,PALBOCICLIB,0.042105263157894736
ANTIDEPRESSANT AGENT,ESTRADIOL VALERATE,0.042105263157894736
SIMVASTATIN,DACTOLISIB,0.042105263157894736
ASPIRIN,VALPROIC ACID,0.042105263157894736
DEXAMETHASONE,IRINOTECAN HYDROCHLORIDE,0.04195804195804196
CLOZAPINE,COLCHICINE,0.04195804195804196
CLOZAPINE,ANTIDEPRESSANT AGENT,0.04195804195804196
FLUOROURACIL,ATORVASTATIN CALCIUM TRIHYDRATE,0.041916167664670656
ASPIRIN,GENISTEIN,0.041884816753926704
DAUNORUBICIN LIPOSOMAL,ETOPOSIDE,0.041666666666666664
RISPERIDONE,GENISTEIN,0.041666666666666664
DASATINIB ANHYDROUS,GOSSYPOL,0.041666666666666664
CYCLOSPORINE,IRINOTECAN HYDROCHLORIDE,0.041666666666666664
CYCLOPHOSPHAMIDE ANHYDROUS,CURCUMIN,0.041666666666666664
HALOPERIDOL DECANOATE,CARBAMAZEPINE,0.041666666666666664
QUERCETIN,TRICHOSTATIN A,0.041666666666666664
DEHYDRATED ALCOHOL,PAREGORIC,0.041666666666666664
HALOPERIDOL DECANOATE,SUNITINIB,0.041666666666666664
FLUOROURACIL,VINCRISTINE,0.041666666666666664
SP-600125,DEXAMETHASONE,0.041666666666666664
HALOPERIDOL DECANOATE,RESVERATROL,0.041666666666666664
DOXORUBICIN HYDROCHLORIDE,HALOPERIDOL DECANOATE,0.041474654377880185
METHOTREXATE,SP-600125,0.04145077720207254
CYCLOHEXIMIDE,NIFEDIPINE,0.041379310344827586
BORTEZOMIB,TAMOXIFEN,0.041379310344827586
RISPERIDONE,ERLOTINIB,0.04132231404958678
DOXORUBICIN HYDROCHLORIDE,ACETAMINOPHEN,0.041237113402061855
ANTIDEPRESSANT AGENT,CARBAMAZEPINE,0.041237113402061855
ACETAMINOPHEN,RESVERATROL,0.041237113402061855
ATORVASTATIN CALCIUM TRIHYDRATE,MASOPROCOL,0.041237113402061855
FLUOROURACIL,VANDETANIB,0.041176470588235294
FLUOROURACIL,GENISTEIN,0.041176470588235294
CLOZAPINE,ATORVASTATIN CALCIUM TRIHYDRATE,0.0410958904109589
METHOTREXATE,TRETINOIN,0.041025641025641026
CISPLATIN,PAZOPANIB,0.041025641025641026
IMATINIB,ALSTERPAULLONE,0.040983606557377046
QUERCETIN,KENPAULLONE,0.040983606557377046
GEFITINIB,ETOPOSIDE,0.040983606557377046
IMATINIB,COLCHICINE,0.040983606557377046
GEFITINIB,PROGESTERONE,0.040983606557377046
CURCUMIN,PROGESTERONE,0.040983606557377046
CURCUMIN,ETOPOSIDE,0.040983606557377046
CLOZAPINE,CYTARABINE,0.04093567251461988
TRETINOIN,CYCLOSPORINE,0.04093567251461988
ASPIRIN,CARBOPLATIN,0.04090909090909091
PACLITAXEL,ALISERTIB,0.04081632653061224
DEXAMETHASONE,CELECOXIB,0.04081632653061224
ASPIRIN,SORAFENIB,0.04081632653061224
TRETINOIN,CARBOPLATIN,0.040697674418604654
HALOPERIDOL DECANOATE,ANTIDEPRESSANT AGENT,0.04065040650406504
TAMOXIFEN,IRINOTECAN HYDROCHLORIDE,0.04065040650406504
QUERCETIN,CARBAMAZEPINE,0.04065040650406504
HALOPERIDOL DECANOATE,ACETAMINOPHEN,0.04065040650406504
PACLITAXEL,CLOZAPINE,0.04060913705583756
CYCLOSPORINE,RISPERIDONE,0.04054054054054054
PACLITAXEL,NICOTINE POLACRILEX,0.04054054054054054
DEXAMETHASONE,CURCUMIN,0.04054054054054054
DOVITINIB,QUERCETIN,0.04046242774566474
CAPECITABINE,DACTOLISIB,0.04040404040404041
CLOZAPINE,GENISTEIN,0.040268456375838924
CLOZAPINE,PROGESTERONE,0.04
CYTARABINE,PALBOCICLIB,0.04
CYC-116,PROGESTERONE,0.04
NVP-TAE684,QUERCETIN,0.04
LINIFANIB,HALOPERIDOL DECANOATE,0.04
GENISTEIN,NICOTINE POLACRILEX,0.04
CELECOXIB,IRINOTECAN HYDROCHLORIDE,0.04
ACETAMINOPHEN,ANTIDEPRESSANT AGENT,0.04
IMATINIB,VORINOSTAT,0.04
CYTARABINE,SUNITINIB,0.04
ANTIDEPRESSANT AGENT,COLCHICINE,0.04
CISPLATIN,ASPIRIN,0.04
CLOZAPINE,DEXAMETHASONE,0.03977272727272727
PACLITAXEL,SUNITINIB,0.039735099337748346
PACLITAXEL,DACTOLISIB,0.039735099337748346
DOCETAXEL ANHYDROUS,GOSSYPOL,0.03968253968253968
DEHYDRATED ALCOHOL,ACETAMINOPHEN,0.03968253968253968
VINCRISTINE,RALOXIFENE HYDROCHLORIDE,0.03968253968253968
CYTARABINE,TRAMETINIB DIMETHYL SULFOXIDE,0.03968253968253968
PROGESTERONE,TRICHOSTATIN A,0.039603960396039604
ERLOTINIB,NICOTINE POLACRILEX,0.039603960396039604
VALPROIC ACID,KENPAULLONE,0.039603960396039604
SIROLIMUS,GOSSYPOL,0.039603960396039604
VORINOSTAT,TRAMETINIB DIMETHYL SULFOXIDE,0.039603960396039604
FLUOROURACIL,TAMOXIFEN,0.03954802259887006
PF-562271,TRAMETINIB DIMETHYL SULFOXIDE,0.039473684210526314
METHOTREXATE,TETRADECANOYLPHORBOL ACETATE,0.039473684210526314
DEXAMETHASONE,NICOTINE POLACRILEX,0.03937007874015748
DOCETAXEL ANHYDROUS,RESVERATROL,0.03937007874015748
BORTEZOMIB,MASOPROCOL,0.03937007874015748
CYCLOPHOSPHAMIDE ANHYDROUS,TRAMETINIB DIMETHYL SULFOXIDE,0.03937007874015748
DEXAMETHASONE,MASOPROCOL,0.03937007874015748
DOCETAXEL ANHYDROUS,SUNITINIB,0.03937007874015748
DOCETAXEL ANHYDROUS,DACTOLISIB,0.03937007874015748
ASPIRIN,CLOZAPINE,0.039301310043668124
ERLOTINIB,ESTRADIOL VALERATE,0.0392156862745098
SIROLIMUS,SUNITINIB,0.0392156862745098
SIROLIMUS,RESVERATROL,0.0392156862745098
PAZOPANIB,IDARUBICIN,0.0392156862745098
TRETINOIN,CURCUMIN,0.0392156862745098
CURCUMIN,TAMOXIFEN,0.0390625
CARBOPLATIN,ALISERTIB,0.0390625
TAMATINIB,TRAMETINIB DIMETHYL SULFOXIDE,0.0390625
OLANZAPINE,VALPROIC ACID,0.0390625
CYTARABINE,QUERCETIN,0.03896103896103896
CYTARABINE,DEHYDRATED ALCOHOL,0.03896103896103896
PF-562271,QUERCETIN,0.03888888888888889
FLUOROURACIL,GEFITINIB,0.03888888888888889
GENISTEIN,PALBOCICLIB,0.038834951456310676
PROGESTERONE,GOSSYPOL,0.038834951456310676
PAZOPANIB,RESVERATROL,0.038834951456310676
HALOPERIDOL DECANOATE,VANDETANIB,0.03875968992248062
IMATINIB,ETOPOSIDE,0.03875968992248062
BORTEZOMIB,GOSSYPOL,0.03875968992248062
DASATINIB ANHYDROUS,GENISTEIN,0.038461538461538464
HALOPERIDOL DECANOATE,ERLOTINIB,0.038461538461538464
SP-600125,MASOPROCOL,0.038461538461538464
ASPIRIN,KENPAULLONE,0.038461538461538464
GEFITINIB,CELECOXIB,0.038461538461538464
DEXAMETHASONE,SUNITINIB,0.038461538461538464
PAZOPANIB,SIMVASTATIN,0.038461538461538464
SORAFENIB,GOSSYPOL,0.038461538461538464
PAZOPANIB,CHEMBL:CHEMBL429095,0.038461538461538464
CLOZAPINE,TAMOXIFEN,0.038461538461538464
BORTEZOMIB,DACTOLISIB,0.038461538461538464
PROGESTERONE,DACTOLISIB,0.038461538461538464
CYTARABINE,CAPECITABINE,0.038461538461538464
PROGESTERONE,PALBOCICLIB,0.038461538461538464
ASPIRIN,CARBAMAZEPINE,0.03825136612021858
CISPLATIN,ALISERTIB,0.03825136612021858
SORAFENIB,CARBAMAZEPINE,0.03821656050955414
TOZASERTIB,IRINOTECAN HYDROCHLORIDE,0.03816793893129771
CARBOPLATIN,IDARUBICIN,0.03816793893129771
QUERCETIN,VALPROIC ACID,0.03816793893129771
BORTEZOMIB,RALOXIFENE HYDROCHLORIDE,0.03816793893129771
CYTARABINE,ATORVASTATIN CALCIUM TRIHYDRATE,0.03816793893129771
VORINOSTAT,CAPECITABINE,0.0380952380952381
DOXORUBICIN HYDROCHLORIDE,GEFITINIB,0.0380952380952381
SIROLIMUS,PD-0166285,0.0380952380952381
SIROLIMUS,ALSTERPAULLONE,0.0380952380952381
ETOPOSIDE,TRAMETINIB DIMETHYL SULFOXIDE,0.0380952380952381
PACLITAXEL,TAMATINIB,0.03804347826086957
SORAFENIB,RALOXIFENE HYDROCHLORIDE,0.0379746835443038
PACLITAXEL,NIFEDIPINE,0.0379746835443038
QUERCETIN,PAZOPANIB,0.03787878787878788
CARBOPLATIN,DACTOLISIB,0.03787878787878788
DEHYDRATED ALCOHOL,GENISTEIN,0.03787878787878788
CYCLOPHOSPHAMIDE ANHYDROUS,ATORVASTATIN CALCIUM TRIHYDRATE,0.03787878787878788
GENISTEIN,ANTIDEPRESSANT AGENT,0.03773584905660377
SOTRASTAURIN,RESVERATROL,0.03773584905660377
CARBOPLATIN,DASATINIB ANHYDROUS,0.03773584905660377
FLUOROURACIL,TETRADECANOYLPHORBOL ACETATE,0.03773584905660377
FLUOROURACIL,NICOTINE POLACRILEX,0.03773584905660377
DEXAMETHASONE,QUERCETIN,0.03773584905660377
VINCRISTINE,SIROLIMUS,0.03759398496240601
DEHYDRATED ALCOHOL,PROGESTERONE,0.03759398496240601
DEXAMETHASONE,PD-0166285,0.03759398496240601
PACLITAXEL,GENISTEIN,0.0375
DAUNORUBICIN LIPOSOMAL,IMATINIB,0.0375
PACLITAXEL,PAZOPANIB,0.0375
CYCLOSPORINE,DEHYDRATED ALCOHOL,0.0375
PACLITAXEL,DEXAMETHASONE,0.0374331550802139
TAMOXIFEN,STREPTOZOCIN,0.037383177570093455
CISPLATIN,DASATINIB ANHYDROUS,0.037383177570093455
ASPIRIN,VINCRISTINE,0.037383177570093455
ERLOTINIB,ACETAMINOPHEN,0.037383177570093455
PROGESTERONE,ANTIDEPRESSANT AGENT,0.037383177570093455
PROGESTERONE,ALSTERPAULLONE,0.037383177570093455
VINCRISTINE,GENISTEIN,0.03731343283582089
SP-600125,TRAMETINIB DIMETHYL SULFOXIDE,0.03731343283582089
SP-600125,CHEMBL:CHEMBL429095,0.03731343283582089
BORTEZOMIB,VINCRISTINE,0.037267080745341616
METHOTREXATE,ATORVASTATIN CALCIUM TRIHYDRATE,0.037267080745341616
DOXORUBICIN HYDROCHLORIDE,NICOTINE POLACRILEX,0.037037037037037035
FLUOROURACIL,DACTOLISIB,0.037037037037037035
VANDETANIB,CAPECITABINE,0.037037037037037035
SIROLIMUS,CEDIRANIB,0.037037037037037035
DOCETAXEL ANHYDROUS,VALPROIC ACID,0.037037037037037035
PAZOPANIB,CAPECITABINE,0.037037037037037035
IRINOTECAN HYDROCHLORIDE,CARBAMAZEPINE,0.037037037037037035
TRETINOIN,PALBOCICLIB,0.037037037037037035
SORAFENIB,CAPECITABINE,0.037037037037037035
CISPLATIN,DEHYDRATED ALCOHOL,0.037037037037037035
FLUOROURACIL,SUNITINIB,0.037037037037037035
SIROLIMUS,JNJ-7706621,0.037037037037037035
SORAFENIB,VORINOSTAT,0.03680981595092025
FLUOROURACIL,RALOXIFENE HYDROCHLORIDE,0.03680981595092025
HALOPERIDOL DECANOATE,TAMOXIFEN,0.03676470588235294
DAUNORUBICIN LIPOSOMAL,RALOXIFENE HYDROCHLORIDE,0.03676470588235294
TRETINOIN,CHEMBL:CHEMBL429095,0.03676470588235294
CYCLOPHOSPHAMIDE ANHYDROUS,PROGESTERONE,0.03676470588235294
TRETINOIN,SIMVASTATIN,0.03676470588235294
DOCETAXEL ANHYDROUS,PAZOPANIB,0.03676470588235294
DOCETAXEL ANHYDROUS,VANDETANIB,0.03676470588235294
SIROLIMUS,NIFEDIPINE,0.03669724770642202
CENISERTIB,PACLITAXEL,0.03669724770642202
ETOPOSIDE,CAPECITABINE,0.03669724770642202
GENISTEIN,VORINOSTAT,0.03669724770642202
TAMOXIFEN,IDARUBICIN,0.03669724770642202
RISPERIDONE,METHYLPHENIDATE HYDROCHLORIDE,0.03669724770642202
CELECOXIB,STREPTOZOCIN,0.03669724770642202
VANDETANIB,VORINOSTAT,0.03669724770642202
DOXORUBICIN HYDROCHLORIDE,KENPAULLONE,0.03664921465968586
CYCLOSPORINE,DOCETAXEL ANHYDROUS,0.036585365853658534
TRETINOIN,DEHYDRATED ALCOHOL,0.036585365853658534
CYCLOHEXIMIDE,ESTRADIOL VALERATE,0.0364963503649635
IMATINIB,CELECOXIB,0.0364963503649635
BORTEZOMIB,NIFEDIPINE,0.0364963503649635
DOXORUBICIN HYDROCHLORIDE,DACTOLISIB,0.036458333333333336
DOXORUBICIN HYDROCHLORIDE,PALBOCICLIB,0.036458333333333336
ENTRECTINIB,SIROLIMUS,0.03636363636363636
CARBOPLATIN,TAMATINIB,0.03636363636363636
ETOPOSIDE,ATORVASTATIN CALCIUM TRIHYDRATE,0.03636363636363636
RISPERIDONE,ESTRADIOL VALERATE,0.03636363636363636
CURCUMIN,TRICHOSTATIN A,0.03636363636363636
CISPLATIN,VORINOSTAT,0.03626943005181347
BORTEZOMIB,SIROLIMUS,0.036231884057971016
DEXAMETHASONE,ENTRECTINIB,0.036231884057971016
DEXAMETHASONE,SIROLIMUS,0.036231884057971016
GEMCITABINE,RALOXIFENE HYDROCHLORIDE,0.036231884057971016
CARBOPLATIN,CEDIRANIB,0.036231884057971016
TRETINOIN,COLCHICINE,0.036231884057971016
CARBOPLATIN,ATORVASTATIN CALCIUM TRIHYDRATE,0.036231884057971016
RISPERIDONE,KENPAULLONE,0.036036036036036036
GENISTEIN,VALPROIC ACID,0.036036036036036036
PHA-767491,DACTOLISIB,0.036036036036036036
HALOPERIDOL DECANOATE,CURCUMIN,0.03597122302158273
DASATINIB ANHYDROUS,CELECOXIB,0.03597122302158273
QUERCETIN,GW441756X,0.03597122302158273
DEHYDRATED ALCOHOL,TAMOXIFEN,0.03597122302158273
PACLITAXEL,RG-1530,0.035897435897435895
ERLOTINIB,VALPROIC ACID,0.03571428571428571
CLOZAPINE,GOSSYPOL,0.03571428571428571
GENISTEIN,PAZOPANIB,0.03571428571428571
GENISTEIN,VANDETANIB,0.03571428571428571
ASPIRIN,DAUNORUBICIN LIPOSOMAL,0.03571428571428571
RISPERIDONE,CARBAMAZEPINE,0.03571428571428571
CISPLATIN,VANDETANIB,0.03571428571428571
CISPLATIN,PROGESTERONE,0.03553299492385787
ASPIRIN,IRINOTECAN HYDROCHLORIDE,0.03553299492385787
CENISERTIB,SIROLIMUS,0.03550295857988166
PACLITAXEL,CELECOXIB,0.03550295857988166
TAMATINIB,IRINOTECAN HYDROCHLORIDE,0.03546099290780142
GEFITINIB,RESVERATROL,0.035398230088495575
ETOPOSIDE,PAZOPANIB,0.035398230088495575
GEFITINIB,CARBAMAZEPINE,0.035398230088495575
RISPERIDONE,CHEMBL:CHEMBL429095,0.035398230088495575
PROGESTERONE,PAZOPANIB,0.035398230088495575
SORAFENIB,DAUNORUBICIN LIPOSOMAL,0.03535353535353535
PACLITAXEL,CYC-116,0.03535353535353535
DAUNORUBICIN LIPOSOMAL,NIFEDIPINE,0.035211267605633804
CARBOPLATIN,ETOPOSIDE,0.035211267605633804
GEFITINIB,CHEMBL:CHEMBL429095,0.03508771929824561
IRINOTECAN HYDROCHLORIDE,VORINOSTAT,0.03508771929824561
CYTARABINE,RISPERIDONE,0.03496503496503497
GEMCITABINE,CEDIRANIB,0.03496503496503497
CYC-116,CYTARABINE,0.03488372093023256
FLUOROURACIL,PROGESTERONE,0.03488372093023256
DOXORUBICIN HYDROCHLORIDE,PAZOPANIB,0.03482587064676617
CYC-116,ACETAMINOPHEN,0.034722222222222224
BORTEZOMIB,IRINOTECAN HYDROCHLORIDE,0.034722222222222224
CYCLOPHOSPHAMIDE ANHYDROUS,RISPERIDONE,0.034722222222222224
METHOTREXATE,CELECOXIB,0.03468208092485549
METHOTREXATE,CYC-116,0.034653465346534656
RG-1530,DEXAMETHASONE,0.034482758620689655
TRETINOIN,PROGESTERONE,0.034482758620689655
GEFITINIB,COLCHICINE,0.034482758620689655
PACLITAXEL,NVP-TAE684,0.03431372549019608
PACLITAXEL,TOZASERTIB,0.03428571428571429
SORAFENIB,RISPERIDONE,0.03428571428571429
GEMCITABINE,PAZOPANIB,0.03424657534246575
DEXAMETHASONE,GW441756X,0.03424657534246575
IRINOTECAN HYDROCHLORIDE,GENISTEIN,0.03418803418803419
CURCUMIN,"INSULIN, REGULAR, HUMAN",0.03418803418803419
RISPERIDONE,CAPECITABINE,0.03418803418803419
IMATINIB,PAREGORIC,0.03418803418803419
TETRADECANOYLPHORBOL ACETATE,ALISERTIB,0.03409090909090909
SORAFENIB,CURCUMIN,0.03409090909090909
DAUNORUBICIN LIPOSOMAL,TRETINOIN,0.03409090909090909
QUERCETIN,TOZASERTIB,0.034013605442176874
GEMCITABINE,PROGESTERONE,0.034013605442176874
CELECOXIB,ATORVASTATIN CALCIUM TRIHYDRATE,0.03389830508474576
IMATINIB,ESTRADIOL VALERATE,0.03389830508474576
DEXAMETHASONE,RISPERIDONE,0.033783783783783786
BORTEZOMIB,CELECOXIB,0.033783783783783786
RG-1530,ETOPOSIDE,0.033783783783783786
CYC-116,NIFEDIPINE,0.033783783783783786
NICOTINE POLACRILEX,TRICHOSTATIN A,0.033707865168539325
MASOPROCOL,PAREGORIC,0.033707865168539325
MASOPROCOL,NICOTINE POLACRILEX,0.033707865168539325
NICOTINE POLACRILEX,STREPTOZOCIN,0.033707865168539325
DASATINIB ANHYDROUS,MASOPROCOL,0.03361344537815126
CURCUMIN,ATORVASTATIN CALCIUM TRIHYDRATE,0.03361344537815126
TAMOXIFEN,VANDETANIB,0.03361344537815126
GEFITINIB,VORINOSTAT,0.03361344537815126
IMATINIB,IDARUBICIN,0.03361344537815126
PACLITAXEL,MASOPROCOL,0.03355704697986577
QUERCETIN,IMATINIB,0.03355704697986577
CLOZAPINE,CARBOPLATIN,0.0335195530726257
FLUOROURACIL,CLOZAPINE,0.03349282296650718
IMATINIB,RESVERATROL,0.03333333333333333
IMATINIB,CARBAMAZEPINE,0.03333333333333333
DOXORUBICIN HYDROCHLORIDE,RISPERIDONE,0.03333333333333333
CLOZAPINE,PAZOPANIB,0.03333333333333333
HALOPERIDOL DECANOATE,KENPAULLONE,0.03333333333333333
HALOPERIDOL DECANOATE,IDARUBICIN,0.03333333333333333
FLUOROURACIL,CELECOXIB,0.03333333333333333
CISPLATIN,TOZASERTIB,0.03317535545023697
PACLITAXEL,DEHYDRATED ALCOHOL,0.03314917127071823
CLOZAPINE,ERLOTINIB,0.033112582781456956
PACLITAXEL,IDARUBICIN,0.033112582781456956
DASATINIB ANHYDROUS,IDARUBICIN,0.03305785123966942
QUERCETIN,NICOTINE POLACRILEX,0.03305785123966942
CELECOXIB,GENISTEIN,0.03305785123966942
CELECOXIB,PAZOPANIB,0.03305785123966942
RISPERIDONE,PAZOPANIB,0.03305785123966942
RISPERIDONE,VANDETANIB,0.03305785123966942
GOSSYPOL,NICOTINE POLACRILEX,0.03296703296703297
KENPAULLONE,PAREGORIC,0.03296703296703297
IDARUBICIN,METHYLPHENIDATE HYDROCHLORIDE,0.03296703296703297
GOSSYPOL,METHYLPHENIDATE HYDROCHLORIDE,0.03296703296703297
CYTARABINE,HALOPERIDOL DECANOATE,0.03289473684210526
ASPIRIN,DEHYDRATED ALCOHOL,0.03286384976525822
DASATINIB ANHYDROUS,RESVERATROL,0.03278688524590164
RISPERIDONE,PROGESTERONE,0.03278688524590164
RISPERIDONE,ETOPOSIDE,0.03278688524590164
DOVITINIB,SIROLIMUS,0.032679738562091505
CYCLOPHOSPHAMIDE ANHYDROUS,HALOPERIDOL DECANOATE,0.032679738562091505
METHOTREXATE,PAREGORIC,0.032679738562091505
METHOTREXATE,NICOTINE POLACRILEX,0.032679738562091505
PACLITAXEL,RALOXIFENE HYDROCHLORIDE,0.032679738562091505
DAUNORUBICIN LIPOSOMAL,RISPERIDONE,0.032679738562091505
PALBOCICLIB,MASOPROCOL,0.03260869565217391
RESVERATROL,PAREGORIC,0.03260869565217391
SUNITINIB,NICOTINE POLACRILEX,0.03260869565217391
VINCRISTINE,MASOPROCOL,0.032520325203252036
VINCRISTINE,STREPTOZOCIN,0.032520325203252036
DASATINIB ANHYDROUS,SIMVASTATIN,0.032520325203252036
METHOTREXATE,DEHYDRATED ALCOHOL,0.032432432432432434
CISPLATIN,TRICHOSTATIN A,0.032432432432432434
SIMVASTATIN,METHYLPHENIDATE HYDROCHLORIDE,0.03225806451612903
CYCLOPHOSPHAMIDE ANHYDROUS,NICOTINE POLACRILEX,0.03225806451612903
ILORASERTIB,HALOPERIDOL DECANOATE,0.03225806451612903
NVP-TAE684,SIROLIMUS,0.03225806451612903
ILORASERTIB,PACLITAXEL,0.03225806451612903
DOCETAXEL ANHYDROUS,ALISERTIB,0.03225806451612903
CHEMBL:CHEMBL429095,NICOTINE POLACRILEX,0.03225806451612903
DEHYDRATED ALCOHOL,CARBAMAZEPINE,0.03225806451612903
DEHYDRATED ALCOHOL,RESVERATROL,0.03225806451612903
CLOZAPINE,IRINOTECAN HYDROCHLORIDE,0.03225806451612903
CYCLOPHOSPHAMIDE ANHYDROUS,TETRADECANOYLPHORBOL ACETATE,0.03225806451612903
VINCRISTINE,QUERCETIN,0.03225806451612903
SORAFENIB,DEHYDRATED ALCOHOL,0.03208556149732621
METHOTREXATE,PALBOCICLIB,0.03205128205128205
SORAFENIB,ESTRADIOL VALERATE,0.03205128205128205
METHOTREXATE,SUNITINIB,0.03205128205128205
DEHYDRATED ALCOHOL,CHEMBL:CHEMBL429095,0.032
DOCETAXEL ANHYDROUS,STREPTOZOCIN,0.032
DOCETAXEL ANHYDROUS,MASOPROCOL,0.032
DEHYDRATED ALCOHOL,SIMVASTATIN,0.032
DEHYDRATED ALCOHOL,RALOXIFENE HYDROCHLORIDE,0.032
PALBOCICLIB,GOSSYPOL,0.031914893617021274
CARBAMAZEPINE,GOSSYPOL,0.031914893617021274
SUNITINIB,GOSSYPOL,0.031914893617021274
PF-562271,DEXAMETHASONE,0.031914893617021274
CARBAMAZEPINE,KENPAULLONE,0.031914893617021274
DEXAMETHASONE,HALOPERIDOL DECANOATE,0.03184713375796178
SORAFENIB,IDARUBICIN,0.03184713375796178
RISPERIDONE,IRINOTECAN HYDROCHLORIDE,0.031746031746031744
FLUOROURACIL,HALOPERIDOL DECANOATE,0.031746031746031744
CYCLOPHOSPHAMIDE ANHYDROUS,KENPAULLONE,0.031746031746031744
CISPLATIN,SIMVASTATIN,0.031746031746031744
ILORASERTIB,DEHYDRATED ALCOHOL,0.031746031746031744
CYCLOPHOSPHAMIDE ANHYDROUS,GOSSYPOL,0.031746031746031744
ASPIRIN,FLUOROURACIL,0.031746031746031744
CISPLATIN,TAMATINIB,0.03167420814479638
PACLITAXEL,ATORVASTATIN CALCIUM TRIHYDRATE,0.03164556962025317
CYCLOPHOSPHAMIDE ANHYDROUS,HESPERADIN,0.03164556962025317
ACETAMINOPHEN,TRICHOSTATIN A,0.031578947368421054
FLUOROURACIL,DASATINIB ANHYDROUS,0.031578947368421054
ACETAMINOPHEN,STREPTOZOCIN,0.031578947368421054
ANTIDEPRESSANT AGENT,METHYLPHENIDATE HYDROCHLORIDE,0.031578947368421054
DACTOLISIB,RESVERATROL,0.031578947368421054
DOXORUBICIN HYDROCHLORIDE,TRICHOSTATIN A,0.031578947368421054
RESVERATROL,SUNITINIB,0.031578947368421054
SIMVASTATIN,KENPAULLONE,0.031578947368421054
CARBAMAZEPINE,RESVERATROL,0.031578947368421054
DOXORUBICIN HYDROCHLORIDE,DEHYDRATED ALCOHOL,0.03153153153153153
CURCUMIN,IRINOTECAN HYDROCHLORIDE,0.031496062992125984
HESPERADIN,TRAMETINIB DIMETHYL SULFOXIDE,0.031496062992125984
CYCLOPHOSPHAMIDE ANHYDROUS,RESVERATROL,0.031496062992125984
QUERCETIN,ACETAMINOPHEN,0.031496062992125984
HALOPERIDOL DECANOATE,CEDIRANIB,0.031496062992125984
DEHYDRATED ALCOHOL,COLCHICINE,0.031496062992125984
DEHYDRATED ALCOHOL,ALSTERPAULLONE,0.031496062992125984
HALOPERIDOL DECANOATE,ATORVASTATIN CALCIUM TRIHYDRATE,0.031496062992125984
DOVITINIB,IRINOTECAN HYDROCHLORIDE,0.031446540880503145
PF-562271,SIROLIMUS,0.03125
RALOXIFENE HYDROCHLORIDE,DACTOLISIB,0.03125
TOZASERTIB,ETOPOSIDE,0.03125
"INSULIN, REGULAR, HUMAN",TETRADECANOYLPHORBOL ACETATE,0.03125
BORTEZOMIB,QUERCETIN,0.03125
DASATINIB ANHYDROUS,VORINOSTAT,0.03125
METHOTREXATE,BORTEZOMIB,0.03125
PACLITAXEL,ENTRECTINIB,0.03125
ASPIRIN,SIROLIMUS,0.03125
DEXAMETHASONE,PAREGORIC,0.03125
SP-600125,HALOPERIDOL DECANOATE,0.03125
FLUOROURACIL,DEHYDRATED ALCOHOL,0.03125
"INSULIN, REGULAR, HUMAN",MASOPROCOL,0.03125
ASPIRIN,TRETINOIN,0.03111111111111111
PACLITAXEL,TRETINOIN,0.031088082901554404
TRETINOIN,IMATINIB,0.031055900621118012
CYTARABINE,ANTIDEPRESSANT AGENT,0.031007751937984496
SORAFENIB,BORTEZOMIB,0.030927835051546393
COLCHICINE,IDARUBICIN,0.030927835051546393
ACETAMINOPHEN,IDARUBICIN,0.030927835051546393
COLCHICINE,GOSSYPOL,0.030927835051546393
ASPIRIN,ERLOTINIB,0.030927835051546393
BORTEZOMIB,CYTARABINE,0.030864197530864196
DAUNORUBICIN LIPOSOMAL,OLANZAPINE,0.030864197530864196
FLUOROURACIL,IDARUBICIN,0.030864197530864196
DEHYDRATED ALCOHOL,CEDIRANIB,0.03076923076923077
QUERCETIN,ATORVASTATIN CALCIUM TRIHYDRATE,0.03076923076923077
QUERCETIN,CEDIRANIB,0.03076923076923077
VINCRISTINE,"INSULIN, REGULAR, HUMAN",0.03076923076923077
CYCLOPHOSPHAMIDE ANHYDROUS,ANTIDEPRESSANT AGENT,0.03076923076923077
HALOPERIDOL DECANOATE,GENISTEIN,0.03076923076923077
DAUNORUBICIN LIPOSOMAL,DASATINIB ANHYDROUS,0.03067484662576687
SP-600125,DEHYDRATED ALCOHOL,0.03067484662576687
FLUOROURACIL,RESVERATROL,0.03067484662576687
VORINOSTAT,MASOPROCOL,0.030612244897959183
VORINOSTAT,TETRADECANOYLPHORBOL ACETATE,0.030612244897959183
COLCHICINE,DACTOLISIB,0.030612244897959183
ALSTERPAULLONE,SUNITINIB,0.030612244897959183
ATORVASTATIN CALCIUM TRIHYDRATE,HYDROCHLOROTHIAZIDE,0.030612244897959183
DEXAMETHASONE,PALBOCICLIB,0.030534351145038167
BORTEZOMIB,PALBOCICLIB,0.030534351145038167
DEXAMETHASONE,TAMATINIB,0.03048780487804878
METHOTREXATE,SIROLIMUS,0.03048780487804878
BORTEZOMIB,DOCETAXEL ANHYDROUS,0.03048780487804878
ATORVASTATIN CALCIUM TRIHYDRATE,ESTRADIOL VALERATE,0.030303030303030304
CARBOPLATIN,CYCLOPHOSPHAMIDE ANHYDROUS,0.030303030303030304
SIROLIMUS,ALISERTIB,0.030303030303030304
DEHYDRATED ALCOHOL,VALPROIC ACID,0.030303030303030304
ANTIDEPRESSANT AGENT,SIMVASTATIN,0.030303030303030304
IMATINIB,SOTRASTAURIN,0.030303030303030304
BORTEZOMIB,SIMVASTATIN,0.030303030303030304
ALSTERPAULLONE,CHEMBL:CHEMBL429095,0.030303030303030304
QUERCETIN,ENTRECTINIB,0.030303030303030304
DASATINIB ANHYDROUS,PROGESTERONE,0.030303030303030304
CYCLOSPORINE,RESVERATROL,0.030303030303030304
NIFEDIPINE,METHYLPHENIDATE HYDROCHLORIDE,0.030303030303030304
SP-600125,ESTRADIOL VALERATE,0.030303030303030304
CISPLATIN,RG-1530,0.03017241379310345
DOXORUBICIN HYDROCHLORIDE,SP-600125,0.03017241379310345
DOXORUBICIN HYDROCHLORIDE,VORINOSTAT,0.03015075376884422
SORAFENIB,TRETINOIN,0.03015075376884422
FLUOROURACIL,COLCHICINE,0.030120481927710843
SP-600125,CYCLOPHOSPHAMIDE ANHYDROUS,0.030120481927710843
FLUOROURACIL,ANTIDEPRESSANT AGENT,0.030120481927710843
DEHYDRATED ALCOHOL,PAZOPANIB,0.03007518796992481
VINCRISTINE,NIFEDIPINE,0.03007518796992481
TRETINOIN,MASOPROCOL,0.03007518796992481
TRETINOIN,TRICHOSTATIN A,0.03007518796992481
TRETINOIN,NICOTINE POLACRILEX,0.03007518796992481
VALPROIC ACID,STREPTOZOCIN,0.03
ATORVASTATIN CALCIUM TRIHYDRATE,IDARUBICIN,0.03
VALPROIC ACID,NICOTINE POLACRILEX,0.03
SIROLIMUS,TRICHOSTATIN A,0.03
SIROLIMUS,NICOTINE POLACRILEX,0.03
ENTRECTINIB,TETRADECANOYLPHORBOL ACETATE,0.03
CENISERTIB,CARBOPLATIN,0.03
CLOZAPINE,IMATINIB,0.029940119760479042
CYCLOHEXIMIDE,DASATINIB ANHYDROUS,0.029940119760479042
CYTARABINE,ENTRECTINIB,0.029850746268656716
CYTARABINE,SIROLIMUS,0.029850746268656716
DAUNORUBICIN LIPOSOMAL,ESTRADIOL VALERATE,0.029850746268656716
HESPERADIN,SIROLIMUS,0.029850746268656716
BORTEZOMIB,COLCHICINE,0.029850746268656716
CARBOPLATIN,SIMVASTATIN,0.029850746268656716
SIROLIMUS,ESTRADIOL VALERATE,0.0297029702970297
VORINOSTAT,RESVERATROL,0.0297029702970297
GENISTEIN,PAREGORIC,0.0297029702970297
ATORVASTATIN CALCIUM TRIHYDRATE,RESVERATROL,0.0297029702970297
PAZOPANIB,NICOTINE POLACRILEX,0.0297029702970297
DOXORUBICIN HYDROCHLORIDE,VANDETANIB,0.0297029702970297
PAZOPANIB,TETRADECANOYLPHORBOL ACETATE,0.0297029702970297
GENISTEIN,TETRADECANOYLPHORBOL ACETATE,0.0297029702970297
PAZOPANIB,MASOPROCOL,0.0297029702970297
VANDETANIB,PAREGORIC,0.0297029702970297
VORINOSTAT,SUNITINIB,0.0297029702970297
VORINOSTAT,DACTOLISIB,0.0297029702970297
VANDETANIB,MASOPROCOL,0.0297029702970297
GEMCITABINE,MASOPROCOL,0.02962962962962963
VINCRISTINE,PAZOPANIB,0.02962962962962963
DAUNORUBICIN LIPOSOMAL,KENPAULLONE,0.02962962962962963
SP-600125,RALOXIFENE HYDROCHLORIDE,0.02962962962962963
TRETINOIN,DOCETAXEL ANHYDROUS,0.029585798816568046
PROGESTERONE,METHYLPHENIDATE HYDROCHLORIDE,0.029411764705882353
TRETINOIN,RESVERATROL,0.029411764705882353
TRETINOIN,SUNITINIB,0.029411764705882353
CYCLOSPORINE,"INSULIN, REGULAR, HUMAN",0.029411764705882353
VORINOSTAT,CHEMBL:CHEMBL429095,0.029411764705882353
RG-1530,TETRADECANOYLPHORBOL ACETATE,0.029411764705882353
VORINOSTAT,RALOXIFENE HYDROCHLORIDE,0.029411764705882353
DOXORUBICIN HYDROCHLORIDE,CYCLOHEXIMIDE,0.029411764705882353
SIROLIMUS,IDARUBICIN,0.029411764705882353
CYCLOPHOSPHAMIDE ANHYDROUS,VANDETANIB,0.029411764705882353
CYCLOPHOSPHAMIDE ANHYDROUS,PAZOPANIB,0.029411764705882353
PROGESTERONE,TETRADECANOYLPHORBOL ACETATE,0.029411764705882353
NIFEDIPINE,SUNITINIB,0.029411764705882353
ATORVASTATIN CALCIUM TRIHYDRATE,CHEMBL:CHEMBL429095,0.029411764705882353
SORAFENIB,CLOZAPINE,0.02926829268292683
DAUNORUBICIN LIPOSOMAL,SIMVASTATIN,0.029197080291970802
TRETINOIN,RALOXIFENE HYDROCHLORIDE,0.029197080291970802
DEXAMETHASONE,JNJ-7706621,0.029197080291970802
TRETINOIN,TRAMETINIB DIMETHYL SULFOXIDE,0.029197080291970802
SP-600125,ACETAMINOPHEN,0.029197080291970802
VANDETANIB,IDARUBICIN,0.02912621359223301
CISPLATIN,CELECOXIB,0.02912621359223301
VANDETANIB,GOSSYPOL,0.02912621359223301
VALPROIC ACID,SUNITINIB,0.02912621359223301
TRETINOIN,BORTEZOMIB,0.029069767441860465
DOVITINIB,HALOPERIDOL DECANOATE,0.029069767441860465
FLUOROURACIL,RG-1530,0.028985507246376812
GEMCITABINE,RESVERATROL,0.028985507246376812
TAMATINIB,ETOPOSIDE,0.028985507246376812
QUERCETIN,IRINOTECAN HYDROCHLORIDE,0.028985507246376812
ETOPOSIDE,IDARUBICIN,0.028846153846153848
SIROLIMUS,CHEMBL:CHEMBL429095,0.028846153846153848
SIROLIMUS,RALOXIFENE HYDROCHLORIDE,0.028846153846153848
GENISTEIN,SUNITINIB,0.028846153846153848
VANDETANIB,RESVERATROL,0.028846153846153848
CYCLOHEXIMIDE,IDARUBICIN,0.02877697841726619
CYCLOHEXIMIDE,GOSSYPOL,0.02877697841726619
CYC-116,MASOPROCOL,0.02877697841726619
CARBOPLATIN,VORINOSTAT,0.02877697841726619
HALOPERIDOL DECANOATE,CELECOXIB,0.02877697841726619
ILORASERTIB,IRINOTECAN HYDROCHLORIDE,0.028735632183908046
CYC-116,CYCLOPHOSPHAMIDE ANHYDROUS,0.028735632183908046
GEMCITABINE,BORTEZOMIB,0.028735632183908046
CYCLOHEXIMIDE,RESVERATROL,0.02857142857142857
PROGESTERONE,SUNITINIB,0.02857142857142857
NIFEDIPINE,ANTIDEPRESSANT AGENT,0.02857142857142857
ETOPOSIDE,PALBOCICLIB,0.02857142857142857
ETOPOSIDE,SUNITINIB,0.02857142857142857
ASPIRIN,IMATINIB,0.02857142857142857
GENISTEIN,TRAMETINIB DIMETHYL SULFOXIDE,0.02857142857142857
CYC-116,ESTRADIOL VALERATE,0.02857142857142857
CLOZAPINE,DOCETAXEL ANHYDROUS,0.02857142857142857
METHOTREXATE,CURCUMIN,0.02857142857142857
ATORVASTATIN CALCIUM TRIHYDRATE,"INSULIN, REGULAR, HUMAN",0.02857142857142857
IRINOTECAN HYDROCHLORIDE,ALISERTIB,0.02857142857142857
VANDETANIB,RALOXIFENE HYDROCHLORIDE,0.02857142857142857
HALOPERIDOL DECANOATE,GEFITINIB,0.02857142857142857
VANDETANIB,SIMVASTATIN,0.02857142857142857
VANDETANIB,CHEMBL:CHEMBL429095,0.02857142857142857
DEXAMETHASONE,VANDETANIB,0.02857142857142857
HESPERADIN,IRINOTECAN HYDROCHLORIDE,0.02857142857142857
ASPIRIN,HALOPERIDOL DECANOATE,0.02843601895734597
CYCLOHEXIMIDE,DEXAMETHASONE,0.028409090909090908
CENISERTIB,IRINOTECAN HYDROCHLORIDE,0.028409090909090908
BORTEZOMIB,ERLOTINIB,0.028368794326241134
CARBOPLATIN,VALPROIC ACID,0.028368794326241134
CLOZAPINE,IDARUBICIN,0.028368794326241134
CYCLOHEXIMIDE,RALOXIFENE HYDROCHLORIDE,0.028368794326241134
CLOZAPINE,KENPAULLONE,0.028368794326241134
SIROLIMUS,COLCHICINE,0.02830188679245283
IRINOTECAN HYDROCHLORIDE,NICOTINE POLACRILEX,0.02830188679245283
CEDIRANIB,CAPECITABINE,0.02830188679245283
RG-1530,CARBOPLATIN,0.02824858757062147
QUERCETIN,CELECOXIB,0.028169014084507043
CYC-116,CARBAMAZEPINE,0.028169014084507043
CARBOPLATIN,GENISTEIN,0.028169014084507043
QUERCETIN,RISPERIDONE,0.028169014084507043
SP-600125,SIROLIMUS,0.028169014084507043
DEXAMETHASONE,CARFILZOMIB,0.028169014084507043
IRINOTECAN HYDROCHLORIDE,ESTRADIOL VALERATE,0.028037383177570093
SOTRASTAURIN,DACTOLISIB,0.028037383177570093
GENISTEIN,ALSTERPAULLONE,0.028037383177570093
FLUOROURACIL,DOVITINIB,0.028037383177570093
TAMOXIFEN,ALISERTIB,0.028037383177570093
SIROLIMUS,"INSULIN, REGULAR, HUMAN",0.028037383177570093
SOTRASTAURIN,SUNITINIB,0.028037383177570093
PAZOPANIB,COLCHICINE,0.028037383177570093
GENISTEIN,ACETAMINOPHEN,0.028037383177570093
CYC-116,CHEMBL:CHEMBL429095,0.027972027972027972
CYC-116,SIMVASTATIN,0.027972027972027972
CYCLOHEXIMIDE,COLCHICINE,0.027972027972027972
ETOPOSIDE,PD-0166285,0.027777777777777776
VALPROIC ACID,CAPECITABINE,0.027777777777777776
VINCRISTINE,RISPERIDONE,0.027777777777777776
GEMCITABINE,VORINOSTAT,0.027777777777777776
TAMOXIFEN,TRICHOSTATIN A,0.027777777777777776
DAUNORUBICIN LIPOSOMAL,SIROLIMUS,0.027777777777777776
GEMCITABINE,ATORVASTATIN CALCIUM TRIHYDRATE,0.027777777777777776
VINCRISTINE,CELECOXIB,0.027777777777777776
CLOZAPINE,SP-600125,0.027624309392265192
TRETINOIN,PAZOPANIB,0.027586206896551724
CYTARABINE,CURCUMIN,0.027586206896551724
CYC-116,COLCHICINE,0.027586206896551724
ASPIRIN,DOCETAXEL ANHYDROUS,0.027522935779816515
IRINOTECAN HYDROCHLORIDE,SUNITINIB,0.027522935779816515
GENISTEIN,CAPECITABINE,0.027522935779816515
PROGESTERONE,"INSULIN, REGULAR, HUMAN",0.027522935779816515
ASPIRIN,HYDROCHLOROTHIAZIDE,0.027472527472527472
DOVITINIB,DEXAMETHASONE,0.027472527472527472
DAUNORUBICIN LIPOSOMAL,ERLOTINIB,0.0273972602739726
CISPLATIN,CENISERTIB,0.02734375
CLOZAPINE,DAUNORUBICIN LIPOSOMAL,0.0273224043715847
METHOTREXATE,HALOPERIDOL DECANOATE,0.0273224043715847
CELECOXIB,PAREGORIC,0.02727272727272727
CELECOXIB,NICOTINE POLACRILEX,0.02727272727272727
SIROLIMUS,METFORMIN HYDROCHLORIDE,0.02727272727272727
GENISTEIN,CEDIRANIB,0.02727272727272727
CURCUMIN,ALISERTIB,0.02727272727272727
GEMCITABINE,GENISTEIN,0.027210884353741496
RG-1530,SIROLIMUS,0.027210884353741496
PACLITAXEL,HESPERADIN,0.02717391304347826
TAMOXIFEN,SUNITINIB,0.02702702702702703
GEMCITABINE,ETOPOSIDE,0.02702702702702703
ERLOTINIB,ATORVASTATIN CALCIUM TRIHYDRATE,0.02702702702702703
GEFITINIB,TRICHOSTATIN A,0.02702702702702703
CURCUMIN,PAREGORIC,0.02702702702702703
TAMOXIFEN,DACTOLISIB,0.02702702702702703
CARBOPLATIN,GW441756X,0.026845637583892617
GW441756X,TRAMETINIB DIMETHYL SULFOXIDE,0.026785714285714284
CELECOXIB,KENPAULLONE,0.026785714285714284
CELECOXIB,GOSSYPOL,0.026785714285714284
PAZOPANIB,VALPROIC ACID,0.026785714285714284
GENISTEIN,SIROLIMUS,0.026785714285714284
TAMOXIFEN,TRAMETINIB DIMETHYL SULFOXIDE,0.026785714285714284
IRINOTECAN HYDROCHLORIDE,PD-0166285,0.026785714285714284
IRINOTECAN HYDROCHLORIDE,ACETAMINOPHEN,0.026785714285714284
GEFITINIB,ESTRADIOL VALERATE,0.026785714285714284
VANDETANIB,VALPROIC ACID,0.026785714285714284
RISPERIDONE,IDARUBICIN,0.026785714285714284
FLUOROURACIL,TOZASERTIB,0.026737967914438502
PACLITAXEL,STREPTOZOCIN,0.02666666666666667
DEXAMETHASONE,GEFITINIB,0.02666666666666667
CYC-116,VALPROIC ACID,0.02666666666666667
CYCLOHEXIMIDE,PROGESTERONE,0.02666666666666667
SP-600125,TAMOXIFEN,0.02666666666666667
CYC-116,SIROLIMUS,0.02666666666666667
METHOTREXATE,HESPERADIN,0.026595744680851064
CURCUMIN,KENPAULLONE,0.02654867256637168
CURCUMIN,IDARUBICIN,0.02654867256637168
CELECOXIB,SUNITINIB,0.02654867256637168
ETOPOSIDE,ENTRECTINIB,0.02654867256637168
QUERCETIN,HALOPERIDOL DECANOATE,0.026490066225165563
CYC-116,GENISTEIN,0.026490066225165563
CARBOPLATIN,CELECOXIB,0.026490066225165563
CYCLOSPORINE,GEFITINIB,0.026490066225165563
PACLITAXEL,ESTRADIOL VALERATE,0.026490066225165563
CLOZAPINE,CYC-116,0.026455026455026454
GEFITINIB,SUNITINIB,0.02631578947368421
PACLITAXEL,KENPAULLONE,0.02631578947368421
CELECOXIB,CHEMBL:CHEMBL429095,0.02631578947368421
QUERCETIN,DASATINIB ANHYDROUS,0.02631578947368421
RISPERIDONE,SIMVASTATIN,0.02631578947368421
FLUOROURACIL,ILORASERTIB,0.026200873362445413
DOXORUBICIN HYDROCHLORIDE,STREPTOZOCIN,0.02617801047120419
RG-1530,IRINOTECAN HYDROCHLORIDE,0.026143790849673203
VINCRISTINE,HALOPERIDOL DECANOATE,0.026143790849673203
IRINOTECAN HYDROCHLORIDE,JNJ-7706621,0.02608695652173913
CARFILZOMIB,PAZOPANIB,0.02608695652173913
CENISERTIB,DEHYDRATED ALCOHOL,0.026041666666666668
TRETINOIN,CELECOXIB,0.025974025974025976
DOCETAXEL ANHYDROUS,IMATINIB,0.025974025974025976
METHOTREXATE,TRICHOSTATIN A,0.025974025974025976
DEHYDRATED ALCOHOL,QUERCETIN,0.025974025974025976
METHOTREXATE,STREPTOZOCIN,0.025974025974025976
RISPERIDONE,ANTIDEPRESSANT AGENT,0.02586206896551724
CELECOXIB,ALSTERPAULLONE,0.02586206896551724
RISPERIDONE,COLCHICINE,0.02586206896551724
DEXAMETHASONE,TOZASERTIB,0.025806451612903226
GEFITINIB,ACETAMINOPHEN,0.02564102564102564
PACLITAXEL,PD-0166285,0.02564102564102564
CELECOXIB,"INSULIN, REGULAR, HUMAN",0.02564102564102564
IRINOTECAN HYDROCHLORIDE,VALPROIC ACID,0.02564102564102564
DOVITINIB,ETOPOSIDE,0.02564102564102564
TAMOXIFEN,CEDIRANIB,0.02564102564102564
CISPLATIN,CEDIRANIB,0.02564102564102564
CISPLATIN,ATORVASTATIN CALCIUM TRIHYDRATE,0.02564102564102564
RISPERIDONE,"INSULIN, REGULAR, HUMAN",0.02564102564102564
PACLITAXEL,ACETAMINOPHEN,0.02564102564102564
CARBOPLATIN,TOZASERTIB,0.025477707006369428
CISPLATIN,CLOZAPINE,0.025423728813559324
CELECOXIB,CAPECITABINE,0.025423728813559324
IMATINIB,STREPTOZOCIN,0.025423728813559324
IMATINIB,TETRADECANOYLPHORBOL ACETATE,0.025423728813559324
IMATINIB,TRICHOSTATIN A,0.025423728813559324
DOXORUBICIN HYDROCHLORIDE,PD-0166285,0.025380710659898477
CISPLATIN,ENTRECTINIB,0.025380710659898477
CISPLATIN,VALPROIC ACID,0.025380710659898477
DOCETAXEL ANHYDROUS,DEHYDRATED ALCOHOL,0.02531645569620253
DEXAMETHASONE,OLANZAPINE,0.02531645569620253
BORTEZOMIB,HALOPERIDOL DECANOATE,0.02531645569620253
ILORASERTIB,TETRADECANOYLPHORBOL ACETATE,0.02531645569620253
TAMATINIB,QUERCETIN,0.02531645569620253
CYC-116,TAMOXIFEN,0.02531645569620253
DOXORUBICIN HYDROCHLORIDE,"INSULIN, REGULAR, HUMAN",0.025252525252525252
DOXORUBICIN HYDROCHLORIDE,RG-1530,0.025210084033613446
HALOPERIDOL DECANOATE,TRICHOSTATIN A,0.025210084033613446
HALOPERIDOL DECANOATE,TETRADECANOYLPHORBOL ACETATE,0.025210084033613446
TAMOXIFEN,ENTRECTINIB,0.025210084033613446
OLANZAPINE,PAREGORIC,0.025210084033613446
OLANZAPINE,METHYLPHENIDATE HYDROCHLORIDE,0.025210084033613446
CURCUMIN,CAPECITABINE,0.025210084033613446
PACLITAXEL,CEDIRANIB,0.025157232704402517
PACLITAXEL,JNJ-7706621,0.025157232704402517
ILORASERTIB,CARBOPLATIN,0.02512562814070352
CENISERTIB,DEXAMETHASONE,0.02512562814070352
DOCETAXEL ANHYDROUS,CYTARABINE,0.025
METHOTREXATE,GEMCITABINE,0.025
CYC-116,CELECOXIB,0.025
CARBOPLATIN,HALOPERIDOL DECANOATE,0.025
METHOTREXATE,ALSTERPAULLONE,0.025
IMATINIB,GOSSYPOL,0.025
FLUOROURACIL,BORTEZOMIB,0.025
METHOTREXATE,PD-0166285,0.025
DOXORUBICIN HYDROCHLORIDE,CYC-116,0.024896265560165973
METHOTREXATE,RG-1530,0.024875621890547265
PACLITAXEL,VALPROIC ACID,0.024844720496894408
OLANZAPINE,GOSSYPOL,0.024793388429752067
GW441756X,ETOPOSIDE,0.024793388429752067
PHA-767491,VANDETANIB,0.024793388429752067
DASATINIB ANHYDROUS,ESTRADIOL VALERATE,0.024793388429752067
IRINOTECAN HYDROCHLORIDE,SOTRASTAURIN,0.024793388429752067
SORAFENIB,ACETAMINOPHEN,0.024691358024691357
NVP-TAE684,IRINOTECAN HYDROCHLORIDE,0.024691358024691357
FLUOROURACIL,ESTRADIOL VALERATE,0.024691358024691357
CELECOXIB,VANDETANIB,0.02459016393442623
DEHYDRATED ALCOHOL,MASOPROCOL,0.02459016393442623
DEHYDRATED ALCOHOL,STREPTOZOCIN,0.02459016393442623
GEFITINIB,VALPROIC ACID,0.02459016393442623
OLANZAPINE,RESVERATROL,0.02459016393442623
IMATINIB,RALOXIFENE HYDROCHLORIDE,0.02459016393442623
IMATINIB,CHEMBL:CHEMBL429095,0.02459016393442623
QUERCETIN,PAREGORIC,0.02459016393442623
FLUOROURACIL,GOSSYPOL,0.024539877300613498
DEXAMETHASONE,HESPERADIN,0.024539877300613498
METHOTREXATE,VORINOSTAT,0.024539877300613498
ASPIRIN,GEFITINIB,0.024509803921568627
CELECOXIB,ETOPOSIDE,0.024390243902439025
FLUOROURACIL,TRETINOIN,0.024390243902439025
GEMCITABINE,IMATINIB,0.024390243902439025
DEHYDRATED ALCOHOL,ESTRADIOL VALERATE,0.024390243902439025
CISPLATIN,GW441756X,0.024390243902439025
LINIFANIB,TETRADECANOYLPHORBOL ACETATE,0.024390243902439025
METHOTREXATE,ENTRECTINIB,0.024242424242424242
FLUOROURACIL,CHEMBL:CHEMBL429095,0.024242424242424242
CYTARABINE,TRICHOSTATIN A,0.024193548387096774
CYTARABINE,STREPTOZOCIN,0.024193548387096774
DEHYDRATED ALCOHOL,KENPAULLONE,0.024193548387096774
HESPERADIN,TETRADECANOYLPHORBOL ACETATE,0.024193548387096774
CYTARABINE,TETRADECANOYLPHORBOL ACETATE,0.024193548387096774
CYTARABINE,NICOTINE POLACRILEX,0.024193548387096774
CELECOXIB,CARFILZOMIB,0.024193548387096774
METHOTREXATE,PAZOPANIB,0.024096385542168676
TRETINOIN,QUERCETIN,0.024096385542168676
METHOTREXATE,DOVITINIB,0.02403846153846154
DEHYDRATED ALCOHOL,SUNITINIB,0.024
IMATINIB,"INSULIN, REGULAR, HUMAN",0.024
OLANZAPINE,ANTIDEPRESSANT AGENT,0.024
QUERCETIN,SUNITINIB,0.024
SORAFENIB,VALPROIC ACID,0.023952095808383235
PF-562271,IRINOTECAN HYDROCHLORIDE,0.023952095808383235
NVP-TAE684,CURCUMIN,0.023952095808383235
VINCRISTINE,GOSSYPOL,0.023809523809523808
VINCRISTINE,KENPAULLONE,0.023809523809523808
CURCUMIN,SOTRASTAURIN,0.023809523809523808
DASATINIB ANHYDROUS,COLCHICINE,0.023809523809523808
TRETINOIN,VINCRISTINE,0.023809523809523808
QUERCETIN,TRAMETINIB DIMETHYL SULFOXIDE,0.023809523809523808
HALOPERIDOL DECANOATE,"INSULIN, REGULAR, HUMAN",0.023809523809523808
PACLITAXEL,PF-562271,0.023696682464454975
FLUOROURACIL,CYC-116,0.023696682464454975
RG-1530,DEHYDRATED ALCOHOL,0.023668639053254437
CYCLOSPORINE,BORTEZOMIB,0.023668639053254437
RG-1530,QUERCETIN,0.023668639053254437
PACLITAXEL,GW441756X,0.023668639053254437
GW441756X,TAMOXIFEN,0.023622047244094488
VINCRISTINE,DACTOLISIB,0.023622047244094488
VINCRISTINE,RESVERATROL,0.023622047244094488
VINCRISTINE,CARBAMAZEPINE,0.023622047244094488
SORAFENIB,CARFILZOMIB,0.023529411764705882
CISPLATIN,ILORASERTIB,0.023529411764705882
GEMCITABINE,VINCRISTINE,0.023529411764705882
FLUOROURACIL,CEDIRANIB,0.023529411764705882
FLUOROURACIL,VORINOSTAT,0.023529411764705882
QUERCETIN,ALSTERPAULLONE,0.0234375
QUERCETIN,PD-0166285,0.0234375
DEHYDRATED ALCOHOL,ANTIDEPRESSANT AGENT,0.0234375
OLANZAPINE,CEDIRANIB,0.0234375
DEXAMETHASONE,ALISERTIB,0.0234375
CYCLOPHOSPHAMIDE ANHYDROUS,SUNITINIB,0.0234375
IMATINIB,NIFEDIPINE,0.0234375
RG-1530,CYTARABINE,0.023391812865497075
FLUOROURACIL,NIFEDIPINE,0.023391812865497075
DOCETAXEL ANHYDROUS,CARBAMAZEPINE,0.023255813953488372
OLANZAPINE,NIFEDIPINE,0.023255813953488372
IMATINIB,VALPROIC ACID,0.023255813953488372
RISPERIDONE,TAMOXIFEN,0.023255813953488372
BORTEZOMIB,TETRADECANOYLPHORBOL ACETATE,0.023255813953488372
QUERCETIN,"INSULIN, REGULAR, HUMAN",0.023255813953488372
BORTEZOMIB,NICOTINE POLACRILEX,0.023255813953488372
CYC-116,DEHYDRATED ALCOHOL,0.023255813953488372
METHOTREXATE,PF-562271,0.023255813953488372
SP-600125,CYCLOSPORINE,0.023255813953488372
BORTEZOMIB,STREPTOZOCIN,0.023255813953488372
CLOZAPINE,LINIFANIB,0.023121387283236993
METHOTREXATE,GW441756X,0.023121387283236993
HALOPERIDOL DECANOATE,SIROLIMUS,0.023076923076923078
CYCLOSPORINE,STREPTOZOCIN,0.023076923076923078
CYTARABINE,PD-0166285,0.023076923076923078
DASATINIB ANHYDROUS,NIFEDIPINE,0.023076923076923078
BORTEZOMIB,ESTRADIOL VALERATE,0.023076923076923078
QUERCETIN,CAPECITABINE,0.023076923076923078
CYCLOSPORINE,HYDROCHLOROTHIAZIDE,0.023076923076923078
CYCLOSPORINE,TRICHOSTATIN A,0.023076923076923078
FLUOROURACIL,NVP-TAE684,0.02304147465437788
CLOZAPINE,VINCRISTINE,0.022988505747126436
CARBOPLATIN,NICOTINE POLACRILEX,0.022900763358778626
QUERCETIN,JNJ-7706621,0.022900763358778626
OLANZAPINE,PAZOPANIB,0.022900763358778626
DEXAMETHASONE,GOSSYPOL,0.022900763358778626
CELECOXIB,RISPERIDONE,0.022900763358778626
CYCLOSPORINE,IDARUBICIN,0.022727272727272728
SP-600125,PAREGORIC,0.022727272727272728
DOVITINIB,DEHYDRATED ALCOHOL,0.022727272727272728
CYCLOSPORINE,KENPAULLONE,0.022727272727272728
CYCLOSPORINE,GOSSYPOL,0.022727272727272728
TRETINOIN,SP-600125,0.022727272727272728
DEXAMETHASONE,DACTOLISIB,0.022727272727272728
CURCUMIN,RISPERIDONE,0.022727272727272728
GEMCITABINE,CYCLOSPORINE,0.022727272727272728
VINCRISTINE,CAPECITABINE,0.022727272727272728
CISPLATIN,HESPERADIN,0.02262443438914027
ILORASERTIB,TAMOXIFEN,0.022598870056497175
BORTEZOMIB,TRAMETINIB DIMETHYL SULFOXIDE,0.022556390977443608
CYCLOSPORINE,SUNITINIB,0.022556390977443608
CYCLOPHOSPHAMIDE ANHYDROUS,CAPECITABINE,0.022556390977443608
DEXAMETHASONE,TRAMETINIB DIMETHYL SULFOXIDE,0.022556390977443608
CYTARABINE,VORINOSTAT,0.022556390977443608
DOCETAXEL ANHYDROUS,"INSULIN, REGULAR, HUMAN",0.022556390977443608
DOVITINIB,CYTARABINE,0.02247191011235955
NVP-TAE684,DEHYDRATED ALCOHOL,0.02247191011235955
TRETINOIN,STREPTOZOCIN,0.022388059701492536
TRETINOIN,PAREGORIC,0.022388059701492536
SP-600125,GOSSYPOL,0.022388059701492536
DEHYDRATED ALCOHOL,VANDETANIB,0.022388059701492536
QUERCETIN,VANDETANIB,0.022388059701492536
DOVITINIB,CYCLOPHOSPHAMIDE ANHYDROUS,0.0223463687150838
METHYLPHENIDATE HYDROCHLORIDE,PAREGORIC,0.022222222222222223
DEHYDRATED ALCOHOL,ETOPOSIDE,0.022222222222222223
SP-600125,RESVERATROL,0.022222222222222223
DOCETAXEL ANHYDROUS,CEDIRANIB,0.022222222222222223
DOCETAXEL ANHYDROUS,ATORVASTATIN CALCIUM TRIHYDRATE,0.022222222222222223
VINCRISTINE,VALPROIC ACID,0.022222222222222223
TOZASERTIB,TAMOXIFEN,0.022222222222222223
CYC-116,CYCLOSPORINE,0.022222222222222223
GEMCITABINE,DAUNORUBICIN LIPOSOMAL,0.022222222222222223
PACLITAXEL,HALOPERIDOL DECANOATE,0.022222222222222223
DEHYDRATED ALCOHOL,ERLOTINIB,0.022222222222222223
SP-600125,CARBAMAZEPINE,0.022222222222222223
GEMCITABINE,ALISERTIB,0.022222222222222223
NICOTINE POLACRILEX,TETRADECANOYLPHORBOL ACETATE,0.022222222222222223
TETRADECANOYLPHORBOL ACETATE,TRICHOSTATIN A,0.022222222222222223
METHYLPHENIDATE HYDROCHLORIDE,TRICHOSTATIN A,0.022222222222222223
METHYLPHENIDATE HYDROCHLORIDE,STREPTOZOCIN,0.022222222222222223
STREPTOZOCIN,TETRADECANOYLPHORBOL ACETATE,0.022222222222222223
PAREGORIC,TRICHOSTATIN A,0.022222222222222223
DEXAMETHASONE,ALSTERPAULLONE,0.022222222222222223
DOXORUBICIN HYDROCHLORIDE,LINIFANIB,0.022222222222222223
METHOTREXATE,TOZASERTIB,0.022099447513812154
CYC-116,CARBOPLATIN,0.022099447513812154
CYTARABINE,VANDETANIB,0.022058823529411766
TRETINOIN,IDARUBICIN,0.022058823529411766
HALOPERIDOL DECANOATE,IRINOTECAN HYDROCHLORIDE,0.022058823529411766
SP-600125,SIMVASTATIN,0.022058823529411766
FLUOROURACIL,RISPERIDONE,0.02197802197802198
CENISERTIB,CURCUMIN,0.02197802197802198
ESTRADIOL VALERATE,TETRADECANOYLPHORBOL ACETATE,0.02197802197802198
CARBOPLATIN,ACETAMINOPHEN,0.021897810218978103
DAUNORUBICIN LIPOSOMAL,CARBAMAZEPINE,0.021897810218978103
HESPERADIN,ETOPOSIDE,0.021897810218978103
CARBOPLATIN,PD-0166285,0.021897810218978103
DEHYDRATED ALCOHOL,SOTRASTAURIN,0.021897810218978103
TRETINOIN,CARBAMAZEPINE,0.021897810218978103
GEMCITABINE,ESTRADIOL VALERATE,0.021897810218978103
ASPIRIN,TRICHOSTATIN A,0.02185792349726776
PACLITAXEL,QUERCETIN,0.02185792349726776
FLUOROURACIL,CURCUMIN,0.02185792349726776
CISPLATIN,SP-600125,0.021834061135371178
KENPAULLONE,NICOTINE POLACRILEX,0.021739130434782608
DEXAMETHASONE,CEDIRANIB,0.021739130434782608
IDARUBICIN,NICOTINE POLACRILEX,0.021739130434782608
IMATINIB,PHA-767491,0.021739130434782608
KENPAULLONE,METHYLPHENIDATE HYDROCHLORIDE,0.021739130434782608
DALFAMPRIDINE,STREPTOZOCIN,0.021739130434782608
CYCLOSPORINE,CAPECITABINE,0.021739130434782608
GEMCITABINE,GOSSYPOL,0.021739130434782608
SP-600125,COLCHICINE,0.021739130434782608
GOSSYPOL,STREPTOZOCIN,0.021739130434782608
CYC-116,TRETINOIN,0.021739130434782608
BORTEZOMIB,ATORVASTATIN CALCIUM TRIHYDRATE,0.021739130434782608
NVP-TAE684,DEXAMETHASONE,0.021621621621621623
DEHYDRATED ALCOHOL,IRINOTECAN HYDROCHLORIDE,0.02158273381294964
RG-1530,IDARUBICIN,0.02158273381294964
IMATINIB,RISPERIDONE,0.02158273381294964
FLUOROURACIL,CENISERTIB,0.021551724137931036
ASPIRIN,SUNITINIB,0.021505376344086023
PALBOCICLIB,TETRADECANOYLPHORBOL ACETATE,0.021505376344086023
DALFAMPRIDINE,ESTRADIOL VALERATE,0.021505376344086023
DACTOLISIB,STREPTOZOCIN,0.021505376344086023
SUNITINIB,MASOPROCOL,0.021505376344086023
CARBAMAZEPINE,NICOTINE POLACRILEX,0.021505376344086023
SUNITINIB,TETRADECANOYLPHORBOL ACETATE,0.021505376344086023
SUNITINIB,TRICHOSTATIN A,0.021505376344086023
SUNITINIB,PAREGORIC,0.021505376344086023
CARBAMAZEPINE,METHYLPHENIDATE HYDROCHLORIDE,0.021505376344086023
PALBOCICLIB,STREPTOZOCIN,0.021505376344086023
LINIFANIB,IRINOTECAN HYDROCHLORIDE,0.02142857142857143
TRETINOIN,PD-0166285,0.02142857142857143
TRETINOIN,ACETAMINOPHEN,0.02142857142857143
GEMCITABINE,SIMVASTATIN,0.02142857142857143
CLOZAPINE,TRICHOSTATIN A,0.02142857142857143
CYC-116,PAREGORIC,0.02142857142857143
CARBOPLATIN,JNJ-7706621,0.02142857142857143
NVP-TAE684,CARBOPLATIN,0.0213903743315508
CISPLATIN,NICOTINE POLACRILEX,0.0213903743315508
CLOZAPINE,RG-1530,0.0213903743315508
CISPLATIN,TETRADECANOYLPHORBOL ACETATE,0.0213903743315508
CISPLATIN,STREPTOZOCIN,0.0213903743315508
PALBOCICLIB,ESTRADIOL VALERATE,0.02127659574468085
CHEMBL:CHEMBL429095,METHYLPHENIDATE HYDROCHLORIDE,0.02127659574468085
SIMVASTATIN,STREPTOZOCIN,0.02127659574468085
SIMVASTATIN,TETRADECANOYLPHORBOL ACETATE,0.02127659574468085
TRAMETINIB DIMETHYL SULFOXIDE,STREPTOZOCIN,0.02127659574468085
BORTEZOMIB,PAZOPANIB,0.02127659574468085
RG-1530,CHEMBL:CHEMBL429095,0.02127659574468085
RALOXIFENE HYDROCHLORIDE,METHYLPHENIDATE HYDROCHLORIDE,0.02127659574468085
RALOXIFENE HYDROCHLORIDE,NICOTINE POLACRILEX,0.02127659574468085
BORTEZOMIB,GENISTEIN,0.02127659574468085
RALOXIFENE HYDROCHLORIDE,STREPTOZOCIN,0.02127659574468085
DACTOLISIB,ESTRADIOL VALERATE,0.02127659574468085
ASPIRIN,ANTIDEPRESSANT AGENT,0.021164021164021163
CARBOPLATIN,ENTRECTINIB,0.02112676056338028
CYCLOHEXIMIDE,SIMVASTATIN,0.02112676056338028
BORTEZOMIB,PROGESTERONE,0.02112676056338028
CISPLATIN,CYC-116,0.02109704641350211
DACTOLISIB,IDARUBICIN,0.021052631578947368
CISPLATIN,SUNITINIB,0.021052631578947368
DACTOLISIB,GOSSYPOL,0.021052631578947368
TRETINOIN,VORINOSTAT,0.02097902097902098
TRETINOIN,ATORVASTATIN CALCIUM TRIHYDRATE,0.02097902097902098
CYC-116,RESVERATROL,0.02097902097902098
HESPERADIN,TAMOXIFEN,0.02097902097902098
SP-600125,VALPROIC ACID,0.02097902097902098
ANTIDEPRESSANT AGENT,MASOPROCOL,0.020833333333333332
CARBAMAZEPINE,DACTOLISIB,0.020833333333333332
PF-562271,CARBOPLATIN,0.020833333333333332
ANTIDEPRESSANT AGENT,TETRADECANOYLPHORBOL ACETATE,0.020833333333333332
DEHYDRATED ALCOHOL,CURCUMIN,0.020833333333333332
PD-0166285,STREPTOZOCIN,0.020833333333333332
COLCHICINE,STREPTOZOCIN,0.020833333333333332
CYC-116,RALOXIFENE HYDROCHLORIDE,0.020833333333333332
ACETAMINOPHEN,TETRADECANOYLPHORBOL ACETATE,0.020833333333333332
ANTIDEPRESSANT AGENT,TRICHOSTATIN A,0.020833333333333332
CARBAMAZEPINE,SUNITINIB,0.020833333333333332
DEXAMETHASONE,SOTRASTAURIN,0.020833333333333332
RALOXIFENE HYDROCHLORIDE,DALFAMPRIDINE,0.020833333333333332
SIMVASTATIN,GOSSYPOL,0.020833333333333332
TRAMETINIB DIMETHYL SULFOXIDE,IDARUBICIN,0.020833333333333332
TRAMETINIB DIMETHYL SULFOXIDE,KENPAULLONE,0.020833333333333332
SP-600125,GENISTEIN,0.020833333333333332
CYCLOPHOSPHAMIDE ANHYDROUS,GW441756X,0.020833333333333332
DACTOLISIB,SUNITINIB,0.020833333333333332
CISPLATIN,DOVITINIB,0.02074688796680498
ILORASERTIB,CYTARABINE,0.02072538860103627
CISPLATIN,ACETAMINOPHEN,0.02072538860103627
CISPLATIN,PD-0166285,0.02072538860103627
CYTARABINE,CELECOXIB,0.020689655172413793
TAMATINIB,TAMOXIFEN,0.020689655172413793
TRETINOIN,VALPROIC ACID,0.020689655172413793
SIMVASTATIN,SUNITINIB,0.020618556701030927
"INSULIN, REGULAR, HUMAN",NICOTINE POLACRILEX,0.020618556701030927
DOVITINIB,CLOZAPINE,0.020618556701030927
TRAMETINIB DIMETHYL SULFOXIDE,RESVERATROL,0.020618556701030927
RALOXIFENE HYDROCHLORIDE,SUNITINIB,0.020618556701030927
CHEMBL:CHEMBL429095,SUNITINIB,0.020618556701030927
CHEMBL:CHEMBL429095,DACTOLISIB,0.020618556701030927
CAPECITABINE,ALISERTIB,0.020618556701030927
CISPLATIN,NVP-TAE684,0.0205761316872428
CARBOPLATIN,SOTRASTAURIN,0.02054794520547945
DAUNORUBICIN LIPOSOMAL,PAZOPANIB,0.02054794520547945
VINCRISTINE,GEFITINIB,0.02054794520547945
CYTARABINE,GEFITINIB,0.02054794520547945
CYC-116,ANTIDEPRESSANT AGENT,0.02054794520547945
CYCLOPHOSPHAMIDE ANHYDROUS,CELECOXIB,0.02054794520547945
DOXORUBICIN HYDROCHLORIDE,SUNITINIB,0.020512820512820513
CAPECITABINE,MASOPROCOL,0.02040816326530612
TRETINOIN,ERLOTINIB,0.02040816326530612
VORINOSTAT,ALISERTIB,0.02040816326530612
FLUOROURACIL,HESPERADIN,0.02040816326530612
CYCLOPHOSPHAMIDE ANHYDROUS,GEFITINIB,0.02040816326530612
ALSTERPAULLONE,GOSSYPOL,0.02040816326530612
ACETAMINOPHEN,GOSSYPOL,0.02040816326530612
RALOXIFENE HYDROCHLORIDE,TRAMETINIB DIMETHYL SULFOXIDE,0.02040816326530612
CISPLATIN,JNJ-7706621,0.02040816326530612
"INSULIN, REGULAR, HUMAN",ESTRADIOL VALERATE,0.02040816326530612
GEMCITABINE,VALPROIC ACID,0.02040816326530612
HALOPERIDOL DECANOATE,IMATINIB,0.02027027027027027
GEMCITABINE,VANDETANIB,0.02027027027027027
TAMATINIB,CURCUMIN,0.02027027027027027
CLOZAPINE,CAPECITABINE,0.02027027027027027
ATORVASTATIN CALCIUM TRIHYDRATE,METHYLPHENIDATE HYDROCHLORIDE,0.020202020202020204
ILORASERTIB,DEXAMETHASONE,0.020202020202020204
ATORVASTATIN CALCIUM TRIHYDRATE,TRICHOSTATIN A,0.020202020202020204
JNJ-7706621,TETRADECANOYLPHORBOL ACETATE,0.020202020202020204
CEDIRANIB,NICOTINE POLACRILEX,0.020202020202020204
ALSTERPAULLONE,RESVERATROL,0.020202020202020204
ACETAMINOPHEN,SUNITINIB,0.020202020202020204
CEDIRANIB,METHYLPHENIDATE HYDROCHLORIDE,0.020202020202020204
FLUOROURACIL,TAMATINIB,0.020202020202020204
DOXORUBICIN HYDROCHLORIDE,ALSTERPAULLONE,0.020202020202020204
DOXORUBICIN HYDROCHLORIDE,ANTIDEPRESSANT AGENT,0.020202020202020204
COLCHICINE,SUNITINIB,0.020202020202020204
CISPLATIN,PF-562271,0.020161290322580645
CLOZAPINE,CEDIRANIB,0.020134228187919462
CYCLOHEXIMIDE,SIROLIMUS,0.020134228187919462
DEXAMETHASONE,PHA-767491,0.020134228187919462
VORINOSTAT,ESTRADIOL VALERATE,0.02
"INSULIN, REGULAR, HUMAN",RESVERATROL,0.02
CAPECITABINE,GOSSYPOL,0.02
CYCLOHEXIMIDE,PAZOPANIB,0.02
NIFEDIPINE,STREPTOZOCIN,0.02
"INSULIN, REGULAR, HUMAN",DACTOLISIB,0.02
DASATINIB ANHYDROUS,HALOPERIDOL DECANOATE,0.02
ANTIDEPRESSANT AGENT,CHEMBL:CHEMBL429095,0.02
CYCLOHEXIMIDE,GENISTEIN,0.02
ALSTERPAULLONE,TRAMETINIB DIMETHYL SULFOXIDE,0.02
DOXORUBICIN HYDROCHLORIDE,CEDIRANIB,0.01990049751243781
FLUOROURACIL,DEXAMETHASONE,0.01990049751243781
PF-562271,TETRADECANOYLPHORBOL ACETATE,0.019867549668874173
TRETINOIN,IRINOTECAN HYDROCHLORIDE,0.019867549668874173
PACLITAXEL,TRICHOSTATIN A,0.019867549668874173
CYTARABINE,TOZASERTIB,0.019867549668874173
PACLITAXEL,PAREGORIC,0.019867549668874173
BORTEZOMIB,CURCUMIN,0.019867549668874173
DOVITINIB,"INSULIN, REGULAR, HUMAN",0.019867549668874173
ATORVASTATIN CALCIUM TRIHYDRATE,GOSSYPOL,0.019801980198019802
CEDIRANIB,GOSSYPOL,0.019801980198019802
CAPECITABINE,RESVERATROL,0.019801980198019802
CAPECITABINE,SUNITINIB,0.019801980198019802
"INSULIN, REGULAR, HUMAN",SIMVASTATIN,0.019801980198019802
GENISTEIN,ALISERTIB,0.019801980198019802
ENTRECTINIB,STREPTOZOCIN,0.019801980198019802
SIROLIMUS,PAREGORIC,0.019801980198019802
"INSULIN, REGULAR, HUMAN",RALOXIFENE HYDROCHLORIDE,0.019801980198019802
VORINOSTAT,KENPAULLONE,0.019801980198019802
VALPROIC ACID,METHYLPHENIDATE HYDROCHLORIDE,0.019801980198019802
DOXORUBICIN HYDROCHLORIDE,PF-562271,0.019762845849802372
CYCLOPHOSPHAMIDE ANHYDROUS,TOZASERTIB,0.019736842105263157
CARBOPLATIN,RISPERIDONE,0.019736842105263157
CLOZAPINE,VANDETANIB,0.019736842105263157
DOXORUBICIN HYDROCHLORIDE,ENTRECTINIB,0.019704433497536946
METFORMIN HYDROCHLORIDE,GOSSYPOL,0.0196078431372549
ETOPOSIDE,ALISERTIB,0.0196078431372549
METFORMIN HYDROCHLORIDE,IDARUBICIN,0.0196078431372549
LINIFANIB,OLANZAPINE,0.0196078431372549
PAZOPANIB,TRICHOSTATIN A,0.0196078431372549
PACLITAXEL,GOSSYPOL,0.0196078431372549
NIFEDIPINE,DALFAMPRIDINE,0.0196078431372549
GENISTEIN,STREPTOZOCIN,0.0196078431372549
DOCETAXEL ANHYDROUS,TOZASERTIB,0.0196078431372549
PAZOPANIB,PAREGORIC,0.0196078431372549
ASPIRIN,RISPERIDONE,0.0196078431372549
VANDETANIB,TRICHOSTATIN A,0.0196078431372549
VANDETANIB,TETRADECANOYLPHORBOL ACETATE,0.0196078431372549
SP-600125,RISPERIDONE,0.0196078431372549
PAZOPANIB,METHYLPHENIDATE HYDROCHLORIDE,0.0196078431372549
ACETAMINOPHEN,ALSTERPAULLONE,0.0196078431372549
ATORVASTATIN CALCIUM TRIHYDRATE,DACTOLISIB,0.0196078431372549
DAUNORUBICIN LIPOSOMAL,TAMOXIFEN,0.0196078431372549
METHOTREXATE,ALISERTIB,0.01948051948051948
VINCRISTINE,OLANZAPINE,0.01948051948051948
ERLOTINIB,STREPTOZOCIN,0.019417475728155338
ERLOTINIB,TETRADECANOYLPHORBOL ACETATE,0.019417475728155338
ETOPOSIDE,TETRADECANOYLPHORBOL ACETATE,0.019417475728155338
NIFEDIPINE,DACTOLISIB,0.019417475728155338
METFORMIN HYDROCHLORIDE,DACTOLISIB,0.019417475728155338
PROGESTERONE,STREPTOZOCIN,0.019417475728155338
VANDETANIB,ESTRADIOL VALERATE,0.019417475728155338
ERLOTINIB,TRICHOSTATIN A,0.019417475728155338
ERLOTINIB,METHYLPHENIDATE HYDROCHLORIDE,0.019417475728155338
PAZOPANIB,ESTRADIOL VALERATE,0.019417475728155338
VORINOSTAT,SIMVASTATIN,0.019417475728155338
VALPROIC ACID,GOSSYPOL,0.019417475728155338
CYTARABINE,DASATINIB ANHYDROUS,0.01935483870967742
GENISTEIN,IDARUBICIN,0.019230769230769232
TRETINOIN,GEFITINIB,0.019230769230769232
LINIFANIB,DEHYDRATED ALCOHOL,0.019230769230769232
VALPROIC ACID,RESVERATROL,0.019230769230769232
SIROLIMUS,CARBAMAZEPINE,0.019230769230769232
DOXORUBICIN HYDROCHLORIDE,ILORASERTIB,0.019157088122605363
ILORASERTIB,CLOZAPINE,0.019138755980861243
PACLITAXEL,ALSTERPAULLONE,0.01910828025477707
GEMCITABINE,CELECOXIB,0.01910828025477707
SORAFENIB,NICOTINE POLACRILEX,0.01910828025477707
SORAFENIB,TETRADECANOYLPHORBOL ACETATE,0.01910828025477707
VALPROIC ACID,TRAMETINIB DIMETHYL SULFOXIDE,0.01904761904761905
VANDETANIB,CARBAMAZEPINE,0.01904761904761905
CARFILZOMIB,ESTRADIOL VALERATE,0.01904761904761905
ATORVASTATIN CALCIUM TRIHYDRATE,ANTIDEPRESSANT AGENT,0.01904761904761905
ERLOTINIB,IDARUBICIN,0.01904761904761905
PROGESTERONE,IDARUBICIN,0.01904761904761905
SOTRASTAURIN,HYDROCHLOROTHIAZIDE,0.01904761904761905
PACLITAXEL,"INSULIN, REGULAR, HUMAN",0.0189873417721519
BORTEZOMIB,IMATINIB,0.0189873417721519
CYTARABINE,LINIFANIB,0.0189873417721519
DOXORUBICIN HYDROCHLORIDE,GW441756X,0.018957345971563982
NIFEDIPINE,ALSTERPAULLONE,0.018867924528301886
CYCLOHEXIMIDE,CELECOXIB,0.018867924528301886
METHOTREXATE,TRAMETINIB DIMETHYL SULFOXIDE,0.018867924528301886
ETOPOSIDE,DACTOLISIB,0.018867924528301886
NVP-TAE684,PROGESTERONE,0.018867924528301886
NVP-TAE684,ETOPOSIDE,0.018867924528301886
DOCETAXEL ANHYDROUS,QUERCETIN,0.018867924528301886
CYTARABINE,HESPERADIN,0.018867924528301886
DEXAMETHASONE,DASATINIB ANHYDROUS,0.01875
BORTEZOMIB,DASATINIB ANHYDROUS,0.01875
VALPROIC ACID,ANTIDEPRESSANT AGENT,0.018691588785046728
IRINOTECAN HYDROCHLORIDE,TETRADECANOYLPHORBOL ACETATE,0.018691588785046728
PROGESTERONE,TRAMETINIB DIMETHYL SULFOXIDE,0.018691588785046728
IRINOTECAN HYDROCHLORIDE,PAREGORIC,0.018691588785046728
CARFILZOMIB,RESVERATROL,0.018691588785046728
CARFILZOMIB,DACTOLISIB,0.018691588785046728
IRINOTECAN HYDROCHLORIDE,STREPTOZOCIN,0.018691588785046728
ATORVASTATIN CALCIUM TRIHYDRATE,CAPECITABINE,0.018691588785046728
CARFILZOMIB,SUNITINIB,0.018691588785046728
CYC-116,RISPERIDONE,0.018633540372670808
TRETINOIN,TOZASERTIB,0.018633540372670808
METHOTREXATE,ANTIDEPRESSANT AGENT,0.018633540372670808
FLUOROURACIL,ALISERTIB,0.018633540372670808
ATORVASTATIN CALCIUM TRIHYDRATE,VORINOSTAT,0.018518518518518517
CLOZAPINE,CURCUMIN,0.018518518518518517
CARFILZOMIB,SIMVASTATIN,0.018518518518518517
PAZOPANIB,ACETAMINOPHEN,0.018518518518518517
FLUOROURACIL,TRICHOSTATIN A,0.018518518518518517
FLUOROURACIL,MASOPROCOL,0.018518518518518517
VANDETANIB,COLCHICINE,0.018518518518518517
CEDIRANIB,VORINOSTAT,0.018518518518518517
GENISTEIN,PD-0166285,0.018518518518518517
CYC-116,CURCUMIN,0.018518518518518517
CISPLATIN,OLANZAPINE,0.018433179723502304
CISPLATIN,HALOPERIDOL DECANOATE,0.018433179723502304
DOCETAXEL ANHYDROUS,TAMATINIB,0.018404907975460124
DEXAMETHASONE,LINIFANIB,0.018404907975460124
METHOTREXATE,CAPECITABINE,0.018404907975460124
GW441756X,TETRADECANOYLPHORBOL ACETATE,0.01834862385321101
SOTRASTAURIN,TRAMETINIB DIMETHYL SULFOXIDE,0.01834862385321101
ETOPOSIDE,ALSTERPAULLONE,0.01834862385321101
GENISTEIN,"INSULIN, REGULAR, HUMAN",0.01834862385321101
NIFEDIPINE,CEDIRANIB,0.01834862385321101
NIFEDIPINE,VORINOSTAT,0.01834862385321101
GW441756X,STREPTOZOCIN,0.01834862385321101
ETOPOSIDE,ANTIDEPRESSANT AGENT,0.01834862385321101
PF-562271,ETOPOSIDE,0.018292682926829267
METHOTREXATE,JNJ-7706621,0.018292682926829267
DOXORUBICIN HYDROCHLORIDE,TOZASERTIB,0.0182648401826484
CELECOXIB,ALISERTIB,0.01818181818181818
CARFILZOMIB,COLCHICINE,0.01818181818181818
GEMCITABINE,HALOPERIDOL DECANOATE,0.018072289156626505
CARBOPLATIN,HESPERADIN,0.018072289156626505
DEXAMETHASONE,DOCETAXEL ANHYDROUS,0.018072289156626505
PACLITAXEL,SOTRASTAURIN,0.018072289156626505
IRINOTECAN HYDROCHLORIDE,CHEMBL:CHEMBL429095,0.018018018018018018
IRINOTECAN HYDROCHLORIDE,SIMVASTATIN,0.018018018018018018
GW441756X,GOSSYPOL,0.018018018018018018
CELECOXIB,TRICHOSTATIN A,0.018018018018018018
PAZOPANIB,VORINOSTAT,0.018018018018018018
DOXORUBICIN HYDROCHLORIDE,OLANZAPINE,0.018018018018018018
RISPERIDONE,TRICHOSTATIN A,0.018018018018018018
GENISTEIN,JNJ-7706621,0.018018018018018018
DAUNORUBICIN LIPOSOMAL,DEHYDRATED ALCOHOL,0.017964071856287425
RG-1530,HALOPERIDOL DECANOATE,0.017964071856287425
METHOTREXATE,VANDETANIB,0.017964071856287425
VANDETANIB,NIFEDIPINE,0.017857142857142856
PROGESTERONE,JNJ-7706621,0.017857142857142856
FLUOROURACIL,PD-0166285,0.017857142857142856
CURCUMIN,TETRADECANOYLPHORBOL ACETATE,0.017857142857142856
PAZOPANIB,METFORMIN HYDROCHLORIDE,0.017857142857142856
ETOPOSIDE,JNJ-7706621,0.017857142857142856
ETOPOSIDE,VORINOSTAT,0.017857142857142856
CURCUMIN,METHYLPHENIDATE HYDROCHLORIDE,0.017857142857142856
GEFITINIB,METHYLPHENIDATE HYDROCHLORIDE,0.017857142857142856
ETOPOSIDE,CEDIRANIB,0.017857142857142856
ILORASERTIB,METHOTREXATE,0.017857142857142856
GEFITINIB,NICOTINE POLACRILEX,0.017857142857142856
GEFITINIB,STREPTOZOCIN,0.017857142857142856
GW441756X,RESVERATROL,0.017857142857142856
PROGESTERONE,VORINOSTAT,0.017857142857142856
CURCUMIN,STREPTOZOCIN,0.017857142857142856
FLUOROURACIL,"INSULIN, REGULAR, HUMAN",0.01775147928994083
GEMCITABINE,DEHYDRATED ALCOHOL,0.01775147928994083
TRETINOIN,HESPERADIN,0.01775147928994083
PROGESTERONE,METFORMIN HYDROCHLORIDE,0.017699115044247787
ASPIRIN,SP-600125,0.017699115044247787
GW441756X,RALOXIFENE HYDROCHLORIDE,0.017699115044247787
GENISTEIN,ENTRECTINIB,0.017699115044247787
RISPERIDONE,GOSSYPOL,0.017699115044247787
RISPERIDONE,DALFAMPRIDINE,0.017699115044247787
PHA-767491,RESVERATROL,0.017699115044247787
CYC-116,HALOPERIDOL DECANOATE,0.01764705882352941
PF-562271,TAMOXIFEN,0.01764705882352941
DOXORUBICIN HYDROCHLORIDE,HESPERADIN,0.01762114537444934
PHA-767491,CHEMBL:CHEMBL429095,0.017543859649122806
GEFITINIB,GOSSYPOL,0.017543859649122806
CELECOXIB,PALBOCICLIB,0.017543859649122806
CARBOPLATIN,BORTEZOMIB,0.017543859649122806
GEFITINIB,IDARUBICIN,0.017543859649122806
RISPERIDONE,SUNITINIB,0.017543859649122806
RISPERIDONE,RESVERATROL,0.017543859649122806
TRETINOIN,TAMATINIB,0.017543859649122806
CARFILZOMIB,NIFEDIPINE,0.017543859649122806
CYCLOHEXIMIDE,QUERCETIN,0.017543859649122806
DOXORUBICIN HYDROCHLORIDE,TAMATINIB,0.017467248908296942
ILORASERTIB,ETOPOSIDE,0.01744186046511628
GEMCITABINE,CYCLOPHOSPHAMIDE ANHYDROUS,0.01744186046511628
GW441756X,ACETAMINOPHEN,0.017391304347826087
TAMOXIFEN,PD-0166285,0.017391304347826087
CARFILZOMIB,SIROLIMUS,0.017391304347826087
ASPIRIN,GEMCITABINE,0.017391304347826087
GEMCITABINE,TAMATINIB,0.017341040462427744
RG-1530,CYCLOPHOSPHAMIDE ANHYDROUS,0.017341040462427744
SP-600125,CARBOPLATIN,0.017241379310344827
PHA-767491,ACETAMINOPHEN,0.017241379310344827
DOVITINIB,OLANZAPINE,0.017241379310344827
CENISERTIB,ETOPOSIDE,0.017241379310344827
CLOZAPINE,HESPERADIN,0.017142857142857144
TOZASERTIB,MASOPROCOL,0.017094017094017096
ASPIRIN,CYC-116,0.017094017094017096
IRINOTECAN HYDROCHLORIDE,NIFEDIPINE,0.017094017094017096
TOZASERTIB,TETRADECANOYLPHORBOL ACETATE,0.017094017094017096
CARFILZOMIB,PROGESTERONE,0.017094017094017096
CARFILZOMIB,ERLOTINIB,0.017094017094017096
TOZASERTIB,STREPTOZOCIN,0.017094017094017096
METHOTREXATE,RISPERIDONE,0.017045454545454544
METHOTREXATE,GEFITINIB,0.01694915254237288
GEFITINIB,ANTIDEPRESSANT AGENT,0.01694915254237288
FLUOROURACIL,SOTRASTAURIN,0.01694915254237288
CURCUMIN,ANTIDEPRESSANT AGENT,0.01694915254237288
IRINOTECAN HYDROCHLORIDE,ENTRECTINIB,0.01694915254237288
CURCUMIN,ALSTERPAULLONE,0.01694915254237288
IMATINIB,MASOPROCOL,0.01680672268907563
IMATINIB,NICOTINE POLACRILEX,0.01680672268907563
OLANZAPINE,TETRADECANOYLPHORBOL ACETATE,0.016666666666666666
IRINOTECAN HYDROCHLORIDE,PROGESTERONE,0.016666666666666666
HALOPERIDOL DECANOATE,STREPTOZOCIN,0.016666666666666666
CENISERTIB,TAMOXIFEN,0.016666666666666666
OLANZAPINE,HYDROCHLOROTHIAZIDE,0.016666666666666666
CELECOXIB,CEDIRANIB,0.016666666666666666
RISPERIDONE,CEDIRANIB,0.016666666666666666
CELECOXIB,VORINOSTAT,0.016666666666666666
ILORASERTIB,CURCUMIN,0.016574585635359115
DASATINIB ANHYDROUS,PAREGORIC,0.01652892561983471
DASATINIB ANHYDROUS,STREPTOZOCIN,0.01652892561983471
DASATINIB ANHYDROUS,TRICHOSTATIN A,0.01652892561983471
CURCUMIN,CEDIRANIB,0.01652892561983471
GEFITINIB,ATORVASTATIN CALCIUM TRIHYDRATE,0.01652892561983471
CYCLOHEXIMIDE,DAUNORUBICIN LIPOSOMAL,0.01639344262295082
QUERCETIN,ALISERTIB,0.01639344262295082
NVP-TAE684,DOCETAXEL ANHYDROUS,0.01639344262295082
HALOPERIDOL DECANOATE,DALFAMPRIDINE,0.01639344262295082
DEHYDRATED ALCOHOL,ALISERTIB,0.01639344262295082
ASPIRIN,METHYLPHENIDATE HYDROCHLORIDE,0.016304347826086956
HALOPERIDOL DECANOATE,DACTOLISIB,0.016260162601626018
OLANZAPINE,CARBAMAZEPINE,0.016260162601626018
OLANZAPINE,SUNITINIB,0.016260162601626018
PHA-767491,PROGESTERONE,0.016260162601626018
DOXORUBICIN HYDROCHLORIDE,DOVITINIB,0.016194331983805668
CYTARABINE,ALISERTIB,0.016129032258064516
OLANZAPINE,CHEMBL:CHEMBL429095,0.016129032258064516
LINIFANIB,METHYLPHENIDATE HYDROCHLORIDE,0.016129032258064516
LINIFANIB,PAREGORIC,0.016129032258064516
PF-562271,CYTARABINE,0.016129032258064516
TOZASERTIB,"INSULIN, REGULAR, HUMAN",0.016129032258064516
SORAFENIB,OLANZAPINE,0.016042780748663103
PF-562271,CYCLOPHOSPHAMIDE ANHYDROUS,0.016042780748663103
CYC-116,GEMCITABINE,0.016042780748663103
CLOZAPINE,GEMCITABINE,0.016042780748663103
HESPERADIN,STREPTOZOCIN,0.016
VINCRISTINE,METHYLPHENIDATE HYDROCHLORIDE,0.016
VINCRISTINE,PAREGORIC,0.016
VINCRISTINE,TETRADECANOYLPHORBOL ACETATE,0.016
VINCRISTINE,TRICHOSTATIN A,0.016
IMATINIB,ACETAMINOPHEN,0.016
DEHYDRATED ALCOHOL,IDARUBICIN,0.016
DASATINIB ANHYDROUS,CHEMBL:CHEMBL429095,0.016
ILORASERTIB,OLANZAPINE,0.015873015873015872
CYCLOPHOSPHAMIDE ANHYDROUS,STREPTOZOCIN,0.015873015873015872
CYCLOPHOSPHAMIDE ANHYDROUS,TRICHOSTATIN A,0.015873015873015872
DOVITINIB,TRETINOIN,0.015873015873015872
LINIFANIB,GOSSYPOL,0.015873015873015872
LINIFANIB,IDARUBICIN,0.015873015873015872
VINCRISTINE,ESTRADIOL VALERATE,0.015873015873015872
METHOTREXATE,LINIFANIB,0.015873015873015872
QUERCETIN,PALBOCICLIB,0.015873015873015872
CISPLATIN,KENPAULLONE,0.015789473684210527
DOCETAXEL ANHYDROUS,NICOTINE POLACRILEX,0.015748031496062992
DEHYDRATED ALCOHOL,TRAMETINIB DIMETHYL SULFOXIDE,0.015748031496062992
TAMATINIB,TETRADECANOYLPHORBOL ACETATE,0.015748031496062992
TAMATINIB,MASOPROCOL,0.015748031496062992
ASPIRIN,"INSULIN, REGULAR, HUMAN",0.015706806282722512
NVP-TAE684,TRETINOIN,0.015706806282722512
ASPIRIN,CAPECITABINE,0.015625
METHOTREXATE,TAMATINIB,0.015625
DOCETAXEL ANHYDROUS,ESTRADIOL VALERATE,0.015625
CYTARABINE,DACTOLISIB,0.015625
DOXORUBICIN HYDROCHLORIDE,ALISERTIB,0.015625
VINCRISTINE,SUNITINIB,0.015625
NVP-TAE684,GEMCITABINE,0.015544041450777202
DOXORUBICIN HYDROCHLORIDE,METHYLPHENIDATE HYDROCHLORIDE,0.015544041450777202
TOZASERTIB,GENISTEIN,0.015503875968992248
BORTEZOMIB,ALISERTIB,0.015503875968992248
VINCRISTINE,CHEMBL:CHEMBL429095,0.015503875968992248
VINCRISTINE,TRAMETINIB DIMETHYL SULFOXIDE,0.015503875968992248
OLANZAPINE,ATORVASTATIN CALCIUM TRIHYDRATE,0.015503875968992248
DEHYDRATED ALCOHOL,PD-0166285,0.015503875968992248
CYCLOPHOSPHAMIDE ANHYDROUS,PALBOCICLIB,0.015503875968992248
HALOPERIDOL DECANOATE,VORINOSTAT,0.015503875968992248
DOCETAXEL ANHYDROUS,IDARUBICIN,0.015503875968992248
CYCLOPHOSPHAMIDE ANHYDROUS,DACTOLISIB,0.015503875968992248
PACLITAXEL,SP-600125,0.015463917525773196
CISPLATIN,COLCHICINE,0.015463917525773196
DEXAMETHASONE,TRICHOSTATIN A,0.015384615384615385
DEXAMETHASONE,HYDROCHLOROTHIAZIDE,0.015384615384615385
ILORASERTIB,CYCLOPHOSPHAMIDE ANHYDROUS,0.015384615384615385
DASATINIB ANHYDROUS,ATORVASTATIN CALCIUM TRIHYDRATE,0.015384615384615385
HALOPERIDOL DECANOATE,METFORMIN HYDROCHLORIDE,0.015384615384615385
ILORASERTIB,DOCETAXEL ANHYDROUS,0.015306122448979591
CENISERTIB,CYTARABINE,0.015306122448979591
FLUOROURACIL,LINIFANIB,0.015306122448979591
ASPIRIN,VANDETANIB,0.015306122448979591
ASPIRIN,PAZOPANIB,0.015306122448979591
CYCLOSPORINE,METHYLPHENIDATE HYDROCHLORIDE,0.015267175572519083
VINCRISTINE,ALSTERPAULLONE,0.015267175572519083
DOCETAXEL ANHYDROUS,SIMVASTATIN,0.015267175572519083
CARBOPLATIN,STREPTOZOCIN,0.015151515151515152
HESPERADIN,"INSULIN, REGULAR, HUMAN",0.015151515151515152
DASATINIB ANHYDROUS,VALPROIC ACID,0.015151515151515152
CYCLOPHOSPHAMIDE ANHYDROUS,PD-0166285,0.015151515151515152
CENISERTIB,DOCETAXEL ANHYDROUS,0.015151515151515152
BORTEZOMIB,IDARUBICIN,0.015151515151515152
DOXORUBICIN HYDROCHLORIDE,CENISERTIB,0.015151515151515152
CARBOPLATIN,PAREGORIC,0.015151515151515152
CARBOPLATIN,TRICHOSTATIN A,0.015151515151515152
CARBOPLATIN,ESTRADIOL VALERATE,0.015037593984962405
SP-600125,TRICHOSTATIN A,0.015037593984962405
BORTEZOMIB,SUNITINIB,0.015037593984962405
DOCETAXEL ANHYDROUS,ACETAMINOPHEN,0.015037593984962405
SP-600125,NICOTINE POLACRILEX,0.015037593984962405
SP-600125,STREPTOZOCIN,0.015037593984962405
CYCLOPHOSPHAMIDE ANHYDROUS,"INSULIN, REGULAR, HUMAN",0.015037593984962405
QUERCETIN,SIROLIMUS,0.014925373134328358
DASATINIB ANHYDROUS,ETOPOSIDE,0.014925373134328358
BORTEZOMIB,CHEMBL:CHEMBL429095,0.014925373134328358
CYCLOSPORINE,DACTOLISIB,0.014925373134328358
LINIFANIB,NIFEDIPINE,0.014925373134328358
CYTARABINE,JNJ-7706621,0.014925373134328358
CYTARABINE,CEDIRANIB,0.014925373134328358
TRETINOIN,ALISERTIB,0.014925373134328358
TAMATINIB,"INSULIN, REGULAR, HUMAN",0.014925373134328358
DASATINIB ANHYDROUS,CARFILZOMIB,0.014814814814814815
SP-600125,IDARUBICIN,0.014814814814814815
DAUNORUBICIN LIPOSOMAL,METHYLPHENIDATE HYDROCHLORIDE,0.014814814814814815
CYCLOPHOSPHAMIDE ANHYDROUS,VORINOSTAT,0.014814814814814815
HESPERADIN,METFORMIN HYDROCHLORIDE,0.014814814814814815
LINIFANIB,SIROLIMUS,0.014814814814814815
METHOTREXATE,CYCLOHEXIMIDE,0.014705882352941176
BORTEZOMIB,ANTIDEPRESSANT AGENT,0.014705882352941176
OLANZAPINE,IRINOTECAN HYDROCHLORIDE,0.014598540145985401
TRETINOIN,KENPAULLONE,0.014598540145985401
CYCLOPHOSPHAMIDE ANHYDROUS,ENTRECTINIB,0.014598540145985401
LINIFANIB,ETOPOSIDE,0.014598540145985401
CYCLOSPORINE,ANTIDEPRESSANT AGENT,0.014598540145985401
VINCRISTINE,VANDETANIB,0.014598540145985401
GEMCITABINE,STREPTOZOCIN,0.014598540145985401
BORTEZOMIB,"INSULIN, REGULAR, HUMAN",0.014598540145985401
CENISERTIB,TRETINOIN,0.014563106796116505
ILORASERTIB,GEMCITABINE,0.014563106796116505
SORAFENIB,CYCLOHEXIMIDE,0.014563106796116505
DOCETAXEL ANHYDROUS,ENTRECTINIB,0.014492753623188406
BORTEZOMIB,CAPECITABINE,0.014492753623188406
RG-1530,PAREGORIC,0.014492753623188406
DAUNORUBICIN LIPOSOMAL,SUNITINIB,0.014492753623188406
DEXAMETHASONE,CAPECITABINE,0.014492753623188406
CARBOPLATIN,COLCHICINE,0.014492753623188406
CARBOPLATIN,ALSTERPAULLONE,0.014492753623188406
TOZASERTIB,CELECOXIB,0.014492753623188406
RG-1530,STREPTOZOCIN,0.014492753623188406
CENISERTIB,GEMCITABINE,0.014423076923076924
GEMCITABINE,IDARUBICIN,0.014388489208633094
GEMCITABINE,KENPAULLONE,0.014388489208633094
OLANZAPINE,TAMOXIFEN,0.014388489208633094
BORTEZOMIB,VORINOSTAT,0.014388489208633094
SP-600125,ANTIDEPRESSANT AGENT,0.014388489208633094
DAUNORUBICIN LIPOSOMAL,TRAMETINIB DIMETHYL SULFOXIDE,0.014388489208633094
DEXAMETHASONE,VORINOSTAT,0.014388489208633094
CYCLOHEXIMIDE,MASOPROCOL,0.014388489208633094
CYCLOHEXIMIDE,TRICHOSTATIN A,0.014388489208633094
CARBOPLATIN,"INSULIN, REGULAR, HUMAN",0.014388489208633094
TOZASERTIB,CURCUMIN,0.014388489208633094
CISPLATIN,RISPERIDONE,0.014354066985645933
GEMCITABINE,SUNITINIB,0.014285714285714285
CLOZAPINE,ALISERTIB,0.014285714285714285
SP-600125,"INSULIN, REGULAR, HUMAN",0.014285714285714285
RG-1530,GOSSYPOL,0.014285714285714285
CYC-116,STREPTOZOCIN,0.014184397163120567
CYC-116,NICOTINE POLACRILEX,0.014184397163120567
RG-1530,RESVERATROL,0.014184397163120567
CYCLOHEXIMIDE,KENPAULLONE,0.014184397163120567
DAUNORUBICIN LIPOSOMAL,COLCHICINE,0.014184397163120567
DAUNORUBICIN LIPOSOMAL,ACETAMINOPHEN,0.014184397163120567
BORTEZOMIB,ENTRECTINIB,0.014184397163120567
CYC-116,TETRADECANOYLPHORBOL ACETATE,0.014184397163120567
CENISERTIB,CLOZAPINE,0.014150943396226415
DASATINIB ANHYDROUS,RISPERIDONE,0.014084507042253521
CYCLOHEXIMIDE,DACTOLISIB,0.014084507042253521
CYCLOHEXIMIDE,CARBAMAZEPINE,0.014084507042253521
OLANZAPINE,CURCUMIN,0.014084507042253521
SP-600125,ATORVASTATIN CALCIUM TRIHYDRATE,0.014084507042253521
ASPIRIN,OLANZAPINE,0.014018691588785047
CYCLOSPORINE,PAZOPANIB,0.013986013986013986
CYC-116,GOSSYPOL,0.013986013986013986
GEMCITABINE,COLCHICINE,0.013986013986013986
CYCLOHEXIMIDE,CHEMBL:CHEMBL429095,0.013986013986013986
ASPIRIN,DASATINIB ANHYDROUS,0.013953488372093023
CLOZAPINE,SUNITINIB,0.013888888888888888
GEMCITABINE,"INSULIN, REGULAR, HUMAN",0.013888888888888888
CYTARABINE,GW441756X,0.013888888888888888
TRETINOIN,JNJ-7706621,0.013888888888888888
DEHYDRATED ALCOHOL,CELECOXIB,0.013888888888888888
DEHYDRATED ALCOHOL,GEFITINIB,0.013793103448275862
DOVITINIB,TETRADECANOYLPHORBOL ACETATE,0.013793103448275862
DOVITINIB,STREPTOZOCIN,0.013793103448275862
DOVITINIB,METHYLPHENIDATE HYDROCHLORIDE,0.013793103448275862
CYCLOHEXIMIDE,ALSTERPAULLONE,0.013793103448275862
HESPERADIN,RISPERIDONE,0.0136986301369863
TRETINOIN,ENTRECTINIB,0.0136986301369863
DOVITINIB,IDARUBICIN,0.013605442176870748
GEMCITABINE,NIFEDIPINE,0.013605442176870748
DOVITINIB,GOSSYPOL,0.013605442176870748
CLOZAPINE,PD-0166285,0.013605442176870748
NVP-TAE684,TETRADECANOYLPHORBOL ACETATE,0.013605442176870748
DAUNORUBICIN LIPOSOMAL,GENISTEIN,0.013605442176870748
DAUNORUBICIN LIPOSOMAL,VANDETANIB,0.013605442176870748
CYCLOHEXIMIDE,VORINOSTAT,0.013513513513513514
RG-1530,NIFEDIPINE,0.013513513513513514
CYCLOHEXIMIDE,ATORVASTATIN CALCIUM TRIHYDRATE,0.013513513513513514
DAUNORUBICIN LIPOSOMAL,PROGESTERONE,0.013513513513513514
DOCETAXEL ANHYDROUS,CELECOXIB,0.013513513513513514
DOCETAXEL ANHYDROUS,RISPERIDONE,0.013513513513513514
CISPLATIN,LINIFANIB,0.013513513513513514
NVP-TAE684,GOSSYPOL,0.013422818791946308
NVP-TAE684,IDARUBICIN,0.013422818791946308
FLUOROURACIL,PF-562271,0.013392857142857142
CYC-116,ATORVASTATIN CALCIUM TRIHYDRATE,0.013333333333333334
SP-600125,IRINOTECAN HYDROCHLORIDE,0.013333333333333334
DEHYDRATED ALCOHOL,TOZASERTIB,0.013333333333333334
NVP-TAE684,CHEMBL:CHEMBL429095,0.013245033112582781
GEMCITABINE,CARFILZOMIB,0.013245033112582781
VINCRISTINE,TOZASERTIB,0.013157894736842105
CLOZAPINE,ENTRECTINIB,0.013157894736842105
PACLITAXEL,METHYLPHENIDATE HYDROCHLORIDE,0.013157894736842105
PF-562271,STREPTOZOCIN,0.013157894736842105
BORTEZOMIB,GEFITINIB,0.013157894736842105
CYCLOHEXIMIDE,CARFILZOMIB,0.013071895424836602
QUERCETIN,OLANZAPINE,0.013071895424836602
PF-562271,GOSSYPOL,0.012987012987012988
DOVITINIB,ATORVASTATIN CALCIUM TRIHYDRATE,0.012987012987012988
DAUNORUBICIN LIPOSOMAL,GW441756X,0.012987012987012988
DEHYDRATED ALCOHOL,DASATINIB ANHYDROUS,0.012987012987012988
SP-600125,CELECOXIB,0.012987012987012988
ASPIRIN,RG-1530,0.01293103448275862
PACLITAXEL,CARBAMAZEPINE,0.012903225806451613
CYTARABINE,OLANZAPINE,0.012903225806451613
HESPERADIN,OLANZAPINE,0.012903225806451613
SP-600125,CURCUMIN,0.012903225806451613
CYCLOPHOSPHAMIDE ANHYDROUS,OLANZAPINE,0.01282051282051282
PACLITAXEL,CHEMBL:CHEMBL429095,0.01282051282051282
RG-1530,TAMOXIFEN,0.012738853503184714
BORTEZOMIB,TOZASERTIB,0.012738853503184714
ATALUREN,DASATINIB ANHYDROUS,0.012738853503184714
DAUNORUBICIN LIPOSOMAL,GEFITINIB,0.012738853503184714
DOCETAXEL ANHYDROUS,OLANZAPINE,0.012738853503184714
DOVITINIB,GENISTEIN,0.012738853503184714
NVP-TAE684,NIFEDIPINE,0.012738853503184714
LINIFANIB,QUERCETIN,0.012738853503184714
SORAFENIB,TRICHOSTATIN A,0.012658227848101266
SORAFENIB,STREPTOZOCIN,0.012658227848101266
CISPLATIN,CYCLOHEXIMIDE,0.012658227848101266
CYCLOHEXIMIDE,TAMOXIFEN,0.012658227848101266
PF-562271,ACETAMINOPHEN,0.012658227848101266
PACLITAXEL,ANTIDEPRESSANT AGENT,0.012658227848101266
METHOTREXATE,DALFAMPRIDINE,0.012658227848101266
VINCRISTINE,DEHYDRATED ALCOHOL,0.012658227848101266
DOVITINIB,PROGESTERONE,0.012658227848101266
METHOTREXATE,DACTOLISIB,0.012578616352201259
PF-562271,"INSULIN, REGULAR, HUMAN",0.012578616352201259
NVP-TAE684,GENISTEIN,0.012578616352201259
ILORASERTIB,STREPTOZOCIN,0.0125
CYCLOPHOSPHAMIDE ANHYDROUS,LINIFANIB,0.0125
TAMATINIB,DEHYDRATED ALCOHOL,0.0125
CLOZAPINE,GW441756X,0.0125
ILORASERTIB,PAREGORIC,0.0125
ILORASERTIB,METHYLPHENIDATE HYDROCHLORIDE,0.0125
RG-1530,CURCUMIN,0.0125
CYCLOHEXIMIDE,CURCUMIN,0.012422360248447204
CYCLOSPORINE,OLANZAPINE,0.012422360248447204
ILORASERTIB,GOSSYPOL,0.012345679012345678
DOCETAXEL ANHYDROUS,HESPERADIN,0.012345679012345678
TAMATINIB,CYTARABINE,0.012345679012345678
CENISERTIB,TETRADECANOYLPHORBOL ACETATE,0.012345679012345678
CARBOPLATIN,OLANZAPINE,0.012345679012345678
ILORASERTIB,IDARUBICIN,0.012345679012345678
CYCLOSPORINE,DASATINIB ANHYDROUS,0.012345679012345678
CLOZAPINE,CELECOXIB,0.012345679012345678
CLOZAPINE,GEFITINIB,0.012269938650306749
TAMATINIB,CYCLOPHOSPHAMIDE ANHYDROUS,0.012269938650306749
FLUOROURACIL,PAREGORIC,0.012269938650306749
FLUOROURACIL,METHYLPHENIDATE HYDROCHLORIDE,0.012269938650306749
BORTEZOMIB,LINIFANIB,0.012195121951219513
PF-562271,PROGESTERONE,0.012121212121212121
SORAFENIB,"INSULIN, REGULAR, HUMAN",0.012121212121212121
CENISERTIB,RESVERATROL,0.012121212121212121
FLUOROURACIL,KENPAULLONE,0.012121212121212121
DAUNORUBICIN LIPOSOMAL,HALOPERIDOL DECANOATE,0.012121212121212121
BORTEZOMIB,HESPERADIN,0.012121212121212121
DOVITINIB,CELECOXIB,0.012048192771084338
NVP-TAE684,TAMOXIFEN,0.012048192771084338
DEXAMETHASONE,ATALUREN,0.012048192771084338
DOVITINIB,RISPERIDONE,0.012048192771084338
DOXORUBICIN HYDROCHLORIDE,NVP-TAE684,0.012
BORTEZOMIB,TAMATINIB,0.011976047904191617
FLUOROURACIL,NERISPIRDINE,0.011976047904191617
ILORASERTIB,CAPECITABINE,0.011904761904761904
NVP-TAE684,CELECOXIB,0.011904761904761904
CENISERTIB,ACETAMINOPHEN,0.011904761904761904
CYCLOHEXIMIDE,IMATINIB,0.011904761904761904
RG-1530,OLANZAPINE,0.011904761904761904
CLOZAPINE,TOZASERTIB,0.011904761904761904
TRETINOIN,LINIFANIB,0.011834319526627219
BORTEZOMIB,DEXAMETHASONE,0.011764705882352941
SP-600125,DOCETAXEL ANHYDROUS,0.011764705882352941
ILORASERTIB,NIFEDIPINE,0.011764705882352941
DAUNORUBICIN LIPOSOMAL,ATALUREN,0.011695906432748537
DAUNORUBICIN LIPOSOMAL,TAMATINIB,0.011627906976744186
CLOZAPINE,DASATINIB ANHYDROUS,0.011627906976744186
FLUOROURACIL,JNJ-7706621,0.011627906976744186
CYCLOHEXIMIDE,DEHYDRATED ALCOHOL,0.011627906976744186
ILORASERTIB,GENISTEIN,0.011627906976744186
ILORASERTIB,PROGESTERONE,0.011560693641618497
SP-600125,BORTEZOMIB,0.011560693641618497
PACLITAXEL,RISPERIDONE,0.011560693641618497
CYCLOHEXIMIDE,VINCRISTINE,0.011494252873563218
CENISERTIB,GENISTEIN,0.011494252873563218
CENISERTIB,PROGESTERONE,0.011428571428571429
RG-1530,DOCETAXEL ANHYDROUS,0.011428571428571429
DAUNORUBICIN LIPOSOMAL,BORTEZOMIB,0.011428571428571429
CYCLOHEXIMIDE,DOCETAXEL ANHYDROUS,0.011363636363636364
METHOTREXATE,PHA-767491,0.011363636363636364
GEMCITABINE,DEXAMETHASONE,0.011299435028248588
DAUNORUBICIN LIPOSOMAL,SP-600125,0.011235955056179775
CYC-116,DOCETAXEL ANHYDROUS,0.011235955056179775
RG-1530,BORTEZOMIB,0.011235955056179775
CLOZAPINE,TAMATINIB,0.011235955056179775
CYCLOHEXIMIDE,BORTEZOMIB,0.0111731843575419
MASOPROCOL,ALISERTIB,0.011111111111111112
HYDROCHLOROTHIAZIDE,ALISERTIB,0.011111111111111112
STREPTOZOCIN,ALISERTIB,0.011111111111111112
CYCLOHEXIMIDE,CYCLOSPORINE,0.011111111111111112
GEMCITABINE,SP-600125,0.011111111111111112
ILORASERTIB,CELECOXIB,0.011049723756906077
ILORASERTIB,RISPERIDONE,0.011049723756906077
CYC-116,BORTEZOMIB,0.011049723756906077
MASOPROCOL,METHYLPHENIDATE HYDROCHLORIDE,0.01098901098901099
PAREGORIC,TETRADECANOYLPHORBOL ACETATE,0.01098901098901099
FLUOROURACIL,GW441756X,0.01098901098901099
METHYLPHENIDATE HYDROCHLORIDE,TETRADECANOYLPHORBOL ACETATE,0.01098901098901099
DOVITINIB,DOCETAXEL ANHYDROUS,0.01098901098901099
PAREGORIC,STREPTOZOCIN,0.01098901098901099
ESTRADIOL VALERATE,ALISERTIB,0.01098901098901099
PACLITAXEL,OLANZAPINE,0.01098901098901099
CENISERTIB,CELECOXIB,0.01092896174863388
RG-1530,TRETINOIN,0.01092896174863388
RG-1530,DAUNORUBICIN LIPOSOMAL,0.01092896174863388
CENISERTIB,RISPERIDONE,0.01092896174863388
GOSSYPOL,ALISERTIB,0.010869565217391304
CYCLOHEXIMIDE,TRETINOIN,0.010869565217391304
IDARUBICIN,ALISERTIB,0.010869565217391304
ESTRADIOL VALERATE,METHYLPHENIDATE HYDROCHLORIDE,0.010869565217391304
PF-562271,DEHYDRATED ALCOHOL,0.010810810810810811
ASPIRIN,TETRADECANOYLPHORBOL ACETATE,0.010810810810810811
DOVITINIB,BORTEZOMIB,0.010810810810810811
RG-1530,GEMCITABINE,0.010810810810810811
DALFAMPRIDINE,METHYLPHENIDATE HYDROCHLORIDE,0.010752688172043012
DALFAMPRIDINE,MASOPROCOL,0.010752688172043012
IDARUBICIN,STREPTOZOCIN,0.010752688172043012
KENPAULLONE,STREPTOZOCIN,0.010752688172043012
CLOZAPINE,TRETINOIN,0.010752688172043012
CYC-116,DAUNORUBICIN LIPOSOMAL,0.010752688172043012
IDARUBICIN,PAREGORIC,0.010752688172043012
GOSSYPOL,PAREGORIC,0.010752688172043012
DALFAMPRIDINE,NICOTINE POLACRILEX,0.010752688172043012
DALFAMPRIDINE,PAREGORIC,0.010752688172043012
DOVITINIB,CARBOPLATIN,0.0106951871657754
NVP-TAE684,BORTEZOMIB,0.0106951871657754
RESVERATROL,HYDROCHLOROTHIAZIDE,0.010638297872340425
PALBOCICLIB,TRICHOSTATIN A,0.010638297872340425
DACTOLISIB,MASOPROCOL,0.010638297872340425
CARBAMAZEPINE,TRICHOSTATIN A,0.010638297872340425
DACTOLISIB,TETRADECANOYLPHORBOL ACETATE,0.010638297872340425
CARBAMAZEPINE,STREPTOZOCIN,0.010638297872340425
PALBOCICLIB,NICOTINE POLACRILEX,0.010638297872340425
SUNITINIB,HYDROCHLOROTHIAZIDE,0.010638297872340425
RESVERATROL,NICOTINE POLACRILEX,0.010638297872340425
RESVERATROL,METHYLPHENIDATE HYDROCHLORIDE,0.010638297872340425
SUNITINIB,METHYLPHENIDATE HYDROCHLORIDE,0.010638297872340425
SIMVASTATIN,ALISERTIB,0.010638297872340425
PF-562271,DOCETAXEL ANHYDROUS,0.010582010582010581
ASPIRIN,TRAMETINIB DIMETHYL SULFOXIDE,0.010582010582010581
TRAMETINIB DIMETHYL SULFOXIDE,NICOTINE POLACRILEX,0.010526315789473684
NERISPIRDINE,STREPTOZOCIN,0.010526315789473684
CHEMBL:CHEMBL429095,TETRADECANOYLPHORBOL ACETATE,0.010526315789473684
TRAMETINIB DIMETHYL SULFOXIDE,MASOPROCOL,0.010526315789473684
DALFAMPRIDINE,KENPAULLONE,0.010526315789473684
CHEMBL:CHEMBL429095,STREPTOZOCIN,0.010526315789473684
TRAMETINIB DIMETHYL SULFOXIDE,TRICHOSTATIN A,0.010526315789473684
DALFAMPRIDINE,IDARUBICIN,0.010526315789473684
SUNITINIB,ESTRADIOL VALERATE,0.010526315789473684
TRAMETINIB DIMETHYL SULFOXIDE,TETRADECANOYLPHORBOL ACETATE,0.010526315789473684
SUNITINIB,IDARUBICIN,0.010416666666666666
PALBOCICLIB,IDARUBICIN,0.010416666666666666
DACTOLISIB,DALFAMPRIDINE,0.010416666666666666
DOVITINIB,GEMCITABINE,0.010416666666666666
PF-562271,BORTEZOMIB,0.010416666666666666
CISPLATIN,CARBAMAZEPINE,0.010416666666666666
CENISERTIB,HALOPERIDOL DECANOATE,0.010416666666666666
NVP-TAE684,DAUNORUBICIN LIPOSOMAL,0.010416666666666666
CARBAMAZEPINE,DALFAMPRIDINE,0.010416666666666666
CARBAMAZEPINE,IDARUBICIN,0.010416666666666666
NERISPIRDINE,ESTRADIOL VALERATE,0.010416666666666666
FLUOROURACIL,OLANZAPINE,0.010362694300518135
TRAMETINIB DIMETHYL SULFOXIDE,GOSSYPOL,0.010309278350515464
SIMVASTATIN,DALFAMPRIDINE,0.010309278350515464
NERISPIRDINE,IDARUBICIN,0.010309278350515464
ANTIDEPRESSANT AGENT,STREPTOZOCIN,0.010309278350515464
PD-0166285,PAREGORIC,0.010309278350515464
CHEMBL:CHEMBL429095,DALFAMPRIDINE,0.010309278350515464
ASPIRIN,VORINOSTAT,0.010309278350515464
ASPIRIN,CEDIRANIB,0.010309278350515464
ALSTERPAULLONE,TETRADECANOYLPHORBOL ACETATE,0.010309278350515464
ACETAMINOPHEN,HYDROCHLOROTHIAZIDE,0.010309278350515464
CARBAMAZEPINE,PALBOCICLIB,0.010309278350515464
ANTIDEPRESSANT AGENT,HYDROCHLOROTHIAZIDE,0.010309278350515464
CISPLATIN,ALSTERPAULLONE,0.010256410256410256
PD-0166285,ESTRADIOL VALERATE,0.01020408163265306
ME-344,GOSSYPOL,0.01020408163265306
ME-344,IDARUBICIN,0.01020408163265306
TRAMETINIB DIMETHYL SULFOXIDE,CARBAMAZEPINE,0.01020408163265306
SIMVASTATIN,PALBOCICLIB,0.01020408163265306
ALSTERPAULLONE,ESTRADIOL VALERATE,0.01020408163265306
CHEMBL:CHEMBL429095,PALBOCICLIB,0.01020408163265306
"INSULIN, REGULAR, HUMAN",TRICHOSTATIN A,0.01020408163265306
"INSULIN, REGULAR, HUMAN",METHYLPHENIDATE HYDROCHLORIDE,0.01020408163265306
PF-562271,TRETINOIN,0.01015228426395939
PF-562271,DAUNORUBICIN LIPOSOMAL,0.01015228426395939
NERISPIRDINE,RALOXIFENE HYDROCHLORIDE,0.010101010101010102
CENISERTIB,CYCLOPHOSPHAMIDE ANHYDROUS,0.010101010101010102
SIMVASTATIN,TRAMETINIB DIMETHYL SULFOXIDE,0.010101010101010102
CHEMBL:CHEMBL429095,TRAMETINIB DIMETHYL SULFOXIDE,0.010101010101010102
PD-0166285,GOSSYPOL,0.010101010101010102
ME-344,DACTOLISIB,0.010101010101010102
ANTIDEPRESSANT AGENT,KENPAULLONE,0.010101010101010102
CAPECITABINE,STREPTOZOCIN,0.010101010101010102
ANTIDEPRESSANT AGENT,GOSSYPOL,0.010101010101010102
ANTIDEPRESSANT AGENT,IDARUBICIN,0.010101010101010102
ACETAMINOPHEN,DALFAMPRIDINE,0.010101010101010102
ANTIDEPRESSANT AGENT,DALFAMPRIDINE,0.010101010101010102
PD-0166285,IDARUBICIN,0.010101010101010102
COLCHICINE,DALFAMPRIDINE,0.010101010101010102
ANTIDEPRESSANT AGENT,RESVERATROL,0.01
ACETAMINOPHEN,PALBOCICLIB,0.01
"INSULIN, REGULAR, HUMAN",IDARUBICIN,0.01
"INSULIN, REGULAR, HUMAN",GOSSYPOL,0.01
"INSULIN, REGULAR, HUMAN",DALFAMPRIDINE,0.01
ANTIDEPRESSANT AGENT,SUNITINIB,0.01
PD-0166285,RESVERATROL,0.01
PD-0166285,CARBAMAZEPINE,0.01
ME-344,CHEMBL:CHEMBL429095,0.01
ATORVASTATIN CALCIUM TRIHYDRATE,TETRADECANOYLPHORBOL ACETATE,0.01
JNJ-7706621,STREPTOZOCIN,0.01
JNJ-7706621,MASOPROCOL,0.01
VORINOSTAT,HYDROCHLOROTHIAZIDE,0.01
JNJ-7706621,HYDROCHLOROTHIAZIDE,0.01
CEDIRANIB,TETRADECANOYLPHORBOL ACETATE,0.01
CEDIRANIB,PAREGORIC,0.01
CEDIRANIB,MASOPROCOL,0.01
ILORASERTIB,BORTEZOMIB,0.01
